id_sede;denominazione;gestore;natura;comune;provincia;asl_territoriale;indirizzo;telefono;email;rapporto_ssn;periodo_evidenza;livello_evidenza;accesso_extraregionale;condizioni_extraregionale;fonti;servizi;ammissione;destinatari;equipe;note;accessibilita;verifica_documentale;conferma_diretta;posti_liberi;mappa_url;fonti_rapporto_ssn;validita_2026;id_modulo;modulo;ambito;regime;posti;natura_posti;stato_catalogo;note_modulo;url_fonti;ambiti_secondari;sezione;fonti_convenzione_url;documenti_ingresso;durata_percorso;criteri_limitazioni;evidenza_servizi;evidenza_sede;evidenza_posti;autorizzazione_stato;autorizzazione_fonte;accreditamento_stato;accreditamento_fonte;contratto_ssn_stato;contratto_periodo;contratto_fonte;budget_2026_stato;budget_2026_fonte;posti_autorizzati;posti_accreditati;posti_contrattualizzati;posti_dichiarati;mobilita_intraregionale;accesso_fuori_lazio_stato;accesso_fuori_lazio_prova;titolarita_gestione;evidenza_titolarita;fonte_titolarita;stato_v6;note_v6;presente_v5;sezione_v5;stato_catalogo_v5;variazione_v5_v6;nota_v7_strutturale;sezione_canonica_v7;coerenza_sezione_v6;verifica_web_v7_1_data;esito_verifica_v7_1;azione_v7_1;fonti_v7_1;stato_v7_1;sezione_canonica_v7_1;verifica_web_v7_2_data;esito_verifica_v7_2;azione_v7_2;fonti_v7_2;stato_v7_2;sezione_canonica_v7_2;verifica_web_v7_3_data;esito_verifica_v7_3;azione_v7_3;fonti_v7_3;stato_v7_3;sezione_canonica_v7_3
ARM;Villa Armonia Nuova;KOS Care s.r.l.;Privata / ente non ASL;Roma;RM;Roma 3;Via dei Bevilacqua, 43;;;Contratto SSN firmato;"01/01–31/12/2025; continuità 2026 da riconfermare";Contratto ufficiale;Non documentato;;ARM-CON | ARM-ACC | ASL3-CONTRATTI;Trattamenti psichiatrici per intensità assistenziale | Percorsi riabilitativi residenziali;"Percorso autorizzato dal servizio inviante; contattare accettazione per setting, documenti e disponibilità.";Da confermare con accettazione;;I moduli sono quelli valorizzati nel contratto. Non si considera l’intero formulario come offerta: le voci lasciate in bianco non provano erogazione.;Non documentata;2026-09-20;Non effettuata;Non rilevati: capacità autorizzata/accreditata non è disponibilità;https://www.google.com/maps/search/?api=1&query=Via%20dei%20Bevilacqua%2C%2043%2C%20Roma%2C%20Italia;ARM-CON;Non certificata: vedere annualità e fonte;MOD-002;SRTRi;Psichiatria;Residenziale;;Capacità per modulo non consolidata con contratto 2025;Convenzionata documentata;;https://www.aslroma3.it/wp-content/uploads/2025/05/contratto_budget_15593_villa-armonia-nuova.pdf | https://kosgroup.com/assets/doc/strutture/villa-armonia/dgr-conferma-requisiti-accreditamento.pdf | https://www.aslroma3.it/amministrazione-trasparente/strutture-sanitarie-private-accreditate/;;Convenzionate;https://www.aslroma3.it/wp-content/uploads/2025/05/contratto_budget_15593_villa-armonia-nuova.pdf;"Da concordare con servizio inviante e accettazione; non acquisiti sistematicamente";"Individualizzata; durata specifica non consolidata";"Idoneità clinica e amministrativa da valutare; non dedotta dal solo accreditamento";Profilo del gestore / modulo: vedi fonti. Non certifica disponibilità giornaliera.;"Indirizzo pubblicato; ingresso e coordinate non verificati";Capacità del modulo non consolidata;Da distinguere;;Da distinguere;;Documentato in V5;"01/01–31/12/2025; continuità 2026 da riconfermare";https://www.aslroma3.it/wp-content/uploads/2025/05/contratto_budget_15593_villa-armonia-nuova.pdf;Da verificare;;;;;;Da verificare;Non documentato;;Privata / ente non ASL;Gestore identificato nel dossier V5;https://www.aslroma3.it/wp-content/uploads/2025/05/contratto_budget_15593_villa-armonia-nuova.pdf | https://kosgroup.com/assets/doc/strutture/villa-armonia/dgr-conferma-requisiti-accreditamento.pdf | https://www.aslroma3.it/amministrazione-trasparente/strutture-sanitarie-private-accreditate/;Ereditato V5;;Sì;Convenzionate;Convenzionata documentata;Conservato;Nessuna nuova verifica amministrativa/clinica introdotta dalla V7 strutturale.;Convenzionate;Coerente o compatibile;;Non riesaminato in V7.1;Nessuna modifica sostanziale;;Convenzionata documentata;Convenzionate;2026-09-20;"Classificazione V7.1 conservata; nessuna regressione introdotta nella V7.2.";Nessuna modifica sostanziale.;;Convenzionata documentata;Convenzionate;2026-09-20;Classificazione V7.2 conservata salvo nuove evidenze specifiche.;Nessuna modifica sostanziale.;;Convenzionata documentata;Convenzionate
ARM;Villa Armonia Nuova;KOS Care s.r.l.;Privata / ente non ASL;Roma;RM;Roma 3;Via dei Bevilacqua, 43;;;Contratto SSN firmato;"01/01–31/12/2025; continuità 2026 da riconfermare";Contratto ufficiale;Non documentato;;ARM-CON | ARM-ACC | ASL3-CONTRATTI;Trattamenti psichiatrici per intensità assistenziale | Percorsi riabilitativi residenziali;"Percorso autorizzato dal servizio inviante; contattare accettazione per setting, documenti e disponibilità.";Da confermare con accettazione;;I moduli sono quelli valorizzati nel contratto. Non si considera l’intero formulario come offerta: le voci lasciate in bianco non provano erogazione.;Non documentata;2026-09-20;Non effettuata;Non rilevati: capacità autorizzata/accreditata non è disponibilità;https://www.google.com/maps/search/?api=1&query=Via%20dei%20Bevilacqua%2C%2043%2C%20Roma%2C%20Italia;ARM-CON;Non certificata: vedere annualità e fonte;MOD-003;SRTRe;Psichiatria;Residenziale;;Capacità per modulo non consolidata con contratto 2025;Convenzionata documentata;;https://www.aslroma3.it/wp-content/uploads/2025/05/contratto_budget_15593_villa-armonia-nuova.pdf | https://kosgroup.com/assets/doc/strutture/villa-armonia/dgr-conferma-requisiti-accreditamento.pdf | https://www.aslroma3.it/amministrazione-trasparente/strutture-sanitarie-private-accreditate/;;Convenzionate;https://www.aslroma3.it/wp-content/uploads/2025/05/contratto_budget_15593_villa-armonia-nuova.pdf;"Da concordare con servizio inviante e accettazione; non acquisiti sistematicamente";"Individualizzata; durata specifica non consolidata";"Idoneità clinica e amministrativa da valutare; non dedotta dal solo accreditamento";Profilo del gestore / modulo: vedi fonti. Non certifica disponibilità giornaliera.;"Indirizzo pubblicato; ingresso e coordinate non verificati";Capacità del modulo non consolidata;Da distinguere;;Da distinguere;;Documentato in V5;"01/01–31/12/2025; continuità 2026 da riconfermare";https://www.aslroma3.it/wp-content/uploads/2025/05/contratto_budget_15593_villa-armonia-nuova.pdf;Da verificare;;;;;;Da verificare;Non documentato;;Privata / ente non ASL;Gestore identificato nel dossier V5;https://www.aslroma3.it/wp-content/uploads/2025/05/contratto_budget_15593_villa-armonia-nuova.pdf | https://kosgroup.com/assets/doc/strutture/villa-armonia/dgr-conferma-requisiti-accreditamento.pdf | https://www.aslroma3.it/amministrazione-trasparente/strutture-sanitarie-private-accreditate/;Ereditato V5;;Sì;Convenzionate;Convenzionata documentata;Conservato;Nessuna nuova verifica amministrativa/clinica introdotta dalla V7 strutturale.;Convenzionate;Coerente o compatibile;;Non riesaminato in V7.1;Nessuna modifica sostanziale;;Convenzionata documentata;Convenzionate;2026-09-20;"Classificazione V7.1 conservata; nessuna regressione introdotta nella V7.2.";Nessuna modifica sostanziale.;;Convenzionata documentata;Convenzionate;2026-09-20;Classificazione V7.2 conservata salvo nuove evidenze specifiche.;Nessuna modifica sostanziale.;;Convenzionata documentata;Convenzionate
ARM;Villa Armonia Nuova;KOS Care s.r.l.;Privata / ente non ASL;Roma;RM;Roma 3;Via dei Bevilacqua, 43;;;Contratto SSN firmato;"01/01–31/12/2025; continuità 2026 da riconfermare";Contratto ufficiale;Non documentato;;ARM-CON | ARM-ACC | ASL3-CONTRATTI;Trattamenti psichiatrici per intensità assistenziale | Percorsi riabilitativi residenziali;"Percorso autorizzato dal servizio inviante; contattare accettazione per setting, documenti e disponibilità.";Adolescenti;;I moduli sono quelli valorizzati nel contratto. Non si considera l’intero formulario come offerta: le voci lasciate in bianco non provano erogazione.;Non documentata;2026-09-20;Non effettuata;Non rilevati: capacità autorizzata/accreditata non è disponibilità;https://www.google.com/maps/search/?api=1&query=Via%20dei%20Bevilacqua%2C%2043%2C%20Roma%2C%20Italia;ARM-CON;Non certificata: vedere annualità e fonte;MOD-004;SRTRi adolescenti;Psichiatria;Residenziale;;Capacità per modulo non consolidata con contratto 2025;Convenzionata documentata;;https://www.aslroma3.it/wp-content/uploads/2025/05/contratto_budget_15593_villa-armonia-nuova.pdf | https://kosgroup.com/assets/doc/strutture/villa-armonia/dgr-conferma-requisiti-accreditamento.pdf | https://www.aslroma3.it/amministrazione-trasparente/strutture-sanitarie-private-accreditate/;;Convenzionate;https://www.aslroma3.it/wp-content/uploads/2025/05/contratto_budget_15593_villa-armonia-nuova.pdf;"Da concordare con servizio inviante e accettazione; non acquisiti sistematicamente";"Individualizzata; durata specifica non consolidata";"Idoneità clinica e amministrativa da valutare; non dedotta dal solo accreditamento";Profilo del gestore / modulo: vedi fonti. Non certifica disponibilità giornaliera.;"Indirizzo pubblicato; ingresso e coordinate non verificati";Capacità del modulo non consolidata;Da distinguere;;Da distinguere;;Documentato in V5;"01/01–31/12/2025; continuità 2026 da riconfermare";https://www.aslroma3.it/wp-content/uploads/2025/05/contratto_budget_15593_villa-armonia-nuova.pdf;Da verificare;;;;;;Da verificare;Non documentato;;Privata / ente non ASL;Gestore identificato nel dossier V5;https://www.aslroma3.it/wp-content/uploads/2025/05/contratto_budget_15593_villa-armonia-nuova.pdf | https://kosgroup.com/assets/doc/strutture/villa-armonia/dgr-conferma-requisiti-accreditamento.pdf | https://www.aslroma3.it/amministrazione-trasparente/strutture-sanitarie-private-accreditate/;Ereditato V5;;Sì;Convenzionate;Convenzionata documentata;Conservato;Nessuna nuova verifica amministrativa/clinica introdotta dalla V7 strutturale.;Convenzionate;Coerente o compatibile;;Non riesaminato in V7.1;Nessuna modifica sostanziale;;Convenzionata documentata;Convenzionate;2026-09-20;"Classificazione V7.1 conservata; nessuna regressione introdotta nella V7.2.";Nessuna modifica sostanziale.;;Convenzionata documentata;Convenzionate;2026-09-20;Classificazione V7.2 conservata salvo nuove evidenze specifiche.;Nessuna modifica sostanziale.;;Convenzionata documentata;Convenzionate
ARM;Villa Armonia Nuova;KOS Care s.r.l.;Privata / ente non ASL;Roma;RM;Roma 3;Via dei Bevilacqua, 43;;;Contratto SSN firmato;"01/01–31/12/2025; continuità 2026 da riconfermare";Contratto ufficiale;Non documentato;;ARM-CON | ARM-ACC | ASL3-CONTRATTI;Trattamenti psichiatrici per intensità assistenziale | Percorsi riabilitativi residenziali;"Percorso autorizzato dal servizio inviante; contattare accettazione per setting, documenti e disponibilità.";Da confermare con accettazione;;I moduli sono quelli valorizzati nel contratto. Non si considera l’intero formulario come offerta: le voci lasciate in bianco non provano erogazione.;Non documentata;2026-09-20;Non effettuata;Non rilevati: capacità autorizzata/accreditata non è disponibilità;https://www.google.com/maps/search/?api=1&query=Via%20dei%20Bevilacqua%2C%2043%2C%20Roma%2C%20Italia;ARM-CON;Non certificata: vedere annualità e fonte;MOD-005;SRSR H24;Psichiatria;Residenziale;;Capacità per modulo non consolidata con contratto 2025;Convenzionata documentata;;https://www.aslroma3.it/wp-content/uploads/2025/05/contratto_budget_15593_villa-armonia-nuova.pdf | https://kosgroup.com/assets/doc/strutture/villa-armonia/dgr-conferma-requisiti-accreditamento.pdf | https://www.aslroma3.it/amministrazione-trasparente/strutture-sanitarie-private-accreditate/;;Convenzionate;https://www.aslroma3.it/wp-content/uploads/2025/05/contratto_budget_15593_villa-armonia-nuova.pdf;"Da concordare con servizio inviante e accettazione; non acquisiti sistematicamente";"Individualizzata; durata specifica non consolidata";"Idoneità clinica e amministrativa da valutare; non dedotta dal solo accreditamento";Profilo del gestore / modulo: vedi fonti. Non certifica disponibilità giornaliera.;"Indirizzo pubblicato; ingresso e coordinate non verificati";Capacità del modulo non consolidata;Da distinguere;;Da distinguere;;Documentato in V5;"01/01–31/12/2025; continuità 2026 da riconfermare";https://www.aslroma3.it/wp-content/uploads/2025/05/contratto_budget_15593_villa-armonia-nuova.pdf;Da verificare;;;;;;Da verificare;Non documentato;;Privata / ente non ASL;Gestore identificato nel dossier V5;https://www.aslroma3.it/wp-content/uploads/2025/05/contratto_budget_15593_villa-armonia-nuova.pdf | https://kosgroup.com/assets/doc/strutture/villa-armonia/dgr-conferma-requisiti-accreditamento.pdf | https://www.aslroma3.it/amministrazione-trasparente/strutture-sanitarie-private-accreditate/;Ereditato V5;;Sì;Convenzionate;Convenzionata documentata;Conservato;Nessuna nuova verifica amministrativa/clinica introdotta dalla V7 strutturale.;Convenzionate;Coerente o compatibile;;Non riesaminato in V7.1;Nessuna modifica sostanziale;;Convenzionata documentata;Convenzionate;2026-09-20;"Classificazione V7.1 conservata; nessuna regressione introdotta nella V7.2.";Nessuna modifica sostanziale.;;Convenzionata documentata;Convenzionate;2026-09-20;Classificazione V7.2 conservata salvo nuove evidenze specifiche.;Nessuna modifica sostanziale.;;Convenzionata documentata;Convenzionate
GIU;Villa Giuseppina;S. Giuseppe S.p.A.;Privata / ente non ASL;Roma;RM;Roma 3;Viale Prospero Colonna, 46;;;"Contratto SSN firmato; accreditamento distinto per modulo";"Contratto 2025; pagina gestore consultata20/09/2026";Contratto ufficiale;Non documentato;;GIU-CON | GIU-WEB;Cura psichiatrica residenziale | Trattamenti terapeutico-riabilitativi | Assistenza socio-riabilitativa;"Invio e valutazione del servizio territoriale; verificare appropriatezza del modulo.";;;;Non documentata;2026-09-20;Non effettuata;Non rilevati: capacità autorizzata/accreditata non è disponibilità;https://www.google.com/maps/search/?api=1&query=Viale%20Prospero%20Colonna%2C%2046%2C%20Roma%2C%20Italia;GIU-CON;Non certificata: vedere annualità e fonte;MOD-006;SRTRi;Psichiatria;Residenziale;30;Accreditati dichiarati dal gestore;Convenzionata documentata;"SRTRi:38 autorizzati,30 accreditati; non sommati come ulteriori posti.";https://www.aslroma3.it/wp-content/uploads/2025/05/contratto_budget_15592_villa-giuseppina.pdf | https://www.villagiuseppina.it/;;Convenzionate;https://www.aslroma3.it/wp-content/uploads/2025/05/contratto_budget_15592_villa-giuseppina.pdf;"Da concordare con servizio inviante e accettazione; non acquisiti sistematicamente";"Individualizzata; durata specifica non consolidata";"Idoneità clinica e amministrativa da valutare; non dedotta dal solo accreditamento";Profilo del gestore / modulo: vedi fonti. Non certifica disponibilità giornaliera.;"Indirizzo pubblicato; ingresso e coordinate non verificati";Accreditati dichiarati dal gestore;Da distinguere;;Documentato/indicato nel dossier V5;;Documentato in V5;"Contratto 2025; pagina gestore consultata20/09/2026";https://www.aslroma3.it/wp-content/uploads/2025/05/contratto_budget_15592_villa-giuseppina.pdf;Da verificare;;;30;;30;Da verificare;Non documentato;;Privata / ente non ASL;Gestore identificato nel dossier V5;https://www.aslroma3.it/wp-content/uploads/2025/05/contratto_budget_15592_villa-giuseppina.pdf | https://www.villagiuseppina.it/;Ereditato V5;;Sì;Convenzionate;Convenzionata documentata;Conservato;Nessuna nuova verifica amministrativa/clinica introdotta dalla V7 strutturale.;Convenzionate;Coerente o compatibile;;Non riesaminato in V7.1;Nessuna modifica sostanziale;;Convenzionata documentata;Convenzionate;2026-09-20;"Classificazione V7.1 conservata; nessuna regressione introdotta nella V7.2.";Nessuna modifica sostanziale.;;Convenzionata documentata;Convenzionate;2026-09-20;Classificazione V7.2 conservata salvo nuove evidenze specifiche.;Nessuna modifica sostanziale.;;Convenzionata documentata;Convenzionate
GIU;Villa Giuseppina;S. Giuseppe S.p.A.;Privata / ente non ASL;Roma;RM;Roma 3;Viale Prospero Colonna, 46;;;"Contratto SSN firmato; accreditamento distinto per modulo";"Contratto 2025; pagina gestore consultata20/09/2026";Contratto ufficiale;Non documentato;;GIU-CON | GIU-WEB;Cura psichiatrica residenziale | Trattamenti terapeutico-riabilitativi | Assistenza socio-riabilitativa;"Invio e valutazione del servizio territoriale; verificare appropriatezza del modulo.";;;;Non documentata;2026-09-20;Non effettuata;Non rilevati: capacità autorizzata/accreditata non è disponibilità;https://www.google.com/maps/search/?api=1&query=Viale%20Prospero%20Colonna%2C%2046%2C%20Roma%2C%20Italia;GIU-CON;Non certificata: vedere annualità e fonte;MOD-007;SRTRe;Psichiatria;Residenziale;10;Accreditati dichiarati dal gestore;Convenzionata documentata;;https://www.aslroma3.it/wp-content/uploads/2025/05/contratto_budget_15592_villa-giuseppina.pdf | https://www.villagiuseppina.it/;;Convenzionate;https://www.aslroma3.it/wp-content/uploads/2025/05/contratto_budget_15592_villa-giuseppina.pdf;"Da concordare con servizio inviante e accettazione; non acquisiti sistematicamente";"Individualizzata; durata specifica non consolidata";"Idoneità clinica e amministrativa da valutare; non dedotta dal solo accreditamento";Profilo del gestore / modulo: vedi fonti. Non certifica disponibilità giornaliera.;"Indirizzo pubblicato; ingresso e coordinate non verificati";Accreditati dichiarati dal gestore;Da distinguere;;Documentato/indicato nel dossier V5;;Documentato in V5;"Contratto 2025; pagina gestore consultata20/09/2026";https://www.aslroma3.it/wp-content/uploads/2025/05/contratto_budget_15592_villa-giuseppina.pdf;Da verificare;;;10;;10;Da verificare;Non documentato;;Privata / ente non ASL;Gestore identificato nel dossier V5;https://www.aslroma3.it/wp-content/uploads/2025/05/contratto_budget_15592_villa-giuseppina.pdf | https://www.villagiuseppina.it/;Ereditato V5;;Sì;Convenzionate;Convenzionata documentata;Conservato;Nessuna nuova verifica amministrativa/clinica introdotta dalla V7 strutturale.;Convenzionate;Coerente o compatibile;;Non riesaminato in V7.1;Nessuna modifica sostanziale;;Convenzionata documentata;Convenzionate;2026-09-20;"Classificazione V7.1 conservata; nessuna regressione introdotta nella V7.2.";Nessuna modifica sostanziale.;;Convenzionata documentata;Convenzionate;2026-09-20;Classificazione V7.2 conservata salvo nuove evidenze specifiche.;Nessuna modifica sostanziale.;;Convenzionata documentata;Convenzionate
GIU;Villa Giuseppina;S. Giuseppe S.p.A.;Privata / ente non ASL;Roma;RM;Roma 3;Viale Prospero Colonna, 46;;;"Contratto SSN firmato; accreditamento distinto per modulo";"Contratto 2025; pagina gestore consultata20/09/2026";Contratto ufficiale;Non documentato;;GIU-CON | GIU-WEB;Cura psichiatrica residenziale | Trattamenti terapeutico-riabilitativi | Assistenza socio-riabilitativa;"Invio e valutazione del servizio territoriale; verificare appropriatezza del modulo.";;;;Non documentata;2026-09-20;Non effettuata;Non rilevati: capacità autorizzata/accreditata non è disponibilità;https://www.google.com/maps/search/?api=1&query=Viale%20Prospero%20Colonna%2C%2046%2C%20Roma%2C%20Italia;GIU-CON;Non certificata: vedere annualità e fonte;MOD-008;SRSR H24;Psichiatria;Residenziale;40;Accreditati dichiarati dal gestore;Convenzionata documentata;;https://www.aslroma3.it/wp-content/uploads/2025/05/contratto_budget_15592_villa-giuseppina.pdf | https://www.villagiuseppina.it/;;Convenzionate;https://www.aslroma3.it/wp-content/uploads/2025/05/contratto_budget_15592_villa-giuseppina.pdf;"Da concordare con servizio inviante e accettazione; non acquisiti sistematicamente";"Individualizzata; durata specifica non consolidata";"Idoneità clinica e amministrativa da valutare; non dedotta dal solo accreditamento";Profilo del gestore / modulo: vedi fonti. Non certifica disponibilità giornaliera.;"Indirizzo pubblicato; ingresso e coordinate non verificati";Accreditati dichiarati dal gestore;Da distinguere;;Documentato/indicato nel dossier V5;;Documentato in V5;"Contratto 2025; pagina gestore consultata20/09/2026";https://www.aslroma3.it/wp-content/uploads/2025/05/contratto_budget_15592_villa-giuseppina.pdf;Da verificare;;;40;;40;Da verificare;Non documentato;;Privata / ente non ASL;Gestore identificato nel dossier V5;https://www.aslroma3.it/wp-content/uploads/2025/05/contratto_budget_15592_villa-giuseppina.pdf | https://www.villagiuseppina.it/;Ereditato V5;;Sì;Convenzionate;Convenzionata documentata;Conservato;Nessuna nuova verifica amministrativa/clinica introdotta dalla V7 strutturale.;Convenzionate;Coerente o compatibile;;Non riesaminato in V7.1;Nessuna modifica sostanziale;;Convenzionata documentata;Convenzionate;2026-09-20;"Classificazione V7.1 conservata; nessuna regressione introdotta nella V7.2.";Nessuna modifica sostanziale.;;Convenzionata documentata;Convenzionate;2026-09-20;Classificazione V7.2 conservata salvo nuove evidenze specifiche.;Nessuna modifica sostanziale.;;Convenzionata documentata;Convenzionate
LET;Villa Letizia;Villa Letizia s.r.l.;Privata / ente non ASL;Roma;RM;Roma 3;Via Sesto Celere, 16–18–20;;;Contratto SSN firmato;"2025; riconfermare 2026";Contratto ufficiale;Non documentato;;LET-CON;Assistenza psichiatrica estensiva | Sostegno socio-riabilitativo residenziale;Percorso DSM/UVM e valutazione della struttura.;;;Non è la struttura omonima dell’Associazione Ego nel territorio Roma 5.;Non documentata;2026-09-20;Non effettuata;Non rilevati: capacità autorizzata/accreditata non è disponibilità;https://www.google.com/maps/search/?api=1&query=Via%20Sesto%20Celere%2C%2016%E2%80%9318%E2%80%9320%2C%20Roma%2C%20Italia;LET-CON;Non certificata: vedere annualità e fonte;MOD-010;SRTRe;Psichiatria;Residenziale;;Non consolidata;Convenzionata documentata;;https://www.aslroma3.it/wp-content/uploads/2025/05/contratto_budget_15594-_villa-letizia-srl-_-villa-letizia.pdf;;Convenzionate;https://www.aslroma3.it/wp-content/uploads/2025/05/contratto_budget_15594-_villa-letizia-srl-_-villa-letizia.pdf;"Da concordare con servizio inviante e accettazione; non acquisiti sistematicamente";"Individualizzata; durata specifica non consolidata";"Idoneità clinica e amministrativa da valutare; non dedotta dal solo accreditamento";Profilo del gestore / modulo: vedi fonti. Non certifica disponibilità giornaliera.;"Indirizzo pubblicato; ingresso e coordinate non verificati";Capacità del modulo non consolidata;Da distinguere;;Da distinguere;;Documentato in V5;"2025; riconfermare 2026";https://www.aslroma3.it/wp-content/uploads/2025/05/contratto_budget_15594-_villa-letizia-srl-_-villa-letizia.pdf;Da verificare;;;;;;Da verificare;Non documentato;;Privata / ente non ASL;Gestore identificato nel dossier V5;https://www.aslroma3.it/wp-content/uploads/2025/05/contratto_budget_15594-_villa-letizia-srl-_-villa-letizia.pdf;Ereditato V5;;Sì;Convenzionate;Convenzionata documentata;Conservato;Nessuna nuova verifica amministrativa/clinica introdotta dalla V7 strutturale.;Convenzionate;Coerente o compatibile;;Non riesaminato in V7.1;Nessuna modifica sostanziale;;Convenzionata documentata;Convenzionate;2026-09-20;"Classificazione V7.1 conservata; nessuna regressione introdotta nella V7.2.";Nessuna modifica sostanziale.;;Convenzionata documentata;Convenzionate;2026-09-20;Classificazione V7.2 conservata salvo nuove evidenze specifiche.;Nessuna modifica sostanziale.;;Convenzionata documentata;Convenzionate
LET;Villa Letizia;Villa Letizia s.r.l.;Privata / ente non ASL;Roma;RM;Roma 3;Via Sesto Celere, 16–18–20;;;Contratto SSN firmato;"2025; riconfermare 2026";Contratto ufficiale;Non documentato;;LET-CON;Assistenza psichiatrica estensiva | Sostegno socio-riabilitativo residenziale;Percorso DSM/UVM e valutazione della struttura.;;;Non è la struttura omonima dell’Associazione Ego nel territorio Roma 5.;Non documentata;2026-09-20;Non effettuata;Non rilevati: capacità autorizzata/accreditata non è disponibilità;https://www.google.com/maps/search/?api=1&query=Via%20Sesto%20Celere%2C%2016%E2%80%9318%E2%80%9320%2C%20Roma%2C%20Italia;LET-CON;Non certificata: vedere annualità e fonte;MOD-011;SRSR H12;Psichiatria;Residenziale;;Non consolidata;Convenzionata documentata;H12 indica intensità dell’assistenza: rimane residenziale, non diurno.;https://www.aslroma3.it/wp-content/uploads/2025/05/contratto_budget_15594-_villa-letizia-srl-_-villa-letizia.pdf;;Convenzionate;https://www.aslroma3.it/wp-content/uploads/2025/05/contratto_budget_15594-_villa-letizia-srl-_-villa-letizia.pdf;"Da concordare con servizio inviante e accettazione; non acquisiti sistematicamente";"Individualizzata; durata specifica non consolidata";"Idoneità clinica e amministrativa da valutare; non dedotta dal solo accreditamento";Profilo del gestore / modulo: vedi fonti. Non certifica disponibilità giornaliera.;"Indirizzo pubblicato; ingresso e coordinate non verificati";Capacità del modulo non consolidata;Da distinguere;;Da distinguere;;Documentato in V5;"2025; riconfermare 2026";https://www.aslroma3.it/wp-content/uploads/2025/05/contratto_budget_15594-_villa-letizia-srl-_-villa-letizia.pdf;Da verificare;;;;;;Da verificare;Non documentato;;Privata / ente non ASL;Gestore identificato nel dossier V5;https://www.aslroma3.it/wp-content/uploads/2025/05/contratto_budget_15594-_villa-letizia-srl-_-villa-letizia.pdf;Ereditato V5;;Sì;Convenzionate;Convenzionata documentata;Conservato;Nessuna nuova verifica amministrativa/clinica introdotta dalla V7 strutturale.;Convenzionate;Coerente o compatibile;;Non riesaminato in V7.1;Nessuna modifica sostanziale;;Convenzionata documentata;Convenzionate;2026-09-20;"Classificazione V7.1 conservata; nessuna regressione introdotta nella V7.2.";Nessuna modifica sostanziale.;;Convenzionata documentata;Convenzionate;2026-09-20;Classificazione V7.2 conservata salvo nuove evidenze specifiche.;Nessuna modifica sostanziale.;;Convenzionata documentata;Convenzionate
CHI;Villa Madre Chiara Ricci;Villa Letizia s.r.l.;Privata / ente non ASL;Roma;RM;Roma 3;;;;Contratto SSN firmato;"2025; riconfermare 2026";Contratto ufficiale;Non documentato;;CHI-CON;Riabilitazione psichiatrica estensiva per adolescenti;Invio specialistico e autorizzazione del percorso.;Adolescenti;;Indirizzo operativo non consolidato: il contratto riporta Via Sesto Celere del soggetto giuridico, non assunto automaticamente come ingresso della struttura.;Non documentata;2026-09-20;Non effettuata;Non rilevati: capacità autorizzata/accreditata non è disponibilità;;CHI-CON;Non certificata: vedere annualità e fonte;MOD-012;SRTRe adolescenti;Psichiatria;Residenziale;;Non consolidata;Convenzionata documentata;;https://www.aslroma3.it/wp-content/uploads/2025/05/contratto_budget_15595_villa-letizia-srl-_-villa-madre-chiara-ricci.pdf;;Convenzionate;https://www.aslroma3.it/wp-content/uploads/2025/05/contratto_budget_15595_villa-letizia-srl-_-villa-madre-chiara-ricci.pdf;"Da concordare con servizio inviante e accettazione; non acquisiti sistematicamente";"Individualizzata; durata specifica non consolidata";"Idoneità clinica e amministrativa da valutare; non dedotta dal solo accreditamento";Profilo del gestore / modulo: vedi fonti. Non certifica disponibilità giornaliera.;Indirizzo operativo da completare;Capacità del modulo non consolidata;Da distinguere;;Da distinguere;;Documentato in V5;"2025; riconfermare 2026";https://www.aslroma3.it/wp-content/uploads/2025/05/contratto_budget_15595_villa-letizia-srl-_-villa-madre-chiara-ricci.pdf;Da verificare;;;;;;Da verificare;Non documentato;;Privata / ente non ASL;Gestore identificato nel dossier V5;https://www.aslroma3.it/wp-content/uploads/2025/05/contratto_budget_15595_villa-letizia-srl-_-villa-madre-chiara-ricci.pdf;Ereditato V5;;Sì;Convenzionate;Convenzionata documentata;Conservato;Nessuna nuova verifica amministrativa/clinica introdotta dalla V7 strutturale.;Convenzionate;Coerente o compatibile;;Non riesaminato in V7.1;Nessuna modifica sostanziale;;Convenzionata documentata;Convenzionate;2026-09-20;"Classificazione V7.1 conservata; nessuna regressione introdotta nella V7.2.";Nessuna modifica sostanziale.;;Convenzionata documentata;Convenzionate;2026-09-20;Classificazione V7.2 conservata salvo nuove evidenze specifiche.;Nessuna modifica sostanziale.;;Convenzionata documentata;Convenzionate
SIL;Casa Siloè;Medinext s.r.l. impresa sociale;Privata / ente non ASL;Roma;RM;Roma 3;Via Portuense, 251;;;Contratto SSN firmato con periodo 2026 esplicito;04/05–31/12/2026;Contratto ufficiale;Non documentato;;SIL-CON;Assistenza psichiatrica semiresidenziale per adolescenti;"Percorso specialistico inviante; criteri d’età dettagliati e contatti d’accettazione da completare.";Adolescenti;;Non attribuito alla ASL Roma 3 come struttura interna: ASL territoriale/contraente distinta da Medinext.;Non documentata;2026-09-20;Non effettuata;Non rilevati: capacità autorizzata/accreditata non è disponibilità;https://www.google.com/maps/search/?api=1&query=Via%20Portuense%2C%20251%2C%20Roma%2C%20Italia;SIL-CON;Contratto ufficiale con periodo 2026;MOD-013;Centro diurno adolescenti;Psichiatria;Semiresidenziale;;Non consolidata;Convenzionata documentata;;https://www.aslroma3.it/wp-content/uploads/2026/07/contratto_budget_04_05_31_12_26-1.pdf;;Convenzionate;https://www.aslroma3.it/wp-content/uploads/2026/07/contratto_budget_04_05_31_12_26-1.pdf;"Da concordare con servizio inviante e accettazione; non acquisiti sistematicamente";"Individualizzata; durata specifica non consolidata";"Idoneità clinica e amministrativa da valutare; non dedotta dal solo accreditamento";Profilo del gestore / modulo: vedi fonti. Non certifica disponibilità giornaliera.;"Indirizzo pubblicato; ingresso e coordinate non verificati";Capacità del modulo non consolidata;Da distinguere;;Da distinguere;;Documentato in V5;04/05–31/12/2026;https://www.aslroma3.it/wp-content/uploads/2026/07/contratto_budget_04_05_31_12_26-1.pdf;Da verificare;;;;;;Da verificare;Non documentato;;Privata / ente non ASL;Gestore identificato nel dossier V5;https://www.aslroma3.it/wp-content/uploads/2026/07/contratto_budget_04_05_31_12_26-1.pdf;Ereditato V5;;Sì;Convenzionate;Convenzionata documentata;Conservato;Nessuna nuova verifica amministrativa/clinica introdotta dalla V7 strutturale.;Convenzionate;Coerente o compatibile;;Non riesaminato in V7.1;Nessuna modifica sostanziale;;Convenzionata documentata;Convenzionate;2026-09-20;"Classificazione V7.1 conservata; nessuna regressione introdotta nella V7.2.";Nessuna modifica sostanziale.;;Convenzionata documentata;Convenzionate;2026-09-20;Classificazione V7.2 conservata salvo nuove evidenze specifiche.;Nessuna modifica sostanziale.;;Convenzionata documentata;Convenzionate
VVS;Villa Von Siebenthal;Villa Von Siebenthal / gruppo GHC;Privata / ente non ASL;Genzano di Roma;RM;Roma 6;Via della Madonnina, 1;0693391801 / 0693391805;listaattesa@villavonsiebenthal.it;Convenzione SSN dichiarata nella Carta dei servizi;Carta09/12/2025 pubblicata 2026;Dichiarazione gestore;Non documentato;;VVS-CDS | VVS-ST;Valutazione psichiatrica e psicologica | Terapia farmacologica | Riabilitazione psicosociale | Interventi con familiari;"Invio CSM e PTI; STPIT anche trasferimento da SPDC/ospedale o domicilio con valutazione clinica.";Secondo modulo / da confermare;"Psichiatri, psicologi, riabilitatori, infermieri, OSS; consulenza internistica/cardiologica per STPIT.";;Non documentata;2026-09-20;Non effettuata;Non rilevati: capacità autorizzata/accreditata non è disponibilità;https://www.google.com/maps/search/?api=1&query=Via%20della%20Madonnina%2C%201%2C%20Genzano%20di%20Roma%2C%20Italia;VVS-CDS;Non certificata: vedere annualità e fonte;MOD-015;SRSR H24;Psichiatria;Residenziale;19;Dotazione dichiarata nella Carta;Convenzionata documentata;;https://www.ghcspa.com/sites/default/files/2026-06/Carta-dei-servizi-VVS-rev-09-12-2025.pdf | https://www.ghcspa.com/villavonsiebenthal/attivita/struttura-per-trattamenti-psichiatrici-intensivi-territoriali;;Convenzionate;https://www.ghcspa.com/sites/default/files/2026-06/Carta-dei-servizi-VVS-rev-09-12-2025.pdf;"Da concordare con servizio inviante e accettazione; non acquisiti sistematicamente";"Individualizzata; durata specifica non consolidata";"Idoneità clinica e amministrativa da valutare; non dedotta dal solo accreditamento";Profilo del gestore / modulo: vedi fonti. Non certifica disponibilità giornaliera.;"Indirizzo pubblicato; ingresso e coordinate non verificati";Dotazione dichiarata nella Carta;Da distinguere;;Da distinguere;;Documentato in V5;Carta09/12/2025 pubblicata 2026;https://www.ghcspa.com/sites/default/files/2026-06/Carta-dei-servizi-VVS-rev-09-12-2025.pdf;Da verificare;;;;;19;Documentata/descritta per pazienti provenienti da altre ASL del Lazio;Non documentato specificamente;;Privata / ente non ASL;Gestore identificato nel dossier V5;https://www.ghcspa.com/sites/default/files/2026-06/Carta-dei-servizi-VVS-rev-09-12-2025.pdf | https://www.ghcspa.com/villavonsiebenthal/attivita/struttura-per-trattamenti-psichiatrici-intensivi-territoriali;Ereditato V5;;Sì;Convenzionate;Convenzionata documentata;Conservato;Nessuna nuova verifica amministrativa/clinica introdotta dalla V7 strutturale.;Convenzionate;Coerente o compatibile;;Non riesaminato in V7.1;Nessuna modifica sostanziale;;Convenzionata documentata;Convenzionate;2026-09-20;"Classificazione V7.1 conservata; nessuna regressione introdotta nella V7.2.";Nessuna modifica sostanziale.;;Convenzionata documentata;Convenzionate;2026-09-20;Classificazione V7.2 conservata salvo nuove evidenze specifiche.;Nessuna modifica sostanziale.;;Convenzionata documentata;Convenzionate
VVS;Villa Von Siebenthal;Villa Von Siebenthal / gruppo GHC;Privata / ente non ASL;Genzano di Roma;RM;Roma 6;Via della Madonnina, 1;0693391801 / 0693391805;listaattesa@villavonsiebenthal.it;Convenzione SSN dichiarata nella Carta dei servizi;Carta09/12/2025 pubblicata 2026;Dichiarazione gestore;Non documentato;;VVS-CDS | VVS-ST;Valutazione psichiatrica e psicologica | Terapia farmacologica | Riabilitazione psicosociale | Interventi con familiari;"Invio CSM e PTI; STPIT anche trasferimento da SPDC/ospedale o domicilio con valutazione clinica.";Secondo modulo / da confermare;"Psichiatri, psicologi, riabilitatori, infermieri, OSS; consulenza internistica/cardiologica per STPIT.";;Non documentata;2026-09-20;Non effettuata;Non rilevati: capacità autorizzata/accreditata non è disponibilità;https://www.google.com/maps/search/?api=1&query=Via%20della%20Madonnina%2C%201%2C%20Genzano%20di%20Roma%2C%20Italia;VVS-CDS;Non certificata: vedere annualità e fonte;MOD-016;SRTRe adulti;Psichiatria;Residenziale;20;Dotazione dichiarata nella Carta;Convenzionata documentata;;https://www.ghcspa.com/sites/default/files/2026-06/Carta-dei-servizi-VVS-rev-09-12-2025.pdf | https://www.ghcspa.com/villavonsiebenthal/attivita/struttura-per-trattamenti-psichiatrici-intensivi-territoriali;;Convenzionate;https://www.ghcspa.com/sites/default/files/2026-06/Carta-dei-servizi-VVS-rev-09-12-2025.pdf;"Da concordare con servizio inviante e accettazione; non acquisiti sistematicamente";"Individualizzata; durata specifica non consolidata";"Idoneità clinica e amministrativa da valutare; non dedotta dal solo accreditamento";Profilo del gestore / modulo: vedi fonti. Non certifica disponibilità giornaliera.;"Indirizzo pubblicato; ingresso e coordinate non verificati";Dotazione dichiarata nella Carta;Da distinguere;;Da distinguere;;Documentato in V5;Carta09/12/2025 pubblicata 2026;https://www.ghcspa.com/sites/default/files/2026-06/Carta-dei-servizi-VVS-rev-09-12-2025.pdf;Da verificare;;;;;20;Documentata/descritta per pazienti provenienti da altre ASL del Lazio;Non documentato specificamente;;Privata / ente non ASL;Gestore identificato nel dossier V5;https://www.ghcspa.com/sites/default/files/2026-06/Carta-dei-servizi-VVS-rev-09-12-2025.pdf | https://www.ghcspa.com/villavonsiebenthal/attivita/struttura-per-trattamenti-psichiatrici-intensivi-territoriali;Ereditato V5;;Sì;Convenzionate;Convenzionata documentata;Conservato;Nessuna nuova verifica amministrativa/clinica introdotta dalla V7 strutturale.;Convenzionate;Coerente o compatibile;;Non riesaminato in V7.1;Nessuna modifica sostanziale;;Convenzionata documentata;Convenzionate;2026-09-20;"Classificazione V7.1 conservata; nessuna regressione introdotta nella V7.2.";Nessuna modifica sostanziale.;;Convenzionata documentata;Convenzionate;2026-09-20;Classificazione V7.2 conservata salvo nuove evidenze specifiche.;Nessuna modifica sostanziale.;;Convenzionata documentata;Convenzionate
VVS;Villa Von Siebenthal;Villa Von Siebenthal / gruppo GHC;Privata / ente non ASL;Genzano di Roma;RM;Roma 6;Via della Madonnina, 1;0693391801 / 0693391805;listaattesa@villavonsiebenthal.it;Convenzione SSN dichiarata nella Carta dei servizi;Carta09/12/2025 pubblicata 2026;Dichiarazione gestore;Non documentato;;VVS-CDS | VVS-ST;Valutazione psichiatrica e psicologica | Terapia farmacologica | Riabilitazione psicosociale | Interventi con familiari;"Invio CSM e PTI; STPIT anche trasferimento da SPDC/ospedale o domicilio con valutazione clinica.";Adolescenti;"Psichiatri, psicologi, riabilitatori, infermieri, OSS; consulenza internistica/cardiologica per STPIT.";;Non documentata;2026-09-20;Non effettuata;Non rilevati: capacità autorizzata/accreditata non è disponibilità;https://www.google.com/maps/search/?api=1&query=Via%20della%20Madonnina%2C%201%2C%20Genzano%20di%20Roma%2C%20Italia;VVS-CDS;Non certificata: vedere annualità e fonte;MOD-017;SRTRi adolescenti;Psichiatria;Residenziale;10;Dotazione dichiarata nella Carta;Convenzionata documentata;;https://www.ghcspa.com/sites/default/files/2026-06/Carta-dei-servizi-VVS-rev-09-12-2025.pdf | https://www.ghcspa.com/villavonsiebenthal/attivita/struttura-per-trattamenti-psichiatrici-intensivi-territoriali;;Convenzionate;https://www.ghcspa.com/sites/default/files/2026-06/Carta-dei-servizi-VVS-rev-09-12-2025.pdf;"Da concordare con servizio inviante e accettazione; non acquisiti sistematicamente";"Individualizzata; durata specifica non consolidata";"Idoneità clinica e amministrativa da valutare; non dedotta dal solo accreditamento";Profilo del gestore / modulo: vedi fonti. Non certifica disponibilità giornaliera.;"Indirizzo pubblicato; ingresso e coordinate non verificati";Dotazione dichiarata nella Carta;Da distinguere;;Da distinguere;;Documentato in V5;Carta09/12/2025 pubblicata 2026;https://www.ghcspa.com/sites/default/files/2026-06/Carta-dei-servizi-VVS-rev-09-12-2025.pdf;Da verificare;;;;;10;Documentata/descritta per pazienti provenienti da altre ASL del Lazio;Non documentato specificamente;;Privata / ente non ASL;Gestore identificato nel dossier V5;https://www.ghcspa.com/sites/default/files/2026-06/Carta-dei-servizi-VVS-rev-09-12-2025.pdf | https://www.ghcspa.com/villavonsiebenthal/attivita/struttura-per-trattamenti-psichiatrici-intensivi-territoriali;Ereditato V5;;Sì;Convenzionate;Convenzionata documentata;Conservato;Nessuna nuova verifica amministrativa/clinica introdotta dalla V7 strutturale.;Convenzionate;Coerente o compatibile;;Non riesaminato in V7.1;Nessuna modifica sostanziale;;Convenzionata documentata;Convenzionate;2026-09-20;"Classificazione V7.1 conservata; nessuna regressione introdotta nella V7.2.";Nessuna modifica sostanziale.;;Convenzionata documentata;Convenzionate;2026-09-20;Classificazione V7.2 conservata salvo nuove evidenze specifiche.;Nessuna modifica sostanziale.;;Convenzionata documentata;Convenzionate
VVS;Villa Von Siebenthal;Villa Von Siebenthal / gruppo GHC;Privata / ente non ASL;Genzano di Roma;RM;Roma 6;Via della Madonnina, 1;0693391801 / 0693391805;listaattesa@villavonsiebenthal.it;Convenzione SSN dichiarata nella Carta dei servizi;Carta09/12/2025 pubblicata 2026;Dichiarazione gestore;Non documentato;;VVS-CDS | VVS-ST;Valutazione psichiatrica e psicologica | Terapia farmacologica | Riabilitazione psicosociale | Interventi con familiari;"Invio CSM e PTI; STPIT anche trasferimento da SPDC/ospedale o domicilio con valutazione clinica.";Adolescenti;"Psichiatri, psicologi, riabilitatori, infermieri, OSS; consulenza internistica/cardiologica per STPIT.";;Non documentata;2026-09-20;Non effettuata;Non rilevati: capacità autorizzata/accreditata non è disponibilità;https://www.google.com/maps/search/?api=1&query=Via%20della%20Madonnina%2C%201%2C%20Genzano%20di%20Roma%2C%20Italia;VVS-CDS;Non certificata: vedere annualità e fonte;MOD-018;SRTRe adolescenti;Psichiatria;Residenziale;10;Dotazione dichiarata nella Carta;Convenzionata documentata;;https://www.ghcspa.com/sites/default/files/2026-06/Carta-dei-servizi-VVS-rev-09-12-2025.pdf | https://www.ghcspa.com/villavonsiebenthal/attivita/struttura-per-trattamenti-psichiatrici-intensivi-territoriali;;Convenzionate;https://www.ghcspa.com/sites/default/files/2026-06/Carta-dei-servizi-VVS-rev-09-12-2025.pdf;"Da concordare con servizio inviante e accettazione; non acquisiti sistematicamente";"Individualizzata; durata specifica non consolidata";"Idoneità clinica e amministrativa da valutare; non dedotta dal solo accreditamento";Profilo del gestore / modulo: vedi fonti. Non certifica disponibilità giornaliera.;"Indirizzo pubblicato; ingresso e coordinate non verificati";Dotazione dichiarata nella Carta;Da distinguere;;Da distinguere;;Documentato in V5;Carta09/12/2025 pubblicata 2026;https://www.ghcspa.com/sites/default/files/2026-06/Carta-dei-servizi-VVS-rev-09-12-2025.pdf;Da verificare;;;;;10;Documentata/descritta per pazienti provenienti da altre ASL del Lazio;Non documentato specificamente;;Privata / ente non ASL;Gestore identificato nel dossier V5;https://www.ghcspa.com/sites/default/files/2026-06/Carta-dei-servizi-VVS-rev-09-12-2025.pdf | https://www.ghcspa.com/villavonsiebenthal/attivita/struttura-per-trattamenti-psichiatrici-intensivi-territoriali;Ereditato V5;;Sì;Convenzionate;Convenzionata documentata;Conservato;Nessuna nuova verifica amministrativa/clinica introdotta dalla V7 strutturale.;Convenzionate;Coerente o compatibile;;Non riesaminato in V7.1;Nessuna modifica sostanziale;;Convenzionata documentata;Convenzionate;2026-09-20;"Classificazione V7.1 conservata; nessuna regressione introdotta nella V7.2.";Nessuna modifica sostanziale.;;Convenzionata documentata;Convenzionate;2026-09-20;Classificazione V7.2 conservata salvo nuove evidenze specifiche.;Nessuna modifica sostanziale.;;Convenzionata documentata;Convenzionate
VMP;Villa Maria Pia;Casa di cura Villa Maria Pia;Privata / ente non ASL;Roma;RM;Roma 1;Via del Forte Trionfale, 36;063052651 / 063052652;info@villamariapia.com;Tipologie convenzionate dichiarate dal gestore;"Pagina gestore consultata20/09/2026; decreto storico 2016";Dichiarazione gestore;Non documentato;;VMP-WEB | VMP-DEC;Valutazione psichiatrica | Trattamenti intensivi e riabilitativi | Supporto psicologico e socio-riabilitativo;"Invio CSM; valutazione clinica programmata, documentazione sanitaria, documento e tessera sanitaria.";;;Per SRSR H24: pagina indica15 autorizzati, decreto 2016solo10 accreditati. Non certificati15 posti SSN attuali.;Non documentata;2026-09-20;Non effettuata;Non rilevati: capacità autorizzata/accreditata non è disponibilità;https://www.google.com/maps/search/?api=1&query=Via%20del%20Forte%20Trionfale%2C%2036%2C%20Roma%2C%20Italia;VMP-WEB;Non certificata: vedere annualità e fonte;MOD-020;SRSR H24;Psichiatria;Residenziale;15;Autorizzati dichiarati, non equiparati ad accreditati;Convenzionata documentata;"Conflitto temporale da verificare:10 accreditati nel 2016;15 autorizzati nella pagina attuale.";https://villamariapia.com/ricoveri/ | https://www.regione.lazio.it/sites/default/files/decreti-commissario-ad-acta/SAN_DCA_U00052_29_02_2016.pdf;;Convenzionate;https://villamariapia.com/ricoveri/;"Da concordare con servizio inviante e accettazione; non acquisiti sistematicamente";"Individualizzata; durata specifica non consolidata";"Idoneità clinica e amministrativa da valutare; non dedotta dal solo accreditamento";Profilo del gestore / modulo: vedi fonti. Non certifica disponibilità giornaliera.;"Indirizzo pubblicato; ingresso e coordinate non verificati";Autorizzati dichiarati, non equiparati ad accreditati;Documentata/indicata nel dossier V5;;Documentato/indicato nel dossier V5;;Documentato in V5;"Pagina gestore consultata20/09/2026; decreto storico 2016";https://villamariapia.com/ricoveri/;Da verificare;;15;15;;15;Da verificare;Non documentato;;Privata / ente non ASL;Gestore identificato nel dossier V5;https://villamariapia.com/ricoveri/ | https://www.regione.lazio.it/sites/default/files/decreti-commissario-ad-acta/SAN_DCA_U00052_29_02_2016.pdf;Ereditato V5;;Sì;Convenzionate;Convenzionata documentata;Conservato;Nessuna nuova verifica amministrativa/clinica introdotta dalla V7 strutturale.;Convenzionate;Coerente o compatibile;;Non riesaminato in V7.1;Nessuna modifica sostanziale;;Convenzionata documentata;Convenzionate;2026-09-20;"Classificazione V7.1 conservata; nessuna regressione introdotta nella V7.2.";Nessuna modifica sostanziale.;;Convenzionata documentata;Convenzionate;2026-09-20;Classificazione V7.2 conservata salvo nuove evidenze specifiche.;Nessuna modifica sostanziale.;;Convenzionata documentata;Convenzionate
VMP;Villa Maria Pia;Casa di cura Villa Maria Pia;Privata / ente non ASL;Roma;RM;Roma 1;Via del Forte Trionfale, 36;063052651 / 063052652;info@villamariapia.com;Tipologie convenzionate dichiarate dal gestore;"Pagina gestore consultata20/09/2026; decreto storico 2016";Dichiarazione gestore;Non documentato;;VMP-WEB | VMP-DEC;Valutazione psichiatrica | Trattamenti intensivi e riabilitativi | Supporto psicologico e socio-riabilitativo;"Invio CSM; valutazione clinica programmata, documentazione sanitaria, documento e tessera sanitaria.";;;Per SRSR H24: pagina indica15 autorizzati, decreto 2016solo10 accreditati. Non certificati15 posti SSN attuali.;Non documentata;2026-09-20;Non effettuata;Non rilevati: capacità autorizzata/accreditata non è disponibilità;https://www.google.com/maps/search/?api=1&query=Via%20del%20Forte%20Trionfale%2C%2036%2C%20Roma%2C%20Italia;VMP-WEB;Non certificata: vedere annualità e fonte;MOD-021;SRSR H12;Psichiatria;Residenziale;8;Dotazione dichiarata dal gestore;Convenzionata documentata;Non semiresidenziale.;https://villamariapia.com/ricoveri/ | https://www.regione.lazio.it/sites/default/files/decreti-commissario-ad-acta/SAN_DCA_U00052_29_02_2016.pdf;;Convenzionate;https://villamariapia.com/ricoveri/;"Da concordare con servizio inviante e accettazione; non acquisiti sistematicamente";"Individualizzata; durata specifica non consolidata";"Idoneità clinica e amministrativa da valutare; non dedotta dal solo accreditamento";Profilo del gestore / modulo: vedi fonti. Non certifica disponibilità giornaliera.;"Indirizzo pubblicato; ingresso e coordinate non verificati";Dotazione dichiarata dal gestore;Da distinguere;;Da distinguere;;Documentato in V5;"Pagina gestore consultata20/09/2026; decreto storico 2016";https://villamariapia.com/ricoveri/;Da verificare;;;;;8;Da verificare;Non documentato;;Privata / ente non ASL;Gestore identificato nel dossier V5;https://villamariapia.com/ricoveri/ | https://www.regione.lazio.it/sites/default/files/decreti-commissario-ad-acta/SAN_DCA_U00052_29_02_2016.pdf;Ereditato V5;;Sì;Convenzionate;Convenzionata documentata;Conservato;Nessuna nuova verifica amministrativa/clinica introdotta dalla V7 strutturale.;Convenzionate;Coerente o compatibile;;Non riesaminato in V7.1;Nessuna modifica sostanziale;;Convenzionata documentata;Convenzionate;2026-09-20;"Classificazione V7.1 conservata; nessuna regressione introdotta nella V7.2.";Nessuna modifica sostanziale.;;Convenzionata documentata;Convenzionate;2026-09-20;Classificazione V7.2 conservata salvo nuove evidenze specifiche.;Nessuna modifica sostanziale.;;Convenzionata documentata;Convenzionate
COL;Colle Cesarano;GERESS s.r.l. / Kormed;Privata / ente non ASL;Tivoli;RM;Roma 5;Via Maremmana Inferiore, 102 — Villa Adriana;07745001430 (accettazione) / 077450011 (centralino);accettazionesanitaria@collecesarano.com;Convenzione dichiarata dal gestore + budget ASL nominativo;"Budget 2025; pagine gestore consultate20/09/2026";Gestore + atto di budget;Non documentato;;COL-WEB | COL-ST | COL-INT | R5-BUD | R5-INT | COL-CONTACT;Valutazione e trattamento psichiatrico | Stabilizzazione clinica | Percorsi riabilitativi graduati;"Contatto accettazione e servizio inviante; idoneità al setting e autorizzazione da concordare.";;;"RSA esclusa. Accettazione: lun–ven 08:30–16:00; non è l’orario di funzionamento della residenza.";Non documentata;2026-09-20;Non effettuata;Non rilevati: capacità autorizzata/accreditata non è disponibilità;https://www.google.com/maps/search/?api=1&query=Via%20Maremmana%20Inferiore%2C%20102%20%E2%80%94%20Villa%20Adriana%2C%20Tivoli%2C%20Italia;COL-WEB | COL-ST | R5-BUD;Non certificata: vedere annualità e fonte;MOD-024;SRTRe Agorà;Psichiatria;Residenziale;20;Posti finanziabili nell’allegatoASL2025;Convenzionata documentata;;https://www.collecesarano.com/ | https://www.collecesarano.com/stpit/ | https://www.collecesarano.com/srtr-intensiva/ | https://www.aslroma5.it/wp-content/uploads/2026/07/Delibera-n.-110-del-30.01.2025-BUDGET-PSICHIATRICHE.pdf | https://www.aslroma5.it/wp-content/uploads/2026/07/Delibera-n.-404-del-10.03.2025-BUDGET-PSICHIATRICHE-INTEGRAZIONE.pdf | https://www.collecesarano.com/contatti/;;Convenzionate;https://www.collecesarano.com/ | https://www.collecesarano.com/stpit/ | https://www.aslroma5.it/wp-content/uploads/2026/07/Delibera-n.-110-del-30.01.2025-BUDGET-PSICHIATRICHE.pdf;"Da concordare con servizio inviante e accettazione; non acquisiti sistematicamente";"Individualizzata; durata specifica non consolidata";"Idoneità clinica e amministrativa da valutare; non dedotta dal solo accreditamento";Profilo del gestore / modulo: vedi fonti. Non certifica disponibilità giornaliera.;"Indirizzo pubblicato; ingresso e coordinate non verificati";Posti finanziabili nell’allegatoASL2025;Da distinguere;;Da distinguere;;Documentato in V5;"Budget 2025; pagine gestore consultate20/09/2026";https://www.collecesarano.com/ | https://www.collecesarano.com/stpit/ | https://www.aslroma5.it/wp-content/uploads/2026/07/Delibera-n.-110-del-30.01.2025-BUDGET-PSICHIATRICHE.pdf;Da verificare;;;;;20;Documentata/descritta per pazienti provenienti da altre ASL del Lazio;Non documentato specificamente;;Privata / ente non ASL;Gestore identificato nel dossier V5;https://www.collecesarano.com/ | https://www.collecesarano.com/stpit/ | https://www.collecesarano.com/srtr-intensiva/ | https://www.aslroma5.it/wp-content/uploads/2026/07/Delibera-n.-110-del-30.01.2025-BUDGET-PSICHIATRICHE.pdf | https://www.aslroma5.it/wp-content/uploads/2026/07/Delibera-n.-404-del-10.03.2025-BUDGET-PSICHIATRICHE-INTEGRAZIONE.pdf | https://www.collecesarano.com/contatti/;Ereditato V5;;Sì;Convenzionate;Convenzionata documentata;Conservato;Nessuna nuova verifica amministrativa/clinica introdotta dalla V7 strutturale.;Convenzionate;Coerente o compatibile;;Non riesaminato in V7.1;Nessuna modifica sostanziale;;Convenzionata documentata;Convenzionate;2026-09-20;"Classificazione V7.1 conservata; nessuna regressione introdotta nella V7.2.";Nessuna modifica sostanziale.;;Convenzionata documentata;Convenzionate;2026-09-20;Classificazione V7.2 conservata salvo nuove evidenze specifiche.;Nessuna modifica sostanziale.;;Convenzionata documentata;Convenzionate
COL;Colle Cesarano;GERESS s.r.l. / Kormed;Privata / ente non ASL;Tivoli;RM;Roma 5;Via Maremmana Inferiore, 102 — Villa Adriana;07745001430 (accettazione) / 077450011 (centralino);accettazionesanitaria@collecesarano.com;Convenzione dichiarata dal gestore + budget ASL nominativo;"Budget 2025; pagine gestore consultate20/09/2026";Gestore + atto di budget;Non documentato;;COL-WEB | COL-ST | COL-INT | R5-BUD | R5-INT | COL-CONTACT;Valutazione e trattamento psichiatrico | Stabilizzazione clinica | Percorsi riabilitativi graduati;"Contatto accettazione e servizio inviante; idoneità al setting e autorizzazione da concordare.";;;"RSA esclusa. Accettazione: lun–ven 08:30–16:00; non è l’orario di funzionamento della residenza.";Non documentata;2026-09-20;Non effettuata;Non rilevati: capacità autorizzata/accreditata non è disponibilità;https://www.google.com/maps/search/?api=1&query=Via%20Maremmana%20Inferiore%2C%20102%20%E2%80%94%20Villa%20Adriana%2C%20Tivoli%2C%20Italia;COL-WEB | COL-ST | R5-BUD;Non certificata: vedere annualità e fonte;MOD-025;SRSR H12 B3;Psichiatria;Residenziale;20;Posti finanziabili nell’allegatoASL2025;Convenzionata documentata;;https://www.collecesarano.com/ | https://www.collecesarano.com/stpit/ | https://www.collecesarano.com/srtr-intensiva/ | https://www.aslroma5.it/wp-content/uploads/2026/07/Delibera-n.-110-del-30.01.2025-BUDGET-PSICHIATRICHE.pdf | https://www.aslroma5.it/wp-content/uploads/2026/07/Delibera-n.-404-del-10.03.2025-BUDGET-PSICHIATRICHE-INTEGRAZIONE.pdf | https://www.collecesarano.com/contatti/;;Convenzionate;https://www.collecesarano.com/ | https://www.collecesarano.com/stpit/ | https://www.aslroma5.it/wp-content/uploads/2026/07/Delibera-n.-110-del-30.01.2025-BUDGET-PSICHIATRICHE.pdf;"Da concordare con servizio inviante e accettazione; non acquisiti sistematicamente";"Individualizzata; durata specifica non consolidata";"Idoneità clinica e amministrativa da valutare; non dedotta dal solo accreditamento";Profilo del gestore / modulo: vedi fonti. Non certifica disponibilità giornaliera.;"Indirizzo pubblicato; ingresso e coordinate non verificati";Posti finanziabili nell’allegatoASL2025;Da distinguere;;Da distinguere;;Documentato in V5;"Budget 2025; pagine gestore consultate20/09/2026";https://www.collecesarano.com/ | https://www.collecesarano.com/stpit/ | https://www.aslroma5.it/wp-content/uploads/2026/07/Delibera-n.-110-del-30.01.2025-BUDGET-PSICHIATRICHE.pdf;Da verificare;;;;;20;Documentata/descritta per pazienti provenienti da altre ASL del Lazio;Non documentato specificamente;;Privata / ente non ASL;Gestore identificato nel dossier V5;https://www.collecesarano.com/ | https://www.collecesarano.com/stpit/ | https://www.collecesarano.com/srtr-intensiva/ | https://www.aslroma5.it/wp-content/uploads/2026/07/Delibera-n.-110-del-30.01.2025-BUDGET-PSICHIATRICHE.pdf | https://www.aslroma5.it/wp-content/uploads/2026/07/Delibera-n.-404-del-10.03.2025-BUDGET-PSICHIATRICHE-INTEGRAZIONE.pdf | https://www.collecesarano.com/contatti/;Ereditato V5;;Sì;Convenzionate;Convenzionata documentata;Conservato;Nessuna nuova verifica amministrativa/clinica introdotta dalla V7 strutturale.;Convenzionate;Coerente o compatibile;;Non riesaminato in V7.1;Nessuna modifica sostanziale;;Convenzionata documentata;Convenzionate;2026-09-20;"Classificazione V7.1 conservata; nessuna regressione introdotta nella V7.2.";Nessuna modifica sostanziale.;;Convenzionata documentata;Convenzionate;2026-09-20;Classificazione V7.2 conservata salvo nuove evidenze specifiche.;Nessuna modifica sostanziale.;;Convenzionata documentata;Convenzionate
COL;Colle Cesarano;GERESS s.r.l. / Kormed;Privata / ente non ASL;Tivoli;RM;Roma 5;Via Maremmana Inferiore, 102 — Villa Adriana;07745001430 (accettazione) / 077450011 (centralino);accettazionesanitaria@collecesarano.com;Convenzione dichiarata dal gestore + budget ASL nominativo;"Budget 2025; pagine gestore consultate20/09/2026";Gestore + atto di budget;Non documentato;;COL-WEB | COL-ST | COL-INT | R5-BUD | R5-INT | COL-CONTACT;Valutazione e trattamento psichiatrico | Stabilizzazione clinica | Percorsi riabilitativi graduati;"Contatto accettazione e servizio inviante; idoneità al setting e autorizzazione da concordare.";;;"RSA esclusa. Accettazione: lun–ven 08:30–16:00; non è l’orario di funzionamento della residenza.";Non documentata;2026-09-20;Non effettuata;Non rilevati: capacità autorizzata/accreditata non è disponibilità;https://www.google.com/maps/search/?api=1&query=Via%20Maremmana%20Inferiore%2C%20102%20%E2%80%94%20Villa%20Adriana%2C%20Tivoli%2C%20Italia;COL-WEB | COL-ST | R5-BUD;Non certificata: vedere annualità e fonte;MOD-026;SRSR H24 A1;Psichiatria;Residenziale;20;Posti finanziabili nell’allegatoASL2025;Convenzionata documentata;;https://www.collecesarano.com/ | https://www.collecesarano.com/stpit/ | https://www.collecesarano.com/srtr-intensiva/ | https://www.aslroma5.it/wp-content/uploads/2026/07/Delibera-n.-110-del-30.01.2025-BUDGET-PSICHIATRICHE.pdf | https://www.aslroma5.it/wp-content/uploads/2026/07/Delibera-n.-404-del-10.03.2025-BUDGET-PSICHIATRICHE-INTEGRAZIONE.pdf | https://www.collecesarano.com/contatti/;;Convenzionate;https://www.collecesarano.com/ | https://www.collecesarano.com/stpit/ | https://www.aslroma5.it/wp-content/uploads/2026/07/Delibera-n.-110-del-30.01.2025-BUDGET-PSICHIATRICHE.pdf;"Da concordare con servizio inviante e accettazione; non acquisiti sistematicamente";"Individualizzata; durata specifica non consolidata";"Idoneità clinica e amministrativa da valutare; non dedotta dal solo accreditamento";Profilo del gestore / modulo: vedi fonti. Non certifica disponibilità giornaliera.;"Indirizzo pubblicato; ingresso e coordinate non verificati";Posti finanziabili nell’allegatoASL2025;Da distinguere;;Da distinguere;;Documentato in V5;"Budget 2025; pagine gestore consultate20/09/2026";https://www.collecesarano.com/ | https://www.collecesarano.com/stpit/ | https://www.aslroma5.it/wp-content/uploads/2026/07/Delibera-n.-110-del-30.01.2025-BUDGET-PSICHIATRICHE.pdf;Da verificare;;;;;20;Documentata/descritta per pazienti provenienti da altre ASL del Lazio;Non documentato specificamente;;Privata / ente non ASL;Gestore identificato nel dossier V5;https://www.collecesarano.com/ | https://www.collecesarano.com/stpit/ | https://www.collecesarano.com/srtr-intensiva/ | https://www.aslroma5.it/wp-content/uploads/2026/07/Delibera-n.-110-del-30.01.2025-BUDGET-PSICHIATRICHE.pdf | https://www.aslroma5.it/wp-content/uploads/2026/07/Delibera-n.-404-del-10.03.2025-BUDGET-PSICHIATRICHE-INTEGRAZIONE.pdf | https://www.collecesarano.com/contatti/;Ereditato V5;;Sì;Convenzionate;Convenzionata documentata;Conservato;Nessuna nuova verifica amministrativa/clinica introdotta dalla V7 strutturale.;Convenzionate;Coerente o compatibile;;Non riesaminato in V7.1;Nessuna modifica sostanziale;;Convenzionata documentata;Convenzionate;2026-09-20;"Classificazione V7.1 conservata; nessuna regressione introdotta nella V7.2.";Nessuna modifica sostanziale.;;Convenzionata documentata;Convenzionate;2026-09-20;Classificazione V7.2 conservata salvo nuove evidenze specifiche.;Nessuna modifica sostanziale.;;Convenzionata documentata;Convenzionate
COL;Colle Cesarano;GERESS s.r.l. / Kormed;Privata / ente non ASL;Tivoli;RM;Roma 5;Via Maremmana Inferiore, 102 — Villa Adriana;07745001430 (accettazione) / 077450011 (centralino);accettazionesanitaria@collecesarano.com;Convenzione dichiarata dal gestore + budget ASL nominativo;"Budget 2025; pagine gestore consultate20/09/2026";Gestore + atto di budget;Non documentato;;COL-WEB | COL-ST | COL-INT | R5-BUD | R5-INT | COL-CONTACT;Valutazione e trattamento psichiatrico | Stabilizzazione clinica | Percorsi riabilitativi graduati;"Contatto accettazione e servizio inviante; idoneità al setting e autorizzazione da concordare.";;;"RSA esclusa. Accettazione: lun–ven 08:30–16:00; non è l’orario di funzionamento della residenza.";Non documentata;2026-09-20;Non effettuata;Non rilevati: capacità autorizzata/accreditata non è disponibilità;https://www.google.com/maps/search/?api=1&query=Via%20Maremmana%20Inferiore%2C%20102%20%E2%80%94%20Villa%20Adriana%2C%20Tivoli%2C%20Italia;COL-WEB | COL-ST | R5-BUD;Non certificata: vedere annualità e fonte;MOD-027;SRSR H24 A2;Psichiatria;Residenziale;20;Posti finanziabili nell’allegatoASL2025;Convenzionata documentata;;https://www.collecesarano.com/ | https://www.collecesarano.com/stpit/ | https://www.collecesarano.com/srtr-intensiva/ | https://www.aslroma5.it/wp-content/uploads/2026/07/Delibera-n.-110-del-30.01.2025-BUDGET-PSICHIATRICHE.pdf | https://www.aslroma5.it/wp-content/uploads/2026/07/Delibera-n.-404-del-10.03.2025-BUDGET-PSICHIATRICHE-INTEGRAZIONE.pdf | https://www.collecesarano.com/contatti/;;Convenzionate;https://www.collecesarano.com/ | https://www.collecesarano.com/stpit/ | https://www.aslroma5.it/wp-content/uploads/2026/07/Delibera-n.-110-del-30.01.2025-BUDGET-PSICHIATRICHE.pdf;"Da concordare con servizio inviante e accettazione; non acquisiti sistematicamente";"Individualizzata; durata specifica non consolidata";"Idoneità clinica e amministrativa da valutare; non dedotta dal solo accreditamento";Profilo del gestore / modulo: vedi fonti. Non certifica disponibilità giornaliera.;"Indirizzo pubblicato; ingresso e coordinate non verificati";Posti finanziabili nell’allegatoASL2025;Da distinguere;;Da distinguere;;Documentato in V5;"Budget 2025; pagine gestore consultate20/09/2026";https://www.collecesarano.com/ | https://www.collecesarano.com/stpit/ | https://www.aslroma5.it/wp-content/uploads/2026/07/Delibera-n.-110-del-30.01.2025-BUDGET-PSICHIATRICHE.pdf;Da verificare;;;;;20;Documentata/descritta per pazienti provenienti da altre ASL del Lazio;Non documentato specificamente;;Privata / ente non ASL;Gestore identificato nel dossier V5;https://www.collecesarano.com/ | https://www.collecesarano.com/stpit/ | https://www.collecesarano.com/srtr-intensiva/ | https://www.aslroma5.it/wp-content/uploads/2026/07/Delibera-n.-110-del-30.01.2025-BUDGET-PSICHIATRICHE.pdf | https://www.aslroma5.it/wp-content/uploads/2026/07/Delibera-n.-404-del-10.03.2025-BUDGET-PSICHIATRICHE-INTEGRAZIONE.pdf | https://www.collecesarano.com/contatti/;Ereditato V5;;Sì;Convenzionate;Convenzionata documentata;Conservato;Nessuna nuova verifica amministrativa/clinica introdotta dalla V7 strutturale.;Convenzionate;Coerente o compatibile;;Non riesaminato in V7.1;Nessuna modifica sostanziale;;Convenzionata documentata;Convenzionate;2026-09-20;"Classificazione V7.1 conservata; nessuna regressione introdotta nella V7.2.";Nessuna modifica sostanziale.;;Convenzionata documentata;Convenzionate;2026-09-20;Classificazione V7.2 conservata salvo nuove evidenze specifiche.;Nessuna modifica sostanziale.;;Convenzionata documentata;Convenzionate
COL;Colle Cesarano;GERESS s.r.l. / Kormed;Privata / ente non ASL;Tivoli;RM;Roma 5;Via Maremmana Inferiore, 102 — Villa Adriana;07745001430 (accettazione) / 077450011 (centralino);accettazionesanitaria@collecesarano.com;Convenzione dichiarata dal gestore + budget ASL nominativo;"Budget 2025; pagine gestore consultate20/09/2026";Gestore + atto di budget;Non documentato;;COL-WEB | COL-ST | COL-INT | R5-BUD | R5-INT | COL-CONTACT;Valutazione e trattamento psichiatrico | Stabilizzazione clinica | Percorsi riabilitativi graduati;"Contatto accettazione e servizio inviante; idoneità al setting e autorizzazione da concordare.";;;"RSA esclusa. Accettazione: lun–ven 08:30–16:00; non è l’orario di funzionamento della residenza.";Non documentata;2026-09-20;Non effettuata;Non rilevati: capacità autorizzata/accreditata non è disponibilità;https://www.google.com/maps/search/?api=1&query=Via%20Maremmana%20Inferiore%2C%20102%20%E2%80%94%20Villa%20Adriana%2C%20Tivoli%2C%20Italia;COL-WEB | COL-ST | R5-BUD;Non certificata: vedere annualità e fonte;MOD-028;SRSR H24 B4;Psichiatria;Residenziale;20;Posti finanziabili nell’allegatoASL2025;Convenzionata documentata;;https://www.collecesarano.com/ | https://www.collecesarano.com/stpit/ | https://www.collecesarano.com/srtr-intensiva/ | https://www.aslroma5.it/wp-content/uploads/2026/07/Delibera-n.-110-del-30.01.2025-BUDGET-PSICHIATRICHE.pdf | https://www.aslroma5.it/wp-content/uploads/2026/07/Delibera-n.-404-del-10.03.2025-BUDGET-PSICHIATRICHE-INTEGRAZIONE.pdf | https://www.collecesarano.com/contatti/;;Convenzionate;https://www.collecesarano.com/ | https://www.collecesarano.com/stpit/ | https://www.aslroma5.it/wp-content/uploads/2026/07/Delibera-n.-110-del-30.01.2025-BUDGET-PSICHIATRICHE.pdf;"Da concordare con servizio inviante e accettazione; non acquisiti sistematicamente";"Individualizzata; durata specifica non consolidata";"Idoneità clinica e amministrativa da valutare; non dedotta dal solo accreditamento";Profilo del gestore / modulo: vedi fonti. Non certifica disponibilità giornaliera.;"Indirizzo pubblicato; ingresso e coordinate non verificati";Posti finanziabili nell’allegatoASL2025;Da distinguere;;Da distinguere;;Documentato in V5;"Budget 2025; pagine gestore consultate20/09/2026";https://www.collecesarano.com/ | https://www.collecesarano.com/stpit/ | https://www.aslroma5.it/wp-content/uploads/2026/07/Delibera-n.-110-del-30.01.2025-BUDGET-PSICHIATRICHE.pdf;Da verificare;;;;;20;Documentata/descritta per pazienti provenienti da altre ASL del Lazio;Non documentato specificamente;;Privata / ente non ASL;Gestore identificato nel dossier V5;https://www.collecesarano.com/ | https://www.collecesarano.com/stpit/ | https://www.collecesarano.com/srtr-intensiva/ | https://www.aslroma5.it/wp-content/uploads/2026/07/Delibera-n.-110-del-30.01.2025-BUDGET-PSICHIATRICHE.pdf | https://www.aslroma5.it/wp-content/uploads/2026/07/Delibera-n.-404-del-10.03.2025-BUDGET-PSICHIATRICHE-INTEGRAZIONE.pdf | https://www.collecesarano.com/contatti/;Ereditato V5;;Sì;Convenzionate;Convenzionata documentata;Conservato;Nessuna nuova verifica amministrativa/clinica introdotta dalla V7 strutturale.;Convenzionate;Coerente o compatibile;;Non riesaminato in V7.1;Nessuna modifica sostanziale;;Convenzionata documentata;Convenzionate;2026-09-20;"Classificazione V7.1 conservata; nessuna regressione introdotta nella V7.2.";Nessuna modifica sostanziale.;;Convenzionata documentata;Convenzionate;2026-09-20;Classificazione V7.2 conservata salvo nuove evidenze specifiche.;Nessuna modifica sostanziale.;;Convenzionata documentata;Convenzionate
ABA;Abaton / Progetto Insieme Castelforte;Progetto Insieme s.r.l.;Privata / ente non ASL;Castelforte;LT;Latina;Via A. De Gasperi, 36;0771736897 / 3930673183;info@comunitainsieme.com;Prestazioni 2026 remunerate da ASL 1 Abruzzo;"Erogazioni gen–apr 2026; atto27/07/2026";Atto ufficiale di pagamento;Documentato: presa in carico extra Lazio;"Pagamento ASL 1 Abruzzo e Carta che contempla residenti fuori Lazio. Nuovo ingresso subordinato a DSM/UVM inviante, idoneità e copertura economica; non trasferibile automaticamente a ogni ASL.";ABA-PAY | ABA-CDS | INS-CAP | INS-SITI;Valutazione psichiatrica e psicologica | Terapia farmacologica | Psicoterapia e gruppi | Riabilitazione psicosociale | Rapporti con familiari e CSM;DSM/UVM, relazione clinico-anamnestica, certificazione idoneità, lista di attesa e progetto terapeutico.;;Psichiatra, psicologi, infermieri, educatori, assistente sociale e OSS.;"Carta11/05/2026 indica civico36; vecchia pagina elenco indica2. Conservata discordanza da confermare all’accettazione.";Non documentata;2026-09-20;Non effettuata;Non rilevati: capacità autorizzata/accreditata non è disponibilità;https://www.google.com/maps/search/?api=1&query=Via%20A.%20De%20Gasperi%2C%2036%2C%20Castelforte%2C%20Italia;ABA-PAY;"Prestazioni 2026 documentate da liquidazione pubblica; non garanzia per tutti gli invii";MOD-038;SRTRe;Psichiatria;Residenziale;14;"Dotazione documento accreditamento 2024; confermare attuale";Convenzionata documentata;;https://trasparenza.asl1abruzzo.it/page/103/details/247006/prestazioni-di-assistenza-psichiatrica-rete-privata-accreditata-sita-fuori-regione-liquidazione-fatture-gennaio-aprile-2026-presidio-sanitario-srtr-abaton-progetto-insieme-soc-progetto-insieme-srl-castelforte-lt.html | https://www.comunitainsieme.com/download/amministrazione_trasparente_progetto_insieme_srl/carta_dei_servizi.pdf | https://www.comunitainsieme.com/download/amministrazione_trasparente/prestazioni-in-ambito-di-accreditamento.pdf | https://www.comunitainsieme.com/strutture/;;Convenzionate;https://trasparenza.asl1abruzzo.it/page/103/details/247006/prestazioni-di-assistenza-psichiatrica-rete-privata-accreditata-sita-fuori-regione-liquidazione-fatture-gennaio-aprile-2026-presidio-sanitario-srtr-abaton-progetto-insieme-soc-progetto-insieme-srl-castelforte-lt.html;"Da concordare con servizio inviante e accettazione; non acquisiti sistematicamente";"Individualizzata; durata specifica non consolidata";"Idoneità clinica e amministrativa da valutare; non dedotta dal solo accreditamento";Profilo del gestore / modulo: vedi fonti. Non certifica disponibilità giornaliera.;"Indirizzo pubblicato; ingresso e coordinate non verificati";"Dotazione documento accreditamento 2024; confermare attuale";Da distinguere;;Documentato/indicato nel dossier V5;;Documentato in V5;"Erogazioni gen–apr 2026; atto27/07/2026";https://trasparenza.asl1abruzzo.it/page/103/details/247006/prestazioni-di-assistenza-psichiatrica-rete-privata-accreditata-sita-fuori-regione-liquidazione-fatture-gennaio-aprile-2026-presidio-sanitario-srtr-abaton-progetto-insieme-soc-progetto-insieme-srl-castelforte-lt.html;Da verificare;;;14;;14;Da verificare;Documentato effettivo;"Prestazioni extraregionali 2026 documentate per pazienti inviati da altra Regione; nuovi inserimenti restano subordinati all'autorizzazione dell'ente inviante.";Privata / ente non ASL;Gestore identificato nel dossier V5;https://trasparenza.asl1abruzzo.it/page/103/details/247006/prestazioni-di-assistenza-psichiatrica-rete-privata-accreditata-sita-fuori-regione-liquidazione-fatture-gennaio-aprile-2026-presidio-sanitario-srtr-abaton-progetto-insieme-soc-progetto-insieme-srl-castelforte-lt.html | https://www.comunitainsieme.com/download/amministrazione_trasparente_progetto_insieme_srl/carta_dei_servizi.pdf | https://www.comunitainsieme.com/download/amministrazione_trasparente/prestazioni-in-ambito-di-accreditamento.pdf | https://www.comunitainsieme.com/strutture/;Ereditato V5;;Sì;Convenzionate;Convenzionata documentata;Conservato;Nessuna nuova verifica amministrativa/clinica introdotta dalla V7 strutturale.;Convenzionate;Coerente o compatibile;;Non riesaminato in V7.1;Nessuna modifica sostanziale;;Convenzionata documentata;Convenzionate;2026-09-20;"Classificazione V7.1 conservata; nessuna regressione introdotta nella V7.2.";Nessuna modifica sostanziale.;;Convenzionata documentata;Convenzionate;2026-09-20;Classificazione V7.2 conservata salvo nuove evidenze specifiche.;Nessuna modifica sostanziale.;;Convenzionata documentata;Convenzionate
INS-SOLE;Insieme1 Sole;Insieme di A.Anelli & C. s.a.s.;Privata / ente non ASL;Formia;LT;Latina;Via Penitro a Monte snc;0771736897;info@comunitainsieme.com;"Accreditamento e percorso UVM documentati; contratto di modulo non acquisito";Carta04/08/2026;Da completare;Previsto nella Carta del gestore;"La Carta contempla residenza fuori Lazio; impegno economico e autorizzazione del nuovo invio non comprovati.";INS-CDS | INS-CAP;Assistenza psichiatrica | Riabilitazione delle autonomie | Supporto psicologico e familiare;"DSM/UVM e lista d’attesa dopo idoneità; nessun ingresso SSN garantito dal solo contatto.";;;Non trasferita a questi gestori/moduli la prova di pagamento relativa a ProgettoInsieme/Abaton, società distinta.;Non documentata;2026-09-20;Non effettuata;Non rilevati: capacità autorizzata/accreditata non è disponibilità;https://www.google.com/maps/search/?api=1&query=Via%20Penitro%20a%20Monte%20snc%2C%20Formia%2C%20Italia;;"Contratto 2025-2026 pubblicato; budget annuale distinto dal termine contrattuale";MOD-039;SRTRe;Psichiatria;Residenziale;20;Dotazione Carta 2026 e tabella 2024;Convenzionata documentata;;https://www.comunitainsieme.com/download/amministrazione_trasparente/carta_dei_servizi_26.pdf | https://www.comunitainsieme.com/download/amministrazione_trasparente/prestazioni-in-ambito-di-accreditamento.pdf;;Da completare / escluse;;"Da concordare con servizio inviante e accettazione; non acquisiti sistematicamente";"Individualizzata; durata specifica non consolidata";"Idoneità clinica e amministrativa da valutare; non dedotta dal solo accreditamento";Profilo del gestore / modulo: vedi fonti. Non certifica disponibilità giornaliera.;"Indirizzo pubblicato; ingresso e coordinate non verificati";Dotazione Carta 2026 e tabella 2024;Da distinguere;;Documentato/indicato nel dossier V5;;Accordo/Contratto 2025-2026 pubblicato dalla ASL Latina;2025-2026;https://www.ausl.latina.it/strutture-sanitarie-private-accreditate/7232-accordi-con-strutture-private-accreditate;Confermato: INSIEME 1 Struttura A+B (Sole e Luna), 40 p.l. complessivi, budget psichiatria 2026;https://www.ausl.latina.it/AlboOnLine/miu3.do?fllbck=.sv1md&hold=11630&kcond4.att2md=15687&link=ln18&miu3.icp3=36726&sp=page4;;20;;20;Da verificare;"Previsto/possibile; autorizzazione economica da provare";"Carta gestore contempla residenza fuori Lazio; serve autorizzazione/impegno di spesa della ASL/Regione inviante.";Privata / ente non ASL;Gestore identificato nel dossier V5;https://www.comunitainsieme.com/download/amministrazione_trasparente/carta_dei_servizi_26.pdf | https://www.comunitainsieme.com/download/amministrazione_trasparente/prestazioni-in-ambito-di-accreditamento.pdf;Promossa al catalogo convenzionato V6;Il contratto 2025-2026 è distinto dal budget annuale. Alcuni provvedimenti 2026 aggregano più moduli.;Sì;Da completare / escluse;Accreditata: convenzione da comprovare;Promosso al catalogo convenzionato V6;Nessuna nuova verifica amministrativa/clinica introdotta dalla V7 strutturale.;Convenzionate;Da correggere / campo ereditato;;Non riesaminato in V7.1;Nessuna modifica sostanziale;;Convenzionata documentata;Convenzionate;2026-09-20;"Classificazione V7.1 conservata; nessuna regressione introdotta nella V7.2.";Nessuna modifica sostanziale.;;Convenzionata documentata;Convenzionate;2026-09-20;Classificazione V7.2 conservata salvo nuove evidenze specifiche.;Nessuna modifica sostanziale.;;Convenzionata documentata;Convenzionate
INS-LUNA;Insieme1 Luna;Insieme di A.Anelli & C. s.a.s.;Privata / ente non ASL;Formia;LT;Latina;Via Penitro a Monte snc;0771736897;info@comunitainsieme.com;"Accreditamento e percorso UVM documentati; contratto di modulo non acquisito";Carta04/08/2026;Da completare;Previsto nella Carta del gestore;"La Carta contempla residenza fuori Lazio; impegno economico e autorizzazione del nuovo invio non comprovati.";INS-CDS | INS-CAP;Assistenza psichiatrica | Riabilitazione delle autonomie | Supporto psicologico e familiare;"DSM/UVM e lista d’attesa dopo idoneità; nessun ingresso SSN garantito dal solo contatto.";;;Non trasferita a questi gestori/moduli la prova di pagamento relativa a ProgettoInsieme/Abaton, società distinta.;Non documentata;2026-09-20;Non effettuata;Non rilevati: capacità autorizzata/accreditata non è disponibilità;https://www.google.com/maps/search/?api=1&query=Via%20Penitro%20a%20Monte%20snc%2C%20Formia%2C%20Italia;;"Contratto 2025-2026 pubblicato; budget annuale distinto dal termine contrattuale";MOD-040;SRTRe;Psichiatria;Residenziale;20;Dotazione Carta 2026 e tabella 2024;Convenzionata documentata;;https://www.comunitainsieme.com/download/amministrazione_trasparente/carta_dei_servizi_26.pdf | https://www.comunitainsieme.com/download/amministrazione_trasparente/prestazioni-in-ambito-di-accreditamento.pdf;;Da completare / escluse;;"Da concordare con servizio inviante e accettazione; non acquisiti sistematicamente";"Individualizzata; durata specifica non consolidata";"Idoneità clinica e amministrativa da valutare; non dedotta dal solo accreditamento";Profilo del gestore / modulo: vedi fonti. Non certifica disponibilità giornaliera.;"Indirizzo pubblicato; ingresso e coordinate non verificati";Dotazione Carta 2026 e tabella 2024;Da distinguere;;Documentato/indicato nel dossier V5;;Accordo/Contratto 2025-2026 pubblicato dalla ASL Latina;2025-2026;https://www.ausl.latina.it/strutture-sanitarie-private-accreditate/7232-accordi-con-strutture-private-accreditate;Confermato: INSIEME 1 Struttura A+B (Sole e Luna), 40 p.l. complessivi, budget psichiatria 2026;https://www.ausl.latina.it/AlboOnLine/miu3.do?fllbck=.sv1md&hold=11630&kcond4.att2md=15687&link=ln18&miu3.icp3=36726&sp=page4;;20;;20;Da verificare;"Previsto/possibile; autorizzazione economica da provare";"Carta gestore contempla residenza fuori Lazio; serve autorizzazione/impegno di spesa della ASL/Regione inviante.";Privata / ente non ASL;Gestore identificato nel dossier V5;https://www.comunitainsieme.com/download/amministrazione_trasparente/carta_dei_servizi_26.pdf | https://www.comunitainsieme.com/download/amministrazione_trasparente/prestazioni-in-ambito-di-accreditamento.pdf;Promossa al catalogo convenzionato V6;Il contratto 2025-2026 è distinto dal budget annuale. Alcuni provvedimenti 2026 aggregano più moduli.;Sì;Da completare / escluse;Accreditata: convenzione da comprovare;Promosso al catalogo convenzionato V6;Nessuna nuova verifica amministrativa/clinica introdotta dalla V7 strutturale.;Convenzionate;Da correggere / campo ereditato;;Non riesaminato in V7.1;Nessuna modifica sostanziale;;Convenzionata documentata;Convenzionate;2026-09-20;"Classificazione V7.1 conservata; nessuna regressione introdotta nella V7.2.";Nessuna modifica sostanziale.;;Convenzionata documentata;Convenzionate;2026-09-20;Classificazione V7.2 conservata salvo nuove evidenze specifiche.;Nessuna modifica sostanziale.;;Convenzionata documentata;Convenzionate
INS-2;Insieme2;Insieme di A.Anelli & C. s.a.s.;Privata / ente non ASL;Santi Cosma e Damiano;LT;Latina;Via Ausente km2.750;0771736897;info@comunitainsieme.com;"Accreditamento e percorso UVM documentati; contratto di modulo non acquisito";Carta04/08/2026;Da completare;Previsto nella Carta del gestore;"La Carta contempla residenza fuori Lazio; impegno economico e autorizzazione del nuovo invio non comprovati.";INS-CDS | INS-CAP;Assistenza psichiatrica | Riabilitazione delle autonomie | Supporto psicologico e familiare;"DSM/UVM e lista d’attesa dopo idoneità; nessun ingresso SSN garantito dal solo contatto.";;;Non trasferita a questi gestori/moduli la prova di pagamento relativa a ProgettoInsieme/Abaton, società distinta.;Non documentata;2026-09-20;Non effettuata;Non rilevati: capacità autorizzata/accreditata non è disponibilità;https://www.google.com/maps/search/?api=1&query=Via%20Ausente%20km2.750%2C%20Santi%20Cosma%20e%20Damiano%2C%20Italia;;"Contratto 2025-2026 pubblicato; budget annuale distinto dal termine contrattuale";MOD-041;SRTRe;Psichiatria;Residenziale;15;Dotazione Carta 2026 e tabella 2024;Convenzionata documentata;;https://www.comunitainsieme.com/download/amministrazione_trasparente/carta_dei_servizi_26.pdf | https://www.comunitainsieme.com/download/amministrazione_trasparente/prestazioni-in-ambito-di-accreditamento.pdf;;Da completare / escluse;;"Da concordare con servizio inviante e accettazione; non acquisiti sistematicamente";"Individualizzata; durata specifica non consolidata";"Idoneità clinica e amministrativa da valutare; non dedotta dal solo accreditamento";Profilo del gestore / modulo: vedi fonti. Non certifica disponibilità giornaliera.;"Indirizzo pubblicato; ingresso e coordinate non verificati";Dotazione Carta 2026 e tabella 2024;Da distinguere;;Documentato/indicato nel dossier V5;;Accordo/Contratto 2025-2026 pubblicato dalla ASL Latina;2025-2026;https://www.ausl.latina.it/strutture-sanitarie-private-accreditate/7232-accordi-con-strutture-private-accreditate;"Contratto vigente nel 2026; budget 2026 da associare al modulo";https://www.ausl.latina.it/AlboOnLine/miu3.do?fllbck=.sv1md&hold=11630&kcond4.att2md=15687&link=ln18&miu3.icp3=36726&sp=page4;;;;15;Da verificare;"Previsto/possibile; autorizzazione economica da provare";"Carta gestore contempla residenza fuori Lazio; serve autorizzazione/impegno di spesa della ASL/Regione inviante.";Privata / ente non ASL;Gestore identificato nel dossier V5;https://www.comunitainsieme.com/download/amministrazione_trasparente/carta_dei_servizi_26.pdf | https://www.comunitainsieme.com/download/amministrazione_trasparente/prestazioni-in-ambito-di-accreditamento.pdf;Promossa al catalogo convenzionato V6;Il contratto 2025-2026 è distinto dal budget annuale. Alcuni provvedimenti 2026 aggregano più moduli.;Sì;Da completare / escluse;Accreditata: convenzione da comprovare;Promosso al catalogo convenzionato V6;Nessuna nuova verifica amministrativa/clinica introdotta dalla V7 strutturale.;Convenzionate;Da correggere / campo ereditato;;Non riesaminato in V7.1;Nessuna modifica sostanziale;;Convenzionata documentata;Convenzionate;2026-09-20;"Classificazione V7.1 conservata; nessuna regressione introdotta nella V7.2.";Nessuna modifica sostanziale.;;Convenzionata documentata;Convenzionate;2026-09-20;Classificazione V7.2 conservata salvo nuove evidenze specifiche.;Nessuna modifica sostanziale.;;Convenzionata documentata;Convenzionate
INS-MONG;Insieme Mongolfiera;Insieme di A.Anelli & C. s.a.s.;Privata / ente non ASL;Santi Cosma e Damiano;LT;Latina;Via Cerri Aprano;0771736897;info@comunitainsieme.com;"Accreditamento e percorso UVM documentati; contratto di modulo non acquisito";Carta04/08/2026;Da completare;Previsto nella Carta del gestore;"La Carta contempla residenza fuori Lazio; impegno economico e autorizzazione del nuovo invio non comprovati.";INS-CDS | INS-CAP;Assistenza psichiatrica | Riabilitazione delle autonomie | Supporto psicologico e familiare;"DSM/UVM e lista d’attesa dopo idoneità; nessun ingresso SSN garantito dal solo contatto.";;;Non trasferita a questi gestori/moduli la prova di pagamento relativa a ProgettoInsieme/Abaton, società distinta.;Non documentata;2026-09-20;Non effettuata;Non rilevati: capacità autorizzata/accreditata non è disponibilità;https://www.google.com/maps/search/?api=1&query=Via%20Cerri%20Aprano%2C%20Santi%20Cosma%20e%20Damiano%2C%20Italia;;"Contratto 2025-2026 pubblicato; budget annuale distinto dal termine contrattuale";MOD-042;SRTRe;Psichiatria;Residenziale;20;Dotazione Carta 2026 e tabella 2024;Convenzionata documentata;;https://www.comunitainsieme.com/download/amministrazione_trasparente/carta_dei_servizi_26.pdf | https://www.comunitainsieme.com/download/amministrazione_trasparente/prestazioni-in-ambito-di-accreditamento.pdf;;Da completare / escluse;;"Da concordare con servizio inviante e accettazione; non acquisiti sistematicamente";"Individualizzata; durata specifica non consolidata";"Idoneità clinica e amministrativa da valutare; non dedotta dal solo accreditamento";Profilo del gestore / modulo: vedi fonti. Non certifica disponibilità giornaliera.;"Indirizzo pubblicato; ingresso e coordinate non verificati";Dotazione Carta 2026 e tabella 2024;Da distinguere;;Documentato/indicato nel dossier V5;;Accordo/Contratto 2025-2026 pubblicato dalla ASL Latina;2025-2026;https://www.ausl.latina.it/strutture-sanitarie-private-accreditate/7232-accordi-con-strutture-private-accreditate;Confermato: INSIEME Struttura A+B (Mongolfiera e Arcobaleno), 40 p.l. complessivi, budget psichiatria 2026;https://www.ausl.latina.it/AlboOnLine/miu3.do?fllbck=.sv1md&hold=11630&kcond4.att2md=15687&link=ln18&miu3.icp3=36726&sp=page4;;20;;20;Da verificare;"Previsto/possibile; autorizzazione economica da provare";"Carta gestore contempla residenza fuori Lazio; serve autorizzazione/impegno di spesa della ASL/Regione inviante.";Privata / ente non ASL;Gestore identificato nel dossier V5;https://www.comunitainsieme.com/download/amministrazione_trasparente/carta_dei_servizi_26.pdf | https://www.comunitainsieme.com/download/amministrazione_trasparente/prestazioni-in-ambito-di-accreditamento.pdf;Promossa al catalogo convenzionato V6;Il contratto 2025-2026 è distinto dal budget annuale. Alcuni provvedimenti 2026 aggregano più moduli.;Sì;Da completare / escluse;Accreditata: convenzione da comprovare;Promosso al catalogo convenzionato V6;Nessuna nuova verifica amministrativa/clinica introdotta dalla V7 strutturale.;Convenzionate;Da correggere / campo ereditato;;Non riesaminato in V7.1;Nessuna modifica sostanziale;;Convenzionata documentata;Convenzionate;2026-09-20;"Classificazione V7.1 conservata; nessuna regressione introdotta nella V7.2.";Nessuna modifica sostanziale.;;Convenzionata documentata;Convenzionate;2026-09-20;Classificazione V7.2 conservata salvo nuove evidenze specifiche.;Nessuna modifica sostanziale.;;Convenzionata documentata;Convenzionate
INS-ARCO;Insieme Arcobaleno;Insieme di A.Anelli & C. s.a.s.;Privata / ente non ASL;Santi Cosma e Damiano;LT;Latina;Via Cerri Aprano;0771736897;info@comunitainsieme.com;"Accreditamento e percorso UVM documentati; contratto di modulo non acquisito";Carta04/08/2026;Da completare;Previsto nella Carta del gestore;"La Carta contempla residenza fuori Lazio; impegno economico e autorizzazione del nuovo invio non comprovati.";INS-CDS | INS-CAP;Assistenza psichiatrica | Riabilitazione delle autonomie | Supporto psicologico e familiare;"DSM/UVM e lista d’attesa dopo idoneità; nessun ingresso SSN garantito dal solo contatto.";;;Non trasferita a questi gestori/moduli la prova di pagamento relativa a ProgettoInsieme/Abaton, società distinta.;Non documentata;2026-09-20;Non effettuata;Non rilevati: capacità autorizzata/accreditata non è disponibilità;https://www.google.com/maps/search/?api=1&query=Via%20Cerri%20Aprano%2C%20Santi%20Cosma%20e%20Damiano%2C%20Italia;;"Contratto 2025-2026 pubblicato; budget annuale distinto dal termine contrattuale";MOD-043;SRTRe;Psichiatria;Residenziale;20;Dotazione Carta 2026 e tabella 2024;Convenzionata documentata;;https://www.comunitainsieme.com/download/amministrazione_trasparente/carta_dei_servizi_26.pdf | https://www.comunitainsieme.com/download/amministrazione_trasparente/prestazioni-in-ambito-di-accreditamento.pdf;;Da completare / escluse;;"Da concordare con servizio inviante e accettazione; non acquisiti sistematicamente";"Individualizzata; durata specifica non consolidata";"Idoneità clinica e amministrativa da valutare; non dedotta dal solo accreditamento";Profilo del gestore / modulo: vedi fonti. Non certifica disponibilità giornaliera.;"Indirizzo pubblicato; ingresso e coordinate non verificati";Dotazione Carta 2026 e tabella 2024;Da distinguere;;Documentato/indicato nel dossier V5;;Accordo/Contratto 2025-2026 pubblicato dalla ASL Latina;2025-2026;https://www.ausl.latina.it/strutture-sanitarie-private-accreditate/7232-accordi-con-strutture-private-accreditate;Confermato: INSIEME Struttura A+B (Mongolfiera e Arcobaleno), 40 p.l. complessivi, budget psichiatria 2026;https://www.ausl.latina.it/AlboOnLine/miu3.do?fllbck=.sv1md&hold=11630&kcond4.att2md=15687&link=ln18&miu3.icp3=36726&sp=page4;;20;;20;Da verificare;"Previsto/possibile; autorizzazione economica da provare";"Carta gestore contempla residenza fuori Lazio; serve autorizzazione/impegno di spesa della ASL/Regione inviante.";Privata / ente non ASL;Gestore identificato nel dossier V5;https://www.comunitainsieme.com/download/amministrazione_trasparente/carta_dei_servizi_26.pdf | https://www.comunitainsieme.com/download/amministrazione_trasparente/prestazioni-in-ambito-di-accreditamento.pdf;Promossa al catalogo convenzionato V6;Il contratto 2025-2026 è distinto dal budget annuale. Alcuni provvedimenti 2026 aggregano più moduli.;Sì;Da completare / escluse;Accreditata: convenzione da comprovare;Promosso al catalogo convenzionato V6;Nessuna nuova verifica amministrativa/clinica introdotta dalla V7 strutturale.;Convenzionate;Da correggere / campo ereditato;;Non riesaminato in V7.1;Nessuna modifica sostanziale;;Convenzionata documentata;Convenzionate;2026-09-20;"Classificazione V7.1 conservata; nessuna regressione introdotta nella V7.2.";Nessuna modifica sostanziale.;;Convenzionata documentata;Convenzionate;2026-09-20;Classificazione V7.2 conservata salvo nuove evidenze specifiche.;Nessuna modifica sostanziale.;;Convenzionata documentata;Convenzionate
INS-SPI;Insieme Spigno;Insieme di A.Anelli & C. s.a.s.;Privata / ente non ASL;Spigno Saturnia;LT;Latina;Via Silvio Pellico,7;0771736897;info@comunitainsieme.com;"Accreditamento e percorso UVM documentati; contratto di modulo non acquisito";Carta04/08/2026;Da completare;Previsto nella Carta del gestore;"La Carta contempla residenza fuori Lazio; impegno economico e autorizzazione del nuovo invio non comprovati.";INS-CDS | INS-CAP;Assistenza psichiatrica | Riabilitazione delle autonomie | Supporto psicologico e familiare;"DSM/UVM e lista d’attesa dopo idoneità; nessun ingresso SSN garantito dal solo contatto.";;;Non trasferita a questi gestori/moduli la prova di pagamento relativa a ProgettoInsieme/Abaton, società distinta.;Non documentata;2026-09-20;Non effettuata;Non rilevati: capacità autorizzata/accreditata non è disponibilità;https://www.google.com/maps/search/?api=1&query=Via%20Silvio%20Pellico%2C7%2C%20Spigno%20Saturnia%2C%20Italia;;"Contratto 2025-2026 pubblicato; budget annuale distinto dal termine contrattuale";MOD-045;SRSR H24;Psichiatria;Residenziale;10;Dotazione Carta 2026 e tabella 2024;Convenzionata documentata;;https://www.comunitainsieme.com/download/amministrazione_trasparente/carta_dei_servizi_26.pdf | https://www.comunitainsieme.com/download/amministrazione_trasparente/prestazioni-in-ambito-di-accreditamento.pdf;;Da completare / escluse;;"Da concordare con servizio inviante e accettazione; non acquisiti sistematicamente";"Individualizzata; durata specifica non consolidata";"Idoneità clinica e amministrativa da valutare; non dedotta dal solo accreditamento";Profilo del gestore / modulo: vedi fonti. Non certifica disponibilità giornaliera.;"Indirizzo pubblicato; ingresso e coordinate non verificati";Dotazione Carta 2026 e tabella 2024;Da distinguere;;Documentato/indicato nel dossier V5;;Accordo/Contratto 2025-2026 pubblicato dalla ASL Latina;2025-2026;https://www.ausl.latina.it/strutture-sanitarie-private-accreditate/7232-accordi-con-strutture-private-accreditate;"Contratto vigente nel 2026; budget 2026 da associare al modulo";https://www.ausl.latina.it/AlboOnLine/miu3.do?fllbck=.sv1md&hold=11630&kcond4.att2md=15687&link=ln18&miu3.icp3=36726&sp=page4;;;;10;Da verificare;"Previsto/possibile; autorizzazione economica da provare";"Carta gestore contempla residenza fuori Lazio; serve autorizzazione/impegno di spesa della ASL/Regione inviante.";Privata / ente non ASL;Gestore identificato nel dossier V5;https://www.comunitainsieme.com/download/amministrazione_trasparente/carta_dei_servizi_26.pdf | https://www.comunitainsieme.com/download/amministrazione_trasparente/prestazioni-in-ambito-di-accreditamento.pdf;Promossa al catalogo convenzionato V6;Il contratto 2025-2026 è distinto dal budget annuale. Alcuni provvedimenti 2026 aggregano più moduli.;Sì;Da completare / escluse;Accreditata: convenzione da comprovare;Promosso al catalogo convenzionato V6;Nessuna nuova verifica amministrativa/clinica introdotta dalla V7 strutturale.;Convenzionate;Da correggere / campo ereditato;;Non riesaminato in V7.1;Nessuna modifica sostanziale;;Convenzionata documentata;Convenzionate;2026-09-20;"Classificazione V7.1 conservata; nessuna regressione introdotta nella V7.2.";Nessuna modifica sostanziale.;;Convenzionata documentata;Convenzionate;2026-09-20;Classificazione V7.2 conservata salvo nuove evidenze specifiche.;Nessuna modifica sostanziale.;;Convenzionata documentata;Convenzionate
INS-PEZ;Alberto Pezzi;Insieme di A.Anelli & C. s.a.s.;Privata / ente non ASL;Santi Cosma e Damiano;LT;Latina;Via Cerri Aprano;0771736897;info@comunitainsieme.com;"Accreditamento e percorso UVM documentati; contratto di modulo non acquisito";Carta04/08/2026;Da completare;Previsto nella Carta del gestore;"La Carta contempla residenza fuori Lazio; impegno economico e autorizzazione del nuovo invio non comprovati.";INS-CDS | INS-CAP;Assistenza psichiatrica | Riabilitazione delle autonomie | Supporto psicologico e familiare;"DSM/UVM e lista d’attesa dopo idoneità; nessun ingresso SSN garantito dal solo contatto.";;;Non trasferita a questi gestori/moduli la prova di pagamento relativa a ProgettoInsieme/Abaton, società distinta.;Non documentata;2026-09-20;Non effettuata;Non rilevati: capacità autorizzata/accreditata non è disponibilità;https://www.google.com/maps/search/?api=1&query=Via%20Cerri%20Aprano%2C%20Santi%20Cosma%20e%20Damiano%2C%20Italia;;"Contratto 2025-2026 pubblicato; budget annuale distinto dal termine contrattuale";MOD-046;SRSR H24;Psichiatria;Residenziale;9;Dotazione Carta 2026 e tabella 2024;Convenzionata documentata;;https://www.comunitainsieme.com/download/amministrazione_trasparente/carta_dei_servizi_26.pdf | https://www.comunitainsieme.com/download/amministrazione_trasparente/prestazioni-in-ambito-di-accreditamento.pdf;;Da completare / escluse;;"Da concordare con servizio inviante e accettazione; non acquisiti sistematicamente";"Individualizzata; durata specifica non consolidata";"Idoneità clinica e amministrativa da valutare; non dedotta dal solo accreditamento";Profilo del gestore / modulo: vedi fonti. Non certifica disponibilità giornaliera.;"Indirizzo pubblicato; ingresso e coordinate non verificati";Dotazione Carta 2026 e tabella 2024;Da distinguere;;Documentato/indicato nel dossier V5;;Accordo/Contratto 2025-2026 pubblicato dalla ASL Latina;2025-2026;https://www.ausl.latina.it/strutture-sanitarie-private-accreditate/7232-accordi-con-strutture-private-accreditate;Confermato: SRSR Alberto Pezzi, 9 p.l., budget psichiatria 2026;https://www.ausl.latina.it/AlboOnLine/miu3.do?fllbck=.sv1md&hold=11630&kcond4.att2md=15687&link=ln18&miu3.icp3=36726&sp=page4;;9;;9;Da verificare;"Previsto/possibile; autorizzazione economica da provare";"Carta gestore contempla residenza fuori Lazio; serve autorizzazione/impegno di spesa della ASL/Regione inviante.";Privata / ente non ASL;Gestore identificato nel dossier V5;https://www.comunitainsieme.com/download/amministrazione_trasparente/carta_dei_servizi_26.pdf | https://www.comunitainsieme.com/download/amministrazione_trasparente/prestazioni-in-ambito-di-accreditamento.pdf;Promossa al catalogo convenzionato V6;Il contratto 2025-2026 è distinto dal budget annuale. Alcuni provvedimenti 2026 aggregano più moduli.;Sì;Da completare / escluse;Accreditata: convenzione da comprovare;Promosso al catalogo convenzionato V6;Nessuna nuova verifica amministrativa/clinica introdotta dalla V7 strutturale.;Convenzionate;Da correggere / campo ereditato;;Non riesaminato in V7.1;Nessuna modifica sostanziale;;Convenzionata documentata;Convenzionate;2026-09-20;"Classificazione V7.1 conservata; nessuna regressione introdotta nella V7.2.";Nessuna modifica sostanziale.;;Convenzionata documentata;Convenzionate;2026-09-20;Classificazione V7.2 conservata salvo nuove evidenze specifiche.;Nessuna modifica sostanziale.;;Convenzionata documentata;Convenzionate
INS-RED;Redzep Sestovic;Insieme di A.Anelli & C. s.a.s.;Privata / ente non ASL;Santi Cosma e Damiano;LT;Latina;Via Cerri Aprano;0771736897;info@comunitainsieme.com;"Accreditamento e percorso UVM documentati; contratto di modulo non acquisito";Carta04/08/2026;Da completare;Previsto nella Carta del gestore;"La Carta contempla residenza fuori Lazio; impegno economico e autorizzazione del nuovo invio non comprovati.";INS-CDS | INS-CAP;Assistenza psichiatrica | Riabilitazione delle autonomie | Supporto psicologico e familiare;"DSM/UVM e lista d’attesa dopo idoneità; nessun ingresso SSN garantito dal solo contatto.";;;Non trasferita a questi gestori/moduli la prova di pagamento relativa a ProgettoInsieme/Abaton, società distinta.;Non documentata;2026-09-20;Non effettuata;Non rilevati: capacità autorizzata/accreditata non è disponibilità;https://www.google.com/maps/search/?api=1&query=Via%20Cerri%20Aprano%2C%20Santi%20Cosma%20e%20Damiano%2C%20Italia;;"Contratto 2025-2026 pubblicato; budget annuale distinto dal termine contrattuale";MOD-047;SRSR H24;Psichiatria;Residenziale;7;Dotazione Carta 2026 e tabella 2024;Convenzionata documentata;;https://www.comunitainsieme.com/download/amministrazione_trasparente/carta_dei_servizi_26.pdf | https://www.comunitainsieme.com/download/amministrazione_trasparente/prestazioni-in-ambito-di-accreditamento.pdf;;Da completare / escluse;;"Da concordare con servizio inviante e accettazione; non acquisiti sistematicamente";"Individualizzata; durata specifica non consolidata";"Idoneità clinica e amministrativa da valutare; non dedotta dal solo accreditamento";Profilo del gestore / modulo: vedi fonti. Non certifica disponibilità giornaliera.;"Indirizzo pubblicato; ingresso e coordinate non verificati";Dotazione Carta 2026 e tabella 2024;Da distinguere;;Documentato/indicato nel dossier V5;;Accordo/Contratto 2025-2026 pubblicato dalla ASL Latina;2025-2026;https://www.ausl.latina.it/strutture-sanitarie-private-accreditate/7232-accordi-con-strutture-private-accreditate;"Contratto vigente nel 2026; budget 2026 da associare al modulo";https://www.ausl.latina.it/AlboOnLine/miu3.do?fllbck=.sv1md&hold=11630&kcond4.att2md=15687&link=ln18&miu3.icp3=36726&sp=page4;;;;7;Da verificare;"Previsto/possibile; autorizzazione economica da provare";"Carta gestore contempla residenza fuori Lazio; serve autorizzazione/impegno di spesa della ASL/Regione inviante.";Privata / ente non ASL;Gestore identificato nel dossier V5;https://www.comunitainsieme.com/download/amministrazione_trasparente/carta_dei_servizi_26.pdf | https://www.comunitainsieme.com/download/amministrazione_trasparente/prestazioni-in-ambito-di-accreditamento.pdf;Promossa al catalogo convenzionato V6;Il contratto 2025-2026 è distinto dal budget annuale. Alcuni provvedimenti 2026 aggregano più moduli.;Sì;Da completare / escluse;Accreditata: convenzione da comprovare;Promosso al catalogo convenzionato V6;Nessuna nuova verifica amministrativa/clinica introdotta dalla V7 strutturale.;Convenzionate;Da correggere / campo ereditato;;Non riesaminato in V7.1;Nessuna modifica sostanziale;;Convenzionata documentata;Convenzionate;2026-09-20;"Classificazione V7.1 conservata; nessuna regressione introdotta nella V7.2.";Nessuna modifica sostanziale.;;Convenzionata documentata;Convenzionate;2026-09-20;Classificazione V7.2 conservata salvo nuove evidenze specifiche.;Nessuna modifica sostanziale.;;Convenzionata documentata;Convenzionate
R5-ELI;Villa Elisa;3D s.r.l.;Privata / ente non ASL;Da consolidare;RM;Roma 5;;;;"Presente nell’allegato budget ASL; contratto firmato non acquisito";2025;Da completare;Non documentato;;R5-BUD | R5-INT;;;;;Non identificata automaticamente come convenzionata attuale. Verificare sede, gestore, contratto e servizi effettivi.;Non documentata;2026-09-20;Non effettuata;Non rilevati: capacità autorizzata/accreditata non è disponibilità;;;Contratto 2025-2026 pubblicato dalla ASL;MOD-061;SRTRe;Psichiatria;Residenziale;17;Posti finanziabili allegato 2025, non posti liberi;Convenzionata documentata;;https://www.aslroma5.it/wp-content/uploads/2026/07/Delibera-n.-110-del-30.01.2025-BUDGET-PSICHIATRICHE.pdf | https://www.aslroma5.it/wp-content/uploads/2026/07/Delibera-n.-404-del-10.03.2025-BUDGET-PSICHIATRICHE-INTEGRAZIONE.pdf;;Da completare / escluse;;"Da concordare con servizio inviante e accettazione; non acquisiti sistematicamente";"Individualizzata; durata specifica non consolidata";"Idoneità clinica e amministrativa da valutare; non dedotta dal solo accreditamento";Catalogo prestazioni non acquisito;Indirizzo operativo da completare;Posti finanziabili allegato 2025, non posti liberi;Da distinguere;;Da distinguere;;Accordo/contratto individuale pubblicato dalla ASL Roma 5;2025-2026;https://www.aslroma5.it/amministrazione-trasparente/strutture-sanitarie-private-accreditate/;"Pagina ASL aggiornata 16/07/2026 pubblica contratto e integrazioni; capienza/budget puntuale nel singolo allegato";https://www.aslroma5.it/amministrazione-trasparente/strutture-sanitarie-private-accreditate/;;;;17;Da verificare;Non documentato;;Privata / ente non ASL;Gestore identificato nel dossier V5;https://www.aslroma5.it/wp-content/uploads/2026/07/Delibera-n.-110-del-30.01.2025-BUDGET-PSICHIATRICHE.pdf | https://www.aslroma5.it/wp-content/uploads/2026/07/Delibera-n.-404-del-10.03.2025-BUDGET-PSICHIATRICHE-INTEGRAZIONE.pdf;Promossa al catalogo convenzionato V6;Contratto individuale pubblicato nella sezione 2025-2026. Posti indicati = capacità/finanziabilità, non disponibilità attuale.;Sì;Da completare / escluse;Budget: contratto da comprovare;Promosso al catalogo convenzionato V6;Nessuna nuova verifica amministrativa/clinica introdotta dalla V7 strutturale.;Convenzionate;Da correggere / campo ereditato;;Non riesaminato in V7.1;Nessuna modifica sostanziale;;Convenzionata documentata;Convenzionate;2026-09-20;"Classificazione V7.1 conservata; nessuna regressione introdotta nella V7.2.";Nessuna modifica sostanziale.;;Convenzionata documentata;Convenzionate;2026-09-20;Classificazione V7.2 conservata salvo nuove evidenze specifiche.;Nessuna modifica sostanziale.;;Convenzionata documentata;Convenzionate
R5-EGO;Villa Letizia — EGO;Associazione Ego ONLUS;Privata / ente non ASL;Da consolidare;RM;Roma 5;;;;"Presente nell’allegato budget ASL; contratto firmato non acquisito";2025;Da completare;Non documentato;;R5-BUD | R5-INT;;;;;Non identificata automaticamente come convenzionata attuale. Verificare sede, gestore, contratto e servizi effettivi.;Non documentata;2026-09-20;Non effettuata;Non rilevati: capacità autorizzata/accreditata non è disponibilità;;;Contratto 2025-2026 pubblicato dalla ASL;MOD-062;SRSR H12;Psichiatria;Residenziale;10;Posti finanziabili allegato 2025, non posti liberi;Convenzionata documentata;;https://www.aslroma5.it/wp-content/uploads/2026/07/Delibera-n.-110-del-30.01.2025-BUDGET-PSICHIATRICHE.pdf | https://www.aslroma5.it/wp-content/uploads/2026/07/Delibera-n.-404-del-10.03.2025-BUDGET-PSICHIATRICHE-INTEGRAZIONE.pdf;;Da completare / escluse;;"Da concordare con servizio inviante e accettazione; non acquisiti sistematicamente";"Individualizzata; durata specifica non consolidata";"Idoneità clinica e amministrativa da valutare; non dedotta dal solo accreditamento";Catalogo prestazioni non acquisito;Indirizzo operativo da completare;Posti finanziabili allegato 2025, non posti liberi;Da distinguere;;Da distinguere;;Accordo/contratto individuale pubblicato dalla ASL Roma 5;2025-2026;https://www.aslroma5.it/amministrazione-trasparente/strutture-sanitarie-private-accreditate/;"Pagina ASL aggiornata 16/07/2026 pubblica contratto e integrazioni; capienza/budget puntuale nel singolo allegato";https://www.aslroma5.it/amministrazione-trasparente/strutture-sanitarie-private-accreditate/;;;;10;Da verificare;Non documentato;;Privata / ente non ASL;Gestore identificato nel dossier V5;https://www.aslroma5.it/wp-content/uploads/2026/07/Delibera-n.-110-del-30.01.2025-BUDGET-PSICHIATRICHE.pdf | https://www.aslroma5.it/wp-content/uploads/2026/07/Delibera-n.-404-del-10.03.2025-BUDGET-PSICHIATRICHE-INTEGRAZIONE.pdf;Promossa al catalogo convenzionato V6;Contratto individuale pubblicato nella sezione 2025-2026. Posti indicati = capacità/finanziabilità, non disponibilità attuale.;Sì;Da completare / escluse;Budget: contratto da comprovare;Promosso al catalogo convenzionato V6;Nessuna nuova verifica amministrativa/clinica introdotta dalla V7 strutturale.;Convenzionate;Da correggere / campo ereditato;;Non riesaminato in V7.1;Nessuna modifica sostanziale;;Convenzionata documentata;Convenzionate;2026-09-20;"Classificazione V7.1 conservata; nessuna regressione introdotta nella V7.2.";Nessuna modifica sostanziale.;;Convenzionata documentata;Convenzionate;2026-09-20;Classificazione V7.2 conservata salvo nuove evidenze specifiche.;Nessuna modifica sostanziale.;;Convenzionata documentata;Convenzionate
R5-OP;Operiamo Insieme;Associazione Insieme ONLUS;Privata / ente non ASL;Da consolidare;RM;Roma 5;;;;"Presente nell’allegato budget ASL; contratto firmato non acquisito";2025;Da completare;Non documentato;;R5-BUD | R5-INT;;;;;Non identificata automaticamente come convenzionata attuale. Verificare sede, gestore, contratto e servizi effettivi.;Non documentata;2026-09-20;Non effettuata;Non rilevati: capacità autorizzata/accreditata non è disponibilità;;;Contratto 2025-2026 pubblicato dalla ASL;MOD-063;SRSR H12;Psichiatria;Residenziale;10;Posti finanziabili allegato 2025, non posti liberi;Convenzionata documentata;;https://www.aslroma5.it/wp-content/uploads/2026/07/Delibera-n.-110-del-30.01.2025-BUDGET-PSICHIATRICHE.pdf | https://www.aslroma5.it/wp-content/uploads/2026/07/Delibera-n.-404-del-10.03.2025-BUDGET-PSICHIATRICHE-INTEGRAZIONE.pdf;;Da completare / escluse;;"Da concordare con servizio inviante e accettazione; non acquisiti sistematicamente";"Individualizzata; durata specifica non consolidata";"Idoneità clinica e amministrativa da valutare; non dedotta dal solo accreditamento";Catalogo prestazioni non acquisito;Indirizzo operativo da completare;Posti finanziabili allegato 2025, non posti liberi;Da distinguere;;Da distinguere;;Accordo/contratto individuale pubblicato dalla ASL Roma 5;2025-2026;https://www.aslroma5.it/amministrazione-trasparente/strutture-sanitarie-private-accreditate/;"Pagina ASL aggiornata 16/07/2026 pubblica contratto e integrazioni; capienza/budget puntuale nel singolo allegato";https://www.aslroma5.it/amministrazione-trasparente/strutture-sanitarie-private-accreditate/;;;;10;Da verificare;Non documentato;;Privata / ente non ASL;Gestore identificato nel dossier V5;https://www.aslroma5.it/wp-content/uploads/2026/07/Delibera-n.-110-del-30.01.2025-BUDGET-PSICHIATRICHE.pdf | https://www.aslroma5.it/wp-content/uploads/2026/07/Delibera-n.-404-del-10.03.2025-BUDGET-PSICHIATRICHE-INTEGRAZIONE.pdf;Promossa al catalogo convenzionato V6;Contratto individuale pubblicato nella sezione 2025-2026. Posti indicati = capacità/finanziabilità, non disponibilità attuale.;Sì;Da completare / escluse;Budget: contratto da comprovare;Promosso al catalogo convenzionato V6;Nessuna nuova verifica amministrativa/clinica introdotta dalla V7 strutturale.;Convenzionate;Da correggere / campo ereditato;;Non riesaminato in V7.1;Nessuna modifica sostanziale;;Convenzionata documentata;Convenzionate;2026-09-20;"Classificazione V7.1 conservata; nessuna regressione introdotta nella V7.2.";Nessuna modifica sostanziale.;;Convenzionata documentata;Convenzionate;2026-09-20;Classificazione V7.2 conservata salvo nuove evidenze specifiche.;Nessuna modifica sostanziale.;;Convenzionata documentata;Convenzionate
R5-ALCOLLE;Al Colle;Associazione Insieme ONLUS;Privata / ente non ASL;Da consolidare;RM;Roma 5;;;;"Presente nell’allegato budget ASL; contratto firmato non acquisito";2025;Da completare;Non documentato;;R5-BUD | R5-INT;;;;;Non identificata automaticamente come convenzionata attuale. Verificare sede, gestore, contratto e servizi effettivi.;Non documentata;2026-09-20;Non effettuata;Non rilevati: capacità autorizzata/accreditata non è disponibilità;;;Contratto 2025-2026 pubblicato dalla ASL;MOD-064;SRSR H12;Psichiatria;Residenziale;5;Posti finanziabili allegato 2025, non posti liberi;Convenzionata documentata;;https://www.aslroma5.it/wp-content/uploads/2026/07/Delibera-n.-110-del-30.01.2025-BUDGET-PSICHIATRICHE.pdf | https://www.aslroma5.it/wp-content/uploads/2026/07/Delibera-n.-404-del-10.03.2025-BUDGET-PSICHIATRICHE-INTEGRAZIONE.pdf;;Da completare / escluse;;"Da concordare con servizio inviante e accettazione; non acquisiti sistematicamente";"Individualizzata; durata specifica non consolidata";"Idoneità clinica e amministrativa da valutare; non dedotta dal solo accreditamento";Catalogo prestazioni non acquisito;Indirizzo operativo da completare;Posti finanziabili allegato 2025, non posti liberi;Da distinguere;;Da distinguere;;Accordo/contratto individuale pubblicato dalla ASL Roma 5;2025-2026;https://www.aslroma5.it/amministrazione-trasparente/strutture-sanitarie-private-accreditate/;"Pagina ASL aggiornata 16/07/2026 pubblica contratto e integrazioni; capienza/budget puntuale nel singolo allegato";https://www.aslroma5.it/amministrazione-trasparente/strutture-sanitarie-private-accreditate/;;;;5;Da verificare;Non documentato;;Privata / ente non ASL;Gestore identificato nel dossier V5;https://www.aslroma5.it/wp-content/uploads/2026/07/Delibera-n.-110-del-30.01.2025-BUDGET-PSICHIATRICHE.pdf | https://www.aslroma5.it/wp-content/uploads/2026/07/Delibera-n.-404-del-10.03.2025-BUDGET-PSICHIATRICHE-INTEGRAZIONE.pdf;Promossa al catalogo convenzionato V6;Contratto individuale pubblicato nella sezione 2025-2026. Posti indicati = capacità/finanziabilità, non disponibilità attuale.;Sì;Da completare / escluse;Budget: contratto da comprovare;Promosso al catalogo convenzionato V6;Nessuna nuova verifica amministrativa/clinica introdotta dalla V7 strutturale.;Convenzionate;Da correggere / campo ereditato;;Non riesaminato in V7.1;Nessuna modifica sostanziale;;Convenzionata documentata;Convenzionate;2026-09-20;"Classificazione V7.1 conservata; nessuna regressione introdotta nella V7.2.";Nessuna modifica sostanziale.;;Convenzionata documentata;Convenzionate;2026-09-20;Classificazione V7.2 conservata salvo nuove evidenze specifiche.;Nessuna modifica sostanziale.;;Convenzionata documentata;Convenzionate
R5-INS;Insieme ONLUS;Associazione Insieme ONLUS;Privata / ente non ASL;Da consolidare;RM;Roma 5;;;;"Presente nell’allegato budget ASL; contratto firmato non acquisito";2025;Da completare;Non documentato;;R5-BUD | R5-INT;;;;;Non identificata automaticamente come convenzionata attuale. Verificare sede, gestore, contratto e servizi effettivi.;Non documentata;2026-09-20;Non effettuata;Non rilevati: capacità autorizzata/accreditata non è disponibilità;;;Contratto 2025-2026 pubblicato dalla ASL;MOD-065;SRSR H12;Psichiatria;Residenziale;10;Posti finanziabili allegato 2025, non posti liberi;Convenzionata documentata;;https://www.aslroma5.it/wp-content/uploads/2026/07/Delibera-n.-110-del-30.01.2025-BUDGET-PSICHIATRICHE.pdf | https://www.aslroma5.it/wp-content/uploads/2026/07/Delibera-n.-404-del-10.03.2025-BUDGET-PSICHIATRICHE-INTEGRAZIONE.pdf;;Da completare / escluse;;"Da concordare con servizio inviante e accettazione; non acquisiti sistematicamente";"Individualizzata; durata specifica non consolidata";"Idoneità clinica e amministrativa da valutare; non dedotta dal solo accreditamento";Catalogo prestazioni non acquisito;Indirizzo operativo da completare;Posti finanziabili allegato 2025, non posti liberi;Da distinguere;;Da distinguere;;Accordo/contratto individuale pubblicato dalla ASL Roma 5;2025-2026;https://www.aslroma5.it/amministrazione-trasparente/strutture-sanitarie-private-accreditate/;"Pagina ASL aggiornata 16/07/2026 pubblica contratto e integrazioni; capienza/budget puntuale nel singolo allegato";https://www.aslroma5.it/amministrazione-trasparente/strutture-sanitarie-private-accreditate/;;;;10;Da verificare;Non documentato;;Privata / ente non ASL;Gestore identificato nel dossier V5;https://www.aslroma5.it/wp-content/uploads/2026/07/Delibera-n.-110-del-30.01.2025-BUDGET-PSICHIATRICHE.pdf | https://www.aslroma5.it/wp-content/uploads/2026/07/Delibera-n.-404-del-10.03.2025-BUDGET-PSICHIATRICHE-INTEGRAZIONE.pdf;Promossa al catalogo convenzionato V6;Contratto individuale pubblicato nella sezione 2025-2026. Posti indicati = capacità/finanziabilità, non disponibilità attuale.;Sì;Da completare / escluse;Budget: contratto da comprovare;Promosso al catalogo convenzionato V6;Nessuna nuova verifica amministrativa/clinica introdotta dalla V7 strutturale.;Convenzionate;Da correggere / campo ereditato;;Non riesaminato in V7.1;Nessuna modifica sostanziale;;Convenzionata documentata;Convenzionate;2026-09-20;"Classificazione V7.1 conservata; nessuna regressione introdotta nella V7.2.";Nessuna modifica sostanziale.;;Convenzionata documentata;Convenzionate;2026-09-20;Classificazione V7.2 conservata salvo nuove evidenze specifiche.;Nessuna modifica sostanziale.;;Convenzionata documentata;Convenzionate
R5-MAD;Villa Maddalena;Gieffe Sanità;Privata / ente non ASL;Da consolidare;RM;Roma 5;;;;"Presente nell’allegato budget ASL; contratto firmato non acquisito";2025;Da completare;Non documentato;;R5-BUD | R5-INT;;;;;Non identificata automaticamente come convenzionata attuale. Verificare sede, gestore, contratto e servizi effettivi.;Non documentata;2026-09-20;Non effettuata;Non rilevati: capacità autorizzata/accreditata non è disponibilità;;;Contratto 2025-2026 pubblicato dalla ASL;MOD-066;SRTRe;Psichiatria;Residenziale;20;Posti finanziabili allegato 2025, non posti liberi;Convenzionata documentata;;https://www.aslroma5.it/wp-content/uploads/2026/07/Delibera-n.-110-del-30.01.2025-BUDGET-PSICHIATRICHE.pdf | https://www.aslroma5.it/wp-content/uploads/2026/07/Delibera-n.-404-del-10.03.2025-BUDGET-PSICHIATRICHE-INTEGRAZIONE.pdf;;Da completare / escluse;;"Da concordare con servizio inviante e accettazione; non acquisiti sistematicamente";"Individualizzata; durata specifica non consolidata";"Idoneità clinica e amministrativa da valutare; non dedotta dal solo accreditamento";Catalogo prestazioni non acquisito;Indirizzo operativo da completare;Posti finanziabili allegato 2025, non posti liberi;Da distinguere;;Da distinguere;;Accordo/contratto individuale pubblicato dalla ASL Roma 5;2025-2026;https://www.aslroma5.it/amministrazione-trasparente/strutture-sanitarie-private-accreditate/;"Pagina ASL aggiornata 16/07/2026 pubblica contratto e integrazioni; capienza/budget puntuale nel singolo allegato";https://www.aslroma5.it/amministrazione-trasparente/strutture-sanitarie-private-accreditate/;;;;20;Da verificare;Non documentato;;Privata / ente non ASL;Gestore identificato nel dossier V5;https://www.aslroma5.it/wp-content/uploads/2026/07/Delibera-n.-110-del-30.01.2025-BUDGET-PSICHIATRICHE.pdf | https://www.aslroma5.it/wp-content/uploads/2026/07/Delibera-n.-404-del-10.03.2025-BUDGET-PSICHIATRICHE-INTEGRAZIONE.pdf;Promossa al catalogo convenzionato V6;Contratto individuale pubblicato nella sezione 2025-2026. Posti indicati = capacità/finanziabilità, non disponibilità attuale.;Sì;Da completare / escluse;Budget: contratto da comprovare;Promosso al catalogo convenzionato V6;Nessuna nuova verifica amministrativa/clinica introdotta dalla V7 strutturale.;Convenzionate;Da correggere / campo ereditato;;Non riesaminato in V7.1;Nessuna modifica sostanziale;;Convenzionata documentata;Convenzionate;2026-09-20;"Classificazione V7.1 conservata; nessuna regressione introdotta nella V7.2.";Nessuna modifica sostanziale.;;Convenzionata documentata;Convenzionate;2026-09-20;Classificazione V7.2 conservata salvo nuove evidenze specifiche.;Nessuna modifica sostanziale.;;Convenzionata documentata;Convenzionate
R5-STA;La Staffa;La Margherita s.r.l.;Privata / ente non ASL;Da consolidare;RM;Roma 5;;;;"Presente nell’allegato budget ASL; contratto firmato non acquisito";2025;Da completare;Non documentato;;R5-BUD | R5-INT;;;;;Non identificata automaticamente come convenzionata attuale. Verificare sede, gestore, contratto e servizi effettivi.;Non documentata;2026-09-20;Non effettuata;Non rilevati: capacità autorizzata/accreditata non è disponibilità;;;Contratto 2025-2026 pubblicato dalla ASL;MOD-067;SRSR H24;Psichiatria;Residenziale;5;Posti finanziabili allegato 2025, non posti liberi;Convenzionata documentata;;https://www.aslroma5.it/wp-content/uploads/2026/07/Delibera-n.-110-del-30.01.2025-BUDGET-PSICHIATRICHE.pdf | https://www.aslroma5.it/wp-content/uploads/2026/07/Delibera-n.-404-del-10.03.2025-BUDGET-PSICHIATRICHE-INTEGRAZIONE.pdf;;Da completare / escluse;;"Da concordare con servizio inviante e accettazione; non acquisiti sistematicamente";"Individualizzata; durata specifica non consolidata";"Idoneità clinica e amministrativa da valutare; non dedotta dal solo accreditamento";Catalogo prestazioni non acquisito;Indirizzo operativo da completare;Posti finanziabili allegato 2025, non posti liberi;Da distinguere;;Da distinguere;;Accordo/contratto individuale pubblicato dalla ASL Roma 5;2025-2026;https://www.aslroma5.it/amministrazione-trasparente/strutture-sanitarie-private-accreditate/;"Pagina ASL aggiornata 16/07/2026 pubblica contratto e integrazioni; capienza/budget puntuale nel singolo allegato";https://www.aslroma5.it/amministrazione-trasparente/strutture-sanitarie-private-accreditate/;;;;5;Da verificare;Non documentato;;Privata / ente non ASL;Gestore identificato nel dossier V5;https://www.aslroma5.it/wp-content/uploads/2026/07/Delibera-n.-110-del-30.01.2025-BUDGET-PSICHIATRICHE.pdf | https://www.aslroma5.it/wp-content/uploads/2026/07/Delibera-n.-404-del-10.03.2025-BUDGET-PSICHIATRICHE-INTEGRAZIONE.pdf;Promossa al catalogo convenzionato V6;Contratto individuale pubblicato nella sezione 2025-2026. Posti indicati = capacità/finanziabilità, non disponibilità attuale.;Sì;Da completare / escluse;Budget: contratto da comprovare;Promosso al catalogo convenzionato V6;Nessuna nuova verifica amministrativa/clinica introdotta dalla V7 strutturale.;Convenzionate;Da correggere / campo ereditato;;Non riesaminato in V7.1;Nessuna modifica sostanziale;;Convenzionata documentata;Convenzionate;2026-09-20;"Classificazione V7.1 conservata; nessuna regressione introdotta nella V7.2.";Nessuna modifica sostanziale.;;Convenzionata documentata;Convenzionate;2026-09-20;Classificazione V7.2 conservata salvo nuove evidenze specifiche.;Nessuna modifica sostanziale.;;Convenzionata documentata;Convenzionate
R5-ROS;Rosaurora;Liberis s.a.s.;Privata / ente non ASL;Da consolidare;RM;Roma 5;;;;"Presente nell’allegato budget ASL; contratto firmato non acquisito";2025;Da completare;Non documentato;;R5-BUD | R5-INT;;;;;Non identificata automaticamente come convenzionata attuale. Verificare sede, gestore, contratto e servizi effettivi.;Non documentata;2026-09-20;Non effettuata;Non rilevati: capacità autorizzata/accreditata non è disponibilità;;;Contratto 2025-2026 pubblicato dalla ASL;MOD-068;SRSR H24;Psichiatria;Residenziale;10;Posti finanziabili allegato 2025, non posti liberi;Convenzionata documentata;;https://www.aslroma5.it/wp-content/uploads/2026/07/Delibera-n.-110-del-30.01.2025-BUDGET-PSICHIATRICHE.pdf | https://www.aslroma5.it/wp-content/uploads/2026/07/Delibera-n.-404-del-10.03.2025-BUDGET-PSICHIATRICHE-INTEGRAZIONE.pdf;;Da completare / escluse;;"Da concordare con servizio inviante e accettazione; non acquisiti sistematicamente";"Individualizzata; durata specifica non consolidata";"Idoneità clinica e amministrativa da valutare; non dedotta dal solo accreditamento";Catalogo prestazioni non acquisito;Indirizzo operativo da completare;Posti finanziabili allegato 2025, non posti liberi;Da distinguere;;Da distinguere;;Accordo/contratto individuale pubblicato dalla ASL Roma 5;2025-2026;https://www.aslroma5.it/amministrazione-trasparente/strutture-sanitarie-private-accreditate/;"Pagina ASL aggiornata 16/07/2026 pubblica contratto e integrazioni; capienza/budget puntuale nel singolo allegato";https://www.aslroma5.it/amministrazione-trasparente/strutture-sanitarie-private-accreditate/;;;;10;Da verificare;Non documentato;;Privata / ente non ASL;Gestore identificato nel dossier V5;https://www.aslroma5.it/wp-content/uploads/2026/07/Delibera-n.-110-del-30.01.2025-BUDGET-PSICHIATRICHE.pdf | https://www.aslroma5.it/wp-content/uploads/2026/07/Delibera-n.-404-del-10.03.2025-BUDGET-PSICHIATRICHE-INTEGRAZIONE.pdf;Promossa al catalogo convenzionato V6;Contratto individuale pubblicato nella sezione 2025-2026. Posti indicati = capacità/finanziabilità, non disponibilità attuale.;Sì;Da completare / escluse;Budget: contratto da comprovare;Promosso al catalogo convenzionato V6;Nessuna nuova verifica amministrativa/clinica introdotta dalla V7 strutturale.;Convenzionate;Da correggere / campo ereditato;;Non riesaminato in V7.1;Nessuna modifica sostanziale;;Convenzionata documentata;Convenzionate;2026-09-20;"Classificazione V7.1 conservata; nessuna regressione introdotta nella V7.2.";Nessuna modifica sostanziale.;;Convenzionata documentata;Convenzionate;2026-09-20;Classificazione V7.2 conservata salvo nuove evidenze specifiche.;Nessuna modifica sostanziale.;;Convenzionata documentata;Convenzionate
R5-FRA;Comunità Francesco;Comunità Francesco s.r.l.;Privata / ente non ASL;Da consolidare;RM;Roma 5;;;;"Presente nell’allegato budget ASL; contratto firmato non acquisito";2025;Da completare;Non documentato;;R5-BUD | R5-INT;;;;;Non identificata automaticamente come convenzionata attuale. Verificare sede, gestore, contratto e servizi effettivi.;Non documentata;2026-09-20;Non effettuata;Non rilevati: capacità autorizzata/accreditata non è disponibilità;;;Contratto 2025-2026 pubblicato dalla ASL;MOD-069;SRSR H24;Psichiatria;Residenziale;10;Posti finanziabili allegato 2025, non posti liberi;Convenzionata documentata;;https://www.aslroma5.it/wp-content/uploads/2026/07/Delibera-n.-110-del-30.01.2025-BUDGET-PSICHIATRICHE.pdf | https://www.aslroma5.it/wp-content/uploads/2026/07/Delibera-n.-404-del-10.03.2025-BUDGET-PSICHIATRICHE-INTEGRAZIONE.pdf;;Da completare / escluse;;"Da concordare con servizio inviante e accettazione; non acquisiti sistematicamente";"Individualizzata; durata specifica non consolidata";"Idoneità clinica e amministrativa da valutare; non dedotta dal solo accreditamento";Catalogo prestazioni non acquisito;Indirizzo operativo da completare;Posti finanziabili allegato 2025, non posti liberi;Da distinguere;;Da distinguere;;Accordo/contratto individuale pubblicato dalla ASL Roma 5;2025-2026;https://www.aslroma5.it/amministrazione-trasparente/strutture-sanitarie-private-accreditate/;"Pagina ASL aggiornata 16/07/2026 pubblica contratto e integrazioni; capienza/budget puntuale nel singolo allegato";https://www.aslroma5.it/amministrazione-trasparente/strutture-sanitarie-private-accreditate/;;;;10;Da verificare;Non documentato;;Privata / ente non ASL;Gestore identificato nel dossier V5;https://www.aslroma5.it/wp-content/uploads/2026/07/Delibera-n.-110-del-30.01.2025-BUDGET-PSICHIATRICHE.pdf | https://www.aslroma5.it/wp-content/uploads/2026/07/Delibera-n.-404-del-10.03.2025-BUDGET-PSICHIATRICHE-INTEGRAZIONE.pdf;Promossa al catalogo convenzionato V6;Contratto individuale pubblicato nella sezione 2025-2026. Posti indicati = capacità/finanziabilità, non disponibilità attuale.;Sì;Da completare / escluse;Budget: contratto da comprovare;Promosso al catalogo convenzionato V6;Nessuna nuova verifica amministrativa/clinica introdotta dalla V7 strutturale.;Convenzionate;Da correggere / campo ereditato;;Non riesaminato in V7.1;Nessuna modifica sostanziale;;Convenzionata documentata;Convenzionate;2026-09-20;"Classificazione V7.1 conservata; nessuna regressione introdotta nella V7.2.";Nessuna modifica sostanziale.;;Convenzionata documentata;Convenzionate;2026-09-20;Classificazione V7.2 conservata salvo nuove evidenze specifiche.;Nessuna modifica sostanziale.;;Convenzionata documentata;Convenzionate
R5-COL;Il Colle;GERESS s.r.l.;Privata / ente non ASL;Da consolidare;RM;Roma 5;;;;"Presente nell’allegato budget ASL; contratto firmato non acquisito";2025;Da completare;Non documentato;;R5-BUD | R5-INT;;;;;Non identificata automaticamente come convenzionata attuale. Verificare sede, gestore, contratto e servizi effettivi.;Non documentata;2026-09-20;Non effettuata;Non rilevati: capacità autorizzata/accreditata non è disponibilità;;;Contratto 2025-2026 pubblicato dalla ASL;MOD-070;SRSR H24;Psichiatria;Residenziale;10;Posti finanziabili allegato 2025, non posti liberi;Convenzionata documentata;;https://www.aslroma5.it/wp-content/uploads/2026/07/Delibera-n.-110-del-30.01.2025-BUDGET-PSICHIATRICHE.pdf | https://www.aslroma5.it/wp-content/uploads/2026/07/Delibera-n.-404-del-10.03.2025-BUDGET-PSICHIATRICHE-INTEGRAZIONE.pdf;;Da completare / escluse;;"Da concordare con servizio inviante e accettazione; non acquisiti sistematicamente";"Individualizzata; durata specifica non consolidata";"Idoneità clinica e amministrativa da valutare; non dedotta dal solo accreditamento";Catalogo prestazioni non acquisito;Indirizzo operativo da completare;Posti finanziabili allegato 2025, non posti liberi;Da distinguere;;Da distinguere;;Accordo/contratto individuale pubblicato dalla ASL Roma 5;2025-2026;https://www.aslroma5.it/amministrazione-trasparente/strutture-sanitarie-private-accreditate/;"Pagina ASL aggiornata 16/07/2026 pubblica contratto e integrazioni; capienza/budget puntuale nel singolo allegato";https://www.aslroma5.it/amministrazione-trasparente/strutture-sanitarie-private-accreditate/;;;;10;Da verificare;Non documentato;;Privata / ente non ASL;Gestore identificato nel dossier V5;https://www.aslroma5.it/wp-content/uploads/2026/07/Delibera-n.-110-del-30.01.2025-BUDGET-PSICHIATRICHE.pdf | https://www.aslroma5.it/wp-content/uploads/2026/07/Delibera-n.-404-del-10.03.2025-BUDGET-PSICHIATRICHE-INTEGRAZIONE.pdf;Promossa al catalogo convenzionato V6;Contratto individuale pubblicato nella sezione 2025-2026. Posti indicati = capacità/finanziabilità, non disponibilità attuale.;Sì;Da completare / escluse;Budget: contratto da comprovare;Promosso al catalogo convenzionato V6;Nessuna nuova verifica amministrativa/clinica introdotta dalla V7 strutturale.;Convenzionate;Da correggere / campo ereditato;;Non riesaminato in V7.1;Nessuna modifica sostanziale;;Convenzionata documentata;Convenzionate;2026-09-20;"Classificazione V7.1 conservata; nessuna regressione introdotta nella V7.2.";Nessuna modifica sostanziale.;;Convenzionata documentata;Convenzionate;2026-09-20;Classificazione V7.2 conservata salvo nuove evidenze specifiche.;Nessuna modifica sostanziale.;;Convenzionata documentata;Convenzionate
IHG-VILLA-ADRIANA;Villa Adriana;Italian Hospital Group S.p.A.;Privata / ente non ASL;Tivoli;RM;Roma 5;;;;"Moduli nominati nell’allegato budget ASL; contratto attuale non acquisito";2025;Da completare;Non documentato;;R5-BUD;;;;;"Comune orientativo dalla denominazione del presidio, non ingresso validato; indirizzo lasciato vuoto. Moduli mantenuti distinti senza duplicare una sede amministrativa.";Non documentata;2026-09-20;Non effettuata;Non rilevati: capacità autorizzata/accreditata non è disponibilità;;;Contratto 2025-2026 pubblicato dalla ASL;MOD-071;SRSR H24 — modulo1;Psichiatria;Residenziale;4;Posti finanziabili 2025;Convenzionata documentata;;https://www.aslroma5.it/wp-content/uploads/2026/07/Delibera-n.-110-del-30.01.2025-BUDGET-PSICHIATRICHE.pdf;;Da completare / escluse;;"Da concordare con servizio inviante e accettazione; non acquisiti sistematicamente";"Individualizzata; durata specifica non consolidata";"Idoneità clinica e amministrativa da valutare; non dedotta dal solo accreditamento";Catalogo prestazioni non acquisito;Indirizzo operativo da completare;Posti finanziabili 2025;Da distinguere;;Da distinguere;;Accordo/contratto individuale pubblicato dalla ASL Roma 5;2025-2026;https://www.aslroma5.it/amministrazione-trasparente/strutture-sanitarie-private-accreditate/;"Pagina ASL aggiornata 16/07/2026 pubblica contratto e integrazioni; capienza/budget puntuale nel singolo allegato";https://www.aslroma5.it/amministrazione-trasparente/strutture-sanitarie-private-accreditate/;;;;4;Da verificare;Non documentato;;Privata / ente non ASL;Gestore identificato nel dossier V5;https://www.aslroma5.it/wp-content/uploads/2026/07/Delibera-n.-110-del-30.01.2025-BUDGET-PSICHIATRICHE.pdf;Promossa al catalogo convenzionato V6;Contratto individuale pubblicato nella sezione 2025-2026. Posti indicati = capacità/finanziabilità, non disponibilità attuale.;Sì;Da completare / escluse;Budget: contratto da comprovare;Promosso al catalogo convenzionato V6;Nessuna nuova verifica amministrativa/clinica introdotta dalla V7 strutturale.;Convenzionate;Da correggere / campo ereditato;;Non riesaminato in V7.1;Nessuna modifica sostanziale;;Convenzionata documentata;Convenzionate;2026-09-20;"Classificazione V7.1 conservata; nessuna regressione introdotta nella V7.2.";Nessuna modifica sostanziale.;;Convenzionata documentata;Convenzionate;2026-09-20;Classificazione V7.2 conservata salvo nuove evidenze specifiche.;Nessuna modifica sostanziale.;;Convenzionata documentata;Convenzionate
IHG-VILLA-ADRIANA;Villa Adriana;Italian Hospital Group S.p.A.;Privata / ente non ASL;Tivoli;RM;Roma 5;;;;"Moduli nominati nell’allegato budget ASL; contratto attuale non acquisito";2025;Da completare;Non documentato;;R5-BUD;;;;;"Comune orientativo dalla denominazione del presidio, non ingresso validato; indirizzo lasciato vuoto. Moduli mantenuti distinti senza duplicare una sede amministrativa.";Non documentata;2026-09-20;Non effettuata;Non rilevati: capacità autorizzata/accreditata non è disponibilità;;;Contratto 2025-2026 pubblicato dalla ASL;MOD-072;SRSR H24 — modulo2;Psichiatria;Residenziale;6;Posti finanziabili 2025;Convenzionata documentata;;https://www.aslroma5.it/wp-content/uploads/2026/07/Delibera-n.-110-del-30.01.2025-BUDGET-PSICHIATRICHE.pdf;;Da completare / escluse;;"Da concordare con servizio inviante e accettazione; non acquisiti sistematicamente";"Individualizzata; durata specifica non consolidata";"Idoneità clinica e amministrativa da valutare; non dedotta dal solo accreditamento";Catalogo prestazioni non acquisito;Indirizzo operativo da completare;Posti finanziabili 2025;Da distinguere;;Da distinguere;;Accordo/contratto individuale pubblicato dalla ASL Roma 5;2025-2026;https://www.aslroma5.it/amministrazione-trasparente/strutture-sanitarie-private-accreditate/;"Pagina ASL aggiornata 16/07/2026 pubblica contratto e integrazioni; capienza/budget puntuale nel singolo allegato";https://www.aslroma5.it/amministrazione-trasparente/strutture-sanitarie-private-accreditate/;;;;6;Da verificare;Non documentato;;Privata / ente non ASL;Gestore identificato nel dossier V5;https://www.aslroma5.it/wp-content/uploads/2026/07/Delibera-n.-110-del-30.01.2025-BUDGET-PSICHIATRICHE.pdf;Promossa al catalogo convenzionato V6;Contratto individuale pubblicato nella sezione 2025-2026. Posti indicati = capacità/finanziabilità, non disponibilità attuale.;Sì;Da completare / escluse;Budget: contratto da comprovare;Promosso al catalogo convenzionato V6;Nessuna nuova verifica amministrativa/clinica introdotta dalla V7 strutturale.;Convenzionate;Da correggere / campo ereditato;;Non riesaminato in V7.1;Nessuna modifica sostanziale;;Convenzionata documentata;Convenzionate;2026-09-20;"Classificazione V7.1 conservata; nessuna regressione introdotta nella V7.2.";Nessuna modifica sostanziale.;;Convenzionata documentata;Convenzionate;2026-09-20;Classificazione V7.2 conservata salvo nuove evidenze specifiche.;Nessuna modifica sostanziale.;;Convenzionata documentata;Convenzionate
IHG-VILLA-ADRIANA;Villa Adriana;Italian Hospital Group S.p.A.;Privata / ente non ASL;Tivoli;RM;Roma 5;;;;"Moduli nominati nell’allegato budget ASL; contratto attuale non acquisito";2025;Da completare;Non documentato;;R5-BUD;;;;;"Comune orientativo dalla denominazione del presidio, non ingresso validato; indirizzo lasciato vuoto. Moduli mantenuti distinti senza duplicare una sede amministrativa.";Non documentata;2026-09-20;Non effettuata;Non rilevati: capacità autorizzata/accreditata non è disponibilità;;;Contratto 2025-2026 pubblicato dalla ASL;MOD-073;SRSR H24 — modulo3;Psichiatria;Residenziale;4;Posti finanziabili 2025;Convenzionata documentata;;https://www.aslroma5.it/wp-content/uploads/2026/07/Delibera-n.-110-del-30.01.2025-BUDGET-PSICHIATRICHE.pdf;;Da completare / escluse;;"Da concordare con servizio inviante e accettazione; non acquisiti sistematicamente";"Individualizzata; durata specifica non consolidata";"Idoneità clinica e amministrativa da valutare; non dedotta dal solo accreditamento";Catalogo prestazioni non acquisito;Indirizzo operativo da completare;Posti finanziabili 2025;Da distinguere;;Da distinguere;;Accordo/contratto individuale pubblicato dalla ASL Roma 5;2025-2026;https://www.aslroma5.it/amministrazione-trasparente/strutture-sanitarie-private-accreditate/;"Pagina ASL aggiornata 16/07/2026 pubblica contratto e integrazioni; capienza/budget puntuale nel singolo allegato";https://www.aslroma5.it/amministrazione-trasparente/strutture-sanitarie-private-accreditate/;;;;4;Da verificare;Non documentato;;Privata / ente non ASL;Gestore identificato nel dossier V5;https://www.aslroma5.it/wp-content/uploads/2026/07/Delibera-n.-110-del-30.01.2025-BUDGET-PSICHIATRICHE.pdf;Promossa al catalogo convenzionato V6;Contratto individuale pubblicato nella sezione 2025-2026. Posti indicati = capacità/finanziabilità, non disponibilità attuale.;Sì;Da completare / escluse;Budget: contratto da comprovare;Promosso al catalogo convenzionato V6;Nessuna nuova verifica amministrativa/clinica introdotta dalla V7 strutturale.;Convenzionate;Da correggere / campo ereditato;;Non riesaminato in V7.1;Nessuna modifica sostanziale;;Convenzionata documentata;Convenzionate;2026-09-20;"Classificazione V7.1 conservata; nessuna regressione introdotta nella V7.2.";Nessuna modifica sostanziale.;;Convenzionata documentata;Convenzionate;2026-09-20;Classificazione V7.2 conservata salvo nuove evidenze specifiche.;Nessuna modifica sostanziale.;;Convenzionata documentata;Convenzionate
IHG-VILLA-ADRIANA;Villa Adriana;Italian Hospital Group S.p.A.;Privata / ente non ASL;Tivoli;RM;Roma 5;;;;"Moduli nominati nell’allegato budget ASL; contratto attuale non acquisito";2025;Da completare;Non documentato;;R5-BUD;;;;;"Comune orientativo dalla denominazione del presidio, non ingresso validato; indirizzo lasciato vuoto. Moduli mantenuti distinti senza duplicare una sede amministrativa.";Non documentata;2026-09-20;Non effettuata;Non rilevati: capacità autorizzata/accreditata non è disponibilità;;;Contratto 2025-2026 pubblicato dalla ASL;MOD-074;SRSR H24 — modulo4;Psichiatria;Residenziale;6;Posti finanziabili 2025;Convenzionata documentata;;https://www.aslroma5.it/wp-content/uploads/2026/07/Delibera-n.-110-del-30.01.2025-BUDGET-PSICHIATRICHE.pdf;;Da completare / escluse;;"Da concordare con servizio inviante e accettazione; non acquisiti sistematicamente";"Individualizzata; durata specifica non consolidata";"Idoneità clinica e amministrativa da valutare; non dedotta dal solo accreditamento";Catalogo prestazioni non acquisito;Indirizzo operativo da completare;Posti finanziabili 2025;Da distinguere;;Da distinguere;;Accordo/contratto individuale pubblicato dalla ASL Roma 5;2025-2026;https://www.aslroma5.it/amministrazione-trasparente/strutture-sanitarie-private-accreditate/;"Pagina ASL aggiornata 16/07/2026 pubblica contratto e integrazioni; capienza/budget puntuale nel singolo allegato";https://www.aslroma5.it/amministrazione-trasparente/strutture-sanitarie-private-accreditate/;;;;6;Da verificare;Non documentato;;Privata / ente non ASL;Gestore identificato nel dossier V5;https://www.aslroma5.it/wp-content/uploads/2026/07/Delibera-n.-110-del-30.01.2025-BUDGET-PSICHIATRICHE.pdf;Promossa al catalogo convenzionato V6;Contratto individuale pubblicato nella sezione 2025-2026. Posti indicati = capacità/finanziabilità, non disponibilità attuale.;Sì;Da completare / escluse;Budget: contratto da comprovare;Promosso al catalogo convenzionato V6;Nessuna nuova verifica amministrativa/clinica introdotta dalla V7 strutturale.;Convenzionate;Da correggere / campo ereditato;;Non riesaminato in V7.1;Nessuna modifica sostanziale;;Convenzionata documentata;Convenzionate;2026-09-20;"Classificazione V7.1 conservata; nessuna regressione introdotta nella V7.2.";Nessuna modifica sostanziale.;;Convenzionata documentata;Convenzionate;2026-09-20;Classificazione V7.2 conservata salvo nuove evidenze specifiche.;Nessuna modifica sostanziale.;;Convenzionata documentata;Convenzionate
IHG-CASTEL-MADAMA;Castel Madama;Italian Hospital Group S.p.A.;Privata / ente non ASL;Castel Madama;RM;Roma 5;;;;"Moduli nominati nell’allegato budget ASL; contratto attuale non acquisito";2025;Da completare;Non documentato;;R5-BUD;;;;;"Comune orientativo dalla denominazione del presidio, non ingresso validato; indirizzo lasciato vuoto. Moduli mantenuti distinti senza duplicare una sede amministrativa.";Non documentata;2026-09-20;Non effettuata;Non rilevati: capacità autorizzata/accreditata non è disponibilità;;;Contratto 2025-2026 pubblicato dalla ASL;MOD-075;SRSR H24 — modulo1;Psichiatria;Residenziale;10;Posti finanziabili 2025;Convenzionata documentata;;https://www.aslroma5.it/wp-content/uploads/2026/07/Delibera-n.-110-del-30.01.2025-BUDGET-PSICHIATRICHE.pdf;;Da completare / escluse;;"Da concordare con servizio inviante e accettazione; non acquisiti sistematicamente";"Individualizzata; durata specifica non consolidata";"Idoneità clinica e amministrativa da valutare; non dedotta dal solo accreditamento";Catalogo prestazioni non acquisito;Indirizzo operativo da completare;Posti finanziabili 2025;Da distinguere;;Da distinguere;;Accordo/contratto individuale pubblicato dalla ASL Roma 5;2025-2026;https://www.aslroma5.it/amministrazione-trasparente/strutture-sanitarie-private-accreditate/;"Pagina ASL aggiornata 16/07/2026 pubblica contratto e integrazioni; capienza/budget puntuale nel singolo allegato";https://www.aslroma5.it/amministrazione-trasparente/strutture-sanitarie-private-accreditate/;;;;10;Da verificare;Non documentato;;Privata / ente non ASL;Gestore identificato nel dossier V5;https://www.aslroma5.it/wp-content/uploads/2026/07/Delibera-n.-110-del-30.01.2025-BUDGET-PSICHIATRICHE.pdf;Promossa al catalogo convenzionato V6;Contratto individuale pubblicato nella sezione 2025-2026. Posti indicati = capacità/finanziabilità, non disponibilità attuale.;Sì;Da completare / escluse;Budget: contratto da comprovare;Promosso al catalogo convenzionato V6;Nessuna nuova verifica amministrativa/clinica introdotta dalla V7 strutturale.;Convenzionate;Da correggere / campo ereditato;;Non riesaminato in V7.1;Nessuna modifica sostanziale;;Convenzionata documentata;Convenzionate;2026-09-20;"Classificazione V7.1 conservata; nessuna regressione introdotta nella V7.2.";Nessuna modifica sostanziale.;;Convenzionata documentata;Convenzionate;2026-09-20;Classificazione V7.2 conservata salvo nuove evidenze specifiche.;Nessuna modifica sostanziale.;;Convenzionata documentata;Convenzionate
IHG-CASTEL-MADAMA;Castel Madama;Italian Hospital Group S.p.A.;Privata / ente non ASL;Castel Madama;RM;Roma 5;;;;"Moduli nominati nell’allegato budget ASL; contratto attuale non acquisito";2025;Da completare;Non documentato;;R5-BUD;;;;;"Comune orientativo dalla denominazione del presidio, non ingresso validato; indirizzo lasciato vuoto. Moduli mantenuti distinti senza duplicare una sede amministrativa.";Non documentata;2026-09-20;Non effettuata;Non rilevati: capacità autorizzata/accreditata non è disponibilità;;;Contratto 2025-2026 pubblicato dalla ASL;MOD-076;SRSR H24 — modulo2;Psichiatria;Residenziale;10;Posti finanziabili 2025;Convenzionata documentata;;https://www.aslroma5.it/wp-content/uploads/2026/07/Delibera-n.-110-del-30.01.2025-BUDGET-PSICHIATRICHE.pdf;;Da completare / escluse;;"Da concordare con servizio inviante e accettazione; non acquisiti sistematicamente";"Individualizzata; durata specifica non consolidata";"Idoneità clinica e amministrativa da valutare; non dedotta dal solo accreditamento";Catalogo prestazioni non acquisito;Indirizzo operativo da completare;Posti finanziabili 2025;Da distinguere;;Da distinguere;;Accordo/contratto individuale pubblicato dalla ASL Roma 5;2025-2026;https://www.aslroma5.it/amministrazione-trasparente/strutture-sanitarie-private-accreditate/;"Pagina ASL aggiornata 16/07/2026 pubblica contratto e integrazioni; capienza/budget puntuale nel singolo allegato";https://www.aslroma5.it/amministrazione-trasparente/strutture-sanitarie-private-accreditate/;;;;10;Da verificare;Non documentato;;Privata / ente non ASL;Gestore identificato nel dossier V5;https://www.aslroma5.it/wp-content/uploads/2026/07/Delibera-n.-110-del-30.01.2025-BUDGET-PSICHIATRICHE.pdf;Promossa al catalogo convenzionato V6;Contratto individuale pubblicato nella sezione 2025-2026. Posti indicati = capacità/finanziabilità, non disponibilità attuale.;Sì;Da completare / escluse;Budget: contratto da comprovare;Promosso al catalogo convenzionato V6;Nessuna nuova verifica amministrativa/clinica introdotta dalla V7 strutturale.;Convenzionate;Da correggere / campo ereditato;;Non riesaminato in V7.1;Nessuna modifica sostanziale;;Convenzionata documentata;Convenzionate;2026-09-20;"Classificazione V7.1 conservata; nessuna regressione introdotta nella V7.2.";Nessuna modifica sostanziale.;;Convenzionata documentata;Convenzionate;2026-09-20;Classificazione V7.2 conservata salvo nuove evidenze specifiche.;Nessuna modifica sostanziale.;;Convenzionata documentata;Convenzionate
IHG-VILLANOVA;Villanova;Italian Hospital Group S.p.A.;Privata / ente non ASL;Guidonia Montecelio;RM;Roma 5;;;;"Moduli nominati nell’allegato budget ASL; contratto attuale non acquisito";2025;Da completare;Non documentato;;R5-BUD;;;;;"Comune orientativo dalla denominazione del presidio, non ingresso validato; indirizzo lasciato vuoto. Moduli mantenuti distinti senza duplicare una sede amministrativa.";Non documentata;2026-09-20;Non effettuata;Non rilevati: capacità autorizzata/accreditata non è disponibilità;;;Contratto 2025-2026 pubblicato dalla ASL;MOD-077;SRSR H24 — modulo1;Psichiatria;Residenziale;10;Posti finanziabili 2025;Convenzionata documentata;;https://www.aslroma5.it/wp-content/uploads/2026/07/Delibera-n.-110-del-30.01.2025-BUDGET-PSICHIATRICHE.pdf;;Da completare / escluse;;"Da concordare con servizio inviante e accettazione; non acquisiti sistematicamente";"Individualizzata; durata specifica non consolidata";"Idoneità clinica e amministrativa da valutare; non dedotta dal solo accreditamento";Catalogo prestazioni non acquisito;Indirizzo operativo da completare;Posti finanziabili 2025;Da distinguere;;Da distinguere;;Accordo/contratto individuale pubblicato dalla ASL Roma 5;2025-2026;https://www.aslroma5.it/amministrazione-trasparente/strutture-sanitarie-private-accreditate/;"Pagina ASL aggiornata 16/07/2026 pubblica contratto e integrazioni; capienza/budget puntuale nel singolo allegato";https://www.aslroma5.it/amministrazione-trasparente/strutture-sanitarie-private-accreditate/;;;;10;Da verificare;Non documentato;;Privata / ente non ASL;Gestore identificato nel dossier V5;https://www.aslroma5.it/wp-content/uploads/2026/07/Delibera-n.-110-del-30.01.2025-BUDGET-PSICHIATRICHE.pdf;Promossa al catalogo convenzionato V6;Contratto individuale pubblicato nella sezione 2025-2026. Posti indicati = capacità/finanziabilità, non disponibilità attuale.;Sì;Da completare / escluse;Budget: contratto da comprovare;Promosso al catalogo convenzionato V6;Nessuna nuova verifica amministrativa/clinica introdotta dalla V7 strutturale.;Convenzionate;Da correggere / campo ereditato;;Non riesaminato in V7.1;Nessuna modifica sostanziale;;Convenzionata documentata;Convenzionate;2026-09-20;"Classificazione V7.1 conservata; nessuna regressione introdotta nella V7.2.";Nessuna modifica sostanziale.;;Convenzionata documentata;Convenzionate;2026-09-20;Classificazione V7.2 conservata salvo nuove evidenze specifiche.;Nessuna modifica sostanziale.;;Convenzionata documentata;Convenzionate
IHG-VILLANOVA;Villanova;Italian Hospital Group S.p.A.;Privata / ente non ASL;Guidonia Montecelio;RM;Roma 5;;;;"Moduli nominati nell’allegato budget ASL; contratto attuale non acquisito";2025;Da completare;Non documentato;;R5-BUD;;;;;"Comune orientativo dalla denominazione del presidio, non ingresso validato; indirizzo lasciato vuoto. Moduli mantenuti distinti senza duplicare una sede amministrativa.";Non documentata;2026-09-20;Non effettuata;Non rilevati: capacità autorizzata/accreditata non è disponibilità;;;Contratto 2025-2026 pubblicato dalla ASL;MOD-078;SRSR H24 — modulo2;Psichiatria;Residenziale;6;Posti finanziabili 2025;Convenzionata documentata;;https://www.aslroma5.it/wp-content/uploads/2026/07/Delibera-n.-110-del-30.01.2025-BUDGET-PSICHIATRICHE.pdf;;Da completare / escluse;;"Da concordare con servizio inviante e accettazione; non acquisiti sistematicamente";"Individualizzata; durata specifica non consolidata";"Idoneità clinica e amministrativa da valutare; non dedotta dal solo accreditamento";Catalogo prestazioni non acquisito;Indirizzo operativo da completare;Posti finanziabili 2025;Da distinguere;;Da distinguere;;Accordo/contratto individuale pubblicato dalla ASL Roma 5;2025-2026;https://www.aslroma5.it/amministrazione-trasparente/strutture-sanitarie-private-accreditate/;"Pagina ASL aggiornata 16/07/2026 pubblica contratto e integrazioni; capienza/budget puntuale nel singolo allegato";https://www.aslroma5.it/amministrazione-trasparente/strutture-sanitarie-private-accreditate/;;;;6;Da verificare;Non documentato;;Privata / ente non ASL;Gestore identificato nel dossier V5;https://www.aslroma5.it/wp-content/uploads/2026/07/Delibera-n.-110-del-30.01.2025-BUDGET-PSICHIATRICHE.pdf;Promossa al catalogo convenzionato V6;Contratto individuale pubblicato nella sezione 2025-2026. Posti indicati = capacità/finanziabilità, non disponibilità attuale.;Sì;Da completare / escluse;Budget: contratto da comprovare;Promosso al catalogo convenzionato V6;Nessuna nuova verifica amministrativa/clinica introdotta dalla V7 strutturale.;Convenzionate;Da correggere / campo ereditato;;Non riesaminato in V7.1;Nessuna modifica sostanziale;;Convenzionata documentata;Convenzionate;2026-09-20;"Classificazione V7.1 conservata; nessuna regressione introdotta nella V7.2.";Nessuna modifica sostanziale.;;Convenzionata documentata;Convenzionate;2026-09-20;Classificazione V7.2 conservata salvo nuove evidenze specifiche.;Nessuna modifica sostanziale.;;Convenzionata documentata;Convenzionate
IHG-VILLAGGIO-ADRIANO;Villaggio Adriano;Italian Hospital Group S.p.A.;Privata / ente non ASL;Tivoli;RM;Roma 5;;;;"Moduli nominati nell’allegato budget ASL; contratto attuale non acquisito";2025;Da completare;Non documentato;;R5-BUD;;;;;"Comune orientativo dalla denominazione del presidio, non ingresso validato; indirizzo lasciato vuoto. Moduli mantenuti distinti senza duplicare una sede amministrativa.";Non documentata;2026-09-20;Non effettuata;Non rilevati: capacità autorizzata/accreditata non è disponibilità;;;Contratto 2025-2026 pubblicato dalla ASL;MOD-079;SRTRe — modulo1;Psichiatria;Residenziale;8;Posti finanziabili 2025;Convenzionata documentata;;https://www.aslroma5.it/wp-content/uploads/2026/07/Delibera-n.-110-del-30.01.2025-BUDGET-PSICHIATRICHE.pdf;;Da completare / escluse;;"Da concordare con servizio inviante e accettazione; non acquisiti sistematicamente";"Individualizzata; durata specifica non consolidata";"Idoneità clinica e amministrativa da valutare; non dedotta dal solo accreditamento";Catalogo prestazioni non acquisito;Indirizzo operativo da completare;Posti finanziabili 2025;Da distinguere;;Da distinguere;;Accordo/contratto individuale pubblicato dalla ASL Roma 5;2025-2026;https://www.aslroma5.it/amministrazione-trasparente/strutture-sanitarie-private-accreditate/;"Pagina ASL aggiornata 16/07/2026 pubblica contratto e integrazioni; capienza/budget puntuale nel singolo allegato";https://www.aslroma5.it/amministrazione-trasparente/strutture-sanitarie-private-accreditate/;;;;8;Da verificare;Non documentato;;Privata / ente non ASL;Gestore identificato nel dossier V5;https://www.aslroma5.it/wp-content/uploads/2026/07/Delibera-n.-110-del-30.01.2025-BUDGET-PSICHIATRICHE.pdf;Promossa al catalogo convenzionato V6;Contratto individuale pubblicato nella sezione 2025-2026. Posti indicati = capacità/finanziabilità, non disponibilità attuale.;Sì;Da completare / escluse;Budget: contratto da comprovare;Promosso al catalogo convenzionato V6;Nessuna nuova verifica amministrativa/clinica introdotta dalla V7 strutturale.;Convenzionate;Da correggere / campo ereditato;;Non riesaminato in V7.1;Nessuna modifica sostanziale;;Convenzionata documentata;Convenzionate;2026-09-20;"Classificazione V7.1 conservata; nessuna regressione introdotta nella V7.2.";Nessuna modifica sostanziale.;;Convenzionata documentata;Convenzionate;2026-09-20;Classificazione V7.2 conservata salvo nuove evidenze specifiche.;Nessuna modifica sostanziale.;;Convenzionata documentata;Convenzionate
IHG-VILLAGGIO-ADRIANO;Villaggio Adriano;Italian Hospital Group S.p.A.;Privata / ente non ASL;Tivoli;RM;Roma 5;;;;"Moduli nominati nell’allegato budget ASL; contratto attuale non acquisito";2025;Da completare;Non documentato;;R5-BUD;;;;;"Comune orientativo dalla denominazione del presidio, non ingresso validato; indirizzo lasciato vuoto. Moduli mantenuti distinti senza duplicare una sede amministrativa.";Non documentata;2026-09-20;Non effettuata;Non rilevati: capacità autorizzata/accreditata non è disponibilità;;;Contratto 2025-2026 pubblicato dalla ASL;MOD-080;SRTRe — modulo2;Psichiatria;Residenziale;8;Posti finanziabili 2025;Convenzionata documentata;;https://www.aslroma5.it/wp-content/uploads/2026/07/Delibera-n.-110-del-30.01.2025-BUDGET-PSICHIATRICHE.pdf;;Da completare / escluse;;"Da concordare con servizio inviante e accettazione; non acquisiti sistematicamente";"Individualizzata; durata specifica non consolidata";"Idoneità clinica e amministrativa da valutare; non dedotta dal solo accreditamento";Catalogo prestazioni non acquisito;Indirizzo operativo da completare;Posti finanziabili 2025;Da distinguere;;Da distinguere;;Accordo/contratto individuale pubblicato dalla ASL Roma 5;2025-2026;https://www.aslroma5.it/amministrazione-trasparente/strutture-sanitarie-private-accreditate/;"Pagina ASL aggiornata 16/07/2026 pubblica contratto e integrazioni; capienza/budget puntuale nel singolo allegato";https://www.aslroma5.it/amministrazione-trasparente/strutture-sanitarie-private-accreditate/;;;;8;Da verificare;Non documentato;;Privata / ente non ASL;Gestore identificato nel dossier V5;https://www.aslroma5.it/wp-content/uploads/2026/07/Delibera-n.-110-del-30.01.2025-BUDGET-PSICHIATRICHE.pdf;Promossa al catalogo convenzionato V6;Contratto individuale pubblicato nella sezione 2025-2026. Posti indicati = capacità/finanziabilità, non disponibilità attuale.;Sì;Da completare / escluse;Budget: contratto da comprovare;Promosso al catalogo convenzionato V6;Nessuna nuova verifica amministrativa/clinica introdotta dalla V7 strutturale.;Convenzionate;Da correggere / campo ereditato;;Non riesaminato in V7.1;Nessuna modifica sostanziale;;Convenzionata documentata;Convenzionate;2026-09-20;"Classificazione V7.1 conservata; nessuna regressione introdotta nella V7.2.";Nessuna modifica sostanziale.;;Convenzionata documentata;Convenzionate;2026-09-20;Classificazione V7.2 conservata salvo nuove evidenze specifiche.;Nessuna modifica sostanziale.;;Convenzionata documentata;Convenzionate
IHG-CANTERANO;Canterano;Italian Hospital Group S.p.A.;Privata / ente non ASL;Canterano;RM;Roma 5;;;;"Moduli nominati nell’allegato budget ASL; contratto attuale non acquisito";2025;Da completare;Non documentato;;R5-BUD;;;;;"Comune orientativo dalla denominazione del presidio, non ingresso validato; indirizzo lasciato vuoto. Moduli mantenuti distinti senza duplicare una sede amministrativa.";Non documentata;2026-09-20;Non effettuata;Non rilevati: capacità autorizzata/accreditata non è disponibilità;;;Contratto 2025-2026 pubblicato dalla ASL;MOD-081;SRTRe — modulo1;Psichiatria;Residenziale;10;Posti finanziabili 2025;Convenzionata documentata;;https://www.aslroma5.it/wp-content/uploads/2026/07/Delibera-n.-110-del-30.01.2025-BUDGET-PSICHIATRICHE.pdf;;Da completare / escluse;;"Da concordare con servizio inviante e accettazione; non acquisiti sistematicamente";"Individualizzata; durata specifica non consolidata";"Idoneità clinica e amministrativa da valutare; non dedotta dal solo accreditamento";Catalogo prestazioni non acquisito;Indirizzo operativo da completare;Posti finanziabili 2025;Da distinguere;;Da distinguere;;Accordo/contratto individuale pubblicato dalla ASL Roma 5;2025-2026;https://www.aslroma5.it/amministrazione-trasparente/strutture-sanitarie-private-accreditate/;"Pagina ASL aggiornata 16/07/2026 pubblica contratto e integrazioni; capienza/budget puntuale nel singolo allegato";https://www.aslroma5.it/amministrazione-trasparente/strutture-sanitarie-private-accreditate/;;;;10;Da verificare;Non documentato;;Privata / ente non ASL;Gestore identificato nel dossier V5;https://www.aslroma5.it/wp-content/uploads/2026/07/Delibera-n.-110-del-30.01.2025-BUDGET-PSICHIATRICHE.pdf;Promossa al catalogo convenzionato V6;Contratto individuale pubblicato nella sezione 2025-2026. Posti indicati = capacità/finanziabilità, non disponibilità attuale.;Sì;Da completare / escluse;Budget: contratto da comprovare;Promosso al catalogo convenzionato V6;Nessuna nuova verifica amministrativa/clinica introdotta dalla V7 strutturale.;Convenzionate;Da correggere / campo ereditato;;Non riesaminato in V7.1;Nessuna modifica sostanziale;;Convenzionata documentata;Convenzionate;2026-09-20;"Classificazione V7.1 conservata; nessuna regressione introdotta nella V7.2.";Nessuna modifica sostanziale.;;Convenzionata documentata;Convenzionate;2026-09-20;Classificazione V7.2 conservata salvo nuove evidenze specifiche.;Nessuna modifica sostanziale.;;Convenzionata documentata;Convenzionate
IHG-CANTERANO;Canterano;Italian Hospital Group S.p.A.;Privata / ente non ASL;Canterano;RM;Roma 5;;;;"Moduli nominati nell’allegato budget ASL; contratto attuale non acquisito";2025;Da completare;Non documentato;;R5-BUD;;;;;"Comune orientativo dalla denominazione del presidio, non ingresso validato; indirizzo lasciato vuoto. Moduli mantenuti distinti senza duplicare una sede amministrativa.";Non documentata;2026-09-20;Non effettuata;Non rilevati: capacità autorizzata/accreditata non è disponibilità;;;Contratto 2025-2026 pubblicato dalla ASL;MOD-082;SRTRe — modulo2;Psichiatria;Residenziale;10;Posti finanziabili 2025;Convenzionata documentata;;https://www.aslroma5.it/wp-content/uploads/2026/07/Delibera-n.-110-del-30.01.2025-BUDGET-PSICHIATRICHE.pdf;;Da completare / escluse;;"Da concordare con servizio inviante e accettazione; non acquisiti sistematicamente";"Individualizzata; durata specifica non consolidata";"Idoneità clinica e amministrativa da valutare; non dedotta dal solo accreditamento";Catalogo prestazioni non acquisito;Indirizzo operativo da completare;Posti finanziabili 2025;Da distinguere;;Da distinguere;;Accordo/contratto individuale pubblicato dalla ASL Roma 5;2025-2026;https://www.aslroma5.it/amministrazione-trasparente/strutture-sanitarie-private-accreditate/;"Pagina ASL aggiornata 16/07/2026 pubblica contratto e integrazioni; capienza/budget puntuale nel singolo allegato";https://www.aslroma5.it/amministrazione-trasparente/strutture-sanitarie-private-accreditate/;;;;10;Da verificare;Non documentato;;Privata / ente non ASL;Gestore identificato nel dossier V5;https://www.aslroma5.it/wp-content/uploads/2026/07/Delibera-n.-110-del-30.01.2025-BUDGET-PSICHIATRICHE.pdf;Promossa al catalogo convenzionato V6;Contratto individuale pubblicato nella sezione 2025-2026. Posti indicati = capacità/finanziabilità, non disponibilità attuale.;Sì;Da completare / escluse;Budget: contratto da comprovare;Promosso al catalogo convenzionato V6;Nessuna nuova verifica amministrativa/clinica introdotta dalla V7 strutturale.;Convenzionate;Da correggere / campo ereditato;;Non riesaminato in V7.1;Nessuna modifica sostanziale;;Convenzionata documentata;Convenzionate;2026-09-20;"Classificazione V7.1 conservata; nessuna regressione introdotta nella V7.2.";Nessuna modifica sostanziale.;;Convenzionata documentata;Convenzionate;2026-09-20;Classificazione V7.2 conservata salvo nuove evidenze specifiche.;Nessuna modifica sostanziale.;;Convenzionata documentata;Convenzionate
VBL;Villa Belvedere;Villa Belvedere S.r.l.;Privata / ente non ASL;Torricella in Sabina;RI;Rieti;Via Salaria km 64;0765 207763 / 338 8298943;info@strutturapsichiatricavillabelvedere.com;Contratto ASL Rieti 2025-2026;01/01/2025–31/12/2026;Contratto ufficiale / fonte istituzionale;"Dichiarata dal gestore; autorizzazione amministrativa/economica da provare";"Il sito dichiara pazienti adulti del territorio nazionale; non equivale ad autorizzazione automatica dell'ente di provenienza.";https://www.strutturapsichiatricavillabelvedere.com/ | https://www.asl.rieti.it/wp-content/uploads/2025/06/CONTRATTO_VILLA_BELVEDERE_ANNI_202502026.pdf | https://www.asl.rieti.it/trasparency-e-privacy/amministrazione-trasparente/strutture-sanitarie-private-accreditate;"Trattamento terapeutico-riabilitativo psichiatrico residenziale; progetto individualizzato; reinserimento sociale";"Invio/valutazione clinica; condizioni amministrative da concordare con servizio inviante";;;"Contratto vigente fino al 31/12/2026; corrispettivo 2026 demandato a specifico provvedimento/addendum di budget.";Non documentata;2026-09-20;Non effettuata;Non rilevati: capacità non equivale a disponibilità;https://www.google.com/maps/search/?api=1&query=Via%20Salaria%20km%2064%2C%20Torricella%20in%20Sabina%2C%20Italia;https://www.asl.rieti.it/wp-content/uploads/2025/06/CONTRATTO_VILLA_BELVEDERE_ANNI_202502026.pdf;01/01/2025–31/12/2026;MOD-085;SRTRe;Psichiatria;Residenziale;14;14 autorizzati e 14 accreditati (regolamento corrente);Convenzionata documentata;"Contratto vigente fino al 31/12/2026; corrispettivo 2026 demandato a specifico provvedimento/addendum di budget.";https://www.strutturapsichiatricavillabelvedere.com/ | https://www.asl.rieti.it/wp-content/uploads/2025/06/CONTRATTO_VILLA_BELVEDERE_ANNI_202502026.pdf | https://www.asl.rieti.it/trasparency-e-privacy/amministrazione-trasparente/strutture-sanitarie-private-accreditate;;Convenzionate V6;https://www.asl.rieti.it/wp-content/uploads/2025/06/CONTRATTO_VILLA_BELVEDERE_ANNI_202502026.pdf;;;;Fonte gestore/istituzionale;Indirizzo pubblicato;14 autorizzati e 14 accreditati (regolamento corrente);Autorizzazione documentata;https://www.strutturapsichiatricavillabelvedere.com/ | https://www.asl.rieti.it/wp-content/uploads/2025/06/CONTRATTO_VILLA_BELVEDERE_ANNI_202502026.pdf | https://www.asl.rieti.it/trasparency-e-privacy/amministrazione-trasparente/strutture-sanitarie-private-accreditate;Accreditamento definitivo DCA U00037/2020;https://www.strutturapsichiatricavillabelvedere.com/ | https://www.asl.rieti.it/wp-content/uploads/2025/06/CONTRATTO_VILLA_BELVEDERE_ANNI_202502026.pdf | https://www.asl.rieti.it/trasparency-e-privacy/amministrazione-trasparente/strutture-sanitarie-private-accreditate;Contratto ASL Rieti 2025-2026;01/01/2025–31/12/2026;https://www.asl.rieti.it/wp-content/uploads/2025/06/CONTRATTO_VILLA_BELVEDERE_ANNI_202502026.pdf;"Contratto vigente; importo 2026 demandato a provvedimento/addendum";https://www.asl.rieti.it/wp-content/uploads/2025/06/CONTRATTO_VILLA_BELVEDERE_ANNI_202502026.pdf;14;14;;14;"Il gestore dichiara utenza dal territorio nazionale; mobilità Lazio subordinata all'invio/autorizzazione.";"Dichiarato dal gestore; autorizzazione economica dell'inviante da provare";"Il sito dichiara pazienti adulti del territorio nazionale; non equivale ad autorizzazione automatica dell'ente di provenienza.";Privata / ente non ASL;Gestore identificato nelle fonti;https://www.strutturapsichiatricavillabelvedere.com/ | https://www.asl.rieti.it/wp-content/uploads/2025/06/CONTRATTO_VILLA_BELVEDERE_ANNI_202502026.pdf | https://www.asl.rieti.it/trasparency-e-privacy/amministrazione-trasparente/strutture-sanitarie-private-accreditate;Nuovo V6;"Contratto vigente fino al 31/12/2026; corrispettivo 2026 demandato a specifico provvedimento/addendum di budget.";No;;;Nuovo in V6;Nessuna nuova verifica amministrativa/clinica introdotta dalla V7 strutturale.;Convenzionate;Coerente o compatibile;;Non riesaminato in V7.1;Nessuna modifica sostanziale;;Convenzionata documentata;Convenzionate;2026-09-20;"Classificazione V7.1 conservata; nessuna regressione introdotta nella V7.2.";Nessuna modifica sostanziale.;;Convenzionata documentata;Convenzionate;2026-09-20;Classificazione V7.2 conservata salvo nuove evidenze specifiche.;Nessuna modifica sostanziale.;;Convenzionata documentata;Convenzionate
AGATOS;Agatos – Comunità Francesco Giugliarelli;Società Cooperativa Sociale Agatos ONLUS;Privata / ente non ASL;Viterbo;VT;Viterbo;Via Strada Cimina, 16/A;0761 398049;;Prestazioni psichiatriche extraregionali acquistate da ASL Benevento nel 2026;Inserimenti/progetti 2026 documentati da ASL Benevento;Atti ufficiali di acquisto/finanziamento extraregionale;Documentato: presa in carico extra Lazio;;https://asl.vt.it/strutture-private-accreditate | https://www.coopagatos.it/wp-content/uploads/2024/03/2023-PARS-.pdf;Riabilitazione psichiatrica terapeutico-riabilitativa estensiva;"Invio CSM / progetto terapeutico; modalità da concordare";;;"ASL Viterbo elenca Agatos fra le private accreditate di psichiatria; PARS gestore definisce SRTRe accreditata e convenzionata. V7.1: sede operativa documentata negli atti di invio: Comunità Alloggio Francesco Giugliarelli, Via Strada Cimina 16/A; Via Umberto Richiello 4 resta riferimento societario/storico da non usare automaticamente come ingresso.";Non documentata;2026-09-20;Non effettuata;Non rilevati: capacità non equivale a disponibilità;https://www.google.com/maps/search/?api=1&query=Via%20Umberto%20Richiello%2C%204%2C%20Viterbo%2C%20Italia;https://www.coopagatos.it/wp-content/uploads/2024/03/2023-PARS-.pdf;"Prestazioni 2026 extraregionali documentate; nuovo invio subordinato ad autorizzazione e idoneità";MOD-091;SRTRe;Psichiatria;Residenziale;10;10 posti accreditati;Convenzionata documentata – prestazioni extraregionali 2026;"ASL Viterbo elenca Agatos fra le private accreditate di psichiatria; PARS gestore definisce SRTRe accreditata e convenzionata.";https://asl.vt.it/strutture-private-accreditate | https://www.coopagatos.it/wp-content/uploads/2024/03/2023-PARS-.pdf | https://aslbenevento-appalti.maggiolicloud.it/PortaleAppalti/it/ppgare_esiti_lista.wp?actionPath=%2FExtStr2%2Fdo%2FFrontEnd%2FEsiti%2Fview.action&codice=G01544&currentFrame=7 | https://www.aslbenevento.it/en/albo-pretorio?page=9;;Censimento / da completare;https://www.coopagatos.it/wp-content/uploads/2024/03/2023-PARS-.pdf;;;;Fonte gestore/istituzionale;Indirizzo pubblicato;10 posti accreditati;Autorizzazione documentata;https://asl.vt.it/strutture-private-accreditate | https://www.coopagatos.it/wp-content/uploads/2024/03/2023-PARS-.pdf;"DCA U00424/2014; 10 posti SRTRe";https://asl.vt.it/strutture-private-accreditate | https://www.coopagatos.it/wp-content/uploads/2024/03/2023-PARS-.pdf;Rapporto pubblico 2026 documentato tramite acquisto extraregionale di prestazioni;2026 (atti/progetti individuali);https://aslbenevento-appalti.maggiolicloud.it/PortaleAppalti/it/ppgare_esiti_lista.wp?actionPath=%2FExtStr2%2Fdo%2FFrontEnd%2FEsiti%2Fview.action&codice=G01544&currentFrame=7 | https://www.aslbenevento.it/en/albo-pretorio?page=9;Spesa/acquisto prestazioni 2026 documentati da ASL Benevento;https://aslbenevento-appalti.maggiolicloud.it/PortaleAppalti/it/ppgare_esiti_lista.wp?actionPath=%2FExtStr2%2Fdo%2FFrontEnd%2FEsiti%2Fview.action&codice=G01544&currentFrame=7 | https://www.aslbenevento.it/en/albo-pretorio?page=9;;10;;10;;Documentato: ASL Benevento acquista prestazioni nel 2026;https://aslbenevento-appalti.maggiolicloud.it/PortaleAppalti/it/ppgare_esiti_lista.wp?actionPath=%2FExtStr2%2Fdo%2FFrontEnd%2FEsiti%2Fview.action&codice=G01544&currentFrame=7 | https://www.aslbenevento.it/en/albo-pretorio?page=9;Privata / ente non ASL;Gestore identificato nelle fonti;https://asl.vt.it/strutture-private-accreditate | https://www.coopagatos.it/wp-content/uploads/2024/03/2023-PARS-.pdf;Nuovo V6;"ASL Viterbo elenca Agatos fra le private accreditate di psichiatria; PARS gestore definisce SRTRe accreditata e convenzionata.";No;;;Nuovo in V6;Nessuna nuova verifica amministrativa/clinica introdotta dalla V7 strutturale.;Da verificare 2026;Coerente o compatibile;2026-09-20;Atti ASL Benevento 2026 documentano acquisto extraregionale di prestazioni psichiatriche presso Comunità Francesco Giugliarelli gestita da Agatos.;"Promosso tra le convenzionate documentate; aggiornata sede operativa e mobilità extraregionale.";https://aslbenevento-appalti.maggiolicloud.it/PortaleAppalti/it/ppgare_esiti_lista.wp?actionPath=%2FExtStr2%2Fdo%2FFrontEnd%2FEsiti%2Fview.action&codice=G01544&currentFrame=7 | https://www.aslbenevento.it/en/albo-pretorio?page=9;Convenzionata documentata – prestazioni extraregionali 2026;Convenzionate;2026-09-20;"Classificazione V7.1 conservata; nessuna regressione introdotta nella V7.2.";Nessuna modifica sostanziale.;https://aslbenevento-appalti.maggiolicloud.it/PortaleAppalti/it/ppgare_esiti_lista.wp?actionPath=%2FExtStr2%2Fdo%2FFrontEnd%2FEsiti%2Fview.action&codice=G01544&currentFrame=7 | https://www.aslbenevento.it/en/albo-pretorio?page=9;Convenzionata documentata – prestazioni extraregionali 2026;Convenzionate;2026-09-20;Classificazione V7.2 conservata salvo nuove evidenze specifiche.;Nessuna modifica sostanziale.;https://aslbenevento-appalti.maggiolicloud.it/PortaleAppalti/it/ppgare_esiti_lista.wp?actionPath=%2FExtStr2%2Fdo%2FFrontEnd%2FEsiti%2Fview.action&codice=G01544&currentFrame=7 | https://www.aslbenevento.it/en/albo-pretorio?page=9;Convenzionata documentata – prestazioni extraregionali 2026;Convenzionate
FR-BST-E;Borgo San Tommaso;Gestore da consolidare;Privata / ente non ASL;Roccasecca;FR;Frosinone;Via San Francesco, 2/A;0776 567403;dir.san.borgosantommaso@gestivar.it;Prestazioni 2026 remunerate da ASL 1 Abruzzo;Liquidazioni marzo–giugno 2026;Atti ufficiali di liquidazione pubblica 2026;Documentato: prestazioni fuori Lazio;;https://www.asl.fr.it/wp-content/uploads/BUR-2025-64-0-117-475.pdf | https://www.asl.fr.it/wp-content/uploads/PDEL_1255_DEL_01.12.2022_ALL.1_PAP_FROSINONE-1.pdf;"Assistenza psichiatrica residenziale/semiresidenziale; dettaglio da acquisire";Invio CSM/UVM secondo appropriatezza;;;"Nuovo V6 per correggere sottocensimento Frosinone; non promosso al catalogo 2026.";Non documentata;2026-09-20;Non effettuata;Non rilevati: capacità non equivale a disponibilità;https://www.google.com/maps/search/?api=1&query=Italia;https://www.asl.fr.it/wp-content/uploads/BUR-2025-64-0-117-475.pdf;"Prestazioni 2026 documentate da liquidazioni pubbliche; non garanzia per ogni nuovo invio";MOD-094;SRTRe;Psichiatria;Residenziale;20;20 accreditati secondo gestore;Convenzionata documentata – prestazioni extraregionali 2026;"Nuovo V6 per correggere sottocensimento Frosinone; non promosso al catalogo 2026.";https://www.asl.fr.it/wp-content/uploads/BUR-2025-64-0-117-475.pdf | https://www.asl.fr.it/wp-content/uploads/PDEL_1255_DEL_01.12.2022_ALL.1_PAP_FROSINONE-1.pdf | https://gestivar.it/le-strutture/ | https://gestivar.it/contatti/ | https://trasparenza.asl1abruzzo.it/page/103/provvedimenti-organi-indirizzo-politico.html?p=20 | https://asl1abruzzo.patisweb.it/page/103/details/249395/prestazioni-di-assistenza-sanitaria-rete-privata-accreditata-insita-fuori-regione-liquidazione-fatture-maggiogiugno-2026-gesti-var-srl-srtr-estensiva-borgo-san-tommaso-roccasecca-fr.html;;Censimento / da completare;https://www.asl.fr.it/wp-content/uploads/BUR-2025-64-0-117-475.pdf;;;;Fonte gestore/istituzionale;Indirizzo pubblicato;Capacità da acquisire;Da acquisire;https://www.asl.fr.it/wp-content/uploads/BUR-2025-64-0-117-475.pdf | https://www.asl.fr.it/wp-content/uploads/PDEL_1255_DEL_01.12.2022_ALL.1_PAP_FROSINONE-1.pdf;"Presenza in contabilità/rete documentata; decreto specifico da acquisire";https://www.asl.fr.it/wp-content/uploads/BUR-2025-64-0-117-475.pdf | https://www.asl.fr.it/wp-content/uploads/PDEL_1255_DEL_01.12.2022_ALL.1_PAP_FROSINONE-1.pdf;Rapporto pubblico 2026 documentato tramite liquidazioni extraregionali;Marzo–giugno 2026 documentato;https://trasparenza.asl1abruzzo.it/page/103/provvedimenti-organi-indirizzo-politico.html?p=20 | https://asl1abruzzo.patisweb.it/page/103/details/249395/prestazioni-di-assistenza-sanitaria-rete-privata-accreditata-insita-fuori-regione-liquidazione-fatture-maggiogiugno-2026-gesti-var-srl-srtr-estensiva-borgo-san-tommaso-roccasecca-fr.html;Liquidazioni 2026 documentate;https://trasparenza.asl1abruzzo.it/page/103/provvedimenti-organi-indirizzo-politico.html?p=20 | https://asl1abruzzo.patisweb.it/page/103/details/249395/prestazioni-di-assistenza-sanitaria-rete-privata-accreditata-insita-fuori-regione-liquidazione-fatture-maggiogiugno-2026-gesti-var-srl-srtr-estensiva-borgo-san-tommaso-roccasecca-fr.html;;20;;;;Documentato: ASL 1 Abruzzo liquida prestazioni nel 2026;https://trasparenza.asl1abruzzo.it/page/103/provvedimenti-organi-indirizzo-politico.html?p=20 | https://asl1abruzzo.patisweb.it/page/103/details/249395/prestazioni-di-assistenza-sanitaria-rete-privata-accreditata-insita-fuori-regione-liquidazione-fatture-maggiogiugno-2026-gesti-var-srl-srtr-estensiva-borgo-san-tommaso-roccasecca-fr.html;Privata / ente non ASL;Gestore identificato nelle fonti;https://www.asl.fr.it/wp-content/uploads/BUR-2025-64-0-117-475.pdf | https://www.asl.fr.it/wp-content/uploads/PDEL_1255_DEL_01.12.2022_ALL.1_PAP_FROSINONE-1.pdf;Nuovo V6;"Nuovo V6 per correggere sottocensimento Frosinone; non promosso al catalogo 2026.";No;;;Nuovo in V6;Nessuna nuova verifica amministrativa/clinica introdotta dalla V7 strutturale.;Da verificare 2026;Coerente o compatibile;2026-09-20;ASL 1 Abruzzo documenta liquidazioni 2026 (marzo-aprile e maggio-giugno) per SRTRe Borgo San Tommaso fuori regione.;"Promosso tra le convenzionate documentate; aggiornata mobilità extraregionale.";https://gestivar.it/le-strutture/ | https://gestivar.it/contatti/ | https://trasparenza.asl1abruzzo.it/page/103/provvedimenti-organi-indirizzo-politico.html?p=20 | https://asl1abruzzo.patisweb.it/page/103/details/249395/prestazioni-di-assistenza-sanitaria-rete-privata-accreditata-insita-fuori-regione-liquidazione-fatture-maggiogiugno-2026-gesti-var-srl-srtr-estensiva-borgo-san-tommaso-roccasecca-fr.html;Convenzionata documentata – prestazioni extraregionali 2026;Convenzionate;2026-09-20;"Classificazione V7.1 conservata; nessuna regressione introdotta nella V7.2.";Nessuna modifica sostanziale.;https://gestivar.it/le-strutture/ | https://gestivar.it/contatti/ | https://trasparenza.asl1abruzzo.it/page/103/provvedimenti-organi-indirizzo-politico.html?p=20 | https://asl1abruzzo.patisweb.it/page/103/details/249395/prestazioni-di-assistenza-sanitaria-rete-privata-accreditata-insita-fuori-regione-liquidazione-fatture-maggiogiugno-2026-gesti-var-srl-srtr-estensiva-borgo-san-tommaso-roccasecca-fr.html;Convenzionata documentata – prestazioni extraregionali 2026;Convenzionate;2026-09-20;Classificazione V7.2 conservata salvo nuove evidenze specifiche.;Nessuna modifica sostanziale.;https://gestivar.it/le-strutture/ | https://gestivar.it/contatti/ | https://trasparenza.asl1abruzzo.it/page/103/provvedimenti-organi-indirizzo-politico.html?p=20 | https://asl1abruzzo.patisweb.it/page/103/details/249395/prestazioni-di-assistenza-sanitaria-rete-privata-accreditata-insita-fuori-regione-liquidazione-fatture-maggiogiugno-2026-gesti-var-srl-srtr-estensiva-borgo-san-tommaso-roccasecca-fr.html;Convenzionata documentata – prestazioni extraregionali 2026;Convenzionate
CAL-ALB;Opera Don Calabria – Centro Diurno L’Alberoblu;Istituto Don Calabria / Opera Don Calabria;Privata / ente non ASL;Roma;RM;Roma 1;Via Giambattista Soria, 13;06 61 93 129;alberoblu@operadoncalabria.it;Il gestore corrente dichiara i servizi diurni e residenziali accreditati e convenzionati con Regione Lazio, Comune e ASL.;Pagine gestore correnti consultate 20/09/2026;Dichiarazione corrente del gestore + accreditamento del servizio;Non documentato;;;"Centro diurno psicoriabilitativo; interventi terapeutico-riabilitativi e di autonomia";"Percorso tramite servizi territoriali/progetto individualizzato; dettagli amministrativi da confermare.";;;"V7.1: nuovo modulo. La dichiarazione corrente di convenzione soddisfa il criterio catalogo; contratto/budget nominativo 2026 non acquisito.";Non documentata;2026-09-20;Non effettuata;Non rilevati: capacità autorizzata/accreditata non è disponibilità;;;"Convenzionamento corrente dichiarato dal gestore; contratto/budget 2026 specifico non acquisito";MOD-103;Centro diurno psicoriabilitativo;Psichiatria;Semiresidenziale;20;20 autorizzati/accreditati secondo gestore;Convenzionata documentata – dichiarazione corrente del gestore;;https://www.operadoncalabria.it/servizi | https://www.operadoncalabria.it/alberoblu | https://www.alberoblu.org/carta-dei-servizi;;Nuovo V7.1;;;;;;;;Autorizzata;;Accreditata per 20 posti secondo gestore;;"Convenzione corrente dichiarata dal gestore; contratto/budget 2026 nominativo non acquisito";;;Da verificare;;20;20;;20;;;;Privata / ente non ASL;Sito gestore corrente;;Non presente;;No;;;Non applicabile – nuovo V7.1;Nuovo modulo individuato nella ricognizione sostanziale V7.1;;Non applicabile – nuovo V7.1;2026-09-20;"Nuovo centro diurno corrente individuato; accreditamento e convenzione dichiarati dal gestore.";Aggiunto tra le convenzionate documentate, con livello di prova esplicito.;https://www.operadoncalabria.it/servizi | https://www.operadoncalabria.it/alberoblu | https://www.alberoblu.org/carta-dei-servizi;Convenzionata documentata – dichiarazione corrente del gestore;Convenzionate;2026-09-20;"Classificazione V7.1 conservata; nessuna regressione introdotta nella V7.2.";Nessuna modifica sostanziale.;https://www.operadoncalabria.it/servizi | https://www.operadoncalabria.it/alberoblu | https://www.alberoblu.org/carta-dei-servizi;Convenzionata documentata – dichiarazione corrente del gestore;Convenzionate;2026-09-20;Classificazione V7.2 conservata salvo nuove evidenze specifiche.;Nessuna modifica sostanziale.;https://www.operadoncalabria.it/servizi | https://www.operadoncalabria.it/alberoblu | https://www.alberoblu.org/carta-dei-servizi;Convenzionata documentata – dichiarazione corrente del gestore;Convenzionate
