id_sede;denominazione;gestore;natura;comune;provincia;asl_territoriale;indirizzo;telefono;email;rapporto_ssn;periodo_evidenza;livello_evidenza;accesso_extraregionale;condizioni_extraregionale;fonti;servizi;ammissione;destinatari;equipe;note;accessibilita;verifica_documentale;conferma_diretta;posti_liberi;mappa_url;fonti_rapporto_ssn;validita_2026;id_modulo;modulo;ambito;regime;posti;natura_posti;stato_catalogo;note_modulo;url_fonti;ambiti_secondari;sezione;fonti_convenzione_url;documenti_ingresso;durata_percorso;criteri_limitazioni;evidenza_servizi;evidenza_sede;evidenza_posti;autorizzazione_stato;autorizzazione_fonte;accreditamento_stato;accreditamento_fonte;contratto_ssn_stato;contratto_periodo;contratto_fonte;budget_2026_stato;budget_2026_fonte;posti_autorizzati;posti_accreditati;posti_contrattualizzati;posti_dichiarati;mobilita_intraregionale;accesso_fuori_lazio_stato;accesso_fuori_lazio_prova;titolarita_gestione;evidenza_titolarita;fonte_titolarita;stato_v6;note_v6;presente_v5;sezione_v5;stato_catalogo_v5;variazione_v5_v6;nota_v7_strutturale;sezione_canonica_v7;coerenza_sezione_v6;verifica_web_v7_1_data;esito_verifica_v7_1;azione_v7_1;fonti_v7_1;stato_v7_1;sezione_canonica_v7_1;verifica_web_v7_2_data;esito_verifica_v7_2;azione_v7_2;fonti_v7_2;stato_v7_2;sezione_canonica_v7_2;verifica_web_v7_3_data;esito_verifica_v7_3;azione_v7_3;fonti_v7_3;stato_v7_3;sezione_canonica_v7_3
GIU;Villa Giuseppina;S. Giuseppe S.p.A.;Privata / ente non ASL;Roma;RM;Roma 3;Viale Prospero Colonna, 46;;;"Contratto SSN firmato; accreditamento distinto per modulo";"Contratto 2025; pagina gestore consultata20/09/2026";Contratto ufficiale;Non documentato;;GIU-CON | GIU-WEB;Cura psichiatrica residenziale | Trattamenti terapeutico-riabilitativi | Assistenza socio-riabilitativa;"Invio e valutazione del servizio territoriale; verificare appropriatezza del modulo.";;;;Non documentata;2026-09-20;Non effettuata;Non rilevati: capacità autorizzata/accreditata non è disponibilità;https://www.google.com/maps/search/?api=1&query=Viale%20Prospero%20Colonna%2C%2046%2C%20Roma%2C%20Italia;GIU-CON;Non certificata: vedere annualità e fonte;MOD-009;Centro diurno;Psichiatria;Semiresidenziale;10;Solo autorizzati;Esclusa dal convenzionato;La pagina distingue esplicitamente il CD autorizzato dai moduli residenziali accreditati. Convenzione del CD non provata. V7.1: non estesa automaticamente al Centro Diurno la prova contrattuale riferita agli altri regimi SRP.;https://www.aslroma3.it/wp-content/uploads/2025/05/contratto_budget_15592_villa-giuseppina.pdf | https://www.villagiuseppina.it/ | https://www.aslroma3.it/amministrazione-trasparente/strutture-sanitarie-private-accreditate/;;Da completare / escluse;https://www.aslroma3.it/wp-content/uploads/2025/05/contratto_budget_15592_villa-giuseppina.pdf;"Da concordare con servizio inviante e accettazione; non acquisiti sistematicamente";"Individualizzata; durata specifica non consolidata";"Idoneità clinica e amministrativa da valutare; non dedotta dal solo accreditamento";Profilo del gestore / modulo: vedi fonti. Non certifica disponibilità giornaliera.;"Indirizzo pubblicato; ingresso e coordinate non verificati";Solo autorizzati;Documentata/indicata nel dossier V5;;Documentato/indicato nel dossier V5;;"Documentazione corrente ASL Roma 3 per la SRP; specifico contratto/budget 2026 del Centro Diurno non acquisito";2026 addendum disponibile per SRP, non per questo modulo;https://www.aslroma3.it/amministrazione-trasparente/strutture-sanitarie-private-accreditate/;Non documentato per il Centro Diurno;;10;;;10;Da verificare;Non documentato;;Privata / ente non ASL;Gestore identificato nel dossier V5;https://www.aslroma3.it/wp-content/uploads/2025/05/contratto_budget_15592_villa-giuseppina.pdf | https://www.villagiuseppina.it/;Ereditato V5;Conservata esclusione prudenziale: pagina gestore distingue Centro Diurno autorizzato dai moduli residenziali accreditati.;Sì;Da completare / escluse;Esclusa dal convenzionato;Conservato;Nessuna nuova verifica amministrativa/clinica introdotta dalla V7 strutturale.;Da verificare 2026;Coerente o compatibile;2026-09-20;"SRP Villa Giuseppina risulta nella documentazione ASL Roma 3 corrente; non acquisita prova che il Centro Diurno abbia specifico budget/contratto 2026.";"Resta da verificare 2026; rafforzata la nota amministrativa.";https://www.aslroma3.it/amministrazione-trasparente/strutture-sanitarie-private-accreditate/;Centro diurno: specifico rapporto SSN 2026 non comprovato;Da verificare 2026;2026-09-20;"SRP Villa Giuseppina è coperta dalla documentazione ASL Roma 3 2025-2026; il Centro Diurno compare tra i regimi psichiatrici ma la specifica valorizzazione/budget del CD non è consolidata.";Resta da verificare il rapporto SSN 2026 specifico del Centro Diurno.;https://www.aslroma3.it/amministrazione-trasparente/strutture-sanitarie-private-accreditate/;Centro diurno: specifico rapporto SSN 2026 non comprovato;Da verificare 2026;2026-09-20;Classificazione V7.2 conservata salvo nuove evidenze specifiche.;Nessuna modifica sostanziale.;https://www.aslroma3.it/amministrazione-trasparente/strutture-sanitarie-private-accreditate/;Centro diurno: specifico rapporto SSN 2026 non comprovato;Da verificare 2026
SAM;Samadi;Struttura Residenziale Psichiatrica Samadi S.p.A. / GHC;Privata / ente non ASL;Roma;RM;Roma 1;Via di Grottarossa, km2.200;06330141;accettazione@samadi.it;"68 posti accreditati; contratto/convenzione puntuale da acquisire";PARS09/02/2026;Da completare;Non documentato;;SAM-PARS | SAM-WEB | SAM-STR | SAM-GEN;Valutazione psichiatrica | Psicoterapia e interventi familiari | Riabilitazione psicosociale | Coordinamento CSM;"Richiesta CSM; autorizzazione UVM per moduli riabilitativi; valutazione di idoneità.";;;"STPIT censito anche se la prova contrattuale non è ancora consolidata; gli altri moduli restano nel registro da completare. Segreteria: lun–ven 09:30–13:00 e 14:00–16:30. La pagina contiene disposizioni COVID storiche non considerate vigenti.";Non documentata;2026-09-20;Non effettuata;Non rilevati: capacità autorizzata/accreditata non è disponibilità;https://www.google.com/maps/search/?api=1&query=Via%20di%20Grottarossa%2C%20km2.200%2C%20Roma%2C%20Italia;;Non certificata: vedere annualità e fonte;MOD-031;SRTRi;Psichiatria;Residenziale;10;Accreditati nel PARS 2026;Accreditata: convenzione da comprovare;;https://www.ghcspa.com/sites/default/files/2026-02/PARS-SAMADI-2026.pdf | https://www.ghcspa.com/samadi/accoglienza/modalita-di-accettazione-e-ricovero | https://www.ghcspa.com/samadi/chi-siamo/la-struttura-residenziale | https://www.ghcspa.com/samadi/accoglienza/informazioni-generali;;Da completare / escluse;;"Da concordare con servizio inviante e accettazione; non acquisiti sistematicamente";"Individualizzata; durata specifica non consolidata";"Idoneità clinica e amministrativa da valutare; non dedotta dal solo accreditamento";Profilo del gestore / modulo: vedi fonti. Non certifica disponibilità giornaliera.;"Indirizzo pubblicato; ingresso e coordinate non verificati";Accreditati nel PARS 2026;Da distinguere;;Documentato/indicato nel dossier V5;;Da comprovare/aggiornare;PARS09/02/2026;;Da verificare;;;10;;10;Da verificare;Non documentato;;Privata / ente non ASL;Gestore identificato nel dossier V5;https://www.ghcspa.com/sites/default/files/2026-02/PARS-SAMADI-2026.pdf | https://www.ghcspa.com/samadi/accoglienza/modalita-di-accettazione-e-ricovero | https://www.ghcspa.com/samadi/chi-siamo/la-struttura-residenziale | https://www.ghcspa.com/samadi/accoglienza/informazioni-generali;Ereditato V5;;Sì;Da completare / escluse;Accreditata: convenzione da comprovare;Conservato;Nessuna nuova verifica amministrativa/clinica introdotta dalla V7 strutturale.;Da verificare 2026;Coerente o compatibile;2026-09-20;Nessuna nuova prova 2026 sufficiente a modificare la classificazione nella ricognizione V7.1.;Resta da verificare 2026;https://www.ghcspa.com/sites/default/files/2026-02/PARS-SAMADI-2026.pdf | https://www.ghcspa.com/samadi/accoglienza/modalita-di-accettazione-e-ricovero | https://www.ghcspa.com/samadi/chi-siamo/la-struttura-residenziale | https://www.ghcspa.com/samadi/accoglienza/informazioni-generali;Accreditata: convenzione da comprovare;Da verificare 2026;2026-09-20;Seconda passata documentale: nessuna nuova evidenza 2026 sufficiente a modificare la classificazione.;Stato conservato in attesa di contratto, pagamento pubblico o altra evidenza amministrativa specifica.;https://www.ghcspa.com/sites/default/files/2026-02/PARS-SAMADI-2026.pdf | https://www.ghcspa.com/samadi/accoglienza/modalita-di-accettazione-e-ricovero | https://www.ghcspa.com/samadi/chi-siamo/la-struttura-residenziale | https://www.ghcspa.com/samadi/accoglienza/informazioni-generali;Accreditata: convenzione da comprovare;Da verificare 2026;2026-09-20;Classificazione V7.2 conservata salvo nuove evidenze specifiche.;Nessuna modifica sostanziale.;https://www.ghcspa.com/sites/default/files/2026-02/PARS-SAMADI-2026.pdf | https://www.ghcspa.com/samadi/accoglienza/modalita-di-accettazione-e-ricovero | https://www.ghcspa.com/samadi/chi-siamo/la-struttura-residenziale | https://www.ghcspa.com/samadi/accoglienza/informazioni-generali;Accreditata: convenzione da comprovare;Da verificare 2026
SAM;Samadi;Struttura Residenziale Psichiatrica Samadi S.p.A. / GHC;Privata / ente non ASL;Roma;RM;Roma 1;Via di Grottarossa, km2.200;06330141;accettazione@samadi.it;"68 posti accreditati; contratto/convenzione puntuale da acquisire";PARS09/02/2026;Da completare;Non documentato;;SAM-PARS | SAM-WEB | SAM-STR | SAM-GEN;Valutazione psichiatrica | Psicoterapia e interventi familiari | Riabilitazione psicosociale | Coordinamento CSM;"Richiesta CSM; autorizzazione UVM per moduli riabilitativi; valutazione di idoneità.";;;"STPIT censito anche se la prova contrattuale non è ancora consolidata; gli altri moduli restano nel registro da completare. Segreteria: lun–ven 09:30–13:00 e 14:00–16:30. La pagina contiene disposizioni COVID storiche non considerate vigenti.";Non documentata;2026-09-20;Non effettuata;Non rilevati: capacità autorizzata/accreditata non è disponibilità;https://www.google.com/maps/search/?api=1&query=Via%20di%20Grottarossa%2C%20km2.200%2C%20Roma%2C%20Italia;;Non certificata: vedere annualità e fonte;MOD-032;SRTRe;Psichiatria;Residenziale;10;Accreditati nel PARS 2026;Accreditata: convenzione da comprovare;;https://www.ghcspa.com/sites/default/files/2026-02/PARS-SAMADI-2026.pdf | https://www.ghcspa.com/samadi/accoglienza/modalita-di-accettazione-e-ricovero | https://www.ghcspa.com/samadi/chi-siamo/la-struttura-residenziale | https://www.ghcspa.com/samadi/accoglienza/informazioni-generali;;Da completare / escluse;;"Da concordare con servizio inviante e accettazione; non acquisiti sistematicamente";"Individualizzata; durata specifica non consolidata";"Idoneità clinica e amministrativa da valutare; non dedotta dal solo accreditamento";Profilo del gestore / modulo: vedi fonti. Non certifica disponibilità giornaliera.;"Indirizzo pubblicato; ingresso e coordinate non verificati";Accreditati nel PARS 2026;Da distinguere;;Documentato/indicato nel dossier V5;;Da comprovare/aggiornare;PARS09/02/2026;;Da verificare;;;10;;10;Da verificare;Non documentato;;Privata / ente non ASL;Gestore identificato nel dossier V5;https://www.ghcspa.com/sites/default/files/2026-02/PARS-SAMADI-2026.pdf | https://www.ghcspa.com/samadi/accoglienza/modalita-di-accettazione-e-ricovero | https://www.ghcspa.com/samadi/chi-siamo/la-struttura-residenziale | https://www.ghcspa.com/samadi/accoglienza/informazioni-generali;Ereditato V5;;Sì;Da completare / escluse;Accreditata: convenzione da comprovare;Conservato;Nessuna nuova verifica amministrativa/clinica introdotta dalla V7 strutturale.;Da verificare 2026;Coerente o compatibile;2026-09-20;Nessuna nuova prova 2026 sufficiente a modificare la classificazione nella ricognizione V7.1.;Resta da verificare 2026;https://www.ghcspa.com/sites/default/files/2026-02/PARS-SAMADI-2026.pdf | https://www.ghcspa.com/samadi/accoglienza/modalita-di-accettazione-e-ricovero | https://www.ghcspa.com/samadi/chi-siamo/la-struttura-residenziale | https://www.ghcspa.com/samadi/accoglienza/informazioni-generali;Accreditata: convenzione da comprovare;Da verificare 2026;2026-09-20;Seconda passata documentale: nessuna nuova evidenza 2026 sufficiente a modificare la classificazione.;Stato conservato in attesa di contratto, pagamento pubblico o altra evidenza amministrativa specifica.;https://www.ghcspa.com/sites/default/files/2026-02/PARS-SAMADI-2026.pdf | https://www.ghcspa.com/samadi/accoglienza/modalita-di-accettazione-e-ricovero | https://www.ghcspa.com/samadi/chi-siamo/la-struttura-residenziale | https://www.ghcspa.com/samadi/accoglienza/informazioni-generali;Accreditata: convenzione da comprovare;Da verificare 2026;2026-09-20;Classificazione V7.2 conservata salvo nuove evidenze specifiche.;Nessuna modifica sostanziale.;https://www.ghcspa.com/sites/default/files/2026-02/PARS-SAMADI-2026.pdf | https://www.ghcspa.com/samadi/accoglienza/modalita-di-accettazione-e-ricovero | https://www.ghcspa.com/samadi/chi-siamo/la-struttura-residenziale | https://www.ghcspa.com/samadi/accoglienza/informazioni-generali;Accreditata: convenzione da comprovare;Da verificare 2026
SAM;Samadi;Struttura Residenziale Psichiatrica Samadi S.p.A. / GHC;Privata / ente non ASL;Roma;RM;Roma 1;Via di Grottarossa, km2.200;06330141;accettazione@samadi.it;"68 posti accreditati; contratto/convenzione puntuale da acquisire";PARS09/02/2026;Da completare;Non documentato;;SAM-PARS | SAM-WEB | SAM-STR | SAM-GEN;Valutazione psichiatrica | Psicoterapia e interventi familiari | Riabilitazione psicosociale | Coordinamento CSM;"Richiesta CSM; autorizzazione UVM per moduli riabilitativi; valutazione di idoneità.";;;"STPIT censito anche se la prova contrattuale non è ancora consolidata; gli altri moduli restano nel registro da completare. Segreteria: lun–ven 09:30–13:00 e 14:00–16:30. La pagina contiene disposizioni COVID storiche non considerate vigenti.";Non documentata;2026-09-20;Non effettuata;Non rilevati: capacità autorizzata/accreditata non è disponibilità;https://www.google.com/maps/search/?api=1&query=Via%20di%20Grottarossa%2C%20km2.200%2C%20Roma%2C%20Italia;;Non certificata: vedere annualità e fonte;MOD-033;SRSR H24;Psichiatria;Residenziale;18;Accreditati nel PARS 2026;Accreditata: convenzione da comprovare;;https://www.ghcspa.com/sites/default/files/2026-02/PARS-SAMADI-2026.pdf | https://www.ghcspa.com/samadi/accoglienza/modalita-di-accettazione-e-ricovero | https://www.ghcspa.com/samadi/chi-siamo/la-struttura-residenziale | https://www.ghcspa.com/samadi/accoglienza/informazioni-generali;;Da completare / escluse;;"Da concordare con servizio inviante e accettazione; non acquisiti sistematicamente";"Individualizzata; durata specifica non consolidata";"Idoneità clinica e amministrativa da valutare; non dedotta dal solo accreditamento";Profilo del gestore / modulo: vedi fonti. Non certifica disponibilità giornaliera.;"Indirizzo pubblicato; ingresso e coordinate non verificati";Accreditati nel PARS 2026;Da distinguere;;Documentato/indicato nel dossier V5;;Da comprovare/aggiornare;PARS09/02/2026;;Da verificare;;;18;;18;Da verificare;Non documentato;;Privata / ente non ASL;Gestore identificato nel dossier V5;https://www.ghcspa.com/sites/default/files/2026-02/PARS-SAMADI-2026.pdf | https://www.ghcspa.com/samadi/accoglienza/modalita-di-accettazione-e-ricovero | https://www.ghcspa.com/samadi/chi-siamo/la-struttura-residenziale | https://www.ghcspa.com/samadi/accoglienza/informazioni-generali;Ereditato V5;;Sì;Da completare / escluse;Accreditata: convenzione da comprovare;Conservato;Nessuna nuova verifica amministrativa/clinica introdotta dalla V7 strutturale.;Da verificare 2026;Coerente o compatibile;2026-09-20;Nessuna nuova prova 2026 sufficiente a modificare la classificazione nella ricognizione V7.1.;Resta da verificare 2026;https://www.ghcspa.com/sites/default/files/2026-02/PARS-SAMADI-2026.pdf | https://www.ghcspa.com/samadi/accoglienza/modalita-di-accettazione-e-ricovero | https://www.ghcspa.com/samadi/chi-siamo/la-struttura-residenziale | https://www.ghcspa.com/samadi/accoglienza/informazioni-generali;Accreditata: convenzione da comprovare;Da verificare 2026;2026-09-20;Seconda passata documentale: nessuna nuova evidenza 2026 sufficiente a modificare la classificazione.;Stato conservato in attesa di contratto, pagamento pubblico o altra evidenza amministrativa specifica.;https://www.ghcspa.com/sites/default/files/2026-02/PARS-SAMADI-2026.pdf | https://www.ghcspa.com/samadi/accoglienza/modalita-di-accettazione-e-ricovero | https://www.ghcspa.com/samadi/chi-siamo/la-struttura-residenziale | https://www.ghcspa.com/samadi/accoglienza/informazioni-generali;Accreditata: convenzione da comprovare;Da verificare 2026;2026-09-20;Classificazione V7.2 conservata salvo nuove evidenze specifiche.;Nessuna modifica sostanziale.;https://www.ghcspa.com/sites/default/files/2026-02/PARS-SAMADI-2026.pdf | https://www.ghcspa.com/samadi/accoglienza/modalita-di-accettazione-e-ricovero | https://www.ghcspa.com/samadi/chi-siamo/la-struttura-residenziale | https://www.ghcspa.com/samadi/accoglienza/informazioni-generali;Accreditata: convenzione da comprovare;Da verificare 2026
ROSA;Villa Rosa;Congregazione Suore Ospedaliere del S. Cuore di Gesù;Privata / ente non ASL;Viterbo;VT;Viterbo;Viale Francesco Baracca, 21;07613378306;ricoveri.vr@ospedaliere.it;"Accreditamento e offerta psichiatrica; prova contrattuale da completare";Pagina gestore consultata20/09/2026;Da completare;Non documentato;;ROSA-WEB | ROSA-ST | ROSA-DEC | ROSA-CDS;Valutazione psichiatrica e progetto individualizzato | Psicoterapia e riabilitazione psicosociale | Assistenza infermieristica | Attività occupazionali e supporto sociale;"Proposta dello specialista DSM; richiesta di ricovero, tessera sanitaria, codice fiscale e documento. Idoneità valutata dalla struttura.";;Medici, psicologi, infermieri, OSS, terapisti occupazionali, tecnici della riabilitazione, assistente sociale ed educatori.;"RSA e Hospice esclusi; non inferita convenzione psichiatrica da convenzione di altri reparti.";Non documentata;2026-09-20;Non effettuata;Non rilevati: capacità autorizzata/accreditata non è disponibilità;https://www.google.com/maps/search/?api=1&query=Viale%20Francesco%20Baracca%2C%2021%2C%20Viterbo%2C%20Italia;;"Operatività corrente documentata nel 2026; contratto/budget SSR 2026 non acquisito";MOD-035;SRTRi;Psichiatria;Residenziale;10;Dotazione indicata dal gestore;Accreditata: convenzione da comprovare; Carta 2024: permanenza usuale sino a 60 giorni, generalmente non oltre 90 salvo indicazione.;https://viterbo.ospedaliere.it/psichiatria/ | https://viterbo.ospedaliere.it/servizi-per-il-paziente/stpit-struttura-per-trattamenti-psichiatrici-intensivi-territoriali/ | https://www.regione.lazio.it/sites/default/files/decreti-commissario-ad-acta/SAN_DCA_U00154_20_04_2018.pdf | https://viterbo.ospedaliere.it/wp-content/uploads/2024/05/I.03.01-1-carta-servizi-2024-rev.26.pdf | https://viterbo.ospedaliere.it/servizi-per-il-paziente/psichiatria/srsrh24-struttura-residenziale-socio-riabilitativa-24-ore/;;Da completare / escluse;;"Richiesta specialista DSM, tessera sanitaria, codice fiscale, documento; documentazione clinica precedente.";"Carta 2024: fino a 60 giorni, generalmente non oltre 90; valutazione individuale.";"Idoneità clinica e amministrativa da valutare; non dedotta dal solo accreditamento";Profilo del gestore / modulo: vedi fonti. Non certifica disponibilità giornaliera.;"Indirizzo pubblicato; ingresso e coordinate non verificati";Dotazione indicata dal gestore;Da distinguere;;Documentato/indicato nel dossier V5;;Da comprovare/aggiornare;Pagina gestore consultata20/09/2026;;Da verificare;;;;;10;Documentata/descritta per pazienti provenienti da altre ASL del Lazio;Non documentato specificamente;;Privata / ente non ASL;Gestore identificato nel dossier V5;https://viterbo.ospedaliere.it/psichiatria/ | https://viterbo.ospedaliere.it/servizi-per-il-paziente/stpit-struttura-per-trattamenti-psichiatrici-intensivi-territoriali/ | https://www.regione.lazio.it/sites/default/files/decreti-commissario-ad-acta/SAN_DCA_U00154_20_04_2018.pdf | https://viterbo.ospedaliere.it/wp-content/uploads/2024/05/I.03.01-1-carta-servizi-2024-rev.26.pdf;Ereditato V5;;Sì;Da completare / escluse;Accreditata: convenzione da comprovare;Conservato;Nessuna nuova verifica amministrativa/clinica introdotta dalla V7 strutturale.;Da verificare 2026;Coerente o compatibile;2026-09-20;"Struttura e modulo correnti documentati dal gestore; accesso tramite DSM/ASL del Lazio documentato. Contratto/budget SSR 2026 non acquisito.";"Confermata operatività corrente; nessuna promozione amministrativa sul contratto 2026.";https://viterbo.ospedaliere.it/psichiatria/ | https://viterbo.ospedaliere.it/servizi-per-il-paziente/psichiatria/srsrh24-struttura-residenziale-socio-riabilitativa-24-ore/;Accreditata: convenzione da comprovare;Da verificare 2026;2026-09-20;Seconda passata documentale: nessuna nuova evidenza 2026 sufficiente a modificare la classificazione.;Stato conservato in attesa di contratto, pagamento pubblico o altra evidenza amministrativa specifica.;https://viterbo.ospedaliere.it/psichiatria/ | https://viterbo.ospedaliere.it/servizi-per-il-paziente/psichiatria/srsrh24-struttura-residenziale-socio-riabilitativa-24-ore/;Accreditata: convenzione da comprovare;Da verificare 2026;2026-09-20;Classificazione V7.2 conservata salvo nuove evidenze specifiche.;Nessuna modifica sostanziale.;https://viterbo.ospedaliere.it/psichiatria/ | https://viterbo.ospedaliere.it/servizi-per-il-paziente/psichiatria/srsrh24-struttura-residenziale-socio-riabilitativa-24-ore/;Accreditata: convenzione da comprovare;Da verificare 2026
ROSA;Villa Rosa;Congregazione Suore Ospedaliere del S. Cuore di Gesù;Privata / ente non ASL;Viterbo;VT;Viterbo;Viale Francesco Baracca, 21;07613378306;ricoveri.vr@ospedaliere.it;"Accreditamento e offerta psichiatrica; prova contrattuale da completare";Pagina gestore consultata20/09/2026;Da completare;Non documentato;;ROSA-WEB | ROSA-ST | ROSA-DEC | ROSA-CDS;Valutazione psichiatrica e progetto individualizzato | Psicoterapia e riabilitazione psicosociale | Assistenza infermieristica | Attività occupazionali e supporto sociale;"Proposta dello specialista DSM; richiesta di ricovero, tessera sanitaria, codice fiscale e documento. Idoneità valutata dalla struttura.";;Medici, psicologi, infermieri, OSS, terapisti occupazionali, tecnici della riabilitazione, assistente sociale ed educatori.;"RSA e Hospice esclusi; non inferita convenzione psichiatrica da convenzione di altri reparti.";Non documentata;2026-09-20;Non effettuata;Non rilevati: capacità autorizzata/accreditata non è disponibilità;https://www.google.com/maps/search/?api=1&query=Viale%20Francesco%20Baracca%2C%2021%2C%20Viterbo%2C%20Italia;;"Operatività corrente documentata nel 2026; contratto/budget SSR 2026 non acquisito";MOD-036;SRTRe;Psichiatria;Residenziale;10;Dotazione indicata dal gestore;Accreditata: convenzione da comprovare;" Carta 2024: permanenza di norma due anni; durata individuale da concordare.";https://viterbo.ospedaliere.it/psichiatria/ | https://viterbo.ospedaliere.it/servizi-per-il-paziente/stpit-struttura-per-trattamenti-psichiatrici-intensivi-territoriali/ | https://www.regione.lazio.it/sites/default/files/decreti-commissario-ad-acta/SAN_DCA_U00154_20_04_2018.pdf | https://viterbo.ospedaliere.it/wp-content/uploads/2024/05/I.03.01-1-carta-servizi-2024-rev.26.pdf | https://viterbo.ospedaliere.it/servizi-per-il-paziente/psichiatria/srsrh24-struttura-residenziale-socio-riabilitativa-24-ore/;;Da completare / escluse;;"Richiesta specialista DSM, tessera sanitaria, codice fiscale, documento; documentazione clinica precedente.";"Carta 2024: di norma due anni; da confermare.";"Idoneità clinica e amministrativa da valutare; non dedotta dal solo accreditamento";Profilo del gestore / modulo: vedi fonti. Non certifica disponibilità giornaliera.;"Indirizzo pubblicato; ingresso e coordinate non verificati";Dotazione indicata dal gestore;Da distinguere;;Documentato/indicato nel dossier V5;;Da comprovare/aggiornare;Pagina gestore consultata20/09/2026;;Da verificare;;;;;10;Documentata/descritta per pazienti provenienti da altre ASL del Lazio;Non documentato specificamente;;Privata / ente non ASL;Gestore identificato nel dossier V5;https://viterbo.ospedaliere.it/psichiatria/ | https://viterbo.ospedaliere.it/servizi-per-il-paziente/stpit-struttura-per-trattamenti-psichiatrici-intensivi-territoriali/ | https://www.regione.lazio.it/sites/default/files/decreti-commissario-ad-acta/SAN_DCA_U00154_20_04_2018.pdf | https://viterbo.ospedaliere.it/wp-content/uploads/2024/05/I.03.01-1-carta-servizi-2024-rev.26.pdf;Ereditato V5;;Sì;Da completare / escluse;Accreditata: convenzione da comprovare;Conservato;Nessuna nuova verifica amministrativa/clinica introdotta dalla V7 strutturale.;Da verificare 2026;Coerente o compatibile;2026-09-20;"Struttura e modulo correnti documentati dal gestore; accesso tramite DSM/ASL del Lazio documentato. Contratto/budget SSR 2026 non acquisito.";"Confermata operatività corrente; nessuna promozione amministrativa sul contratto 2026.";https://viterbo.ospedaliere.it/psichiatria/ | https://viterbo.ospedaliere.it/servizi-per-il-paziente/psichiatria/srsrh24-struttura-residenziale-socio-riabilitativa-24-ore/;Accreditata: convenzione da comprovare;Da verificare 2026;2026-09-20;Seconda passata documentale: nessuna nuova evidenza 2026 sufficiente a modificare la classificazione.;Stato conservato in attesa di contratto, pagamento pubblico o altra evidenza amministrativa specifica.;https://viterbo.ospedaliere.it/psichiatria/ | https://viterbo.ospedaliere.it/servizi-per-il-paziente/psichiatria/srsrh24-struttura-residenziale-socio-riabilitativa-24-ore/;Accreditata: convenzione da comprovare;Da verificare 2026;2026-09-20;Classificazione V7.2 conservata salvo nuove evidenze specifiche.;Nessuna modifica sostanziale.;https://viterbo.ospedaliere.it/psichiatria/ | https://viterbo.ospedaliere.it/servizi-per-il-paziente/psichiatria/srsrh24-struttura-residenziale-socio-riabilitativa-24-ore/;Accreditata: convenzione da comprovare;Da verificare 2026
ROSA;Villa Rosa;Congregazione Suore Ospedaliere del S. Cuore di Gesù;Privata / ente non ASL;Viterbo;VT;Viterbo;Viale Francesco Baracca, 21;07613378306;ricoveri.vr@ospedaliere.it;"Accreditamento e offerta psichiatrica; prova contrattuale da completare";Pagina gestore consultata20/09/2026;Da completare;Non documentato;;ROSA-WEB | ROSA-ST | ROSA-DEC | ROSA-CDS;Valutazione psichiatrica e progetto individualizzato | Psicoterapia e riabilitazione psicosociale | Assistenza infermieristica | Attività occupazionali e supporto sociale;"Proposta dello specialista DSM; richiesta di ricovero, tessera sanitaria, codice fiscale e documento. Idoneità valutata dalla struttura.";;Medici, psicologi, infermieri, OSS, terapisti occupazionali, tecnici della riabilitazione, assistente sociale ed educatori.;"RSA e Hospice esclusi; non inferita convenzione psichiatrica da convenzione di altri reparti.";Non documentata;2026-09-20;Non effettuata;Non rilevati: capacità autorizzata/accreditata non è disponibilità;https://www.google.com/maps/search/?api=1&query=Viale%20Francesco%20Baracca%2C%2021%2C%20Viterbo%2C%20Italia;;"Operatività corrente documentata nel 2026; contratto/budget SSR 2026 non acquisito";MOD-037;SRSR H24;Psichiatria;Residenziale;10;Dotazione indicata dal gestore;Accreditata: convenzione da comprovare;;https://viterbo.ospedaliere.it/psichiatria/ | https://viterbo.ospedaliere.it/servizi-per-il-paziente/stpit-struttura-per-trattamenti-psichiatrici-intensivi-territoriali/ | https://www.regione.lazio.it/sites/default/files/decreti-commissario-ad-acta/SAN_DCA_U00154_20_04_2018.pdf | https://viterbo.ospedaliere.it/wp-content/uploads/2024/05/I.03.01-1-carta-servizi-2024-rev.26.pdf | https://viterbo.ospedaliere.it/servizi-per-il-paziente/psichiatria/srsrh24-struttura-residenziale-socio-riabilitativa-24-ore/;;Da completare / escluse;;"Richiesta specialista DSM, tessera sanitaria, codice fiscale, documento; documentazione clinica precedente.";"Individualizzata; durata specifica non consolidata";"Idoneità clinica e amministrativa da valutare; non dedotta dal solo accreditamento";Profilo del gestore / modulo: vedi fonti. Non certifica disponibilità giornaliera.;"Indirizzo pubblicato; ingresso e coordinate non verificati";Dotazione indicata dal gestore;Da distinguere;;Documentato/indicato nel dossier V5;;Da comprovare/aggiornare;Pagina gestore consultata20/09/2026;;Da verificare;;;;;10;Documentata/descritta per pazienti provenienti da altre ASL del Lazio;Non documentato specificamente;;Privata / ente non ASL;Gestore identificato nel dossier V5;https://viterbo.ospedaliere.it/psichiatria/ | https://viterbo.ospedaliere.it/servizi-per-il-paziente/stpit-struttura-per-trattamenti-psichiatrici-intensivi-territoriali/ | https://www.regione.lazio.it/sites/default/files/decreti-commissario-ad-acta/SAN_DCA_U00154_20_04_2018.pdf | https://viterbo.ospedaliere.it/wp-content/uploads/2024/05/I.03.01-1-carta-servizi-2024-rev.26.pdf;Ereditato V5;;Sì;Da completare / escluse;Accreditata: convenzione da comprovare;Conservato;Nessuna nuova verifica amministrativa/clinica introdotta dalla V7 strutturale.;Da verificare 2026;Coerente o compatibile;2026-09-20;"Struttura e modulo correnti documentati dal gestore; accesso tramite DSM/ASL del Lazio documentato. Contratto/budget SSR 2026 non acquisito.";"Confermata operatività corrente; nessuna promozione amministrativa sul contratto 2026.";https://viterbo.ospedaliere.it/psichiatria/ | https://viterbo.ospedaliere.it/servizi-per-il-paziente/psichiatria/srsrh24-struttura-residenziale-socio-riabilitativa-24-ore/;Accreditata: convenzione da comprovare;Da verificare 2026;2026-09-20;Seconda passata documentale: nessuna nuova evidenza 2026 sufficiente a modificare la classificazione.;Stato conservato in attesa di contratto, pagamento pubblico o altra evidenza amministrativa specifica.;https://viterbo.ospedaliere.it/psichiatria/ | https://viterbo.ospedaliere.it/servizi-per-il-paziente/psichiatria/srsrh24-struttura-residenziale-socio-riabilitativa-24-ore/;Accreditata: convenzione da comprovare;Da verificare 2026;2026-09-20;Classificazione V7.2 conservata salvo nuove evidenze specifiche.;Nessuna modifica sostanziale.;https://viterbo.ospedaliere.it/psichiatria/ | https://viterbo.ospedaliere.it/servizi-per-il-paziente/psichiatria/srsrh24-struttura-residenziale-socio-riabilitativa-24-ore/;Accreditata: convenzione da comprovare;Da verificare 2026
INS-AUS;Insieme Ausonia;Insieme di A.Anelli & C. s.a.s.;Privata / ente non ASL;Ausonia;FR;Frosinone;Contrada Orfanotrofio, località Faiano;0771736897;info@comunitainsieme.com;"Accreditamento e percorso UVM documentati; contratto di modulo non acquisito";Carta04/08/2026;Da completare;Previsto nella Carta del gestore;"La Carta contempla residenza fuori Lazio; impegno economico e autorizzazione del nuovo invio non comprovati.";INS-CDS | INS-CAP;Assistenza psichiatrica | Riabilitazione delle autonomie | Supporto psicologico e familiare;"DSM/UVM e lista d’attesa dopo idoneità; nessun ingresso SSN garantito dal solo contatto.";;;Non trasferita a questi gestori/moduli la prova di pagamento relativa a ProgettoInsieme/Abaton, società distinta.;Non documentata;2026-09-20;Non effettuata;Non rilevati: capacità autorizzata/accreditata non è disponibilità;https://www.google.com/maps/search/?api=1&query=Contrada%20Orfanotrofio%2C%20localit%C3%A0%20Faiano%2C%20Ausonia%2C%20Italia;;Non certificata: vedere annualità e fonte;MOD-044;SRTRe;Psichiatria;Residenziale;20;Dotazione Carta 2026 e tabella 2024;Accreditata: convenzione da comprovare;;https://www.comunitainsieme.com/download/amministrazione_trasparente/carta_dei_servizi_26.pdf | https://www.comunitainsieme.com/download/amministrazione_trasparente/prestazioni-in-ambito-di-accreditamento.pdf;;Da completare / escluse;;"Da concordare con servizio inviante e accettazione; non acquisiti sistematicamente";"Individualizzata; durata specifica non consolidata";"Idoneità clinica e amministrativa da valutare; non dedotta dal solo accreditamento";Profilo del gestore / modulo: vedi fonti. Non certifica disponibilità giornaliera.;"Indirizzo pubblicato; ingresso e coordinate non verificati";Dotazione Carta 2026 e tabella 2024;Da distinguere;;Documentato/indicato nel dossier V5;;Da comprovare/aggiornare;Carta04/08/2026;;Da verificare;;;;;20;Da verificare;"Previsto/possibile; autorizzazione economica da provare";"Carta gestore contempla residenza fuori Lazio; serve autorizzazione/impegno di spesa della ASL/Regione inviante.";Privata / ente non ASL;Gestore identificato nel dossier V5;https://www.comunitainsieme.com/download/amministrazione_trasparente/carta_dei_servizi_26.pdf | https://www.comunitainsieme.com/download/amministrazione_trasparente/prestazioni-in-ambito-di-accreditamento.pdf;Ereditato V5;;Sì;Da completare / escluse;Accreditata: convenzione da comprovare;Conservato;Nessuna nuova verifica amministrativa/clinica introdotta dalla V7 strutturale.;Da verificare 2026;Coerente o compatibile;2026-09-20;Nessuna nuova prova 2026 sufficiente a modificare la classificazione nella ricognizione V7.1.;Resta da verificare 2026;https://www.comunitainsieme.com/download/amministrazione_trasparente/carta_dei_servizi_26.pdf | https://www.comunitainsieme.com/download/amministrazione_trasparente/prestazioni-in-ambito-di-accreditamento.pdf;Accreditata: convenzione da comprovare;Da verificare 2026;2026-09-20;Seconda passata documentale: nessuna nuova evidenza 2026 sufficiente a modificare la classificazione.;Stato conservato in attesa di contratto, pagamento pubblico o altra evidenza amministrativa specifica.;https://www.comunitainsieme.com/download/amministrazione_trasparente/carta_dei_servizi_26.pdf | https://www.comunitainsieme.com/download/amministrazione_trasparente/prestazioni-in-ambito-di-accreditamento.pdf;Accreditata: convenzione da comprovare;Da verificare 2026;2026-09-20;Classificazione V7.2 conservata salvo nuove evidenze specifiche.;Nessuna modifica sostanziale.;https://www.comunitainsieme.com/download/amministrazione_trasparente/carta_dei_servizi_26.pdf | https://www.comunitainsieme.com/download/amministrazione_trasparente/prestazioni-in-ambito-di-accreditamento.pdf;Accreditata: convenzione da comprovare;Da verificare 2026
MASS;C. Massimo;Associazione Comunità Massimo;Privata / ente non ASL;Anzio;RM;Roma 6;Via Oratorio di Santa Rita,3;069831460 / 3334135491;info@comunitamassimo.org;"Accreditamento11 posti riportato daACTA; convenzione attuale da acquisire";;Da completare;Non documentato;;MASS-ACTA;Percorso pedagogico-riabilitativo | Autonomie e reinserimento;Percorso SerD e valutazione comunità.;Uomini adulti;;;Non documentata;2026-09-20;Non effettuata;Non rilevati: capacità autorizzata/accreditata non è disponibilità;https://www.google.com/maps/search/?api=1&query=Via%20Oratorio%20di%20Santa%20Rita%2C3%2C%20Anzio%2C%20Italia;;Non certificata: vedere annualità e fonte;MOD-049;Pedagogico-riabilitativa;Dipendenze;Residenziale;11;"Accreditati secondoACTA; data da riconfermare";Accreditata: convenzione da comprovare;;https://www.actalazio.it/c-massimo/ | https://comunitamassimo.org/resources/carta-servizi-28-10-2019.pdf | https://www.regione.lazio.it/sites/default/files/decreti-commissario-ad-acta/Decr_U00241.pdf;;Da completare / escluse;;"Da concordare con servizio inviante e accettazione; non acquisiti sistematicamente";"Individualizzata; durata specifica non consolidata";"Idoneità clinica e amministrativa da valutare; non dedotta dal solo accreditamento";Profilo del gestore / modulo: vedi fonti. Non certifica disponibilità giornaliera.;"Indirizzo pubblicato; ingresso e coordinate non verificati";"Accreditati secondoACTA; data da riconfermare";Da distinguere;;Documentato/indicato nel dossier V5;;Da comprovare/aggiornare;;;Da verificare;;;11;;11;Da verificare;Non documentato;;Privata / ente non ASL;Gestore identificato nel dossier V5;https://www.actalazio.it/c-massimo/;Ereditato V5;;Sì;Da completare / escluse;Accreditata: convenzione da comprovare;Conservato;Nessuna nuova verifica amministrativa/clinica introdotta dalla V7 strutturale.;Da verificare 2026;Coerente o compatibile;2026-09-20;"Comunità Massimo corrente/accreditata; convenzioni storiche documentate, ma nessuna prova sufficiente di rapporto 2026 reperita.";Resta da verificare 2026.;https://comunitamassimo.org/resources/carta-servizi-28-10-2019.pdf | https://www.regione.lazio.it/sites/default/files/decreti-commissario-ad-acta/Decr_U00241.pdf;Accreditata: convenzione da comprovare;Da verificare 2026;2026-09-20;Seconda passata documentale: nessuna nuova evidenza 2026 sufficiente a modificare la classificazione.;Stato conservato in attesa di contratto, pagamento pubblico o altra evidenza amministrativa specifica.;https://comunitamassimo.org/resources/carta-servizi-28-10-2019.pdf | https://www.regione.lazio.it/sites/default/files/decreti-commissario-ad-acta/Decr_U00241.pdf;Accreditata: convenzione da comprovare;Da verificare 2026;2026-09-20;Classificazione V7.2 conservata salvo nuove evidenze specifiche.;Nessuna modifica sostanziale.;https://comunitamassimo.org/resources/carta-servizi-28-10-2019.pdf | https://www.regione.lazio.it/sites/default/files/decreti-commissario-ad-acta/Decr_U00241.pdf;Accreditata: convenzione da comprovare;Da verificare 2026
DIA-NUOVA;In Dialogo — Nuova Era;Comunità In Dialogo;Privata / ente non ASL;Trivigliano;FR;Frosinone;Borgo San Rocco,2;0775520236 / 0775520191;info@comunitaindialogo.it;"Accreditamento 2014 e convenzioni storiche ASL citate; validità 2026 da comprovare";"Decreti16/06/2014; accordi1996–2004";Da completare;Non documentato;;DIALOGO-ACTA | DIALOGO-WEB;Percorso residenziale dipendenze | Riabilitazione e reinserimento;Contatto comunità, valutazione e raccordo SerD.;;;Le convenzioni storiche non sono presentate come contratto attuale.;Non documentata;2026-09-20;Non effettuata;Non rilevati: capacità autorizzata/accreditata non è disponibilità;https://www.google.com/maps/search/?api=1&query=Borgo%20San%20Rocco%2C2%2C%20Trivigliano%2C%20Italia;;Non certificata: vedere annualità e fonte;MOD-050;Comunità residenziale;Dipendenze;Residenziale;50;Accreditati nel riferimentoACTA;Convenzione storica: attualità da comprovare;;https://www.actalazio.it/in-dialogo/ | https://comunitaindialogo.it/ | https://comunitaindialogo.it/centri-in-italia/nuova-era/;;Da completare / escluse;;"Da concordare con servizio inviante e accettazione; non acquisiti sistematicamente";"Individualizzata; durata specifica non consolidata";"Idoneità clinica e amministrativa da valutare; non dedotta dal solo accreditamento";Profilo del gestore / modulo: vedi fonti. Non certifica disponibilità giornaliera.;"Indirizzo pubblicato; ingresso e coordinate non verificati";Accreditati nel riferimentoACTA;Da distinguere;;Documentato/indicato nel dossier V5;;Da comprovare/aggiornare;"Decreti16/06/2014; accordi1996–2004";;Da verificare;;;50;;50;Da verificare;Non documentato;;Privata / ente non ASL;Gestore identificato nel dossier V5;https://www.actalazio.it/in-dialogo/ | https://comunitaindialogo.it/;Ereditato V5;;Sì;Da completare / escluse;Convenzione storica: attualità da comprovare;Conservato;Nessuna nuova verifica amministrativa/clinica introdotta dalla V7 strutturale.;Da verificare 2026;Coerente o compatibile;2026-09-20;"Nuova Era risulta operativa nel sito corrente del gestore; nessuna prova sanitaria pubblica 2026 sufficiente reperita.";Resta da verificare 2026.;https://comunitaindialogo.it/centri-in-italia/nuova-era/;Convenzione storica: attualità da comprovare;Da verificare 2026;2026-09-20;Seconda passata documentale: nessuna nuova evidenza 2026 sufficiente a modificare la classificazione.;Stato conservato in attesa di contratto, pagamento pubblico o altra evidenza amministrativa specifica.;https://comunitaindialogo.it/centri-in-italia/nuova-era/;Convenzione storica: attualità da comprovare;Da verificare 2026;2026-09-20;Classificazione V7.2 conservata salvo nuove evidenze specifiche.;Nessuna modifica sostanziale.;https://comunitaindialogo.it/centri-in-italia/nuova-era/;Convenzione storica: attualità da comprovare;Da verificare 2026
EXO;Exodus Cassino;Fondazione Exodus;Privata / ente non ASL;Cassino;FR;Frosinone;Via San Domenico Vertelle,23;0776311788;cassino@exodus.it;"Articolazione residenziale e semiresidenziale documentata daACTA; contratto attuale da acquisire";;Da completare;Non documentato;;EXO-ACTA;Percorso terapeutico-riabilitativo | Sostegno familiare e reinserimento;Valutazione e invio SerD.;;;;Non documentata;2026-09-20;Non effettuata;Non rilevati: capacità autorizzata/accreditata non è disponibilità;https://www.google.com/maps/search/?api=1&query=Via%20San%20Domenico%20Vertelle%2C23%2C%20Cassino%2C%20Italia;;Non certificata: vedere annualità e fonte;MOD-052;Comunità residenziale;Dipendenze;Residenziale;20;20 autorizzati/accreditati secondo PARS 2025;Accreditata: convenzione da comprovare;;https://www.actalazio.it/exodus-cassino/ | https://www.exodus.it/sedi-exodus/cassino.html | https://www.exodus.it/sedi-exodus/documenti/cassino_cs_2025.pdf;;Da completare / escluse;;"Da concordare con servizio inviante e accettazione; non acquisiti sistematicamente";"Individualizzata; durata specifica non consolidata";"Idoneità clinica e amministrativa da valutare; non dedotta dal solo accreditamento";Profilo del gestore / modulo: vedi fonti. Non certifica disponibilità giornaliera.;"Indirizzo pubblicato; ingresso e coordinate non verificati";CapacitàACTA da riconfermare;Da distinguere;;Da distinguere;;Da comprovare/aggiornare;;;Da verificare;;;20;;20;Da verificare;Non documentato;;Privata / ente non ASL;Gestore identificato nel dossier V5;https://www.actalazio.it/exodus-cassino/;Ereditato V5;;Sì;Da completare / escluse;Accreditata: convenzione da comprovare;Conservato;Nessuna nuova verifica amministrativa/clinica introdotta dalla V7 strutturale.;Da verificare 2026;Coerente o compatibile;2026-09-20;"Exodus Cassino risulta operativa e accreditata; documentazione 2025 conferma 20 posti residenziali accreditati, ma nessun rapporto 2026 sufficiente reperito.";"Resta da verificare 2026; confermati 20 posti residenziali.";https://www.exodus.it/sedi-exodus/cassino.html | https://www.exodus.it/sedi-exodus/documenti/cassino_cs_2025.pdf;Accreditata: convenzione da comprovare;Da verificare 2026;2026-09-20;Seconda passata documentale: nessuna nuova evidenza 2026 sufficiente a modificare la classificazione.;Stato conservato in attesa di contratto, pagamento pubblico o altra evidenza amministrativa specifica.;https://www.exodus.it/sedi-exodus/cassino.html | https://www.exodus.it/sedi-exodus/documenti/cassino_cs_2025.pdf;Accreditata: convenzione da comprovare;Da verificare 2026;2026-09-20;Classificazione V7.2 conservata salvo nuove evidenze specifiche.;Nessuna modifica sostanziale.;https://www.exodus.it/sedi-exodus/cassino.html | https://www.exodus.it/sedi-exodus/documenti/cassino_cs_2025.pdf;Accreditata: convenzione da comprovare;Da verificare 2026
EXO;Exodus Cassino;Fondazione Exodus;Privata / ente non ASL;Cassino;FR;Frosinone;Via San Domenico Vertelle,23;0776311788;cassino@exodus.it;"Articolazione residenziale e semiresidenziale documentata daACTA; contratto attuale da acquisire";;Da completare;Non documentato;;EXO-ACTA;Percorso terapeutico-riabilitativo | Sostegno familiare e reinserimento;Valutazione e invio SerD.;;;;Non documentata;2026-09-20;Non effettuata;Non rilevati: capacità autorizzata/accreditata non è disponibilità;https://www.google.com/maps/search/?api=1&query=Via%20San%20Domenico%20Vertelle%2C23%2C%20Cassino%2C%20Italia;;Non certificata: vedere annualità e fonte;MOD-053;Comunità semiresidenziale;Dipendenze;Semiresidenziale;10;10 autorizzati/accreditati secondo PARS 2025;Accreditata: convenzione da comprovare;;https://www.actalazio.it/exodus-cassino/ | https://www.exodus.it/sedi-exodus/cassino.html | https://www.exodus.it/sedi-exodus/documenti/cassino_cs_2025.pdf;;Da completare / escluse;;"Da concordare con servizio inviante e accettazione; non acquisiti sistematicamente";"Individualizzata; durata specifica non consolidata";"Idoneità clinica e amministrativa da valutare; non dedotta dal solo accreditamento";Profilo del gestore / modulo: vedi fonti. Non certifica disponibilità giornaliera.;"Indirizzo pubblicato; ingresso e coordinate non verificati";CapacitàACTA da riconfermare;Da distinguere;;Da distinguere;;Da comprovare/aggiornare;;;Da verificare;;;10;;10;Da verificare;Non documentato;;Privata / ente non ASL;Gestore identificato nel dossier V5;https://www.actalazio.it/exodus-cassino/;Ereditato V5;;Sì;Da completare / escluse;Accreditata: convenzione da comprovare;Conservato;Nessuna nuova verifica amministrativa/clinica introdotta dalla V7 strutturale.;Da verificare 2026;Coerente o compatibile;2026-09-20;"Exodus Cassino risulta operativa e accreditata; documentazione 2025 conferma 10 posti semiresidenziali accreditati, ma nessun rapporto 2026 sufficiente reperito.";"Resta da verificare 2026; confermati 10 posti semiresidenziali.";https://www.exodus.it/sedi-exodus/cassino.html | https://www.exodus.it/sedi-exodus/documenti/cassino_cs_2025.pdf;Accreditata: convenzione da comprovare;Da verificare 2026;2026-09-20;Seconda passata documentale: nessuna nuova evidenza 2026 sufficiente a modificare la classificazione.;Stato conservato in attesa di contratto, pagamento pubblico o altra evidenza amministrativa specifica.;https://www.exodus.it/sedi-exodus/cassino.html | https://www.exodus.it/sedi-exodus/documenti/cassino_cs_2025.pdf;Accreditata: convenzione da comprovare;Da verificare 2026;2026-09-20;Classificazione V7.2 conservata salvo nuove evidenze specifiche.;Nessuna modifica sostanziale.;https://www.exodus.it/sedi-exodus/cassino.html | https://www.exodus.it/sedi-exodus/documenti/cassino_cs_2025.pdf;Accreditata: convenzione da comprovare;Da verificare 2026
VT-QUER;Santa Maria della Quercia;CeIS San Crispino;Privata / ente non ASL;Viterbo;VT;Viterbo;Via Acquabianca,7;0761228128;comunita@ceis.viterbo.it;"AccreditamentoU00066/26.02.2014; contratto 2026 da acquisire";;Da completare;Non documentato;;VT-QUER | ACTA;Trattamento dipendenze | Psicoterapia e gruppi | Interventi familiari | Agricoltura e reinserimento lavorativo;Servizi invianti e valutazione comunità.;;;;Non documentata;2026-09-20;Non effettuata;Non rilevati: capacità autorizzata/accreditata non è disponibilità;https://www.google.com/maps/search/?api=1&query=Via%20Acquabianca%2C7%2C%20Viterbo%2C%20Italia;;Non certificata: vedere annualità e fonte;MOD-054;Comunità terapeutica;Dipendenze;Residenziale;40;Dotazione dichiarata dal gestore;Accreditata: convenzione da comprovare;;https://ceis.viterbo.it/comunita-terapeutica/ | https://www.actalazio.it/;;Da completare / escluse;;"Da concordare con servizio inviante e accettazione; non acquisiti sistematicamente";"Individualizzata; durata specifica non consolidata";"Idoneità clinica e amministrativa da valutare; non dedotta dal solo accreditamento";Profilo del gestore / modulo: vedi fonti. Non certifica disponibilità giornaliera.;"Indirizzo pubblicato; ingresso e coordinate non verificati";Dotazione dichiarata dal gestore;Da distinguere;;Documentato/indicato nel dossier V5;;Da comprovare/aggiornare;;;Da verificare;;;;;40;Da verificare;Non documentato;;Privata / ente non ASL;Gestore identificato nel dossier V5;https://ceis.viterbo.it/comunita-terapeutica/ | https://www.actalazio.it/;Ereditato V5;;Sì;Da completare / escluse;Accreditata: convenzione da comprovare;Conservato;Nessuna nuova verifica amministrativa/clinica introdotta dalla V7 strutturale.;Da verificare 2026;Coerente o compatibile;2026-09-20;Nessuna nuova prova 2026 sufficiente a modificare la classificazione nella ricognizione V7.1.;Resta da verificare 2026;https://ceis.viterbo.it/comunita-terapeutica/ | https://www.actalazio.it/;Accreditata: convenzione da comprovare;Da verificare 2026;2026-09-20;Seconda passata documentale: nessuna nuova evidenza 2026 sufficiente a modificare la classificazione.;Stato conservato in attesa di contratto, pagamento pubblico o altra evidenza amministrativa specifica.;https://ceis.viterbo.it/comunita-terapeutica/ | https://www.actalazio.it/;Accreditata: convenzione da comprovare;Da verificare 2026;2026-09-20;Classificazione V7.2 conservata salvo nuove evidenze specifiche.;Nessuna modifica sostanziale.;https://ceis.viterbo.it/comunita-terapeutica/ | https://www.actalazio.it/;Accreditata: convenzione da comprovare;Da verificare 2026
VT-PAL;Palanzana;CeIS San Crispino;Privata / ente non ASL;Viterbo;VT;Viterbo;Via Palanzana,15;;;Attività prima fase ricollocata a Santa Maria della Quercia;;Da completare;Non documentato;;VT-PAL;;;;;Il sito attuale descrive fusione della prima fase e diverso utilizzo degli spazi: non conteggiata come comunità dipendenze operativa autonoma.;Non documentata;2026-09-20;Non effettuata;Non rilevati: capacità autorizzata/accreditata non è disponibilità;https://www.google.com/maps/search/?api=1&query=Via%20Palanzana%2C15%2C%20Viterbo%2C%20Italia;;Non certificata: vedere annualità e fonte;MOD-055;Comunità prima fase storica;Dipendenze;Residenziale;;Non consolidata;Ricollocata / non contata attiva;;https://ceis.viterbo.it/strutture/;;Da completare / escluse;;"Da concordare con servizio inviante e accettazione; non acquisiti sistematicamente";"Individualizzata; durata specifica non consolidata";"Idoneità clinica e amministrativa da valutare; non dedotta dal solo accreditamento";Catalogo prestazioni non acquisito;"Indirizzo pubblicato; ingresso e coordinate non verificati";Capacità del modulo non consolidata;Da distinguere;;Da distinguere;;Da comprovare/aggiornare;;;Da verificare;;;;;;Da verificare;Non documentato;;Privata / ente non ASL;Gestore identificato nel dossier V5;https://ceis.viterbo.it/strutture/;Ereditato V5;;Sì;Da completare / escluse;Ricollocata / non contata attiva;Conservato;Nessuna nuova verifica amministrativa/clinica introdotta dalla V7 strutturale.;Da verificare 2026;Coerente o compatibile;2026-09-20;Nessuna nuova prova 2026 sufficiente a modificare la classificazione nella ricognizione V7.1.;Resta da verificare 2026;https://ceis.viterbo.it/strutture/;Ricollocata / non contata attiva;Da verificare 2026;2026-09-20;Seconda passata documentale: nessuna nuova evidenza 2026 sufficiente a modificare la classificazione.;Stato conservato in attesa di contratto, pagamento pubblico o altra evidenza amministrativa specifica.;https://ceis.viterbo.it/strutture/;Ricollocata / non contata attiva;Da verificare 2026;2026-09-20;Classificazione V7.2 conservata salvo nuove evidenze specifiche.;Nessuna modifica sostanziale.;https://ceis.viterbo.it/strutture/;Ricollocata / non contata attiva;Da verificare 2026
VT-CAMP;Campus Calisto Felli;CeIS San Crispino;Privata / ente non ASL;Viterbo;VT;Viterbo;Via Acquabianca,11/B;0761228127;info@ceis.viterbo.it;"AutorizzazioneG01491/13.02.2017; accreditamento/convenzione non consolidati";;Da completare;Non documentato;;VT-CAMP;Trattamento integrato psichiatria e dipendenze | Supporto psicologico e familiare | Riabilitazione;Valutazione integrata SerD/DSM.;;;Non incluso nell’elenco delle doppie diagnosi convenzionate finché manca evidenza SSN.;Non documentata;2026-09-20;Non effettuata;Non rilevati: capacità autorizzata/accreditata non è disponibilità;https://www.google.com/maps/search/?api=1&query=Via%20Acquabianca%2C11/B%2C%20Viterbo%2C%20Italia;;Non certificata: vedere annualità e fonte;MOD-056;Comunità doppia diagnosi;Doppia diagnosi;Residenziale;8;"8 accreditati; ulteriori 8 autorizzati";Accreditata: convenzione/contratto 2026 da comprovare;;https://ceis.viterbo.it/comunita-doppia-diagnosi/ | https://ceis.viterbo.it/wp-content/uploads/2022/09/carta-dei-servizi-rev-rev4-10-07-2023.pdf;"Psichiatria; Dipendenze";Da completare / escluse;;"Da concordare con servizio inviante e accettazione; non acquisiti sistematicamente";"Individualizzata; durata specifica non consolidata";"Idoneità clinica e amministrativa da valutare; non dedotta dal solo accreditamento";Profilo del gestore / modulo: vedi fonti. Non certifica disponibilità giornaliera.;"Indirizzo pubblicato; ingresso e coordinate non verificati";Capacità autorizzata dichiarata;8 posti accreditati + ulteriori 8 autorizzati secondo Carta servizi;https://ceis.viterbo.it/wp-content/uploads/2022/09/carta-dei-servizi-rev-rev4-10-07-2023.pdf;Accreditata per 8 posti (DGR 193/2023);https://ceis.viterbo.it/wp-content/uploads/2022/09/carta-dei-servizi-rev-rev4-10-07-2023.pdf;Da comprovare/aggiornare;;;Da verificare;;16;8;;8;Da verificare;Non documentato;;Privata / ente non ASL;Gestore identificato nel dossier V5;https://ceis.viterbo.it/comunita-doppia-diagnosi/;Ereditato V5;;Sì;Da completare / escluse;Solo autorizzazione / prova insufficiente;Conservato;Nessuna nuova verifica amministrativa/clinica introdotta dalla V7 strutturale.;Da verificare 2026;Coerente o compatibile;2026-09-20;"Carta servizi CEIS documenta 8 posti accreditati con DGR 193/2023 e ulteriori 8 autorizzati; rapporto SSN/contratto 2026 non acquisito.";"Corretto da “solo autorizzazione” ad “accreditata”; resta da verificare 2026.";https://ceis.viterbo.it/comunita-doppia-diagnosi/ | https://ceis.viterbo.it/wp-content/uploads/2022/09/carta-dei-servizi-rev-rev4-10-07-2023.pdf;Accreditata: convenzione/contratto 2026 da comprovare;Da verificare 2026;2026-09-20;Seconda passata documentale: nessuna nuova evidenza 2026 sufficiente a modificare la classificazione.;Stato conservato in attesa di contratto, pagamento pubblico o altra evidenza amministrativa specifica.;https://ceis.viterbo.it/comunita-doppia-diagnosi/ | https://ceis.viterbo.it/wp-content/uploads/2022/09/carta-dei-servizi-rev-rev4-10-07-2023.pdf;Accreditata: convenzione/contratto 2026 da comprovare;Da verificare 2026;2026-09-20;Classificazione V7.2 conservata salvo nuove evidenze specifiche.;Nessuna modifica sostanziale.;https://ceis.viterbo.it/comunita-doppia-diagnosi/ | https://ceis.viterbo.it/wp-content/uploads/2022/09/carta-dei-servizi-rev-rev4-10-07-2023.pdf;Accreditata: convenzione/contratto 2026 da comprovare;Da verificare 2026
CEIS-SC;San Carlo e Villa Santa Francesca Romana;CeIS don Mario Picchi;Privata / ente non ASL;Marino;RM;Roma 6;;0654195213;ceis@ceis.it;"Programma accreditato; il gestore dichiara convenzioni ASL e gratuità anche fuori rimborso. Contratto del singolo modulo da acquisire.";PARS 2026;Da completare;Non documentato;;CEIS-SC-PARS | CEIS-CDS | CEIS-TRASP | CEIS-SC-WEB | CEIS-FREE | CEIS-SC-CDS;Programma pedagogico-riabilitativo | Autonomie, formazione e reinserimento;Consenso SerD e colloqui di valutazione.;;;"Indirizzo operativo da validare; sede amministrativaRoma non usata come indirizzo della comunità. Convenzione a livello del gestore non trasferita automaticamente al singolo modulo: rimane nell’elenco da completare.";Non documentata;2026-09-20;Non effettuata;Non rilevati: capacità autorizzata/accreditata non è disponibilità;;;Non certificata: vedere annualità e fonte;MOD-059;Pedagogico-riabilitativa residenziale;Dipendenze;Residenziale;;Non consolidata;Accreditata: convenzione da comprovare;;https://www.ceisroma.it/wp-content/uploads/2026/06/PARS-CEIS-SAN-CARLO-2026.pdf | https://www.ceisroma.it/wp-content/uploads/2021/05/carta-servizi-2021.pdf | https://www.ceisroma.it/info-trasparenza/ | https://www.ceisroma.it/project/comunita-san-carlo-e-villa-santa-francesca-romana-servizio-residenziale-pedagogico-riabilitativo-per-persone-dipendenti/ | https://www.ceisroma.it/la-gratuita-di-tutti-i-servizi-e-il-nostro-personale/ | https://www.ceisroma.it/wp-content/uploads/2026/03/CARTA-SERVIZI-CT-SAN-CARLO.pdf | https://www.ceisroma.it/wp-content/uploads/2023/05/Bilancio-sociale-2021-al-14_05_21.pdf;;Da completare / escluse;;"Da concordare con servizio inviante e accettazione; non acquisiti sistematicamente";"Individualizzata; durata specifica non consolidata";"Idoneità clinica e amministrativa da valutare; non dedotta dal solo accreditamento";Profilo del gestore / modulo: vedi fonti. Non certifica disponibilità giornaliera.;Indirizzo operativo da completare;Capacità del modulo non consolidata;Da distinguere;;Documentato/indicato nel dossier V5;;Da comprovare/aggiornare;PARS 2026;;Da verificare;;;;;;Da verificare;Non documentato;;Privata / ente non ASL;Gestore identificato nel dossier V5;https://www.ceisroma.it/wp-content/uploads/2026/06/PARS-CEIS-SAN-CARLO-2026.pdf | https://www.ceisroma.it/wp-content/uploads/2021/05/carta-servizi-2021.pdf | https://www.ceisroma.it/info-trasparenza/ | https://www.ceisroma.it/project/comunita-san-carlo-e-villa-santa-francesca-romana-servizio-residenziale-pedagogico-riabilitativo-per-persone-dipendenti/ | https://www.ceisroma.it/la-gratuita-di-tutti-i-servizi-e-il-nostro-personale/ | https://www.ceisroma.it/wp-content/uploads/2026/03/CARTA-SERVIZI-CT-SAN-CARLO.pdf;Ereditato V5;;Sì;Da completare / escluse;Accreditata: convenzione da comprovare;Conservato;Nessuna nuova verifica amministrativa/clinica introdotta dalla V7 strutturale.;Da verificare 2026;Coerente o compatibile;2026-09-20;"Accreditamento storico del servizio San Carlo documentato; PARS 2026 già presente nel dataset, ma specifico rapporto/contratto 2026 non acquisito.";Resta da verificare 2026.;https://www.ceisroma.it/wp-content/uploads/2023/05/Bilancio-sociale-2021-al-14_05_21.pdf;Accreditata: convenzione da comprovare;Da verificare 2026;2026-09-20;Seconda passata documentale: nessuna nuova evidenza 2026 sufficiente a modificare la classificazione.;Stato conservato in attesa di contratto, pagamento pubblico o altra evidenza amministrativa specifica.;https://www.ceisroma.it/wp-content/uploads/2023/05/Bilancio-sociale-2021-al-14_05_21.pdf;Accreditata: convenzione da comprovare;Da verificare 2026;2026-09-20;Classificazione V7.2 conservata salvo nuove evidenze specifiche.;Nessuna modifica sostanziale.;https://www.ceisroma.it/wp-content/uploads/2023/05/Bilancio-sociale-2021-al-14_05_21.pdf;Accreditata: convenzione da comprovare;Da verificare 2026
APP;L’Approdo;Associazione L’Approdo;Privata / ente non ASL;Anzio;RM;Roma 6;Lungomare Enea,10 — Lido di Lavinio;0698116020 / 3806321213;;"AccreditamentoU00067/03.04.2013; percorso SerD documentato; finanziamento da comprovare";;Da completare;Non documentato;;APP-CHI | APP-ACC;Trattamento dipendenze con approccioMinnesota | Valutazione psicologica e psichiatrica | Percorso di gruppo;"Contatto iniziale; richiesta al SerD, colloquio psicologo/psichiatra; lista d’attesa dopo idoneità.";;;09–16lun/ven è orario di contatto pubblicato, non apertura residenza.;Non documentata;2026-09-20;Non effettuata;Non rilevati: capacità autorizzata/accreditata non è disponibilità;https://www.google.com/maps/search/?api=1&query=Lungomare%20Enea%2C10%20%E2%80%94%20Lido%20di%20Lavinio%2C%20Anzio%2C%20Italia;;Non certificata: vedere annualità e fonte;MOD-060;Comunità terapeutica;Dipendenze;Residenziale;;Non consolidata;Accreditata: convenzione da comprovare;;https://www.approdocomunita.org/chi-siamo/ | https://www.approdocomunita.org/come-accedere/ | https://www.approdocomunita.org/ | https://www.approdocomunita.org/contattaci/;;Da completare / escluse;;"Da concordare con servizio inviante e accettazione; non acquisiti sistematicamente";"Individualizzata; durata specifica non consolidata";"Idoneità clinica e amministrativa da valutare; non dedotta dal solo accreditamento";Profilo del gestore / modulo: vedi fonti. Non certifica disponibilità giornaliera.;"Indirizzo pubblicato; ingresso e coordinate non verificati";Capacità del modulo non consolidata;Da distinguere;;Documentato/indicato nel dossier V5;;Da comprovare/aggiornare;;;Da verificare;;;;;;Da verificare;Non documentato;;Privata / ente non ASL;Gestore identificato nel dossier V5;https://www.approdocomunita.org/chi-siamo/ | https://www.approdocomunita.org/come-accedere/;Ereditato V5;;Sì;Da completare / escluse;Accreditata: convenzione da comprovare;Conservato;Nessuna nuova verifica amministrativa/clinica introdotta dalla V7 strutturale.;Da verificare 2026;Coerente o compatibile;2026-09-20;"L’Approdo è attivo e dichiara accreditamento regionale; nessuna prova sufficiente di contratto/finanziamento 2026 reperita.";Resta da verificare 2026.;https://www.approdocomunita.org/ | https://www.approdocomunita.org/chi-siamo/ | https://www.approdocomunita.org/contattaci/;Accreditata: convenzione da comprovare;Da verificare 2026;2026-09-20;Seconda passata documentale: nessuna nuova evidenza 2026 sufficiente a modificare la classificazione.;Stato conservato in attesa di contratto, pagamento pubblico o altra evidenza amministrativa specifica.;https://www.approdocomunita.org/ | https://www.approdocomunita.org/chi-siamo/ | https://www.approdocomunita.org/contattaci/;Accreditata: convenzione da comprovare;Da verificare 2026;2026-09-20;Classificazione V7.2 conservata salvo nuove evidenze specifiche.;Nessuna modifica sostanziale.;https://www.approdocomunita.org/ | https://www.approdocomunita.org/chi-siamo/ | https://www.approdocomunita.org/contattaci/;Accreditata: convenzione da comprovare;Da verificare 2026
FR-OLE;Gli Oleandri;Gestore da consolidare;Privata / ente non ASL;Sant’Elia Fiumerapido;FR;Frosinone;Via Tascitara, 9;;;"Prestazioni remunerate/documentate in atti precedenti; contratto 2026 non acquisito";2024/2025 evidence;Gestore + fonte istituzionale;Non documentato;;https://www.asl.fr.it/wp-content/uploads/BUR-2025-64-0-117-475.pdf | https://www.asl.fr.it/wp-content/uploads/PDEL_1255_DEL_01.12.2022_ALL.1_PAP_FROSINONE-1.pdf;"Assistenza psichiatrica residenziale/semiresidenziale; dettaglio da acquisire";Invio CSM/UVM secondo appropriatezza;;;"Nuovo V6 per correggere sottocensimento Frosinone; non promosso al catalogo 2026.";Non documentata;2026-09-20;Non effettuata;Non rilevati: capacità non equivale a disponibilità;https://www.google.com/maps/search/?api=1&query=Italia;https://www.asl.fr.it/wp-content/uploads/BUR-2025-64-0-117-475.pdf;2024/2025 evidence;MOD-092;SRTRe;Psichiatria;Residenziale;20;Accreditati (documentazione societaria/DCA richiamato);Censita: convenzione 2026 da comprovare;"Nuovo V6 per correggere sottocensimento Frosinone; non promosso al catalogo 2026.";https://www.asl.fr.it/wp-content/uploads/BUR-2025-64-0-117-475.pdf | https://www.asl.fr.it/wp-content/uploads/PDEL_1255_DEL_01.12.2022_ALL.1_PAP_FROSINONE-1.pdf | https://irp.cdn-website.com/b4ea64a2/files/uploaded/MODELLO%20231%20SOGEPI%20SRL%202021%20.pdf | https://trasparenza.asl1abruzzo.it/page/9/details/188507/prestazioni-sanitarie-di-assistenza-psichiatrica-rete-privata-accreditata-insita-fuori-regione-liquidazione-fatture-maggio-giugno-2025-presidio-sanitario-srtr-le-palme-e-gli-oleandri-sogepi-srl-sant-elia-fiumerapido-fr.html;;Censimento / da completare;https://www.asl.fr.it/wp-content/uploads/BUR-2025-64-0-117-475.pdf;;;;Fonte gestore/istituzionale;Sede operativa consolidata: Via Tascitara 9, Sant’Elia Fiumerapido;Capacità da acquisire;Da acquisire;https://www.asl.fr.it/wp-content/uploads/BUR-2025-64-0-117-475.pdf | https://www.asl.fr.it/wp-content/uploads/PDEL_1255_DEL_01.12.2022_ALL.1_PAP_FROSINONE-1.pdf;"Accreditata; documentazione societaria richiama DCA U00345/2013";https://www.asl.fr.it/wp-content/uploads/BUR-2025-64-0-117-475.pdf | https://www.asl.fr.it/wp-content/uploads/PDEL_1255_DEL_01.12.2022_ALL.1_PAP_FROSINONE-1.pdf;"Prestazioni remunerate/documentate in atti precedenti; contratto 2026 non acquisito";2024/2025 evidence;https://www.asl.fr.it/wp-content/uploads/BUR-2025-64-0-117-475.pdf;Da verificare;;;20;;;;Non documentato;;Privata / ente non ASL;Gestore identificato nelle fonti;https://www.asl.fr.it/wp-content/uploads/BUR-2025-64-0-117-475.pdf | https://www.asl.fr.it/wp-content/uploads/PDEL_1255_DEL_01.12.2022_ALL.1_PAP_FROSINONE-1.pdf;Nuovo V6;"Nuovo V6 per correggere sottocensimento Frosinone; non promosso al catalogo 2026.";No;;;Nuovo in V6;Nessuna nuova verifica amministrativa/clinica introdotta dalla V7 strutturale.;Da verificare 2026;Coerente o compatibile;2026-09-20;"Sede, accreditamento/capienza e continuità della struttura documentati; trovato atto pubblicato nel 2026 ma riferito a prestazioni 2025. Nessuna prova sufficiente di prestazioni/contratto 2026.";"Resta da verificare 2026; corretti sede e posti.";https://irp.cdn-website.com/b4ea64a2/files/uploaded/MODELLO%20231%20SOGEPI%20SRL%202021%20.pdf | https://trasparenza.asl1abruzzo.it/page/9/details/188507/prestazioni-sanitarie-di-assistenza-psichiatrica-rete-privata-accreditata-insita-fuori-regione-liquidazione-fatture-maggio-giugno-2025-presidio-sanitario-srtr-le-palme-e-gli-oleandri-sogepi-srl-sant-elia-fiumerapido-fr.html;Accreditata: contratto/prestazioni 2026 da comprovare;Da verificare 2026;2026-09-20;"Il gestore continua a descrivere Le Oleandri come struttura in regime di accreditamento; non reperita prova economico-contrattuale riferita a prestazioni 2026.";Resta da verificare 2026.;https://irp.cdn-website.com/b4ea64a2/files/uploaded/MODELLO%20231%20SOGEPI%20SRL%202021%20.pdf | https://trasparenza.asl1abruzzo.it/page/9/details/188507/prestazioni-sanitarie-di-assistenza-psichiatrica-rete-privata-accreditata-insita-fuori-regione-liquidazione-fatture-maggio-giugno-2025-presidio-sanitario-srtr-le-palme-e-gli-oleandri-sogepi-srl-sant-elia-fiumerapido-fr.html;Accreditata: contratto/prestazioni 2026 da comprovare;Da verificare 2026;2026-09-20;Classificazione V7.2 conservata salvo nuove evidenze specifiche.;Nessuna modifica sostanziale.;https://irp.cdn-website.com/b4ea64a2/files/uploaded/MODELLO%20231%20SOGEPI%20SRL%202021%20.pdf | https://trasparenza.asl1abruzzo.it/page/9/details/188507/prestazioni-sanitarie-di-assistenza-psichiatrica-rete-privata-accreditata-insita-fuori-regione-liquidazione-fatture-maggio-giugno-2025-presidio-sanitario-srtr-le-palme-e-gli-oleandri-sogepi-srl-sant-elia-fiumerapido-fr.html;Accreditata: contratto/prestazioni 2026 da comprovare;Da verificare 2026
FR-PAL;Le Palme;Gestore da consolidare;Privata / ente non ASL;Sant’Elia Fiumerapido;FR;Frosinone;Via Tascitara, 9;;;"Prestazioni remunerate/documentate in atti precedenti; contratto 2026 non acquisito";2024/2025 evidence;Gestore + fonte istituzionale;Non documentato;;https://www.asl.fr.it/wp-content/uploads/BUR-2025-64-0-117-475.pdf | https://www.asl.fr.it/wp-content/uploads/PDEL_1255_DEL_01.12.2022_ALL.1_PAP_FROSINONE-1.pdf;"Assistenza psichiatrica residenziale/semiresidenziale; dettaglio da acquisire";Invio CSM/UVM secondo appropriatezza;;;"Nuovo V6 per correggere sottocensimento Frosinone; non promosso al catalogo 2026.";Non documentata;2026-09-20;Non effettuata;Non rilevati: capacità non equivale a disponibilità;https://www.google.com/maps/search/?api=1&query=Italia;https://www.asl.fr.it/wp-content/uploads/BUR-2025-64-0-117-475.pdf;2024/2025 evidence;MOD-093;SRTRe;Psichiatria;Residenziale;19;Accreditati (documentazione societaria/DCA richiamato);Censita: convenzione 2026 da comprovare;"Nuovo V6 per correggere sottocensimento Frosinone; non promosso al catalogo 2026.";https://www.asl.fr.it/wp-content/uploads/BUR-2025-64-0-117-475.pdf | https://www.asl.fr.it/wp-content/uploads/PDEL_1255_DEL_01.12.2022_ALL.1_PAP_FROSINONE-1.pdf | https://irp.cdn-website.com/b4ea64a2/files/uploaded/MODELLO%20231%20SOGEPI%20SRL%202021%20.pdf | https://trasparenza.asl1abruzzo.it/page/9/details/188507/prestazioni-sanitarie-di-assistenza-psichiatrica-rete-privata-accreditata-insita-fuori-regione-liquidazione-fatture-maggio-giugno-2025-presidio-sanitario-srtr-le-palme-e-gli-oleandri-sogepi-srl-sant-elia-fiumerapido-fr.html;;Censimento / da completare;https://www.asl.fr.it/wp-content/uploads/BUR-2025-64-0-117-475.pdf;;;;Fonte gestore/istituzionale;Sede operativa consolidata: Via Tascitara 9, Sant’Elia Fiumerapido;Capacità da acquisire;Da acquisire;https://www.asl.fr.it/wp-content/uploads/BUR-2025-64-0-117-475.pdf | https://www.asl.fr.it/wp-content/uploads/PDEL_1255_DEL_01.12.2022_ALL.1_PAP_FROSINONE-1.pdf;"Accreditata; documentazione societaria richiama DCA U00345/2013";https://www.asl.fr.it/wp-content/uploads/BUR-2025-64-0-117-475.pdf | https://www.asl.fr.it/wp-content/uploads/PDEL_1255_DEL_01.12.2022_ALL.1_PAP_FROSINONE-1.pdf;"Prestazioni remunerate/documentate in atti precedenti; contratto 2026 non acquisito";2024/2025 evidence;https://www.asl.fr.it/wp-content/uploads/BUR-2025-64-0-117-475.pdf;Da verificare;;;19;;;;Non documentato;;Privata / ente non ASL;Gestore identificato nelle fonti;https://www.asl.fr.it/wp-content/uploads/BUR-2025-64-0-117-475.pdf | https://www.asl.fr.it/wp-content/uploads/PDEL_1255_DEL_01.12.2022_ALL.1_PAP_FROSINONE-1.pdf;Nuovo V6;"Nuovo V6 per correggere sottocensimento Frosinone; non promosso al catalogo 2026.";No;;;Nuovo in V6;Nessuna nuova verifica amministrativa/clinica introdotta dalla V7 strutturale.;Da verificare 2026;Coerente o compatibile;2026-09-20;"Sede, accreditamento/capienza e continuità della struttura documentati; trovato atto pubblicato nel 2026 ma riferito a prestazioni 2025. Nessuna prova sufficiente di prestazioni/contratto 2026.";"Resta da verificare 2026; corretti sede e posti.";https://irp.cdn-website.com/b4ea64a2/files/uploaded/MODELLO%20231%20SOGEPI%20SRL%202021%20.pdf | https://trasparenza.asl1abruzzo.it/page/9/details/188507/prestazioni-sanitarie-di-assistenza-psichiatrica-rete-privata-accreditata-insita-fuori-regione-liquidazione-fatture-maggio-giugno-2025-presidio-sanitario-srtr-le-palme-e-gli-oleandri-sogepi-srl-sant-elia-fiumerapido-fr.html;Accreditata: contratto/prestazioni 2026 da comprovare;Da verificare 2026;2026-09-20;"Il gestore continua a descrivere Le Palme come struttura in regime di accreditamento; non reperita prova economico-contrattuale riferita a prestazioni 2026.";Resta da verificare 2026.;https://irp.cdn-website.com/b4ea64a2/files/uploaded/MODELLO%20231%20SOGEPI%20SRL%202021%20.pdf | https://trasparenza.asl1abruzzo.it/page/9/details/188507/prestazioni-sanitarie-di-assistenza-psichiatrica-rete-privata-accreditata-insita-fuori-regione-liquidazione-fatture-maggio-giugno-2025-presidio-sanitario-srtr-le-palme-e-gli-oleandri-sogepi-srl-sant-elia-fiumerapido-fr.html;Accreditata: contratto/prestazioni 2026 da comprovare;Da verificare 2026;2026-09-20;Classificazione V7.2 conservata salvo nuove evidenze specifiche.;Nessuna modifica sostanziale.;https://irp.cdn-website.com/b4ea64a2/files/uploaded/MODELLO%20231%20SOGEPI%20SRL%202021%20.pdf | https://trasparenza.asl1abruzzo.it/page/9/details/188507/prestazioni-sanitarie-di-assistenza-psichiatrica-rete-privata-accreditata-insita-fuori-regione-liquidazione-fatture-maggio-giugno-2025-presidio-sanitario-srtr-le-palme-e-gli-oleandri-sogepi-srl-sant-elia-fiumerapido-fr.html;Accreditata: contratto/prestazioni 2026 da comprovare;Da verificare 2026
FR-BST-H;Borgo San Tommaso;Gestore da consolidare;Privata / ente non ASL;Roccasecca;FR;Frosinone;Via San Francesco, 2/A;0776 567403;dir.san.borgosantommaso@gestivar.it;"Prestazioni remunerate/documentate in atti precedenti; contratto 2026 non acquisito";2024/2025 evidence;Gestore + fonte istituzionale;Non documentato;;https://www.asl.fr.it/wp-content/uploads/BUR-2025-64-0-117-475.pdf | https://www.asl.fr.it/wp-content/uploads/PDEL_1255_DEL_01.12.2022_ALL.1_PAP_FROSINONE-1.pdf;"Assistenza psichiatrica residenziale/semiresidenziale; dettaglio da acquisire";Invio CSM/UVM secondo appropriatezza;;;"Nuovo V6 per correggere sottocensimento Frosinone; non promosso al catalogo 2026.";Non documentata;2026-09-20;Non effettuata;Non rilevati: capacità non equivale a disponibilità;https://www.google.com/maps/search/?api=1&query=Italia;https://www.asl.fr.it/wp-content/uploads/BUR-2025-64-0-117-475.pdf;2024/2025 evidence;MOD-095;SRSR H24;Psichiatria;Residenziale;10;10 accreditati secondo gestore;Censita: convenzione 2026 da comprovare;"Nuovo V6 per correggere sottocensimento Frosinone; non promosso al catalogo 2026.";https://www.asl.fr.it/wp-content/uploads/BUR-2025-64-0-117-475.pdf | https://www.asl.fr.it/wp-content/uploads/PDEL_1255_DEL_01.12.2022_ALL.1_PAP_FROSINONE-1.pdf | https://gestivar.it/le-strutture/ | https://gestivar.it/contatti/;;Censimento / da completare;https://www.asl.fr.it/wp-content/uploads/BUR-2025-64-0-117-475.pdf;;;;Fonte gestore/istituzionale;Indirizzo pubblicato;Capacità da acquisire;Da acquisire;https://www.asl.fr.it/wp-content/uploads/BUR-2025-64-0-117-475.pdf | https://www.asl.fr.it/wp-content/uploads/PDEL_1255_DEL_01.12.2022_ALL.1_PAP_FROSINONE-1.pdf;Accreditata secondo gestore;https://www.asl.fr.it/wp-content/uploads/BUR-2025-64-0-117-475.pdf | https://www.asl.fr.it/wp-content/uploads/PDEL_1255_DEL_01.12.2022_ALL.1_PAP_FROSINONE-1.pdf;"Prestazioni remunerate/documentate in atti precedenti; contratto 2026 non acquisito";2024/2025 evidence;https://www.asl.fr.it/wp-content/uploads/BUR-2025-64-0-117-475.pdf;Da verificare;;;10;;;;Non documentato;;Privata / ente non ASL;Gestore identificato nelle fonti;https://www.asl.fr.it/wp-content/uploads/BUR-2025-64-0-117-475.pdf | https://www.asl.fr.it/wp-content/uploads/PDEL_1255_DEL_01.12.2022_ALL.1_PAP_FROSINONE-1.pdf;Nuovo V6;"Nuovo V6 per correggere sottocensimento Frosinone; non promosso al catalogo 2026.";No;;;Nuovo in V6;Nessuna nuova verifica amministrativa/clinica introdotta dalla V7 strutturale.;Da verificare 2026;Coerente o compatibile;2026-09-20;"Sede e capienza SRSR H24 corrente documentate dal gestore; le liquidazioni 2026 reperite sono riferite alla SRTRe e non vengono estese automaticamente alla SRSR H24.";"Resta da verificare 2026; aggiornati sede e posti.";https://gestivar.it/le-strutture/ | https://gestivar.it/contatti/;Accreditata: specifico rapporto 2026 SRSR H24 da comprovare;Da verificare 2026;2026-09-20;"La documentazione del gestore descrive il modulo SRSR H24 di Borgo San Tommaso come accreditato; la prova pubblica 2026 reperita riguarda invece il modulo SRTRe.";Resta da verificare 2026 il rapporto pubblico specifico SRSR H24.;https://gestivar.it/le-strutture/ | https://gestivar.it/contatti/;Accreditata: specifico rapporto 2026 SRSR H24 da comprovare;Da verificare 2026;2026-09-20;Classificazione V7.2 conservata salvo nuove evidenze specifiche.;Nessuna modifica sostanziale.;https://gestivar.it/le-strutture/ | https://gestivar.it/contatti/;Accreditata: specifico rapporto 2026 SRSR H24 da comprovare;Da verificare 2026
FR-SNIC;San Nicola – Belmonte;Gestore da consolidare;Privata / ente non ASL;Belmonte Castello;FR;Frosinone;Via Pozzi, 20;;;"Prestazioni remunerate/documentate in atti precedenti; contratto 2026 non acquisito";2024/2025 evidence;Gestore + fonte istituzionale;Non documentato;;https://www.asl.fr.it/wp-content/uploads/BUR-2025-64-0-117-475.pdf | https://www.asl.fr.it/wp-content/uploads/PDEL_1255_DEL_01.12.2022_ALL.1_PAP_FROSINONE-1.pdf;"Assistenza psichiatrica residenziale/semiresidenziale; dettaglio da acquisire";Invio CSM/UVM secondo appropriatezza;;;"Nuovo V6 per correggere sottocensimento Frosinone; non promosso al catalogo 2026.";Non documentata;2026-09-20;Non effettuata;Non rilevati: capacità non equivale a disponibilità;https://www.google.com/maps/search/?api=1&query=Italia;https://www.asl.fr.it/wp-content/uploads/BUR-2025-64-0-117-475.pdf;2024/2025 evidence;MOD-096;SRSR;Psichiatria;Residenziale;10;10 autorizzati e accreditati da decreto regionale;Censita: convenzione 2026 da comprovare;"Nuovo V6 per correggere sottocensimento Frosinone; non promosso al catalogo 2026.";https://www.asl.fr.it/wp-content/uploads/BUR-2025-64-0-117-475.pdf | https://www.asl.fr.it/wp-content/uploads/PDEL_1255_DEL_01.12.2022_ALL.1_PAP_FROSINONE-1.pdf | https://www.regione.lazio.it/sites/default/files/decreti-commissario-ad-acta/Decr_U00006_21_1_13_Revoca_DCA_U00127_2013_BELMONTE.pdf;;Censimento / da completare;https://www.asl.fr.it/wp-content/uploads/BUR-2025-64-0-117-475.pdf;;;;Fonte gestore/istituzionale;Indirizzo pubblicato;Capacità da acquisire;Autorizzata per 10 posti;https://www.asl.fr.it/wp-content/uploads/BUR-2025-64-0-117-475.pdf | https://www.asl.fr.it/wp-content/uploads/PDEL_1255_DEL_01.12.2022_ALL.1_PAP_FROSINONE-1.pdf;Accreditata per 10 posti;https://www.asl.fr.it/wp-content/uploads/BUR-2025-64-0-117-475.pdf | https://www.asl.fr.it/wp-content/uploads/PDEL_1255_DEL_01.12.2022_ALL.1_PAP_FROSINONE-1.pdf;"Prestazioni remunerate/documentate in atti precedenti; contratto 2026 non acquisito";2024/2025 evidence;https://www.asl.fr.it/wp-content/uploads/BUR-2025-64-0-117-475.pdf;Da verificare;;10;10;;;;Non documentato;;Privata / ente non ASL;Gestore identificato nelle fonti;https://www.asl.fr.it/wp-content/uploads/BUR-2025-64-0-117-475.pdf | https://www.asl.fr.it/wp-content/uploads/PDEL_1255_DEL_01.12.2022_ALL.1_PAP_FROSINONE-1.pdf;Nuovo V6;"Nuovo V6 per correggere sottocensimento Frosinone; non promosso al catalogo 2026.";No;;;Nuovo in V6;Nessuna nuova verifica amministrativa/clinica introdotta dalla V7 strutturale.;Da verificare 2026;Coerente o compatibile;2026-09-20;"Decreto regionale consolida sede operativa e 10 posti autorizzati/accreditati; non reperita prova sufficiente di rapporto SSN 2026.";"Resta da verificare 2026; corretti sede e capienza.";https://www.regione.lazio.it/sites/default/files/decreti-commissario-ad-acta/Decr_U00006_21_1_13_Revoca_DCA_U00127_2013_BELMONTE.pdf;Accreditata: rapporto SSN 2026 da comprovare;Da verificare 2026;2026-09-20;Seconda passata documentale: nessuna nuova evidenza 2026 sufficiente a modificare la classificazione.;Stato conservato in attesa di contratto, pagamento pubblico o altra evidenza amministrativa specifica.;https://www.regione.lazio.it/sites/default/files/decreti-commissario-ad-acta/Decr_U00006_21_1_13_Revoca_DCA_U00127_2013_BELMONTE.pdf;Accreditata: rapporto SSN 2026 da comprovare;Da verificare 2026;2026-09-20;Classificazione V7.2 conservata salvo nuove evidenze specifiche.;Nessuna modifica sostanziale.;https://www.regione.lazio.it/sites/default/files/decreti-commissario-ad-acta/Decr_U00006_21_1_13_Revoca_DCA_U00127_2013_BELMONTE.pdf;Accreditata: rapporto SSN 2026 da comprovare;Da verificare 2026
FR-MONT;Montello / Gesti-Var;Gestore da consolidare;Privata / ente non ASL;Roccasecca;FR;Frosinone;Via Montello, 22;0776 567264;dir.san.montello@gestivar.it;"Prestazioni remunerate/documentate in atti precedenti; contratto 2026 non acquisito";2024/2025 evidence;Gestore + fonte istituzionale;Non documentato;;https://www.asl.fr.it/wp-content/uploads/BUR-2025-64-0-117-475.pdf | https://www.asl.fr.it/wp-content/uploads/PDEL_1255_DEL_01.12.2022_ALL.1_PAP_FROSINONE-1.pdf;"Assistenza psichiatrica residenziale/semiresidenziale; dettaglio da acquisire";Invio CSM/UVM secondo appropriatezza;;;"Nuovo V6 per correggere sottocensimento Frosinone; non promosso al catalogo 2026.";Non documentata;2026-09-20;Non effettuata;Non rilevati: capacità non equivale a disponibilità;https://www.google.com/maps/search/?api=1&query=Italia;https://www.asl.fr.it/wp-content/uploads/BUR-2025-64-0-117-475.pdf;2024/2025 evidence;MOD-097;SRTRe;Psichiatria;Residenziale;14;14 accreditati secondo gestore;Censita: convenzione 2026 da comprovare;"Nuovo V6 per correggere sottocensimento Frosinone; non promosso al catalogo 2026.";https://www.asl.fr.it/wp-content/uploads/BUR-2025-64-0-117-475.pdf | https://www.asl.fr.it/wp-content/uploads/PDEL_1255_DEL_01.12.2022_ALL.1_PAP_FROSINONE-1.pdf | https://gestivar.it/le-strutture/ | https://gestivar.it/contatti/;;Censimento / da completare;https://www.asl.fr.it/wp-content/uploads/BUR-2025-64-0-117-475.pdf;;;;Fonte gestore/istituzionale;Indirizzo pubblicato;Capacità da acquisire;Da acquisire;https://www.asl.fr.it/wp-content/uploads/BUR-2025-64-0-117-475.pdf | https://www.asl.fr.it/wp-content/uploads/PDEL_1255_DEL_01.12.2022_ALL.1_PAP_FROSINONE-1.pdf;Accreditata secondo gestore;https://www.asl.fr.it/wp-content/uploads/BUR-2025-64-0-117-475.pdf | https://www.asl.fr.it/wp-content/uploads/PDEL_1255_DEL_01.12.2022_ALL.1_PAP_FROSINONE-1.pdf;"Prestazioni remunerate/documentate in atti precedenti; contratto 2026 non acquisito";2024/2025 evidence;https://www.asl.fr.it/wp-content/uploads/BUR-2025-64-0-117-475.pdf;Da verificare;;;14;;;;Non documentato;;Privata / ente non ASL;Gestore identificato nelle fonti;https://www.asl.fr.it/wp-content/uploads/BUR-2025-64-0-117-475.pdf | https://www.asl.fr.it/wp-content/uploads/PDEL_1255_DEL_01.12.2022_ALL.1_PAP_FROSINONE-1.pdf;Nuovo V6;"Nuovo V6 per correggere sottocensimento Frosinone; non promosso al catalogo 2026.";No;;;Nuovo in V6;Nessuna nuova verifica amministrativa/clinica introdotta dalla V7 strutturale.;Da verificare 2026;Coerente o compatibile;2026-09-20;"Sede, contatti e 14 posti accreditati SRTRe documentati dal gestore; non reperita prova sufficiente di rapporto SSN 2026 riferito specificamente a Montello.";"Resta da verificare 2026; aggiornati sede, contatti e posti.";https://gestivar.it/le-strutture/ | https://gestivar.it/contatti/;Accreditata: rapporto SSN 2026 da comprovare;Da verificare 2026;2026-09-20;"La documentazione del gestore descrive Montello/Gesti-Var come struttura accreditata; non reperita prova pubblica 2026 specifica del modulo.";Resta da verificare 2026.;https://gestivar.it/le-strutture/ | https://gestivar.it/contatti/;Accreditata: rapporto SSN 2026 da comprovare;Da verificare 2026;2026-09-20;Classificazione V7.2 conservata salvo nuove evidenze specifiche.;Nessuna modifica sostanziale.;https://gestivar.it/le-strutture/ | https://gestivar.it/contatti/;Accreditata: rapporto SSN 2026 da comprovare;Da verificare 2026
FR-LUCR;Villa Lucrezia – Il Castello Incantato;Gestore da consolidare;Privata / ente non ASL;Castrocielo;FR;Frosinone;Via Casilina, 35;0776 1493425;info@residenzavillalucrezia.it;"Prestazioni remunerate/documentate in atti precedenti; contratto 2026 non acquisito";2024/2025 evidence;Gestore + fonte istituzionale;Non documentato;;https://www.asl.fr.it/wp-content/uploads/BUR-2025-64-0-117-475.pdf | https://www.asl.fr.it/wp-content/uploads/PDEL_1255_DEL_01.12.2022_ALL.1_PAP_FROSINONE-1.pdf;"Assistenza psichiatrica residenziale/semiresidenziale; dettaglio da acquisire";Invio CSM/UVM secondo appropriatezza;;;"Nuovo V6 per correggere sottocensimento Frosinone; non promosso al catalogo 2026.";Non documentata;2026-09-20;Non effettuata;Non rilevati: capacità non equivale a disponibilità;https://www.google.com/maps/search/?api=1&query=Italia;https://www.asl.fr.it/wp-content/uploads/BUR-2025-64-0-117-475.pdf;2024/2025 evidence;MOD-098;SRSR H12;Psichiatria;Residenziale;18;18 accreditati secondo trasparenza corrente;Censita: convenzione 2026 da comprovare;"Nuovo V6 per correggere sottocensimento Frosinone; non promosso al catalogo 2026.";https://www.asl.fr.it/wp-content/uploads/BUR-2025-64-0-117-475.pdf | https://www.asl.fr.it/wp-content/uploads/PDEL_1255_DEL_01.12.2022_ALL.1_PAP_FROSINONE-1.pdf | https://www.cooperativailcastelloincantato.it/la-cooperativa/amministrazione-trasparente/ | https://www.cooperativailcastelloincantato.it/portfolio_category/strutture/ | https://www.cooperativailcastelloincantato.it/contatti/;;Censimento / da completare;https://www.asl.fr.it/wp-content/uploads/BUR-2025-64-0-117-475.pdf;;;;Fonte gestore/istituzionale;Indirizzo pubblicato;Capacità da acquisire;Da acquisire;https://www.asl.fr.it/wp-content/uploads/BUR-2025-64-0-117-475.pdf | https://www.asl.fr.it/wp-content/uploads/PDEL_1255_DEL_01.12.2022_ALL.1_PAP_FROSINONE-1.pdf;Accreditata per 18 posti SRSR H12;https://www.asl.fr.it/wp-content/uploads/BUR-2025-64-0-117-475.pdf | https://www.asl.fr.it/wp-content/uploads/PDEL_1255_DEL_01.12.2022_ALL.1_PAP_FROSINONE-1.pdf;"Prestazioni remunerate/documentate in atti precedenti; contratto 2026 non acquisito";2024/2025 evidence;https://www.asl.fr.it/wp-content/uploads/BUR-2025-64-0-117-475.pdf;Da verificare;;;18;;;;Non documentato;;Privata / ente non ASL;Gestore identificato nelle fonti;https://www.asl.fr.it/wp-content/uploads/BUR-2025-64-0-117-475.pdf | https://www.asl.fr.it/wp-content/uploads/PDEL_1255_DEL_01.12.2022_ALL.1_PAP_FROSINONE-1.pdf;Nuovo V6;"Nuovo V6 per correggere sottocensimento Frosinone; non promosso al catalogo 2026.";No;;;Nuovo in V6;Nessuna nuova verifica amministrativa/clinica introdotta dalla V7 strutturale.;Da verificare 2026;Coerente o compatibile;2026-09-20;"Villa Lucrezia risulta corrente, con 18 posti SRSR H12 accreditati; nessuna prova sufficiente di contratto/budget 2026 reperita.";"Resta da verificare 2026; aggiornati sede, contatti e posti.";https://www.cooperativailcastelloincantato.it/la-cooperativa/amministrazione-trasparente/ | https://www.cooperativailcastelloincantato.it/portfolio_category/strutture/ | https://www.cooperativailcastelloincantato.it/contatti/;Accreditata: contratto/budget 2026 da comprovare;Da verificare 2026;2026-09-20;"Villa Lucrezia risulta attiva e accreditata nelle fonti correnti del gestore; non reperito contratto/budget SSR 2026 specifico.";Resta da verificare 2026.;https://www.cooperativailcastelloincantato.it/la-cooperativa/amministrazione-trasparente/ | https://www.cooperativailcastelloincantato.it/portfolio_category/strutture/ | https://www.cooperativailcastelloincantato.it/contatti/;Accreditata: contratto/budget 2026 da comprovare;Da verificare 2026;2026-09-20;Classificazione V7.2 conservata salvo nuove evidenze specifiche.;Nessuna modifica sostanziale.;https://www.cooperativailcastelloincantato.it/la-cooperativa/amministrazione-trasparente/ | https://www.cooperativailcastelloincantato.it/portfolio_category/strutture/ | https://www.cooperativailcastelloincantato.it/contatti/;Accreditata: contratto/budget 2026 da comprovare;Da verificare 2026
SANVAL;Struttura Residenziale Psichiatrica San Valentino;S.I.GE.C.C. S.r.l.;Privata / ente non ASL;Roma;RM;Roma 1;Via della Cappelletta della Giustiniana, 119;0630310821;info@srpsanvalentino.it;"Autorizzata e accreditata; attività corrente documentata. Contratto/budget SSR 2026 non acquisito.";"Sito corrente 2026; Modello 231 rev. 18/01/2024; DCA regionale";Gestore corrente + decreto regionale;Non documentato;;;Trattamenti psichiatrici, farmacologici, psicologici e riabilitativi;"Inserimenti concordati con servizi territoriali; modalità e idoneità da verificare con la struttura.";"Adulti; idoneità clinica da valutare";;Struttura attiva nel 2026. Non trovato specifico contratto/budget SSR 2026 nella ricognizione V7.1.;Non documentata;2026-09-20;Non effettuata;Non rilevati: capacità autorizzata/accreditata non è disponibilità;;;"Attività corrente documentata; contratto 2026 non acquisito";MOD-100;SRSR H24;Psichiatria;Residenziale;18;18 accreditati secondo documentazione gestore/decreti;Accreditata: convenzione/contratto 2026 da comprovare;;https://www.srpsanvalentino.it/ | https://www.srpsanvalentino.it/dove-siamo/ | https://www.srpsanvalentino.it/area-medico-psichiatrica/ | https://www.srpsanvalentino.it/wp-content/uploads/2024/03/Modello-Organizzativo-231-S.-Valentino-Rev-08-del-18.1.24.pdf | https://www.regione.lazio.it/sites/default/files/decreti-commissario-ad-acta/SAN_DCA_U00006_12_01_2017.pdf;;Nuovo V7.1;;Da concordare con servizio inviante e accettazione;"Individualizzata; non consolidata";Idoneità clinica e amministrativa da valutare;Sito corrente del gestore;Indirizzo e contatti correnti documentati;18 accreditati secondo documentazione gestore/decreti;Autorizzata;;Accreditata per 18 posti;;Contratto/budget SSR 2026 non acquisito;;;Da verificare;;;18;;18;"Prevista tramite servizi territoriali; da consolidare";Non documentato;;Privata / ente non ASL;Gestore corrente;;Non presente;;No;;;Non applicabile – nuovo V7.1;Nuovo modulo individuato nella ricognizione sostanziale V7.1;;Non applicabile – nuovo V7.1;2026-09-20;"Nuovo modulo individuato; operatività/accreditamento documentati, contratto 2026 non acquisito.";Aggiunto al censimento V7.1;https://www.srpsanvalentino.it/ | https://www.srpsanvalentino.it/wp-content/uploads/2024/03/Modello-Organizzativo-231-S.-Valentino-Rev-08-del-18.1.24.pdf | https://www.regione.lazio.it/sites/default/files/decreti-commissario-ad-acta/SAN_DCA_U00006_12_01_2017.pdf;Accreditata: convenzione/contratto 2026 da comprovare;Da verificare 2026;2026-09-20;"San Valentino risulta struttura psichiatrica accreditata/operativa; per il modulo SRSR H24 non è stata acquisita prova contrattuale 2026.";Resta da verificare 2026.;https://www.srpsanvalentino.it/ | https://www.srpsanvalentino.it/wp-content/uploads/2024/03/Modello-Organizzativo-231-S.-Valentino-Rev-08-del-18.1.24.pdf | https://www.regione.lazio.it/sites/default/files/decreti-commissario-ad-acta/SAN_DCA_U00006_12_01_2017.pdf;Accreditata: convenzione/contratto 2026 da comprovare;Da verificare 2026;2026-09-20;Classificazione V7.2 conservata salvo nuove evidenze specifiche.;Nessuna modifica sostanziale.;https://www.srpsanvalentino.it/ | https://www.srpsanvalentino.it/wp-content/uploads/2024/03/Modello-Organizzativo-231-S.-Valentino-Rev-08-del-18.1.24.pdf | https://www.regione.lazio.it/sites/default/files/decreti-commissario-ad-acta/SAN_DCA_U00006_12_01_2017.pdf;Accreditata: convenzione/contratto 2026 da comprovare;Da verificare 2026
CASTELLO-101;Villa Daniela;Il Castello Incantato cooperativa sociale;Privata / ente non ASL;Castrocielo;FR;Frosinone;Via per la Stazione d’Aquino;0776 1493425;info@residenza-villadaniela.it;"Prestazione corrente documentata in regime di autorizzazione; accreditamento/convenzione non documentati nella trasparenza corrente.";Pagina trasparenza/strutture corrente consultata 20/09/2026;Dichiarazione gestore corrente;Non documentato;;;Riabilitazione psichiatrica residenziale;Da verificare con servizio inviante e struttura;;;V7.1: inserita per completezza del censimento, non nel catalogo convenzionato.;Non documentata;2026-09-20;Non effettuata;Non rilevati: capacità autorizzata/accreditata non è disponibilità;;;"Struttura corrente documentata; solo autorizzazione nella trasparenza corrente";MOD-101;SRSR H24;Psichiatria;Residenziale;10;"10 autorizzati; non accreditati nella trasparenza corrente";Solo autorizzazione / non inclusa nel convenzionato;;https://www.cooperativailcastelloincantato.it/la-cooperativa/amministrazione-trasparente/ | https://www.cooperativailcastelloincantato.it/portfolio_category/strutture/ | https://www.cooperativailcastelloincantato.it/contatti/;;Nuovo V7.1;;;;;;;;Autorizzata per 10 posti secondo trasparenza corrente;https://www.cooperativailcastelloincantato.it/la-cooperativa/amministrazione-trasparente/;Non documentato nella trasparenza corrente;;Non documentato;;;Non documentato;;10;;;10;;;;Privata / ente non ASL;Sito gestore;;Non presente;;No;;;Non applicabile – nuovo V7.1;Nuovo modulo individuato nella ricognizione sostanziale V7.1;;Non applicabile – nuovo V7.1;2026-09-20;"Nuova struttura corrente individuata; solo autorizzazione documentata.";Aggiunta tra i moduli da verificare, non tra le convenzionate.;https://www.cooperativailcastelloincantato.it/la-cooperativa/amministrazione-trasparente/ | https://www.cooperativailcastelloincantato.it/portfolio_category/strutture/;Solo autorizzazione / rapporto SSN da comprovare;Da verificare 2026;2026-09-20;"Villa Daniela è censita come SRSR H24 autorizzata; non acquisita prova di accreditamento/contratto SSR 2026.";Resta da verificare 2026.;https://www.cooperativailcastelloincantato.it/la-cooperativa/amministrazione-trasparente/ | https://www.cooperativailcastelloincantato.it/portfolio_category/strutture/;Solo autorizzazione / rapporto SSN da comprovare;Da verificare 2026;2026-09-20;Classificazione V7.2 conservata salvo nuove evidenze specifiche.;Nessuna modifica sostanziale.;https://www.cooperativailcastelloincantato.it/la-cooperativa/amministrazione-trasparente/ | https://www.cooperativailcastelloincantato.it/portfolio_category/strutture/;Solo autorizzazione / rapporto SSN da comprovare;Da verificare 2026
CASTELLO-102;Villa Simona;Il Castello Incantato cooperativa sociale;Privata / ente non ASL;Castrocielo;FR;Frosinone;Via per la Stazione d’Aquino;0776 1493425;info@residenza-villasimona.it;"Prestazione corrente documentata in regime di autorizzazione; accreditamento/convenzione non documentati nella trasparenza corrente.";Pagina trasparenza/strutture corrente consultata 20/09/2026;Dichiarazione gestore corrente;Non documentato;;;Riabilitazione psichiatrica residenziale;Da verificare con servizio inviante e struttura;;;V7.1: inserita per completezza del censimento, non nel catalogo convenzionato.;Non documentata;2026-09-20;Non effettuata;Non rilevati: capacità autorizzata/accreditata non è disponibilità;;;"Struttura corrente documentata; solo autorizzazione nella trasparenza corrente";MOD-102;SRTRi;Psichiatria;Residenziale;10;"10 autorizzati; non accreditati nella trasparenza corrente";Solo autorizzazione / non inclusa nel convenzionato;;https://www.cooperativailcastelloincantato.it/la-cooperativa/amministrazione-trasparente/ | https://www.cooperativailcastelloincantato.it/portfolio_category/strutture/ | https://www.cooperativailcastelloincantato.it/contatti/;;Nuovo V7.1;;;;;;;;Autorizzata per 10 posti secondo trasparenza corrente;https://www.cooperativailcastelloincantato.it/la-cooperativa/amministrazione-trasparente/;Non documentato nella trasparenza corrente;;Non documentato;;;Non documentato;;10;;;10;;;;Privata / ente non ASL;Sito gestore;;Non presente;;No;;;Non applicabile – nuovo V7.1;Nuovo modulo individuato nella ricognizione sostanziale V7.1;;Non applicabile – nuovo V7.1;2026-09-20;"Nuova struttura corrente individuata; solo autorizzazione documentata.";Aggiunta tra i moduli da verificare, non tra le convenzionate.;https://www.cooperativailcastelloincantato.it/la-cooperativa/amministrazione-trasparente/ | https://www.cooperativailcastelloincantato.it/portfolio_category/strutture/;Solo autorizzazione / rapporto SSN da comprovare;Da verificare 2026;2026-09-20;"Villa Simona è censita come SRTRi autorizzata; non acquisita prova di accreditamento/contratto SSR 2026.";Resta da verificare 2026.;https://www.cooperativailcastelloincantato.it/la-cooperativa/amministrazione-trasparente/ | https://www.cooperativailcastelloincantato.it/portfolio_category/strutture/;Solo autorizzazione / rapporto SSN da comprovare;Da verificare 2026;2026-09-20;Classificazione V7.2 conservata salvo nuove evidenze specifiche.;Nessuna modifica sostanziale.;https://www.cooperativailcastelloincantato.it/la-cooperativa/amministrazione-trasparente/ | https://www.cooperativailcastelloincantato.it/portfolio_category/strutture/;Solo autorizzazione / rapporto SSN da comprovare;Da verificare 2026
AA-GER;Aquilone Azzurro – Via Germanico;Cooperativa Sociale Aquilone Azzurro;Privata / ente non ASL;Roma;RM;Roma 1;Via Germanico, 198;063234613;info@cooperativasocialeaquiloneazzurro.it;"Accreditamento corrente documentato; il PARS descrive origine/convenzione storica con ASL. Specifico contratto/budget 2026 non acquisito.";Sito/PARS corrente consultati 20/09/2026;"Gestore corrente + PARS; contratto 2026 da completare";Non documentato;;;Riabilitazione psichiatrica residenziale;"Invio CSM/UVM/SIPC secondo struttura; verificare autorizzazione e disponibilità.";;;V7.1: nuova struttura individuata. Non trasferita automaticamente al 2026 la convenzione storica.;Non documentata;2026-09-20;Non effettuata;Non rilevati: capacità autorizzata/accreditata non è disponibilità;;;"Struttura/accreditamento correnti documentati; contratto 2026 non acquisito";MOD-104;SRSR H12;Psichiatria;Residenziale;10;10 accreditati secondo gestore;Accreditata: contratto/convenzione 2026 da comprovare;;https://www.cooperativasocialeaquiloneazzurro.it/ | https://www.cooperativasocialeaquiloneazzurro.it/strutture/ | https://www.cooperativasocialeaquiloneazzurro.it/DOCPDF/PARS%20Aquilone%20Azzurro.pdf;;Nuovo V7.1;;;;;;;;Autorizzata/accreditata secondo gestore;;Accreditata;;"Convenzione storica richiamata; specifico rapporto 2026 non acquisito";;;Da verificare;;;10;;10;;;;Privata / ente non ASL;Sito gestore;;Non presente;;No;;;Non applicabile – nuovo V7.1;Nuovo modulo individuato nella ricognizione sostanziale V7.1;;Non applicabile – nuovo V7.1;2026-09-20;"Nuova struttura corrente individuata; accreditamento documentato, contratto 2026 da comprovare.";Aggiunta tra i moduli da verificare.;https://www.cooperativasocialeaquiloneazzurro.it/ | https://www.cooperativasocialeaquiloneazzurro.it/DOCPDF/PARS%20Aquilone%20Azzurro.pdf;Accreditata: contratto/convenzione 2026 da comprovare;Da verificare 2026;2026-09-20;"Aquilone Azzurro Via Germanico è struttura attiva; le fonti reperite documentano rapporti storici con ASL ma non un contratto 2026 specifico.";Resta da verificare 2026.;https://www.cooperativasocialeaquiloneazzurro.it/ | https://www.cooperativasocialeaquiloneazzurro.it/DOCPDF/PARS%20Aquilone%20Azzurro.pdf;Accreditata: contratto/convenzione 2026 da comprovare;Da verificare 2026;2026-09-20;Classificazione V7.2 conservata salvo nuove evidenze specifiche.;Nessuna modifica sostanziale.;https://www.cooperativasocialeaquiloneazzurro.it/ | https://www.cooperativasocialeaquiloneazzurro.it/DOCPDF/PARS%20Aquilone%20Azzurro.pdf;Accreditata: contratto/convenzione 2026 da comprovare;Da verificare 2026
AA-GAT;Aquilone Azzurro – La Gatta;Cooperativa Sociale Aquilone Azzurro;Privata / ente non ASL;Santa Marinella;RM;Roma 4;Lungomare G. Marconi, 96;0766533786;info@cooperativasocialeaquiloneazzurro.it;"Accreditamento corrente documentato; il PARS descrive origine/convenzione storica con ASL. Specifico contratto/budget 2026 non acquisito.";Sito/PARS corrente consultati 20/09/2026;"Gestore corrente + PARS; contratto 2026 da completare";Non documentato;;;Riabilitazione psichiatrica residenziale;"Invio CSM/UVM/SIPC secondo struttura; verificare autorizzazione e disponibilità.";;;V7.1: nuova struttura individuata. Non trasferita automaticamente al 2026 la convenzione storica.;Non documentata;2026-09-20;Non effettuata;Non rilevati: capacità autorizzata/accreditata non è disponibilità;;;"Struttura/accreditamento correnti documentati; contratto 2026 non acquisito";MOD-105;SRSR H24;Psichiatria;Residenziale;;Capienza corrente da consolidare;Accreditata: contratto/convenzione 2026 da comprovare;;https://www.cooperativasocialeaquiloneazzurro.it/ | https://www.cooperativasocialeaquiloneazzurro.it/strutture/ | https://www.cooperativasocialeaquiloneazzurro.it/DOCPDF/PARS%20Aquilone%20Azzurro.pdf;;Nuovo V7.1;;;;;;;;Autorizzata/accreditata secondo gestore;;Accreditata;;"Convenzione storica richiamata; specifico rapporto 2026 non acquisito";;;Da verificare;;;;;;;;;Privata / ente non ASL;Sito gestore;;Non presente;;No;;;Non applicabile – nuovo V7.1;Nuovo modulo individuato nella ricognizione sostanziale V7.1;;Non applicabile – nuovo V7.1;2026-09-20;"Nuova struttura corrente individuata; accreditamento documentato, contratto 2026 da comprovare.";Aggiunta tra i moduli da verificare.;https://www.cooperativasocialeaquiloneazzurro.it/ | https://www.cooperativasocialeaquiloneazzurro.it/DOCPDF/PARS%20Aquilone%20Azzurro.pdf;Accreditata: contratto/convenzione 2026 da comprovare;Da verificare 2026;2026-09-20;"Aquilone Azzurro La Gatta è struttura attiva; non acquisita prova di contratto/finanziamento SSR 2026 specifico.";Resta da verificare 2026.;https://www.cooperativasocialeaquiloneazzurro.it/ | https://www.cooperativasocialeaquiloneazzurro.it/DOCPDF/PARS%20Aquilone%20Azzurro.pdf;Accreditata: contratto/convenzione 2026 da comprovare;Da verificare 2026;2026-09-20;Classificazione V7.2 conservata salvo nuove evidenze specifiche.;Nessuna modifica sostanziale.;https://www.cooperativasocialeaquiloneazzurro.it/ | https://www.cooperativasocialeaquiloneazzurro.it/DOCPDF/PARS%20Aquilone%20Azzurro.pdf;Accreditata: contratto/convenzione 2026 da comprovare;Da verificare 2026
REV-ROMA;Reverie – Comunità terapeutica romana;Associazione Reverie Comunità 1;Privata / ente non ASL;Roma;RM;Roma 1;Via Moncenisio, 20;06 8177417 / 3939608784;ctrreverieroma@gmail.com;"Gestore corrente dichiara comunità da 10 posti accreditata con SSN; specifico contratto/budget 2026 non acquisito.";Sito e trasparenza correnti 2026;"Dichiarazione gestore corrente; contratto 2026 da completare";Non documentato;;;Comunità terapeutica psichiatrica SRTR-e;Da concordare con servizio territoriale e struttura;;;"V7.1: nuova struttura individuata; accreditamento corrente dichiarato dal gestore.";Non documentata;2026-09-20;Non effettuata;Non rilevati: capacità autorizzata/accreditata non è disponibilità;;;"Operatività/accreditamento correnti documentati; contratto 2026 non acquisito";MOD-106;SRTR-e;Psichiatria;Residenziale;10;10 autorizzati/accreditati dichiarati dal gestore;Accreditata: contratto/convenzione 2026 da comprovare;;https://reverie.it/strutture/comunita-terapeutica-romana/ | https://reverie.it/ | https://reverie.it/amministrazione-trasparente/;;Nuovo V7.1;;;;;;;;Autorizzata per massimo 10 posti secondo gestore;;Accreditata con SSN secondo gestore;;Specifico contratto/budget 2026 non acquisito;;;Da verificare;;10;10;;10;;;;Privata / ente non ASL;Sito gestore;;Non presente;;No;;;Non applicabile – nuovo V7.1;Nuovo modulo individuato nella ricognizione sostanziale V7.1;;Non applicabile – nuovo V7.1;2026-09-20;"Nuova SRTR-e corrente individuata; accreditamento SSN dichiarato, contratto 2026 da comprovare.";Aggiunta tra i moduli da verificare.;https://reverie.it/strutture/comunita-terapeutica-romana/ | https://reverie.it/ | https://reverie.it/amministrazione-trasparente/;Accreditata: contratto/convenzione 2026 da comprovare;Da verificare 2026;2026-09-20;"Reverie Roma risulta SRTR-e accreditata nelle fonti di struttura; gli atti economici 2026 reperiti riguardano altra sede/modulo Reverie.";Resta da verificare 2026.;https://reverie.it/strutture/comunita-terapeutica-romana/ | https://reverie.it/ | https://reverie.it/amministrazione-trasparente/;Accreditata: contratto/convenzione 2026 da comprovare;Da verificare 2026;2026-09-20;Classificazione V7.2 conservata salvo nuove evidenze specifiche.;Nessuna modifica sostanziale.;https://reverie.it/strutture/comunita-terapeutica-romana/ | https://reverie.it/ | https://reverie.it/amministrazione-trasparente/;Accreditata: contratto/convenzione 2026 da comprovare;Da verificare 2026
CUS;Comunità Psicoterapeutica Giacomo Cusmano;Comunità Psicoterapeutica Giacomo Cusmano;Privata / ente non ASL;Anguillara Sabazia;RM;Roma 4;Via Giacomo Cusmano, 28;06 99900353;progettocusmano@gmail.com;"Struttura corrente e accreditata; accesso tramite SerD. Non reperito atto economico 2026 specifico.";Verifica web 20/09/2026;Gestore corrente + elenco ASL Roma 4;Non documentato;;;"Cura e riabilitazione delle dipendenze; percorso residenziale";Invio SerD/servizio competente e valutazione della struttura.;"Adulti; verificare criteri specifici";;;Non documentata;2026-09-20;Non effettuata;Non rilevati: capacità documentata non equivale a disponibilità;https://www.google.com/maps/search/?api=1&query=Via%20Giacomo%20Cusmano%2C%2028%2C%20Anguillara%20Sabazia%2C%20Italia;;Vedi prova e annualità indicate;MOD-110;Terapeutico-riabilitativa residenziale;Dipendenze;Residenziale;48;Accreditati/documentati secondo fonte;Accreditata: rapporto SSN 2026 da comprovare;Aggiunto in V7.3 dopo confronto indipendente con elenchi/atti esterni.;https://www.comunitacusmano.com/chi-siamo/cosa-facciamo | https://www.pa33.it/ASLROMA4/DocDownload/132812/IDDOCUMENTO;;;;Da concordare con servizio inviante e struttura;Individualizzata;Idoneità clinica e amministrativa da valutare;Fonte gestore/istituzionale corrente;Indirizzo pubblicato;Accreditamento documentato;Documentata;;Accreditata DCA U00379/2017;;Rapporto SSN 2026 da comprovare;;;Da verificare;;;48;;48;Da verificare;Non documentato;;Privata / ente non ASL;Gestore identificato da fonti correnti;https://www.comunitacusmano.com/chi-siamo/cosa-facciamo | https://www.pa33.it/ASLROMA4/DocDownload/132812/IDDOCUMENTO;Non presente;;No;;;Nuovo in V7.3;"Assente nelle versioni precedenti; aggiunto in V7.3.";Non censito;N/A;;;;;Non censito;Non censito;;;;;Non censito;Non censito;2026-09-20;"Struttura corrente e accreditata; accesso tramite SerD. Non reperito atto economico 2026 specifico.";Aggiunto al censimento V7.3.;https://www.comunitacusmano.com/chi-siamo/cosa-facciamo | https://www.pa33.it/ASLROMA4/DocDownload/132812/IDDOCUMENTO;Accreditata: rapporto SSN 2026 da comprovare;Da verificare 2026
MN-SER;Mondo Nuovo – Villa Sergetto;Associazione Comunità Mondo Nuovo ODV;Privata / ente non ASL;Civitavecchia;RM;Roma 4;S.P. Braccianese Claudia Km 69,300;0766 31818;villasergetto@mondonuovo.org;"Centro residenziale accreditato riportato nella Carta dei servizi corrente del gestore; non reperita prova economica 2026 specifica.";Verifica web 20/09/2026;Carta servizi/gestore corrente;Non documentato;;;"Cura e riabilitazione delle dipendenze; percorso residenziale";Invio SerD/servizio competente e valutazione della struttura.;"Adulti; verificare criteri specifici";;;Non documentata;2026-09-20;Non effettuata;Non rilevati: capacità documentata non equivale a disponibilità;https://www.google.com/maps/search/?api=1&query=S.P.%20Braccianese%20Claudia%20Km%2069%2C300%2C%20Civitavecchia%2C%20Italia;;Vedi prova e annualità indicate;MOD-111;Pedagogico-riabilitativa residenziale;Dipendenze;Residenziale;8;Accreditati/documentati secondo fonte;Accreditata: rapporto SSN 2026 da comprovare;Aggiunto in V7.3 dopo confronto indipendente con elenchi/atti esterni.;https://comunitamondonuovo.it/wp-content/uploads/2024/07/Carta-Servizi.pdf | https://comunitamondonuovo.it/;;;;Da concordare con servizio inviante e struttura;Individualizzata;Idoneità clinica e amministrativa da valutare;Fonte gestore/istituzionale corrente;Indirizzo pubblicato;Accreditamento documentato;Documentata;;Accreditata Regione Lazio;;Rapporto SSN 2026 da comprovare;;;Da verificare;;;8;;8;Da verificare;Non documentato;;Privata / ente non ASL;Gestore identificato da fonti correnti;https://comunitamondonuovo.it/wp-content/uploads/2024/07/Carta-Servizi.pdf | https://comunitamondonuovo.it/;Non presente;;No;;;Nuovo in V7.3;"Assente nelle versioni precedenti; aggiunto in V7.3.";Non censito;N/A;;;;;Non censito;Non censito;;;;;Non censito;Non censito;2026-09-20;"Centro residenziale accreditato riportato nella Carta dei servizi corrente del gestore; non reperita prova economica 2026 specifica.";Aggiunto al censimento V7.3.;https://comunitamondonuovo.it/wp-content/uploads/2024/07/Carta-Servizi.pdf | https://comunitamondonuovo.it/;Accreditata: rapporto SSN 2026 da comprovare;Da verificare 2026
MN-PAR;Mondo Nuovo – Villa Paradiso;Associazione Comunità Mondo Nuovo ODV;Privata / ente non ASL;Tarquinia;VT;Viterbo;S.P. Litoranea Km 1,750;0766 31818;villaparadiso@mondonuovo.org;"Centro residenziale accreditato riportato nella Carta dei servizi corrente del gestore; non reperita prova economica 2026 specifica.";Verifica web 20/09/2026;Carta servizi/gestore corrente;Non documentato;;;"Cura e riabilitazione delle dipendenze; percorso residenziale";Invio SerD/servizio competente e valutazione della struttura.;"Adulti; verificare criteri specifici";;;Non documentata;2026-09-20;Non effettuata;Non rilevati: capacità documentata non equivale a disponibilità;https://www.google.com/maps/search/?api=1&query=S.P.%20Litoranea%20Km%201%2C750%2C%20Tarquinia%2C%20Italia;;Vedi prova e annualità indicate;MOD-112;Pedagogico-riabilitativa residenziale;Dipendenze;Residenziale;27;Accreditati/documentati secondo fonte;Accreditata: rapporto SSN 2026 da comprovare;Aggiunto in V7.3 dopo confronto indipendente con elenchi/atti esterni.;https://comunitamondonuovo.it/wp-content/uploads/2024/07/Carta-Servizi.pdf | https://comunitamondonuovo.it/;;;;Da concordare con servizio inviante e struttura;Individualizzata;Idoneità clinica e amministrativa da valutare;Fonte gestore/istituzionale corrente;Indirizzo pubblicato;Accreditamento documentato;Documentata;;Accreditata Regione Lazio;;Rapporto SSN 2026 da comprovare;;;Da verificare;;;27;;27;Da verificare;Non documentato;;Privata / ente non ASL;Gestore identificato da fonti correnti;https://comunitamondonuovo.it/wp-content/uploads/2024/07/Carta-Servizi.pdf | https://comunitamondonuovo.it/;Non presente;;No;;;Nuovo in V7.3;"Assente nelle versioni precedenti; aggiunto in V7.3.";Non censito;N/A;;;;;Non censito;Non censito;;;;;Non censito;Non censito;2026-09-20;"Centro residenziale accreditato riportato nella Carta dei servizi corrente del gestore; non reperita prova economica 2026 specifica.";Aggiunto al censimento V7.3.;https://comunitamondonuovo.it/wp-content/uploads/2024/07/Carta-Servizi.pdf | https://comunitamondonuovo.it/;Accreditata: rapporto SSN 2026 da comprovare;Da verificare 2026
MN-CIU;Mondo Nuovo – Villa Ciulepi;Associazione Comunità Mondo Nuovo ODV;Privata / ente non ASL;Monte Romano;VT;Viterbo;S.S. Aurelia bis Km 10,900;0766 31818;villaciulepi@mondonuovo.org;"Centro residenziale accreditato riportato nella Carta dei servizi corrente del gestore; non reperita prova economica 2026 specifica.";Verifica web 20/09/2026;Carta servizi/gestore corrente;Non documentato;;;"Cura e riabilitazione delle dipendenze; percorso residenziale";Invio SerD/servizio competente e valutazione della struttura.;"Adulti; verificare criteri specifici";;;Non documentata;2026-09-20;Non effettuata;Non rilevati: capacità documentata non equivale a disponibilità;https://www.google.com/maps/search/?api=1&query=S.S.%20Aurelia%20bis%20Km%2010%2C900%2C%20Monte%20Romano%2C%20Italia;;Vedi prova e annualità indicate;MOD-113;Pedagogico-riabilitativa residenziale;Dipendenze;Residenziale;8;Accreditati/documentati secondo fonte;Accreditata: rapporto SSN 2026 da comprovare;Aggiunto in V7.3 dopo confronto indipendente con elenchi/atti esterni.;https://comunitamondonuovo.it/wp-content/uploads/2024/07/Carta-Servizi.pdf | https://comunitamondonuovo.it/;;;;Da concordare con servizio inviante e struttura;Individualizzata;Idoneità clinica e amministrativa da valutare;Fonte gestore/istituzionale corrente;Indirizzo pubblicato;Accreditamento documentato;Documentata;;Accreditata Regione Lazio;;Rapporto SSN 2026 da comprovare;;;Da verificare;;;8;;8;Da verificare;Non documentato;;Privata / ente non ASL;Gestore identificato da fonti correnti;https://comunitamondonuovo.it/wp-content/uploads/2024/07/Carta-Servizi.pdf | https://comunitamondonuovo.it/;Non presente;;No;;;Nuovo in V7.3;"Assente nelle versioni precedenti; aggiunto in V7.3.";Non censito;N/A;;;;;Non censito;Non censito;;;;;Non censito;Non censito;2026-09-20;"Centro residenziale accreditato riportato nella Carta dei servizi corrente del gestore; non reperita prova economica 2026 specifica.";Aggiunto al censimento V7.3.;https://comunitamondonuovo.it/wp-content/uploads/2024/07/Carta-Servizi.pdf | https://comunitamondonuovo.it/;Accreditata: rapporto SSN 2026 da comprovare;Da verificare 2026
MN-COL;Mondo Nuovo – Colle Speranza;Associazione Comunità Mondo Nuovo ODV;Privata / ente non ASL;Tarquinia;VT;Viterbo;S.S. Aurelia bis Km 3,841;0766 31818;collesperanza@mondonuovo.org;"Centro residenziale accreditato riportato nella Carta dei servizi corrente del gestore; non reperita prova economica 2026 specifica.";Verifica web 20/09/2026;Carta servizi/gestore corrente;Non documentato;;;"Cura e riabilitazione delle dipendenze; percorso residenziale";Invio SerD/servizio competente e valutazione della struttura.;"Adulti; verificare criteri specifici";;;Non documentata;2026-09-20;Non effettuata;Non rilevati: capacità documentata non equivale a disponibilità;https://www.google.com/maps/search/?api=1&query=S.S.%20Aurelia%20bis%20Km%203%2C841%2C%20Tarquinia%2C%20Italia;;Vedi prova e annualità indicate;MOD-114;Pedagogico-riabilitativa residenziale;Dipendenze;Residenziale;8;Accreditati/documentati secondo fonte;Accreditata: rapporto SSN 2026 da comprovare;Aggiunto in V7.3 dopo confronto indipendente con elenchi/atti esterni.;https://comunitamondonuovo.it/wp-content/uploads/2024/07/Carta-Servizi.pdf | https://comunitamondonuovo.it/;;;;Da concordare con servizio inviante e struttura;Individualizzata;Idoneità clinica e amministrativa da valutare;Fonte gestore/istituzionale corrente;Indirizzo pubblicato;Accreditamento documentato;Documentata;;Accreditata Regione Lazio;;Rapporto SSN 2026 da comprovare;;;Da verificare;;;8;;8;Da verificare;Non documentato;;Privata / ente non ASL;Gestore identificato da fonti correnti;https://comunitamondonuovo.it/wp-content/uploads/2024/07/Carta-Servizi.pdf | https://comunitamondonuovo.it/;Non presente;;No;;;Nuovo in V7.3;"Assente nelle versioni precedenti; aggiunto in V7.3.";Non censito;N/A;;;;;Non censito;Non censito;;;;;Non censito;Non censito;2026-09-20;"Centro residenziale accreditato riportato nella Carta dei servizi corrente del gestore; non reperita prova economica 2026 specifica.";Aggiunto al censimento V7.3.;https://comunitamondonuovo.it/wp-content/uploads/2024/07/Carta-Servizi.pdf | https://comunitamondonuovo.it/;Accreditata: rapporto SSN 2026 da comprovare;Da verificare 2026
EMM-RI;Comunità Emmanuel – Centro Riccardo Blasetti;Associazione Comunità Emmanuel ETS;Privata / ente non ASL;Rieti;RI;Rieti;Via Cese, 12;0746 755261;info@comunita-emmanuelrieti.org;"Centro operativo ancora documentato nel 2025-2026; il vecchio elenco regionale lo censisce come residenziale. Titolo amministrativo corrente da riconfermare.";Verifica web 20/09/2026;Fonti correnti di attività + elenco regionale storico;Non documentato;;;"Cura e riabilitazione delle dipendenze; percorso residenziale";Invio SerD/servizio competente e valutazione della struttura.;"Adulti; verificare criteri specifici";;;Non documentata;2026-09-20;Non effettuata;Non rilevati: capacità documentata non equivale a disponibilità;https://www.google.com/maps/search/?api=1&query=Via%20Cese%2C%2012%2C%20Rieti%2C%20Italia;;Vedi prova e annualità indicate;MOD-115;Pedagogico-riabilitativa residenziale;Dipendenze;Residenziale;13;Accreditati/documentati secondo fonte;Struttura attiva: accreditamento/rapporto SSN 2026 da ricontrollare;Aggiunto in V7.3 dopo confronto indipendente con elenchi/atti esterni.;https://www.asl.rieti.it/associazioni-asl-rieti | https://dipendenze-emmanuel.org/ | https://www.regione.lazio.it/sites/default/files/decreti-commissario-ad-acta/SAN_DCA_U00011_11_01_2018.pdf;;;;Da concordare con servizio inviante e struttura;Individualizzata;Idoneità clinica e amministrativa da valutare;Fonte gestore/istituzionale corrente;Indirizzo pubblicato;Accreditamento documentato;Da riconfermare;;Da riconfermare;;Rapporto SSN 2026 da comprovare;;;Da verificare;;;13;;13;Da verificare;Non documentato;;Privata / ente non ASL;Gestore identificato da fonti correnti;https://www.asl.rieti.it/associazioni-asl-rieti | https://dipendenze-emmanuel.org/ | https://www.regione.lazio.it/sites/default/files/decreti-commissario-ad-acta/SAN_DCA_U00011_11_01_2018.pdf;Non presente;;No;;;Nuovo in V7.3;"Assente nelle versioni precedenti; aggiunto in V7.3.";Non censito;N/A;;;;;Non censito;Non censito;;;;;Non censito;Non censito;2026-09-20;"Centro operativo ancora documentato nel 2025-2026; il vecchio elenco regionale lo censisce come residenziale. Titolo amministrativo corrente da riconfermare.";Aggiunto al censimento V7.3.;https://www.asl.rieti.it/associazioni-asl-rieti | https://dipendenze-emmanuel.org/ | https://www.regione.lazio.it/sites/default/files/decreti-commissario-ad-acta/SAN_DCA_U00011_11_01_2018.pdf;Struttura attiva: accreditamento/rapporto SSN 2026 da ricontrollare;Da verificare 2026
