id;nome;asl;tipo;comune;indirizzo;telefono;email;servizi;attribuzione_servizi;accesso;orari;fonte;gestione;verifica;ultima_verifica;note;origine_dato_v7;stato_riesame_v7;nota_temporale_v7;titolarita_v6;esito_v6;fonte_v6;livello_prova_v6;note_v6;origine_record_v7_2;stato_verifica_v7_2;fonte_verifica_v7_2;data_verifica_v7_2;note_v7_2
R1-01;DSM Roma 1 — riferimento organizzativo;ASL Roma 1;DSM;Roma;ND — non documentato nelle fonti consultate;ND — non documentato nelle fonti consultate;ND — non documentato nelle fonti consultate;Coordinamento della rete salute mentale e dipendenze;Dato già presente nel censimento precedente;ND — non documentato nelle fonti consultate;ND — non documentato nelle fonti consultate;https://www.aslroma1.it/salute-mentale;Rete ASL — dato ereditato V4;Non riesaminato nella revisione residenziale V5;2026-09-19;;Rete_ASL_V6;Ereditata / non riesaminata nella V7;La data presente in 'ultima_verifica' non equivale a un nuovo riesame V7.;;;;;;Rete ASL V7.1;"Ereditato V7.1; non necessariamente ricontrollato nella V7.2";https://www.aslroma1.it/salute-mentale;;
R1-02;CSM Plinio;ASL Roma 1;CSM;Roma;Via Plinio, 31;0660105840;ND — non documentato nelle fonti consultate;"Accoglienza/accesso diretto; attività diagnostica, terapeutica e assistenziale; consulenze in ospedali e RSA; pronto intervento psichiatrico attivato da ARES 118; raccordo con SPDC e strutture psichiatriche residenziali/semiresidenziali; interventi con i familiari.";Sede specifica — pagina istituzionale ASL della singola sede;Accesso diretto o tramite PUA/servizio territoriale secondo le modalità della sede;"Lun–mar 08–20; mer–ven 08–14; ven pomeriggio e sab alternanza con Palestro";https://www.aslroma1.it/presidi-territoriali/centro-di-salute-mentale-plinio;Rete ASL — dato ereditato V4;Non riesaminato nella revisione residenziale V5;2026-09-19;;Rete_ASL_V6;Ereditata / non riesaminata nella V7;La data presente in 'ultima_verifica' non equivale a un nuovo riesame V7.;;;;;;Rete ASL V7.1;"Ereditato V7.1; non necessariamente ricontrollato nella V7.2";https://www.aslroma1.it/presidi-territoriali/centro-di-salute-mentale-plinio;;
R1-03;CSM Palestro;ASL Roma 1;CSM;Roma;Via Palestro, 39;0660106050;ND — non documentato nelle fonti consultate;"Interventi terapeutici; trattamenti psicoterapeutici e psichiatrici; interventi socio-assistenziali e domiciliari; interventi in collegamento con la Centrale 118; consulenza/collaborazione con strutture sociali e sanitarie e con i Medici di Medicina Generale.";Sede specifica — pagina istituzionale ASL della singola sede;Accesso diretto o tramite PUA/servizio territoriale secondo le modalità della sede;"Lun–mar e ven 08–14; mer–gio 08–20; ven pomeriggio e sab alternanza con Plinio";https://www.aslroma1.it/presidi-territoriali/centro-salute-mentale-via-palestro;Rete ASL — dato ereditato V4;Non riesaminato nella revisione residenziale V5;2026-09-19;;Rete_ASL_V6;Ereditata / non riesaminata nella V7;La data presente in 'ultima_verifica' non equivale a un nuovo riesame V7.;;;;;;Rete ASL V7.1;"Ereditato V7.1; non necessariamente ricontrollato nella V7.2";https://www.aslroma1.it/presidi-territoriali/centro-salute-mentale-via-palestro;;
R1-04;CSM Sabrata;ASL Roma 1;CSM;Roma;Via Sabrata, 12;0660105919;ND — non documentato nelle fonti consultate;"Interventi terapeutici; trattamenti psicoterapeutici e psichiatrici; interventi socio-assistenziali e domiciliari; interventi in collegamento con la Centrale 118; consulenza/collaborazione con strutture sociali e sanitarie e con i Medici di Medicina Generale. La sede dichiara inoltre attività per i disturbi del comportamento alimentare.";Sede specifica — pagina istituzionale ASL della singola sede;Accesso diretto o tramite PUA/servizio territoriale secondo le modalità della sede;"Lun–ven 08:00–20:00; sab e prefestivi 08:00–14:00";https://www.aslroma1.it/presidi-territoriali/centro-di-salute-mentale-sabrata;Rete ASL — dato ereditato V4;Non riesaminato nella revisione residenziale V5;2026-09-19;;Rete_ASL_V6;Ereditata / non riesaminata nella V7;La data presente in 'ultima_verifica' non equivale a un nuovo riesame V7.;;;;;;Rete ASL V7.1;"Ereditato V7.1; non necessariamente ricontrollato nella V7.2";https://www.aslroma1.it/presidi-territoriali/centro-di-salute-mentale-sabrata;;
R1-05;Presidio Boemondo;ASL Roma 1;Presidio salute mentale;Roma;Via Boemondo, 21;0660106030;ND — non documentato nelle fonti consultate;"Interventi terapeutici; trattamenti psicoterapeutici e psichiatrici; interventi socio-assistenziali e domiciliari; interventi in collegamento con la Centrale 118; consulenza/collaborazione con strutture sociali e sanitarie e con i Medici di Medicina Generale. È presente il Polo ADHD Adulti per la valutazione del Disturbo dell'Attenzione nell'adulto.";Sede specifica — pagina istituzionale ASL della singola sede;Accesso diretto o tramite PUA/servizio territoriale secondo le modalità della sede;"Lun–ven 08:00–14:30; Polo ADHD adulti: mar 08:00–14:00 su appuntamento";https://www.aslroma1.it/presidi-territoriali/centro-salute-mentale-via-boemondo;Rete ASL — dato ereditato V4;Non riesaminato nella revisione residenziale V5;2026-09-19;;Rete_ASL_V6;Ereditata / non riesaminata nella V7;La data presente in 'ultima_verifica' non equivale a un nuovo riesame V7.;;;;;;Rete ASL V7.1;"Ereditato V7.1; non necessariamente ricontrollato nella V7.2";https://www.aslroma1.it/presidi-territoriali/centro-salute-mentale-via-boemondo;;
R1-06;CSM Monte Tomatico;ASL Roma 1;CSM;Roma;Via Monte Tomatico, 9;0660105291 / 0660105292;ND — non documentato nelle fonti consultate;"Interventi terapeutici; trattamenti psicoterapeutici e psichiatrici; interventi socio-assistenziali e domiciliari; interventi in collegamento con la Centrale 118; consulenza/collaborazione con strutture sociali e sanitarie e con i Medici di Medicina Generale.";Sede specifica — pagina istituzionale ASL della singola sede;Accesso diretto o tramite PUA/servizio territoriale secondo le modalità della sede;"Mattine feriali 08–14; rientri e sabati secondo calendario alternato, da confermare";https://www.aslroma1.it/presidi-territoriali/centro-salute-mentale-via-monte-tomatico;Rete ASL — dato ereditato V4;Non riesaminato nella revisione residenziale V5;2026-09-19;;Rete_ASL_V6;Ereditata / non riesaminata nella V7;La data presente in 'ultima_verifica' non equivale a un nuovo riesame V7.;;;;;;Rete ASL V7.1;"Ereditato V7.1; non necessariamente ricontrollato nella V7.2";https://www.aslroma1.it/presidi-territoriali/centro-salute-mentale-via-monte-tomatico;;
R1-07;CSM Farulli;ASL Roma 1;CSM;Roma;Via Ugo Farulli, 6;0660105624;ND — non documentato nelle fonti consultate;"Interventi terapeutici; trattamenti psicoterapeutici e psichiatrici; interventi socio-assistenziali e domiciliari; interventi in collegamento con la Centrale 118; consulenza/collaborazione con strutture sociali e sanitarie e con i Medici di Medicina Generale.";Sede specifica — pagina istituzionale ASL della singola sede;Accesso diretto o tramite PUA/servizio territoriale secondo le modalità della sede;"Mattine feriali 08–14; rientri e sabati secondo calendario alternato, da confermare";https://www.aslroma1.it/presidi-territoriali/centro-salute-mentale-via-farulli;Rete ASL — dato ereditato V4;Non riesaminato nella revisione residenziale V5;2026-09-19;;Rete_ASL_V6;Ereditata / non riesaminata nella V7;La data presente in 'ultima_verifica' non equivale a un nuovo riesame V7.;;;;;;Rete ASL V7.1;"Ereditato V7.1; non necessariamente ricontrollato nella V7.2";https://www.aslroma1.it/presidi-territoriali/centro-salute-mentale-via-farulli;;
R1-08;CSM Boccea;ASL Roma 1;CSM;Roma;Via di Boccea, 271;0660105125;ND — non documentato nelle fonti consultate;"Accoglienza/accesso diretto; attività diagnostica, terapeutica e assistenziale; consulenze in ospedali e RSA; pronto intervento psichiatrico attivato da ARES 118; raccordo con SPDC e strutture psichiatriche residenziali/semiresidenziali; interventi con i familiari.";Sede specifica — pagina istituzionale ASL della singola sede;Accesso diretto o tramite PUA/servizio territoriale secondo le modalità della sede;"Lun–ven 08:00–20:00; sab e prefestivi 08:00–14:00";https://www.aslroma1.it/presidi-territoriali/centro-salute-mentale-boccea;Rete ASL — dato ereditato V4;Non riesaminato nella revisione residenziale V5;2026-09-19;;Rete_ASL_V6;Ereditata / non riesaminata nella V7;La data presente in 'ultima_verifica' non equivale a un nuovo riesame V7.;;;;;;Rete ASL V7.1;"Ereditato V7.1; non necessariamente ricontrollato nella V7.2";https://www.aslroma1.it/presidi-territoriali/centro-salute-mentale-boccea;;
R1-09;CSM Innocenzo IV;ASL Roma 1;CSM;Roma;Via Innocenzo IV, 16/d;0660106090;ND — non documentato nelle fonti consultate;"Accoglienza/accesso diretto; attività diagnostica, terapeutica e assistenziale; consulenze in ospedali e RSA; pronto intervento psichiatrico attivato da ARES 118; raccordo con SPDC e strutture psichiatriche residenziali/semiresidenziali; interventi con i familiari.";Sede specifica — pagina istituzionale ASL della singola sede;Accesso diretto o tramite PUA/servizio territoriale secondo le modalità della sede;"Lun–ven 08:00–20:00; sab e prefestivi 08:00–14:00";https://www.aslroma1.it/presidi-territoriali/centro-salute-mentale-innocenzo-iv;Rete ASL — dato ereditato V4;Non riesaminato nella revisione residenziale V5;2026-09-19;;Rete_ASL_V6;Ereditata / non riesaminata nella V7;La data presente in 'ultima_verifica' non equivale a un nuovo riesame V7.;;;;;;Rete ASL V7.1;"Ereditato V7.1; non necessariamente ricontrollato nella V7.2";https://www.aslroma1.it/presidi-territoriali/centro-salute-mentale-innocenzo-iv;;
R1-10;CSM Gasparri;ASL Roma 1;CSM;Roma;Via Pietro Gasparri, 21;0660106140;ND — non documentato nelle fonti consultate;"Accoglienza/accesso diretto; attività diagnostica, terapeutica e assistenziale; consulenze in ospedali e RSA; pronto intervento psichiatrico attivato da ARES 118; raccordo con SPDC e strutture psichiatriche residenziali/semiresidenziali; interventi con i familiari. È presente un Polo ADHD Adulti.";Sede specifica — pagina istituzionale ASL della singola sede;Accesso diretto o tramite PUA/servizio territoriale secondo le modalità della sede;"Lun–ven 08:00–20:00; sab e prefestivi 08:00–14:00";https://www.aslroma1.it/presidi-territoriali/centro-salute-mentale-gasparri;Rete ASL — dato ereditato V4;Non riesaminato nella revisione residenziale V5;2026-09-19;;Rete_ASL_V6;Ereditata / non riesaminata nella V7;La data presente in 'ultima_verifica' non equivale a un nuovo riesame V7.;;;;;;Rete ASL V7.1;"Ereditato V7.1; non necessariamente ricontrollato nella V7.2";https://www.aslroma1.it/presidi-territoriali/centro-salute-mentale-gasparri;;
R1-11;CSM Ventura;ASL Roma 1;CSM;Roma;Via Ventura, 60;0660106040;ND — non documentato nelle fonti consultate;"Accoglienza/accesso diretto; attività diagnostica, terapeutica e assistenziale; consulenze in ospedali e RSA; pronto intervento psichiatrico attivato da ARES 118; raccordo con SPDC e strutture psichiatriche residenziali/semiresidenziali; interventi con i familiari.";Sede specifica — pagina istituzionale ASL della singola sede;Accesso diretto o tramite PUA/servizio territoriale secondo le modalità della sede;"Lun–ven 08:00–20:00; sab e prefestivi 08:00–14:00";https://www.aslroma1.it/presidi-territoriali/centro-salute-mentale-ventura;Rete ASL — dato ereditato V4;Non riesaminato nella revisione residenziale V5;2026-09-19;;Rete_ASL_V6;Ereditata / non riesaminata nella V7;La data presente in 'ultima_verifica' non equivale a un nuovo riesame V7.;;;;;;Rete ASL V7.1;"Ereditato V7.1; non necessariamente ricontrollato nella V7.2";https://www.aslroma1.it/presidi-territoriali/centro-salute-mentale-ventura;;
R1-12;CSM Antonino Di Giorgio;ASL Roma 1;CSM;Roma;Via Antonino Di Giorgio, 19;0660105090;ND — non documentato nelle fonti consultate;"Accoglienza/accesso diretto; attività diagnostica, terapeutica e assistenziale; consulenze in ospedali e RSA; pronto intervento psichiatrico attivato da ARES 118; raccordo con SPDC e strutture psichiatriche residenziali/semiresidenziali; interventi con i familiari. La sede è collegata al Polo Cassia integrato per bisogni complessi, prioritariamente per residenti del Distretto 15 fino a 30 anni.";Sede specifica — pagina istituzionale ASL della singola sede;Accesso diretto o tramite PUA/servizio territoriale secondo le modalità della sede;"Lun–ven 08:00–20:00; sab e prefestivi 08:00–14:00";https://www.aslroma1.it/presidi-territoriali/centro-salute-mentale-di-giorgio;Rete ASL — dato ereditato V4;Non riesaminato nella revisione residenziale V5;2026-09-19;;Rete_ASL_V6;Ereditata / non riesaminata nella V7;La data presente in 'ultima_verifica' non equivale a un nuovo riesame V7.;;;;;;Rete ASL V7.1;"Ereditato V7.1; non necessariamente ricontrollato nella V7.2";https://www.aslroma1.it/presidi-territoriali/centro-salute-mentale-di-giorgio;;
R1-13;SerD Riari;ASL Roma 1;SerD;Roma;Via dei Riari, 48;0660105910 / 0660105914;uosdip.ovest1@aslroma1.it;"Oppioidi e alcol; altre dipendenze negli adulti oltre 25 anni";Dato già presente nel censimento precedente;"Accesso diretto o con appuntamento telefonico; non serve richiesta MMG; documento di identità necessario";"Lun 08:15–12:30 e 14:00–18:00; mar 08:15–12:30 e 14:00–15:00; mer–gio 08:15–12:30 e 14:00–18:00; ven 08:15–12:30 e 14:00–15:00";https://www.aslroma1.it/presidi-territoriali/serd-via-dei-riari;Rete ASL — dato ereditato V4;Non riesaminato nella revisione residenziale V5;2026-09-19;;Rete_ASL_V6;Ereditata / non riesaminata nella V7;La data presente in 'ultima_verifica' non equivale a un nuovo riesame V7.;;;;;;Rete ASL V7.1;"Ereditato V7.1; non necessariamente ricontrollato nella V7.2";https://www.aslroma1.it/presidi-territoriali/serd-via-dei-riari;;
R1-14;Nuove Dipendenze — sede temporanea Palestro;ASL Roma 1;SerD;Roma;Via Palestro, 39;0660105589 / 0660105590;uosnuovedipendenze@aslroma1.it;"Gioco d’azzardo e dipendenze comportamentali; altre sostanze entro 25 anni";Dato già presente nel censimento precedente;"Accesso diretto o telefonico; gratuito; senza richiesta MMG";"Orari della UOS pubblicati: lun-mar-gio 08:00–13:00 e 14:00–19:00; mer 08:00–11:00 e 14:00–19:00; ven 08:00–14:00";https://www.aslroma1.it/presidi-territoriali/serd-via-dei-frentani;Rete ASL — dato ereditato V4;Non riesaminato nella revisione residenziale V5;2026-09-19;"La pagina generale ASL indica la UOS temporaneamente spostata al CSM di Via Palestro 39; la pagina dedicata continua a riportare Via dei Frentani 6. Verificare la sede operativa prima dell'invio.";Rete_ASL_V6;Ereditata / non riesaminata nella V7;La data presente in 'ultima_verifica' non equivale a un nuovo riesame V7.;;;;;;Rete ASL V7.1;"Ereditato V7.1; non necessariamente ricontrollato nella V7.2";https://www.aslroma1.it/presidi-territoriali/serd-via-dei-frentani;;
R1-15;SerD Nomentana;ASL Roma 1;SerD;Roma;Via Nomentana, 2/b;0660105383;uosdip.est2@aslroma1.it;"Trattamento dipendenze; percorso a bassa soglia per persone STP/ENI in trattamento con agonisti oppioidi";Dato già presente nel censimento precedente;"Diretto/telefonico; gratuito; senza richiesta MMG";"Lun-mar 08:00–15:30; mer 08:00–16:00; gio-ven 08:00–14:30";https://www.aslroma1.it/presidi-territoriali/serd-nomentana-2b;Rete ASL — dato ereditato V4;Non riesaminato nella revisione residenziale V5;2026-09-19;;Rete_ASL_V6;Ereditata / non riesaminata nella V7;La data presente in 'ultima_verifica' non equivale a un nuovo riesame V7.;;;;;;Rete ASL V7.1;"Ereditato V7.1; non necessariamente ricontrollato nella V7.2";https://www.aslroma1.it/presidi-territoriali/serd-nomentana-2b;;
R1-16;SerD Montesacro;ASL Roma 1;SerD;Roma;Via Montesacro, 8;0660105310;uosdip.est3@aslroma1.it;"Trattamenti con agonisti oppioidi; valutazioni nelle persone oltre 25 anni";Dato già presente nel censimento precedente;Diretto o telefonico, senza prescrizione del medico;"Lun 08:00–14:30; mar 08:00–12:00 e 14:00–18:00; mer–ven 08:00–14:30";https://www.aslroma1.it/presidi-territoriali/serd-via-montesacro;Rete ASL — dato ereditato V4;Non riesaminato nella revisione residenziale V5;2026-09-19;;Rete_ASL_V6;Ereditata / non riesaminata nella V7;La data presente in 'ultima_verifica' non equivale a un nuovo riesame V7.;;;;;;Rete ASL V7.1;"Ereditato V7.1; non necessariamente ricontrollato nella V7.2";https://www.aslroma1.it/presidi-territoriali/serd-via-montesacro;;
R1-17;SerD Marcigliana;ASL Roma 1;SerD;Roma;Salita della Marcigliana, 27;0660105064;uosdip.est3@aslroma1.it;Alcol, gioco d’azzardo e sostanze non oppioidi negli adulti oltre 25 anni;Dato già presente nel censimento precedente;Diretto o telefonico, senza prescrizione del medico;"Lun 08:00–18:00; mar–gio 08:00–15:00; ven 08:00–18:00";https://www.aslroma1.it/presidi-territoriali/servizio-dipendenze-marcigliana-serd;Rete ASL — dato ereditato V4;Non riesaminato nella revisione residenziale V5;2026-09-19;"La pagina generale ASL e vecchi elenchi riportano anche il civico 57; la pagina dedicata aggiornata il 16/09/2026 e la lista presidi distinguono il SerD al civico 27 dal Presidio Marcigliana al civico 57.";Rete_ASL_V6;Ereditata / non riesaminata nella V7;La data presente in 'ultima_verifica' non equivale a un nuovo riesame V7.;;;;;;Rete ASL V7.1;"Ereditato V7.1; non necessariamente ricontrollato nella V7.2";https://www.aslroma1.it/presidi-territoriali/servizio-dipendenze-marcigliana-serd;;
R1-18;SerD Santa Maria della Pietà;ASL Roma 1;SerD;Roma;Piazza Santa Maria della Pietà, 5;0660106859;uosdip.ovest14@aslroma1.it;Trattamento delle dipendenze;Dato già presente nel censimento precedente;Diretto o telefonico, senza prescrizione del medico;"Lun 08:00–13:30 e 14:30–19:00; mar 08:00–12:00; mer–ven 08:00–15:00";https://www.aslroma1.it/presidi-territoriali/serd-s-maria-della-pieta;Rete ASL — dato ereditato V4;Non riesaminato nella revisione residenziale V5;2026-09-19;;Rete_ASL_V6;Ereditata / non riesaminata nella V7;La data presente in 'ultima_verifica' non equivale a un nuovo riesame V7.;;;;;;Rete ASL V7.1;"Ereditato V7.1; non necessariamente ricontrollato nella V7.2";https://www.aslroma1.it/presidi-territoriali/serd-s-maria-della-pieta;;
R1-19;Polo Integrato Salute Mentale Cassia;ASL Roma 1;Polo integrato / dipendenze giovani;Roma;Via Cassia, 472;0660105609;uosnuovedipendenze@aslroma1.it;"Dipendenze comportamentali e sostanze non oppioidi; giovani fino a 30 anni";Dato già presente nel censimento precedente;Tramite PUA di Via Cassia 472;Mar e gio 08:30–12:30;https://www.aslroma1.it/presidi-territoriali/polo-integrato-salute-mentale-cassia;Rete ASL — dato ereditato V4;Non riesaminato nella revisione residenziale V5;2026-09-19;;Rete_ASL_V6;Ereditata / non riesaminata nella V7;La data presente in 'ultima_verifica' non equivale a un nuovo riesame V7.;;;;;;Rete ASL V7.1;"Ereditato V7.1; non necessariamente ricontrollato nella V7.2";https://www.aslroma1.it/presidi-territoriali/polo-integrato-salute-mentale-cassia;;
R1-20;PIPSM Plinio Polo Ovest;ASL Roma 1;Interventi precoci / giovani;Roma;Via Plinio, 31;0660105846 / 0660105862;uoc.pipsm@aslroma1.it;"Accoglienza; valutazione del disagio giovanile; diagnosi e interventi terapeutici precoci; collegamento scuola e servizi";Dato già presente nel censimento precedente;"Primo contatto diretto; anche tramite famiglia, scuola o servizi";"Lun–ven 08:00–20:00; sab e prefestivi 08:00–14:00";https://www.aslroma1.it/presidi-territoriali/ambulatorio-plinio-p-i-p-s-m-polo-ovest;Rete ASL — dato ereditato V4;Non riesaminato nella revisione residenziale V5;2026-09-19;;Rete_ASL_V6;Ereditata / non riesaminata nella V7;La data presente in 'ultima_verifica' non equivale a un nuovo riesame V7.;;;;;;Rete ASL V7.1;"Ereditato V7.1; non necessariamente ricontrollato nella V7.2";https://www.aslroma1.it/presidi-territoriali/ambulatorio-plinio-p-i-p-s-m-polo-ovest;;
R1-21;PIPSM Sabrata Polo Est;ASL Roma 1;Interventi precoci / giovani;Roma;Via Sabrata, 12;0660105935;ND — non documentato nelle fonti consultate;"Primo riferimento per disagio psichico giovanile; prevenzione, cura e riabilitazione";Dato già presente nel censimento precedente;ND — non documentato nelle fonti consultate;"Lun–ven 08:00–20:00; sab e prefestivi 08:00–14:00";https://www.aslroma1.it/presidi-territoriali/ambulatorio-sabrata-p-i-p-s-m-polo-est;Rete ASL — dato ereditato V4;Non riesaminato nella revisione residenziale V5;2026-09-19;;Rete_ASL_V6;Ereditata / non riesaminata nella V7;La data presente in 'ultima_verifica' non equivale a un nuovo riesame V7.;;;;;;Rete ASL V7.1;"Ereditato V7.1; non necessariamente ricontrollato nella V7.2";https://www.aslroma1.it/presidi-territoriali/ambulatorio-sabrata-p-i-p-s-m-polo-est;;
R1-22;Coordinamento sportelli Scuola-Salute;ASL Roma 1;Ascolto / orientamento;Roma;Via Plinio, 31;0660105846;antonio.romano@aslroma1.it;Coordinamento di ascolto, promozione e prevenzione nelle scuole;Dato già presente nel censimento precedente;Contattare il coordinamento per scuole e sportelli aderenti;ND — non documentato nelle fonti consultate;https://www.aslroma1.it/sportello-ascolto;Rete ASL — dato ereditato V4;Non riesaminato nella revisione residenziale V5;2026-09-19;;Rete_ASL_V6;Ereditata / non riesaminata nella V7;La data presente in 'ultima_verifica' non equivale a un nuovo riesame V7.;;;;;;Rete ASL V7.1;"Ereditato V7.1; non necessariamente ricontrollato nella V7.2";https://www.aslroma1.it/sportello-ascolto;;
R2-01;DSM Roma 2 — coordinamento;ASL Roma 2;DSM;Roma;Via Monza, 2;0651006526;ND — non documentato nelle fonti consultate;Coordinamento e documentazione dipartimentale;Dato già presente nel censimento precedente;Segreteria/direzione su appuntamento;ND — non documentato nelle fonti consultate;https://www.aslroma2.it/index.php/organizzazione/dipartimenti/dip-di-salute-mentale;Rete ASL — dato ereditato V4;Non riesaminato nella revisione residenziale V5;2026-09-19;;Rete_ASL_V6;Ereditata / non riesaminata nella V7;La data presente in 'ultima_verifica' non equivale a un nuovo riesame V7.;;;;;;Rete ASL V7.1;"Ereditato V7.1; non necessariamente ricontrollato nella V7.2";https://www.aslroma2.it/index.php/organizzazione/dipartimenti/dip-di-salute-mentale;;
R2-02;CSM Bardanzellu;ASL Roma 2;CSM;Roma;Viale Battista Bardanzellu, 8;0641434992 / 0641434994;uoc.csmd4@aslroma2.it;"Prima valutazione multidisciplinare; visite psichiatriche e psicologiche; terapie farmacologiche e psicoterapie; consulenza con MMG/PLS e 118; servizio sociale; sostegno nelle crisi; ricovero volontario/TSO quando indicato; riabilitazione e risocializzazione; progetti individuali; inserimenti residenziali/semiresidenziali, centri diurni e tirocini; supporto all'abitare e alle famiglie; visite domiciliari; percorsi per utenti in REMS.";Profilo ufficiale comune alla rete CSM ASL Roma 2;Primo accesso diretto dell’interessato/familiare, senza ricetta salvo prestazioni medico-legali;"Lun–ven 08:00–20:00; sab e prefestivi 08:00–14:00";https://www.aslroma2.it/attachements/j4/com_content.article/Guida-Servizi-DSM-FINALE-21-11-2025.pdf;Rete ASL — dato ereditato V4;Non riesaminato nella revisione residenziale V5;2026-09-19;;Rete_ASL_V6;Ereditata / non riesaminata nella V7;La data presente in 'ultima_verifica' non equivale a un nuovo riesame V7.;;;;;;Rete ASL V7.1;"Ereditato V7.1; non necessariamente ricontrollato nella V7.2";https://www.aslroma2.it/attachements/j4/com_content.article/Guida-Servizi-DSM-FINALE-21-11-2025.pdf;;
R2-03;CSM Casilina;ASL Roma 2;CSM;Roma;Via Casilina, 395;0651006227;uoc.csmd5@aslroma2.it;"Prima valutazione multidisciplinare; visite psichiatriche e psicologiche; terapie farmacologiche e psicoterapie; consulenza con MMG/PLS e 118; servizio sociale; sostegno nelle crisi; ricovero volontario/TSO quando indicato; riabilitazione e risocializzazione; progetti individuali; inserimenti residenziali/semiresidenziali, centri diurni e tirocini; supporto all'abitare e alle famiglie; visite domiciliari; percorsi per utenti in REMS.";Profilo ufficiale comune alla rete CSM ASL Roma 2;Primo accesso diretto dell’interessato/familiare, senza ricetta salvo prestazioni medico-legali;"Lun–ven 08:00–20:00; sab e prefestivi 08:00–14:00";https://www.aslroma2.it/attachements/j4/com_content.article/Guida-Servizi-DSM-FINALE-21-11-2025.pdf;Rete ASL — dato ereditato V4;Non riesaminato nella revisione residenziale V5;2026-09-19;;Rete_ASL_V6;Ereditata / non riesaminata nella V7;La data presente in 'ultima_verifica' non equivale a un nuovo riesame V7.;;;;;;Rete ASL V7.1;"Ereditato V7.1; non necessariamente ricontrollato nella V7.2";https://www.aslroma2.it/attachements/j4/com_content.article/Guida-Servizi-DSM-FINALE-21-11-2025.pdf;;
R2-04;CSM Eucalipti;ASL Roma 2;CSM;Roma;Via degli Eucalipti, 20;0641436241;uos.eucalipti@aslroma2.it;"Prima valutazione multidisciplinare; visite psichiatriche e psicologiche; terapie farmacologiche e psicoterapie; consulenza con MMG/PLS e 118; servizio sociale; sostegno nelle crisi; ricovero volontario/TSO quando indicato; riabilitazione e risocializzazione; progetti individuali; inserimenti residenziali/semiresidenziali, centri diurni e tirocini; supporto all'abitare e alle famiglie; visite domiciliari; percorsi per utenti in REMS.";Profilo ufficiale comune alla rete CSM ASL Roma 2;Primo accesso diretto dell’interessato/familiare, senza ricetta salvo prestazioni medico-legali;"Lun–ven 08:00–20:00; sab e prefestivi 08:00–14:00";https://www.aslroma2.it/attachements/j4/com_content.article/Guida-Servizi-DSM-FINALE-21-11-2025.pdf;Rete ASL — dato ereditato V4;Non riesaminato nella revisione residenziale V5;2026-09-19;;Rete_ASL_V6;Ereditata / non riesaminata nella V7;La data presente in 'ultima_verifica' non equivale a un nuovo riesame V7.;;;;;;Rete ASL V7.1;"Ereditato V7.1; non necessariamente ricontrollato nella V7.2";https://www.aslroma2.it/attachements/j4/com_content.article/Guida-Servizi-DSM-FINALE-21-11-2025.pdf;;
R2-05;CSM Torre Spaccata;ASL Roma 2;CSM;Roma;Via di Torre Spaccata, 157;0641435210;uoc.csmd6@aslroma2.it;"Prima valutazione multidisciplinare; visite psichiatriche e psicologiche; terapie farmacologiche e psicoterapie; consulenza con MMG/PLS e 118; servizio sociale; sostegno nelle crisi; ricovero volontario/TSO quando indicato; riabilitazione e risocializzazione; progetti individuali; inserimenti residenziali/semiresidenziali, centri diurni e tirocini; supporto all'abitare e alle famiglie; visite domiciliari; percorsi per utenti in REMS.";Profilo ufficiale comune alla rete CSM ASL Roma 2;Primo accesso diretto dell’interessato/familiare, senza ricetta salvo prestazioni medico-legali;"Lun–ven 08:00–20:00; sab e prefestivi 08:00–14:00";https://www.aslroma2.it/attachements/j4/com_content.article/Guida-Servizi-DSM-FINALE-21-11-2025.pdf;Rete ASL — dato ereditato V4;Non riesaminato nella revisione residenziale V5;2026-09-19;;Rete_ASL_V6;Ereditata / non riesaminata nella V7;La data presente in 'ultima_verifica' non equivale a un nuovo riesame V7.;;;;;;Rete ASL V7.1;"Ereditato V7.1; non necessariamente ricontrollato nella V7.2";https://www.aslroma2.it/attachements/j4/com_content.article/Guida-Servizi-DSM-FINALE-21-11-2025.pdf;;
R2-06;CSM Monza;ASL Roma 2;CSM;Roma;Via Monza, 2;0651006513 / 0651007711;csm.monza@aslroma2.it;"Prima valutazione multidisciplinare; visite psichiatriche e psicologiche; terapie farmacologiche e psicoterapie; consulenza con MMG/PLS e 118; servizio sociale; sostegno nelle crisi; ricovero volontario/TSO quando indicato; riabilitazione e risocializzazione; progetti individuali; inserimenti residenziali/semiresidenziali, centri diurni e tirocini; supporto all'abitare e alle famiglie; visite domiciliari; percorsi per utenti in REMS.";Profilo ufficiale comune alla rete CSM ASL Roma 2;Primo accesso diretto dell’interessato/familiare, senza ricetta salvo prestazioni medico-legali;"Lun–ven 08:00–20:00; sab e prefestivi 08:00–14:00";https://www.aslroma2.it/attachements/j4/com_content.article/Guida-Servizi-DSM-FINALE-21-11-2025.pdf;Rete ASL — dato ereditato V4;Non riesaminato nella revisione residenziale V5;2026-09-19;;Rete_ASL_V6;Ereditata / non riesaminata nella V7;La data presente in 'ultima_verifica' non equivale a un nuovo riesame V7.;;;;;;Rete ASL V7.1;"Ereditato V7.1; non necessariamente ricontrollato nella V7.2";https://www.aslroma2.it/attachements/j4/com_content.article/Guida-Servizi-DSM-FINALE-21-11-2025.pdf;;
R2-07;CSM Cinecittà;ASL Roma 2;CSM;Roma;Piazza di Cinecittà, 11;0641436200;uos.cinecitta@aslroma2.it;"Prima valutazione multidisciplinare; visite psichiatriche e psicologiche; terapie farmacologiche e psicoterapie; consulenza con MMG/PLS e 118; servizio sociale; sostegno nelle crisi; ricovero volontario/TSO quando indicato; riabilitazione e risocializzazione; progetti individuali; inserimenti residenziali/semiresidenziali, centri diurni e tirocini; supporto all'abitare e alle famiglie; visite domiciliari; percorsi per utenti in REMS.";Profilo ufficiale comune alla rete CSM ASL Roma 2;Primo accesso diretto dell’interessato/familiare, senza ricetta salvo prestazioni medico-legali;"Lun–ven 08:00–20:00; sab e prefestivi 08:00–14:00";https://www.aslroma2.it/attachements/j4/com_content.article/Guida-Servizi-DSM-FINALE-21-11-2025.pdf;Rete ASL — dato ereditato V4;Non riesaminato nella revisione residenziale V5;2026-09-19;;Rete_ASL_V6;Ereditata / non riesaminata nella V7;La data presente in 'ultima_verifica' non equivale a un nuovo riesame V7.;;;;;;Rete ASL V7.1;"Ereditato V7.1; non necessariamente ricontrollato nella V7.2";https://www.aslroma2.it/attachements/j4/com_content.article/Guida-Servizi-DSM-FINALE-21-11-2025.pdf;;
R2-08;CSM Tosti;ASL Roma 2;CSM;Roma;Piazzale Antonio Tosti, 4;0651004299;csm.d8@aslroma2.it;"Prima valutazione multidisciplinare; visite psichiatriche e psicologiche; terapie farmacologiche e psicoterapie; consulenza con MMG/PLS e 118; servizio sociale; sostegno nelle crisi; ricovero volontario/TSO quando indicato; riabilitazione e risocializzazione; progetti individuali; inserimenti residenziali/semiresidenziali, centri diurni e tirocini; supporto all'abitare e alle famiglie; visite domiciliari; percorsi per utenti in REMS.";Profilo ufficiale comune alla rete CSM ASL Roma 2;Primo accesso diretto dell’interessato/familiare, senza ricetta salvo prestazioni medico-legali;"Lun–ven 07:50–19:50; sab 07:50–13:50";https://www.aslroma2.it/attachements/j4/com_content.article/Guida-Servizi-DSM-FINALE-21-11-2025.pdf;Rete ASL — dato ereditato V4;Non riesaminato nella revisione residenziale V5;2026-09-19;;Rete_ASL_V6;Ereditata / non riesaminata nella V7;La data presente in 'ultima_verifica' non equivale a un nuovo riesame V7.;;;;;;Rete ASL V7.1;"Ereditato V7.1; non necessariamente ricontrollato nella V7.2";https://www.aslroma2.it/attachements/j4/com_content.article/Guida-Servizi-DSM-FINALE-21-11-2025.pdf;;
R2-09;CSM Orio Vergani;ASL Roma 2;CSM;Roma;Via Orio Vergani, 1;0651008550 / 0651008508;csm.d9@aslroma2.it;"Prima valutazione multidisciplinare; visite psichiatriche e psicologiche; terapie farmacologiche e psicoterapie; consulenza con MMG/PLS e 118; servizio sociale; sostegno nelle crisi; ricovero volontario/TSO quando indicato; riabilitazione e risocializzazione; progetti individuali; inserimenti residenziali/semiresidenziali, centri diurni e tirocini; supporto all'abitare e alle famiglie; visite domiciliari; percorsi per utenti in REMS.";Profilo ufficiale comune alla rete CSM ASL Roma 2;Primo accesso diretto dell’interessato/familiare, senza ricetta salvo prestazioni medico-legali;"Lun–ven 07:40–19:40; sab 07:40–13:40";https://www.aslroma2.it/attachements/j4/com_content.article/Guida-Servizi-DSM-FINALE-21-11-2025.pdf;Rete ASL — dato ereditato V4;Non riesaminato nella revisione residenziale V5;2026-09-19;;Rete_ASL_V6;Ereditata / non riesaminata nella V7;La data presente in 'ultima_verifica' non equivale a un nuovo riesame V7.;;;;;;Rete ASL V7.1;"Ereditato V7.1; non necessariamente ricontrollato nella V7.2";https://www.aslroma2.it/attachements/j4/com_content.article/Guida-Servizi-DSM-FINALE-21-11-2025.pdf;;
R2-10;SerD Distretto 4 — ospitato altrove;ASL Roma 2;SerD;Roma;ND — non documentato nelle fonti consultate;0641436156 / 0641436158 / 0641436155;patologie.dipendenza.d4@aslroma2.it;"Prevenzione, cura e riabilitazione delle dipendenze da sostanze e delle dipendenze senza sostanza; presa in carico multidisciplinare e interdisciplinare; tutela della riservatezza/anonimato. Tutti i servizi territoriali della rete dispongono inoltre di un ambulatorio per il Disturbo da Gioco d'Azzardo (DGA/GAP).";Profilo ufficiale comune alla rete SerD ASL Roma 2;"Accesso diretto; per il servizio penitenziario accesso ristretto al Polo Rebibbia secondo regole dell'istituto";"Attività temporaneamente garantite tramite SerD D5 e D7; contattare il servizio";https://www.aslroma2.it/attachements/j4/com_content.article/Guida-Servizi-DSM-FINALE-21-11-2025.pdf;Rete ASL — dato ereditato V4;Non riesaminato nella revisione residenziale V5;2026-09-19;;Rete_ASL_V6;Ereditata / non riesaminata nella V7;La data presente in 'ultima_verifica' non equivale a un nuovo riesame V7.;;;;;;Rete ASL V7.1;"Ereditato V7.1; non necessariamente ricontrollato nella V7.2";https://www.aslroma2.it/attachements/j4/com_content.article/Guida-Servizi-DSM-FINALE-21-11-2025.pdf;;
R2-11;SerD Distretto 5;ASL Roma 2;SerD;Roma;Via Casilina, 397;0651007296;patologie.dipendenza.d5@aslroma2.it;"Prevenzione, cura e riabilitazione delle dipendenze da sostanze e delle dipendenze senza sostanza; presa in carico multidisciplinare e interdisciplinare; tutela della riservatezza/anonimato. Tutti i servizi territoriali della rete dispongono inoltre di un ambulatorio per il Disturbo da Gioco d'Azzardo (DGA/GAP).";Profilo ufficiale comune alla rete SerD ASL Roma 2;"Accesso diretto; per il servizio penitenziario accesso ristretto al Polo Rebibbia secondo regole dell'istituto";Lun–ven 08:15–13:15 e 15:00–18:30;https://www.aslroma2.it/attachements/j4/com_content.article/Guida-Servizi-DSM-FINALE-21-11-2025.pdf;Rete ASL — dato ereditato V4;Non riesaminato nella revisione residenziale V5;2026-09-19;;Rete_ASL_V6;Ereditata / non riesaminata nella V7;La data presente in 'ultima_verifica' non equivale a un nuovo riesame V7.;;;;;;Rete ASL V7.1;"Ereditato V7.1; non necessariamente ricontrollato nella V7.2";https://www.aslroma2.it/attachements/j4/com_content.article/Guida-Servizi-DSM-FINALE-21-11-2025.pdf;;
R2-12;SerD Distretto 6;ASL Roma 2;SerD;Roma;Via Casilina, 1368;0641436181;patologie.dipendenza.d6@aslroma2.it;"Prevenzione, cura e riabilitazione delle dipendenze da sostanze e delle dipendenze senza sostanza; presa in carico multidisciplinare e interdisciplinare; tutela della riservatezza/anonimato. Tutti i servizi territoriali della rete dispongono inoltre di un ambulatorio per il Disturbo da Gioco d'Azzardo (DGA/GAP).";Profilo ufficiale comune alla rete SerD ASL Roma 2;"Accesso diretto; per il servizio penitenziario accesso ristretto al Polo Rebibbia secondo regole dell'istituto";Lun–ven 08:00–19:00;https://www.aslroma2.it/attachements/j4/com_content.article/Guida-Servizi-DSM-FINALE-21-11-2025.pdf;Rete ASL — dato ereditato V4;Non riesaminato nella revisione residenziale V5;2026-09-19;;Rete_ASL_V6;Ereditata / non riesaminata nella V7;La data presente in 'ultima_verifica' non equivale a un nuovo riesame V7.;;;;;;Rete ASL V7.1;"Ereditato V7.1; non necessariamente ricontrollato nella V7.2";https://www.aslroma2.it/attachements/j4/com_content.article/Guida-Servizi-DSM-FINALE-21-11-2025.pdf;;
R2-13;SerD Distretto 7;ASL Roma 2;SerD;Roma;Via dei Sestili, 7;0641436542;patologie.dipendenza.d7@aslroma2.it;"Prevenzione, cura e riabilitazione delle dipendenze da sostanze e delle dipendenze senza sostanza; presa in carico multidisciplinare e interdisciplinare; tutela della riservatezza/anonimato. Tutti i servizi territoriali della rete dispongono inoltre di un ambulatorio per il Disturbo da Gioco d'Azzardo (DGA/GAP).";Profilo ufficiale comune alla rete SerD ASL Roma 2;"Accesso diretto; per il servizio penitenziario accesso ristretto al Polo Rebibbia secondo regole dell'istituto";"Lun/mer 08:15–15:00; mar/gio 08:15–15:00 e 14:15–19:00; ven 08:15–14:30";https://www.aslroma2.it/attachements/j4/com_content.article/Guida-Servizi-DSM-FINALE-21-11-2025.pdf;Rete ASL — dato ereditato V4;Non riesaminato nella revisione residenziale V5;2026-09-19;;Rete_ASL_V6;Ereditata / non riesaminata nella V7;La data presente in 'ultima_verifica' non equivale a un nuovo riesame V7.;;;;;;Rete ASL V7.1;"Ereditato V7.1; non necessariamente ricontrollato nella V7.2";https://www.aslroma2.it/attachements/j4/com_content.article/Guida-Servizi-DSM-FINALE-21-11-2025.pdf;;
R2-14;SerD Distretto 8;ASL Roma 2;SerD;Roma;Via Appia Antica, 220;0651008330;patologie.dipendenza.d8@aslroma2.it;"Prevenzione, cura e riabilitazione delle dipendenze da sostanze e delle dipendenze senza sostanza; presa in carico multidisciplinare e interdisciplinare; tutela della riservatezza/anonimato. Tutti i servizi territoriali della rete dispongono inoltre di un ambulatorio per il Disturbo da Gioco d'Azzardo (DGA/GAP).";Profilo ufficiale comune alla rete SerD ASL Roma 2;"Accesso diretto; per il servizio penitenziario accesso ristretto al Polo Rebibbia secondo regole dell'istituto";Lun–ven 08:00–19:00;https://www.aslroma2.it/attachements/j4/com_content.article/Guida-Servizi-DSM-FINALE-21-11-2025.pdf;Rete ASL — dato ereditato V4;Non riesaminato nella revisione residenziale V5;2026-09-19;;Rete_ASL_V6;Ereditata / non riesaminata nella V7;La data presente in 'ultima_verifica' non equivale a un nuovo riesame V7.;;;;;;Rete ASL V7.1;"Ereditato V7.1; non necessariamente ricontrollato nella V7.2";https://www.aslroma2.it/attachements/j4/com_content.article/Guida-Servizi-DSM-FINALE-21-11-2025.pdf;;
R2-15;SerD Distretto 9;ASL Roma 2;SerD;Roma;Piazzale dell’Umanesimo, 10;0651008013;patologie.dipendenza.d9@aslroma2.it;"Prevenzione, cura e riabilitazione delle dipendenze da sostanze e delle dipendenze senza sostanza; presa in carico multidisciplinare e interdisciplinare; tutela della riservatezza/anonimato. Tutti i servizi territoriali della rete dispongono inoltre di un ambulatorio per il Disturbo da Gioco d'Azzardo (DGA/GAP).";Profilo ufficiale comune alla rete SerD ASL Roma 2;"Accesso diretto; per il servizio penitenziario accesso ristretto al Polo Rebibbia secondo regole dell'istituto";"Lun/mer 07:00–19:00; mar/gio/ven 07:00–14:00";https://www.aslroma2.it/attachements/j4/com_content.article/Guida-Servizi-DSM-FINALE-21-11-2025.pdf;Rete ASL — dato ereditato V4;Non riesaminato nella revisione residenziale V5;2026-09-19;;Rete_ASL_V6;Ereditata / non riesaminata nella V7;La data presente in 'ultima_verifica' non equivale a un nuovo riesame V7.;;;;;;Rete ASL V7.1;"Ereditato V7.1; non necessariamente ricontrollato nella V7.2";https://www.aslroma2.it/attachements/j4/com_content.article/Guida-Servizi-DSM-FINALE-21-11-2025.pdf;;
R2-16;Alcologia Appia Antica;ASL Roma 2;Ambulatorio specialistico;Roma;Via Appia Antica, 220;0651008330;patologie.dipendenza.d8@aslroma2.it;Percorsi specialistici per problemi legati all’alcol;Dato già presente nel censimento precedente;Contatto con SerD Distretto 8 / ambulatorio specialistico;"Lun–ven 08–19; sab 08–13; dom 08:30–12:30";https://www.aslroma2.it/attachements/j4/com_content.article/Guida-Servizi-DSM-FINALE-21-11-2025.pdf;Rete ASL — dato ereditato V4;Non riesaminato nella revisione residenziale V5;2026-09-19;;Rete_ASL_V6;Ereditata / non riesaminata nella V7;La data presente in 'ultima_verifica' non equivale a un nuovo riesame V7.;;;;;;Rete ASL V7.1;"Ereditato V7.1; non necessariamente ricontrollato nella V7.2";https://www.aslroma2.it/attachements/j4/com_content.article/Guida-Servizi-DSM-FINALE-21-11-2025.pdf;;
R2-17;SerD Rebibbia;ASL Roma 2;SerD penitenziario;Roma;Via Raffaele Majetti, 70;0641436471;patologie.dipendenza.rebibbia@aslroma2.it;Assistenza per dipendenze alla popolazione detenuta;Dato già presente nel censimento precedente;"Accesso diretto; per il servizio penitenziario accesso ristretto al Polo Rebibbia secondo regole dell'istituto";Lun–dom 08:30–16:00;https://www.aslroma2.it/attachements/j4/com_content.article/Guida-Servizi-DSM-FINALE-21-11-2025.pdf;Rete ASL — dato ereditato V4;Non riesaminato nella revisione residenziale V5;2026-09-19;;Rete_ASL_V6;Ereditata / non riesaminata nella V7;La data presente in 'ultima_verifica' non equivale a un nuovo riesame V7.;;;;;;Rete ASL V7.1;"Ereditato V7.1; non necessariamente ricontrollato nella V7.2";https://www.aslroma2.it/attachements/j4/com_content.article/Guida-Servizi-DSM-FINALE-21-11-2025.pdf;;
R3-01;Direzione DSM Roma 3;ASL Roma 3;DSM;Roma;Via Raffaello Giovagnoli, 29;0656486152 / 0656486154 / 0656486155;dsmdir@aslroma3.it;Direzione della rete salute mentale, età evolutiva e dipendenze;Dato già presente nel censimento precedente;ND — non documentato nelle fonti consultate;ND — non documentato nelle fonti consultate;https://www.aslroma3.it/dipartimenti/dipartimento-di-salute-mentale/;Rete ASL — dato ereditato V4;Non riesaminato nella revisione residenziale V5;2026-09-19;;Rete_ASL_V6;Ereditata / non riesaminata nella V7;La data presente in 'ultima_verifica' non equivale a un nuovo riesame V7.;;;;;;Rete ASL V7.1;"Ereditato V7.1; non necessariamente ricontrollato nella V7.2";https://www.aslroma3.it/dipartimenti/dipartimento-di-salute-mentale/;;
R3-02;CSM Ostia;ASL Roma 3;CSM;Roma;Via Adolfo Cozza, 7;0656483700;csm.sirene@aslroma3.it;Visite psichiatriche e psicologiche, psicodiagnostica, terapia, psicoterapia, sostegno familiare, attività domiciliare e riabilitazione secondo progetto;Dato già presente nel censimento precedente;"Contatto con il CSM; ambulatorio Acilia su appuntamento";"Lun–ven 08:00–20:00; sab e prefestivi 08:00–14:00";https://www.aslroma3.it/dipartimenti/dipartimento-di-salute-mentale/uoc-salute-mentale-distretto-sanitario-municipio-x/;Rete ASL — dato ereditato V4;Non riesaminato nella revisione residenziale V5;2026-09-19;;Rete_ASL_V6;Ereditata / non riesaminata nella V7;La data presente in 'ultima_verifica' non equivale a un nuovo riesame V7.;;;;;;Rete ASL V7.1;"Ereditato V7.1; non necessariamente ricontrollato nella V7.2";https://www.aslroma3.it/dipartimenti/dipartimento-di-salute-mentale/uoc-salute-mentale-distretto-sanitario-municipio-x/;;
R3-03;CSM Acilia — ambulatorio decentrato;ASL Roma 3;Ambulatorio CSM;Roma;Via Poggio di Acilia, 62;0656483592 / 0656483250;csm.sirene@aslroma3.it;Visite psichiatriche e colloqui psicologici su appuntamento;Dato già presente nel censimento precedente;"Contatto con il CSM; ambulatorio Acilia su appuntamento";"Lun–ven 08–14; appuntamenti concordati con CSM X";https://www.aslroma3.it/dipartimenti/dipartimento-di-salute-mentale/uoc-salute-mentale-distretto-sanitario-municipio-x/;Rete ASL — dato ereditato V4;Non riesaminato nella revisione residenziale V5;2026-09-19;;Rete_ASL_V6;Ereditata / non riesaminata nella V7;La data presente in 'ultima_verifica' non equivale a un nuovo riesame V7.;;;;;;Rete ASL V7.1;"Ereditato V7.1; non necessariamente ricontrollato nella V7.2";https://www.aslroma3.it/dipartimenti/dipartimento-di-salute-mentale/uoc-salute-mentale-distretto-sanitario-municipio-x/;;
R3-04;CSM Fiumicino;ASL Roma 3;CSM;Fiumicino;Largo dello Spinarello, 12/14;0656484301;dsm.d1@aslroma3.it;"Valutazione e trattamento psichiatrico e psicologico; interventi familiari e riabilitativi";Dato già presente nel censimento precedente;"Contatto con il CSM; ambulatorio Acilia su appuntamento";"Lun–ven 08:00–20:00; sab e prefestivi 08:00–14:00";https://www.aslroma3.it/dipartimenti/dipartimento-di-salute-mentale/uoc-salute-mentale-distretto-sanitario-comune-di-fiumicino/;Rete ASL — dato ereditato V4;Non riesaminato nella revisione residenziale V5;2026-09-19;;Rete_ASL_V6;Ereditata / non riesaminata nella V7;La data presente in 'ultima_verifica' non equivale a un nuovo riesame V7.;;;;;;Rete ASL V7.1;"Ereditato V7.1; non necessariamente ricontrollato nella V7.2";https://www.aslroma3.it/dipartimenti/dipartimento-di-salute-mentale/uoc-salute-mentale-distretto-sanitario-comune-di-fiumicino/;;
R3-05;CSM Municipio XI — Portuense;ASL Roma 3;CSM;Roma;Via Portuense, 571;0656485804;dsm.csmd3@aslroma3.it;"Presa in carico psichiatrica, psicologica e sociale; progetti individuali e riabilitazione";Dato già presente nel censimento precedente;"Contatto con il CSM; ambulatorio Acilia su appuntamento";"Lun 13–20; mar 08–18; mer–ven 08–15";https://www.aslroma3.it/dipartimenti/dipartimento-di-salute-mentale/uoc-salute-mentale-distretto-sanitario-municipio-xi/;Rete ASL — dato ereditato V4;Non riesaminato nella revisione residenziale V5;2026-09-19;;Rete_ASL_V6;Ereditata / non riesaminata nella V7;La data presente in 'ultima_verifica' non equivale a un nuovo riesame V7.;;;;;;Rete ASL V7.1;"Ereditato V7.1; non necessariamente ricontrollato nella V7.2";https://www.aslroma3.it/dipartimenti/dipartimento-di-salute-mentale/uoc-salute-mentale-distretto-sanitario-municipio-xi/;;
R3-06;CSM Municipio XII — Giovagnoli;ASL Roma 3;CSM;Roma;Via Raffaello Giovagnoli, 28;0656486461;ND — non documentato nelle fonti consultate;Valutazione psichiatrica e psicologica, sostegno familiare, interventi domiciliari e sociali secondo programma;Dato già presente nel censimento precedente;"Contatto con il CSM; ambulatorio Acilia su appuntamento";"Lun–ven 08:00–20:00; sab e prefestivi 08:00–14:00";https://www.aslroma3.it/dipartimenti/dipartimento-di-salute-mentale/uoc-salute-mentale-distretto-sanitario-municipio-xii/;Rete ASL — dato ereditato V4;Non riesaminato nella revisione residenziale V5;2026-09-19;;Rete_ASL_V6;Ereditata / non riesaminata nella V7;La data presente in 'ultima_verifica' non equivale a un nuovo riesame V7.;;;;;;Rete ASL V7.1;"Ereditato V7.1; non necessariamente ricontrollato nella V7.2";https://www.aslroma3.it/dipartimenti/dipartimento-di-salute-mentale/uoc-salute-mentale-distretto-sanitario-municipio-xii/;;
R3-07;SerD Tagaste;ASL Roma 3;SerD;Roma;Via Tagaste, 2/4;0656483312 / 0656483313;sert.arealitorale@aslroma3.it;"Accoglienza e orientamento; valutazione medica e diagnosi per dipendenza da sostanze, alcol e DGA; trattamenti farmacologici/disintossicazione; interventi psicologici individuali, di coppia e di gruppo; interventi sociali, familiari e inserimento in comunità terapeutiche; prevenzione scolastica/territoriale; programmi per adolescenti e giovani adulti; progetti con enti locali; gruppo per disturbo borderline con uso di sostanze; consulenze.";Profilo ufficiale comune alla UOC Salute e Dipendenze ASL Roma 3;Accesso diretto o contatto con il servizio;"Lun–sab 08:30–13:00; lun/mer/gio anche 15:00–18:00";https://www.aslroma3.it/dipartimenti/dipartimento-di-salute-mentale/uoc-salute-e-dipendenze-ser-d/;Rete ASL — dato ereditato V4;Non riesaminato nella revisione residenziale V5;2026-09-19;;Rete_ASL_V6;Ereditata / non riesaminata nella V7;La data presente in 'ultima_verifica' non equivale a un nuovo riesame V7.;;;;;;Rete ASL V7.1;"Ereditato V7.1; non necessariamente ricontrollato nella V7.2";https://www.aslroma3.it/dipartimenti/dipartimento-di-salute-mentale/uoc-salute-e-dipendenze-ser-d/;;
R3-08;SerD Casaletto;ASL Roma 3;SerD;Roma;Via del Casaletto, 400;0656486478 / 0656486466 / 0656486473;sert.arearomana@aslroma3.it;"Accoglienza e orientamento; valutazione medica e diagnosi per dipendenza da sostanze, alcol e DGA; trattamenti farmacologici/disintossicazione; interventi psicologici individuali, di coppia e di gruppo; interventi sociali, familiari e inserimento in comunità terapeutiche; prevenzione scolastica/territoriale; programmi per adolescenti e giovani adulti; progetti con enti locali; gruppo per disturbo borderline con uso di sostanze; consulenze.";Profilo ufficiale comune alla UOC Salute e Dipendenze ASL Roma 3;Accesso diretto o contatto con il servizio;"Lun–ven 08:30–18:00; sab 08:30–13:00";https://www.aslroma3.it/dipartimenti/dipartimento-di-salute-mentale/uoc-salute-e-dipendenze-ser-d/;Rete ASL — dato ereditato V4;Non riesaminato nella revisione residenziale V5;2026-09-19;;Rete_ASL_V6;Ereditata / non riesaminata nella V7;La data presente in 'ultima_verifica' non equivale a un nuovo riesame V7.;;;;;;Rete ASL V7.1;"Ereditato V7.1; non necessariamente ricontrollato nella V7.2";https://www.aslroma3.it/dipartimenti/dipartimento-di-salute-mentale/uoc-salute-e-dipendenze-ser-d/;;
R3-09;Sportello Ascolto Giovani Dipendenze — Fiumicino;ASL Roma 3;Ascolto / orientamento;Fiumicino;Via delle Ombrine, 9;3387970334;sportello.dipendenze@aslroma3.it;Ascolto, orientamento e prevenzione delle dipendenze;Dato già presente nel censimento precedente;Prenotazione telefonica o via email;Lunedì su appuntamento;https://www.aslroma3.it/ser-d-servizio-trattamento-delle-dipendenze/;Rete ASL — dato ereditato V4;Non riesaminato nella revisione residenziale V5;2026-09-19;;Rete_ASL_V6;Ereditata / non riesaminata nella V7;La data presente in 'ultima_verifica' non equivale a un nuovo riesame V7.;;;;;;Rete ASL V7.1;"Ereditato V7.1; non necessariamente ricontrollato nella V7.2";https://www.aslroma3.it/ser-d-servizio-trattamento-delle-dipendenze/;;
R3-10;Sportello Ascolto Giovani Dipendenze — Ostia;ASL Roma 3;Ascolto / orientamento;Roma;Via Tagaste, 2/4;3387970334;sportello.dipendenze@aslroma3.it;Ascolto, orientamento e prevenzione delle dipendenze;Dato già presente nel censimento precedente;Prenotazione telefonica o via email;Mercoledì su appuntamento;https://www.aslroma3.it/ser-d-servizio-trattamento-delle-dipendenze/;Rete ASL — dato ereditato V4;Non riesaminato nella revisione residenziale V5;2026-09-19;;Rete_ASL_V6;Ereditata / non riesaminata nella V7;La data presente in 'ultima_verifica' non equivale a un nuovo riesame V7.;;;;;;Rete ASL V7.1;"Ereditato V7.1; non necessariamente ricontrollato nella V7.2";https://www.aslroma3.it/ser-d-servizio-trattamento-delle-dipendenze/;;
R3-11;Sportello Ascolto Giovani Dipendenze — Colautti;ASL Roma 3;Ascolto / orientamento;Roma;Via Colautti;3387970334;sportello.dipendenze@aslroma3.it;Ascolto, orientamento e prevenzione delle dipendenze;Dato già presente nel censimento precedente;Prenotazione telefonica o via email;Mercoledì su appuntamento;https://www.aslroma3.it/ser-d-servizio-trattamento-delle-dipendenze/;Rete ASL — dato ereditato V4;Non riesaminato nella revisione residenziale V5;2026-09-19;;Rete_ASL_V6;Ereditata / non riesaminata nella V7;La data presente in 'ultima_verifica' non equivale a un nuovo riesame V7.;;;;;;Rete ASL V7.1;"Ereditato V7.1; non necessariamente ricontrollato nella V7.2";https://www.aslroma3.it/ser-d-servizio-trattamento-delle-dipendenze/;;
R3-12;PDTA fragilità minori e giovani — Lupatelli;ASL Roma 3;Interventi precoci / giovani;Roma;Via Domenico Lupatelli, 7;0656486323;lupatelli.dipendenze@aslroma3.it;"Valutazione medica e psicologica; sostanze, internet e gioco; sostegno e gruppi per genitori";Dato già presente nel censimento precedente;"Accesso autonomo o tramite familiari; contattare la sede";"Attività dedicate lun/mer 08:30–13:00; contattare la sede per appuntamento";https://www.aslroma3.it/dipartimenti/dipartimento-di-salute-mentale/uoc-salute-e-dipendenze-ser-d/;Rete ASL — dato ereditato V4;Non riesaminato nella revisione residenziale V5;2026-09-19;;Rete_ASL_V6;Ereditata / non riesaminata nella V7;La data presente in 'ultima_verifica' non equivale a un nuovo riesame V7.;;;;;;Rete ASL V7.1;"Ereditato V7.1; non necessariamente ricontrollato nella V7.2";https://www.aslroma3.it/dipartimenti/dipartimento-di-salute-mentale/uoc-salute-e-dipendenze-ser-d/;;
R4-01;Direzione DSM Roma 4;ASL Roma 4;DSM;Bracciano;Largo dell’Ospedale Vecchio, 8;0699890632 / 0696669910;direzione.dsm@aslroma4.it;Coordinamento della rete salute mentale;Dato già presente nel censimento precedente;ND — non documentato nelle fonti consultate;ND — non documentato nelle fonti consultate;https://www.aslroma4.it/azienda/dipartimenti/dipartimento-di-salute-mentale;Rete ASL — dato ereditato V4;Non riesaminato nella revisione residenziale V5;2026-09-19;;Rete_ASL_V6;Ereditata / non riesaminata nella V7;La data presente in 'ultima_verifica' non equivale a un nuovo riesame V7.;;;;;;Rete ASL V7.1;"Ereditato V7.1; non necessariamente ricontrollato nella V7.2";https://www.aslroma4.it/azienda/dipartimenti/dipartimento-di-salute-mentale;;
R4-02;CSM Distretto 1 — Civitavecchia;ASL Roma 4;CSM;Civitavecchia;Via delle Azalee, traversa viale G. Bianconi;0696669820 / 0696669821;csm.f1@aslroma4.it;"Accoglienza e prima valutazione psicologica; colloqui/visite psicologiche; prima visita e controlli psichiatrici (anche domiciliari se necessari); psicodiagnostica MMPI-2/WAIS; psicoterapia; riabilitazione individualizzata con i Centri Diurni; somministrazione/dispensazione di farmaci anche a domicilio quando indicato; interventi urgenti per utenti già in cura; autorizzazioni a ricoveri convenzionati, raccordo SPDC e certificazioni cliniche/medico-legali nei casi previsti.";Profilo ufficiale comune ai CSM ASL Roma 4;"CSM competente per residenza; accesso diretto all'accoglienza, preferibilmente con richiesta MMG; urgenze su richiesta motivata di sanitario";"Lun–ven 08:00–20:00; sab e prefestivi 08:00–14:00";https://www.aslroma4.it/strutture-sanitarie/strutture-di-salute-mentale;Rete ASL — dato ereditato V4;Non riesaminato nella revisione residenziale V5;2026-09-19;;Rete_ASL_V6;Ereditata / non riesaminata nella V7;La data presente in 'ultima_verifica' non equivale a un nuovo riesame V7.;;;;;;Rete ASL V7.1;"Ereditato V7.1; non necessariamente ricontrollato nella V7.2";https://www.aslroma4.it/strutture-sanitarie/strutture-di-salute-mentale;;
R4-03;CSM Distretto 2 — Ladispoli;ASL Roma 4;CSM;Ladispoli;Via Berna, 6;0696669979;csm.ladispoli@aslroma4.it;"Accoglienza e prima valutazione psicologica; colloqui/visite psicologiche; prima visita e controlli psichiatrici (anche domiciliari se necessari); psicodiagnostica MMPI-2/WAIS; psicoterapia; riabilitazione individualizzata con i Centri Diurni; somministrazione/dispensazione di farmaci anche a domicilio quando indicato; interventi urgenti per utenti già in cura; autorizzazioni a ricoveri convenzionati, raccordo SPDC e certificazioni cliniche/medico-legali nei casi previsti.";Profilo ufficiale comune ai CSM ASL Roma 4;"CSM competente per residenza; accesso diretto all'accoglienza, preferibilmente con richiesta MMG; urgenze su richiesta motivata di sanitario";"Lun–ven 08:00–20:00; sab e prefestivi 08:00–14:00";https://www.aslroma4.it/strutture-sanitarie/strutture-di-salute-mentale;Rete ASL — dato ereditato V4;Non riesaminato nella revisione residenziale V5;2026-09-19;;Rete_ASL_V6;Ereditata / non riesaminata nella V7;La data presente in 'ultima_verifica' non equivale a un nuovo riesame V7.;;;;;;Rete ASL V7.1;"Ereditato V7.1; non necessariamente ricontrollato nella V7.2";https://www.aslroma4.it/strutture-sanitarie/strutture-di-salute-mentale;;
R4-04;CSM Distretto 3 — Bracciano;ASL Roma 4;CSM;Bracciano;Via Trento, 18;0696669204 / 0696669205 / 0696669208;csm.bracciano@aslroma4.it;"Accoglienza e prima valutazione psicologica; colloqui/visite psicologiche; prima visita e controlli psichiatrici (anche domiciliari se necessari); psicodiagnostica MMPI-2/WAIS; psicoterapia; riabilitazione individualizzata con i Centri Diurni; somministrazione/dispensazione di farmaci anche a domicilio quando indicato; interventi urgenti per utenti già in cura; autorizzazioni a ricoveri convenzionati, raccordo SPDC e certificazioni cliniche/medico-legali nei casi previsti.";Profilo ufficiale comune ai CSM ASL Roma 4;"CSM competente per residenza; accesso diretto all'accoglienza, preferibilmente con richiesta MMG; urgenze su richiesta motivata di sanitario";"Lun–ven 08:00–20:00; sab e prefestivi 08:00–14:00";https://www.aslroma4.it/strutture-sanitarie/strutture-di-salute-mentale;Rete ASL — dato ereditato V4;Non riesaminato nella revisione residenziale V5;2026-09-19;;Rete_ASL_V6;Ereditata / non riesaminata nella V7;La data presente in 'ultima_verifica' non equivale a un nuovo riesame V7.;;;;;;Rete ASL V7.1;"Ereditato V7.1; non necessariamente ricontrollato nella V7.2";https://www.aslroma4.it/strutture-sanitarie/strutture-di-salute-mentale;;
R4-05;CSM Distretto 4 — Morlupo;ASL Roma 4;CSM;Morlupo;Via Roncacci, 78;0696669917 / 0696669907;csm.f4@aslroma4.it;"Accoglienza e prima valutazione psicologica; colloqui/visite psicologiche; prima visita e controlli psichiatrici (anche domiciliari se necessari); psicodiagnostica MMPI-2/WAIS; psicoterapia; riabilitazione individualizzata con i Centri Diurni; somministrazione/dispensazione di farmaci anche a domicilio quando indicato; interventi urgenti per utenti già in cura; autorizzazioni a ricoveri convenzionati, raccordo SPDC e certificazioni cliniche/medico-legali nei casi previsti.";Profilo ufficiale comune ai CSM ASL Roma 4;"CSM competente per residenza; accesso diretto all'accoglienza, preferibilmente con richiesta MMG; urgenze su richiesta motivata di sanitario";"Lun–ven 08:00–20:00; sab e prefestivi 08:00–14:00";https://www.aslroma4.it/strutture-sanitarie/strutture-di-salute-mentale;Rete ASL — dato ereditato V4;Non riesaminato nella revisione residenziale V5;2026-09-19;;Rete_ASL_V6;Ereditata / non riesaminata nella V7;La data presente in 'ultima_verifica' non equivale a un nuovo riesame V7.;;;;;;Rete ASL V7.1;"Ereditato V7.1; non necessariamente ricontrollato nella V7.2";https://www.aslroma4.it/strutture-sanitarie/strutture-di-salute-mentale;;
R4-06;SerD Civitavecchia;ASL Roma 4;SerD;Civitavecchia;Viale Mario Villotti, snc;0766591428 / 0766591429;sertf1@aslroma4.it;"Accoglienza, informazione e orientamento anche nelle urgenze; valutazione psico-fisica, screening, esami tossicologici, diagnosi e certificazione di uso/abuso/dipendenza; programmi terapeutico-riabilitativi personalizzati; invio in comunità terapeutiche; percorsi per misure alternative alla detenzione; prevenzione territoriale e scolastica; attività per detenuti tossicodipendenti; interventi e progetti territoriali/regionali. Il servizio tratta sostanze, alcol e dipendenze senza sostanza incluso GAP.";Profilo ufficiale comune ai SerD ASL Roma 4;"Diretto e/o su appuntamento; non è richiesta impegnativa; per residenti nel territorio ASL Roma 4";"Attività sanitarie lun–ven fino 13:30; altre attività lun–ven 08:15–16:00 su appuntamento";https://www.aslroma4.it/strutture-sanitarie/ser-d-servizio-per-le-dipendenze;Rete ASL — dato ereditato V4;Non riesaminato nella revisione residenziale V5;2026-09-19;;Rete_ASL_V6;Ereditata / non riesaminata nella V7;La data presente in 'ultima_verifica' non equivale a un nuovo riesame V7.;;;;;;Rete ASL V7.1;"Ereditato V7.1; non necessariamente ricontrollato nella V7.2";https://www.aslroma4.it/strutture-sanitarie/ser-d-servizio-per-le-dipendenze;;
R4-07;SerD Bracciano;ASL Roma 4;SerD;Bracciano;Via Santa Lucia — Ospedale Padre Pio;0699890213;sert.bracciano@aslroma4.it;"Accoglienza, informazione e orientamento anche nelle urgenze; valutazione psico-fisica, screening, esami tossicologici, diagnosi e certificazione di uso/abuso/dipendenza; programmi terapeutico-riabilitativi personalizzati; invio in comunità terapeutiche; percorsi per misure alternative alla detenzione; prevenzione territoriale e scolastica; attività per detenuti tossicodipendenti; interventi e progetti territoriali/regionali. Il servizio tratta sostanze, alcol e dipendenze senza sostanza incluso GAP.";Profilo ufficiale comune ai SerD ASL Roma 4;"Diretto e/o su appuntamento; non è richiesta impegnativa; per residenti nel territorio ASL Roma 4";Lun–ven 09:00–14:00 su appuntamento;https://www.aslroma4.it/strutture-sanitarie/ser-d-servizio-per-le-dipendenze;Rete ASL — dato ereditato V4;Non riesaminato nella revisione residenziale V5;2026-09-19;;Rete_ASL_V6;Ereditata / non riesaminata nella V7;La data presente in 'ultima_verifica' non equivale a un nuovo riesame V7.;;;;;;Rete ASL V7.1;"Ereditato V7.1; non necessariamente ricontrollato nella V7.2";https://www.aslroma4.it/strutture-sanitarie/ser-d-servizio-per-le-dipendenze;;
R4-08;SerD Capena;ASL Roma 4;SerD;Capena;Via Tiberina, km 15.500;0696668883;sertf4@aslroma4.it;"Accoglienza, informazione e orientamento anche nelle urgenze; valutazione psico-fisica, screening, esami tossicologici, diagnosi e certificazione di uso/abuso/dipendenza; programmi terapeutico-riabilitativi personalizzati; invio in comunità terapeutiche; percorsi per misure alternative alla detenzione; prevenzione territoriale e scolastica; attività per detenuti tossicodipendenti; interventi e progetti territoriali/regionali. Il servizio tratta sostanze, alcol e dipendenze senza sostanza incluso GAP.";Profilo ufficiale comune ai SerD ASL Roma 4;"Diretto e/o su appuntamento; non è richiesta impegnativa; per residenti nel territorio ASL Roma 4";"Lun 08:15–13:30; mar 08:15–11:00, 12:30–14:00, 14:30–16:45; mer 08:15–13:30; gio 08:15–14:00 e 14:30–16:45; ven 08:15–11:00 e 12:30–13:30; su appuntamento per attività non farmacologiche";https://www.aslroma4.it/strutture-sanitarie/ser-d-servizio-per-le-dipendenze;Rete ASL — dato ereditato V4;Non riesaminato nella revisione residenziale V5;2026-09-19;;Rete_ASL_V6;Ereditata / non riesaminata nella V7;La data presente in 'ultima_verifica' non equivale a un nuovo riesame V7.;;;;;;Rete ASL V7.1;"Ereditato V7.1; non necessariamente ricontrollato nella V7.2";https://www.aslroma4.it/strutture-sanitarie/ser-d-servizio-per-le-dipendenze;;
R5-01;Direzione DSM-DP Roma 5;ASL Roma 5;DSM;Colleferro;Via degli Esplosivi, 9/b;0697097710 / 0697097737;urp.dipartimento.salutementale@aslroma5.it;Direzione dipartimentale e orientamento tramite URP;Dato già presente nel censimento precedente;ND — non documentato nelle fonti consultate;ND — non documentato nelle fonti consultate;https://www.aslroma5.it/dsmdp-dipartimento-di-salute-mentale-e-delle-dipendenze-patologiche/;Rete ASL — dato ereditato V4;Non riesaminato nella revisione residenziale V5;2026-09-19;;Rete_ASL_V6;Ereditata / non riesaminata nella V7;La data presente in 'ultima_verifica' non equivale a un nuovo riesame V7.;;;;;;Rete ASL V7.1;"Ereditato V7.1; non necessariamente ricontrollato nella V7.2";https://www.aslroma5.it/dsmdp-dipartimento-di-salute-mentale-e-delle-dipendenze-patologiche/;;
R5-02;CSM Guidonia;ASL Roma 5;CSM;Guidonia Montecelio;Via Colleferro, 71;0774779186;csm.guidonia@aslroma5.it;"Valutazione e cura psichiatrica; interventi psicologici, sociali e riabilitativi secondo progetto";Dato già presente nel censimento precedente;Contattare il CSM competente per territorio;"Lun–ven 08:00–20:00; sab e prefestivi 08:00–14:00";https://www.aslroma5.it/dsmdp-dipartimento-di-salute-mentale-e-delle-dipendenze-patologiche/uos-csm-di-guidonia/;Rete ASL — dato ereditato V4;Non riesaminato nella revisione residenziale V5;2026-09-19;;Rete_ASL_V6;Ereditata / non riesaminata nella V7;La data presente in 'ultima_verifica' non equivale a un nuovo riesame V7.;;;;;;Rete ASL V7.1;"Ereditato V7.1; non necessariamente ricontrollato nella V7.2";https://www.aslroma5.it/dsmdp-dipartimento-di-salute-mentale-e-delle-dipendenze-patologiche/uos-csm-di-guidonia/;;
R5-03;CSM Monterotondo;ASL Roma 5;CSM;Monterotondo;Viale dell’Aeronautica, 53;0690093556;csm.monterotondo@aslroma5.it;"Valutazione e cura psichiatrica; interventi psicologici, sociali e riabilitativi secondo progetto";Dato già presente nel censimento precedente;Contattare il CSM competente per territorio;"Lun–ven 08:00–20:00; sab e prefestivi 08:00–14:00";https://www.aslroma5.it/dsmdp-dipartimento-di-salute-mentale-e-delle-dipendenze-patologiche/uos-csm-di-monterotondo/;Rete ASL — dato ereditato V4;Non riesaminato nella revisione residenziale V5;2026-09-19;;Rete_ASL_V6;Ereditata / non riesaminata nella V7;La data presente in 'ultima_verifica' non equivale a un nuovo riesame V7.;;;;;;Rete ASL V7.1;"Ereditato V7.1; non necessariamente ricontrollato nella V7.2";https://www.aslroma5.it/dsmdp-dipartimento-di-salute-mentale-e-delle-dipendenze-patologiche/uos-csm-di-monterotondo/;;
R5-04;CSM Subiaco;ASL Roma 5;CSM;Subiaco;Via della Repubblica, 28;077485156 / 07748115014;csm.subiaco@aslroma5.it;"Valutazione e cura psichiatrica; interventi psicologici, sociali e riabilitativi secondo progetto";Dato già presente nel censimento precedente;Contattare il CSM competente per territorio;"Lun–ven 08–20; sabato non indicato";https://www.aslroma5.it/dsmdp-dipartimento-di-salute-mentale-e-delle-dipendenze-patologiche/uoc-csm-subiaco-e-tivoli/uos-csm-di-subiaco/;Rete ASL — dato ereditato V4;Non riesaminato nella revisione residenziale V5;2026-09-19;;Rete_ASL_V6;Ereditata / non riesaminata nella V7;La data presente in 'ultima_verifica' non equivale a un nuovo riesame V7.;;;;;;Rete ASL V7.1;"Ereditato V7.1; non necessariamente ricontrollato nella V7.2";https://www.aslroma5.it/dsmdp-dipartimento-di-salute-mentale-e-delle-dipendenze-patologiche/uoc-csm-subiaco-e-tivoli/uos-csm-di-subiaco/;;
R5-05;CSM Tivoli;ASL Roma 5;CSM;Tivoli;Via Domenico Giuliani, 4;0774318218;csm.tivoli@aslroma5.it;"Valutazione e cura psichiatrica; interventi psicologici, sociali e riabilitativi secondo progetto";Dato già presente nel censimento precedente;Contattare il CSM competente per territorio;"Lun–ven 08:00–20:00; sab e prefestivi 08:00–14:00";https://www.aslroma5.it/dsmdp-dipartimento-di-salute-mentale-e-delle-dipendenze-patologiche/uoc-csm-subiaco-e-tivoli/uos-csm-di-tivoli/;Rete ASL — dato ereditato V4;Non riesaminato nella revisione residenziale V5;2026-09-19;;Rete_ASL_V6;Ereditata / non riesaminata nella V7;La data presente in 'ultima_verifica' non equivale a un nuovo riesame V7.;;;;;;Rete ASL V7.1;"Ereditato V7.1; non necessariamente ricontrollato nella V7.2";https://www.aslroma5.it/dsmdp-dipartimento-di-salute-mentale-e-delle-dipendenze-patologiche/uoc-csm-subiaco-e-tivoli/uos-csm-di-tivoli/;;
R5-06;CSM Colleferro;ASL Roma 5;CSM;Colleferro;Via degli Esplosivi, 9/b;0697097705;csm.colleferro@aslroma5.it;"Valutazione e cura psichiatrica; interventi psicologici, sociali e riabilitativi secondo progetto";Dato già presente nel censimento precedente;Contattare il CSM competente per territorio;"Lun–ven 08:00–20:00; sab e prefestivi 08:00–14:00";https://www.aslroma5.it/dsmdp-dipartimento-di-salute-mentale-e-delle-dipendenze-patologiche/uoc-csm-di-colleferro-e-palestrina/uos-csm-di-colleferro/;Rete ASL — dato ereditato V4;Non riesaminato nella revisione residenziale V5;2026-09-19;;Rete_ASL_V6;Ereditata / non riesaminata nella V7;La data presente in 'ultima_verifica' non equivale a un nuovo riesame V7.;;;;;;Rete ASL V7.1;"Ereditato V7.1; non necessariamente ricontrollato nella V7.2";https://www.aslroma5.it/dsmdp-dipartimento-di-salute-mentale-e-delle-dipendenze-patologiche/uoc-csm-di-colleferro-e-palestrina/uos-csm-di-colleferro/;;
R5-07;CSM Palestrina;ASL Roma 5;CSM;Palestrina;Via Porta San Martino, 36;0695322489 / 0695322492 / 0695322493 / 0695322494 / 0695322497;csm.palestrina@aslroma5.it;"Valutazione e cura psichiatrica; interventi psicologici, sociali e riabilitativi secondo progetto";Dato già presente nel censimento precedente;Contattare il CSM competente per territorio;"Lun–ven 08:00–20:00; sab e prefestivi 08:00–14:00";https://www.aslroma5.it/dsmdp-dipartimento-di-salute-mentale-e-delle-dipendenze-patologiche/uoc-csm-di-colleferro-e-palestrina/uos-csm-di-palestrina/;Rete ASL — dato ereditato V4;Non riesaminato nella revisione residenziale V5;2026-09-19;;Rete_ASL_V6;Ereditata / non riesaminata nella V7;La data presente in 'ultima_verifica' non equivale a un nuovo riesame V7.;;;;;;Rete ASL V7.1;"Ereditato V7.1; non necessariamente ricontrollato nella V7.2";https://www.aslroma5.it/dsmdp-dipartimento-di-salute-mentale-e-delle-dipendenze-patologiche/uoc-csm-di-colleferro-e-palestrina/uos-csm-di-palestrina/;;
R5-08;SerD Monterotondo;ASL Roma 5;SerD;Monterotondo;Via dell’Artigianato, snc;0690075825;serd.monterotondo@aslroma5.it;"Valutazione tossicologica e doppia diagnosi; psicoterapia individuale/gruppo; test; terapie sostitutive; sostegno familiare e comunità";Dato già presente nel censimento precedente;"Accesso diretto, senza impegnativa, per iscritti SSN; continuità possibile anche per non residenti trasferiti da altro SerD";"Lun/gio 07:30–19; mar/mer/ven 07:30–15:30";https://www.aslroma5.it/gioco-dazzardo-e-altre-dipendenze-comportamentali/ | https://www.aslroma5.it/dsmdp-dipartimento-di-salute-mentale-e-delle-dipendenze-patologiche/cosa-sono-i-serd/servizio-per-le-dipendenze-patologiche-monterotondo/;Rete ASL — dato ereditato V4;Non riesaminato nella revisione residenziale V5;2026-09-19;;Rete_ASL_V6;Ereditata / non riesaminata nella V7;La data presente in 'ultima_verifica' non equivale a un nuovo riesame V7.;;;;;;Rete ASL V7.1;"Ereditato V7.1; non necessariamente ricontrollato nella V7.2";https://www.aslroma5.it/gioco-dazzardo-e-altre-dipendenze-comportamentali/ | https://www.aslroma5.it/dsmdp-dipartimento-di-salute-mentale-e-delle-dipendenze-patologiche/cosa-sono-i-serd/servizio-per-le-dipendenze-patologiche-monterotondo/;;
R5-09;SerD Tivoli/Guidonia;ASL Roma 5;SerD;Guidonia Montecelio;Via dei Pioppi, snc;0774779151 / 0774779152;serd.tivoli@aslroma5.it;"Trattamenti medici, psicologici e sociali; doppia diagnosi; gioco d’azzardo; prevenzione scolastica; invio in comunità";Dato già presente nel censimento precedente;"Accesso diretto, senza impegnativa, per iscritti SSN; continuità possibile anche per non residenti trasferiti da altro SerD";"Lun/mar/gio 08–15:30; mer/ven 08–17:30";https://www.aslroma5.it/gioco-dazzardo-e-altre-dipendenze-comportamentali/ | https://www.aslroma5.it/dsmdp-dipartimento-di-salute-mentale-e-delle-dipendenze-patologiche/cosa-sono-i-serd/servizio-per-le-dipendenze-patologiche-tivoli-guidonia/;Rete ASL — dato ereditato V4;Non riesaminato nella revisione residenziale V5;2026-09-19;;Rete_ASL_V6;Ereditata / non riesaminata nella V7;La data presente in 'ultima_verifica' non equivale a un nuovo riesame V7.;;;;;;Rete ASL V7.1;"Ereditato V7.1; non necessariamente ricontrollato nella V7.2";https://www.aslroma5.it/gioco-dazzardo-e-altre-dipendenze-comportamentali/ | https://www.aslroma5.it/dsmdp-dipartimento-di-salute-mentale-e-delle-dipendenze-patologiche/cosa-sono-i-serd/servizio-per-le-dipendenze-patologiche-tivoli-guidonia/;;
R5-10;SerD Colleferro;ASL Roma 5;SerD;Colleferro;Largo Oberdan, snc;0697206764;serd.colleferro@aslroma5.it;"Dipendenze da sostanze e comportamenti; doppia diagnosi; terapie; psicoterapia familiare/gruppo; screening infezioni; invio in comunità";Dato già presente nel censimento precedente;"Accesso diretto, senza impegnativa, per iscritti SSN; continuità possibile anche per non residenti trasferiti da altro SerD";"Lun/mer/gio 08–16; mar 08–18; ven 08–15:15";https://www.aslroma5.it/gioco-dazzardo-e-altre-dipendenze-comportamentali/ | https://www.aslroma5.it/dsmdp-dipartimento-di-salute-mentale-e-delle-dipendenze-patologiche/cosa-sono-i-serd/servizio-per-le-dipendenze-patologiche-colleferro/;Rete ASL — dato ereditato V4;Non riesaminato nella revisione residenziale V5;2026-09-19;;Rete_ASL_V6;Ereditata / non riesaminata nella V7;La data presente in 'ultima_verifica' non equivale a un nuovo riesame V7.;;;;;;Rete ASL V7.1;"Ereditato V7.1; non necessariamente ricontrollato nella V7.2";https://www.aslroma5.it/gioco-dazzardo-e-altre-dipendenze-comportamentali/ | https://www.aslroma5.it/dsmdp-dipartimento-di-salute-mentale-e-delle-dipendenze-patologiche/cosa-sono-i-serd/servizio-per-le-dipendenze-patologiche-colleferro/;;
R5-11;SerD Palestrina;ASL Roma 5;SerD;Palestrina;Via Porta San Martino, 46;0695322630 / 0695322631 / 0695322632;ND — non documentato nelle fonti consultate;"Accoglienza; sostanze/alcol/azzardo; screening infezioni; doppia diagnosi; psicoterapia; sostegno sociale; terapie e comunità";Dato già presente nel censimento precedente;"Accesso diretto, senza impegnativa, per iscritti SSN; continuità possibile anche per non residenti trasferiti da altro SerD";"Lun 08–19; mar/gio/ven 08–15; mer 08–20";https://www.aslroma5.it/gioco-dazzardo-e-altre-dipendenze-comportamentali/ | https://www.aslroma5.it/dsmdp-dipartimento-di-salute-mentale-e-delle-dipendenze-patologiche/cosa-sono-i-serd/servizio-per-le-dipendenze-patologiche-palestrina/;Rete ASL — dato ereditato V4;Non riesaminato nella revisione residenziale V5;2026-09-19;;Rete_ASL_V6;Ereditata / non riesaminata nella V7;La data presente in 'ultima_verifica' non equivale a un nuovo riesame V7.;;;;;;Rete ASL V7.1;"Ereditato V7.1; non necessariamente ricontrollato nella V7.2";https://www.aslroma5.it/gioco-dazzardo-e-altre-dipendenze-comportamentali/ | https://www.aslroma5.it/dsmdp-dipartimento-di-salute-mentale-e-delle-dipendenze-patologiche/cosa-sono-i-serd/servizio-per-le-dipendenze-patologiche-palestrina/;;
R5-12;SerD Subiaco;ASL Roma 5;SerD;Subiaco;Contrada Colle Cisterna, snc;07748115219 / 07748115218;serd.subiaco@aslroma5.it;"Valutazione medica e psichiatrica; doppia diagnosi; test; terapie; supporto sociale; gioco d’azzardo; comunità";Dato già presente nel censimento precedente;"Accesso diretto, senza impegnativa, per iscritti SSN; continuità possibile anche per non residenti trasferiti da altro SerD";Lun–ven 08–16;https://www.aslroma5.it/gioco-dazzardo-e-altre-dipendenze-comportamentali/ | https://www.aslroma5.it/dsmdp-dipartimento-di-salute-mentale-e-delle-dipendenze-patologiche/cosa-sono-i-serd/servizio-per-le-dipendenze-patologiche-subiaco/;Rete ASL — dato ereditato V4;Non riesaminato nella revisione residenziale V5;2026-09-19;;Rete_ASL_V6;Ereditata / non riesaminata nella V7;La data presente in 'ultima_verifica' non equivale a un nuovo riesame V7.;;;;;;Rete ASL V7.1;"Ereditato V7.1; non necessariamente ricontrollato nella V7.2";https://www.aslroma5.it/gioco-dazzardo-e-altre-dipendenze-comportamentali/ | https://www.aslroma5.it/dsmdp-dipartimento-di-salute-mentale-e-delle-dipendenze-patologiche/cosa-sono-i-serd/servizio-per-le-dipendenze-patologiche-subiaco/;;
R6-01;Direzione DSM, NPIA e Dipendenze Roma 6;ASL Roma 6;DSM;Albano Laziale;Via Olivella, km 1;0693273112 / 0693273118 / 0693273119 / 0693273187 / 0693273132;salute.mentale@aslroma6.it;Direzione e coordinamento dipartimentale;Dato già presente nel censimento precedente;ND — non documentato nelle fonti consultate;ND — non documentato nelle fonti consultate;https://www.aslroma6.it/;Rete ASL — dato ereditato V4;Non riesaminato nella revisione residenziale V5;2026-09-19;;Rete_ASL_V6;Ereditata / non riesaminata nella V7;La data presente in 'ultima_verifica' non equivale a un nuovo riesame V7.;;;;;;Rete ASL V7.1;"Ereditato V7.1; non necessariamente ricontrollato nella V7.2";https://www.aslroma6.it/;;
R6-02;CSM Anzio/Nettuno;ASL Roma 6;CSM;Anzio;Villa Albani, ingresso Viale Mencacci / Via Aldobrandini, 32;0693276318;csm.anzio@aslroma6.it;"Servizi documentati nel vademecum di rete (non catalogo clinico esaustivo): accesso diretto o su invio di altro servizio; accoglienza e ascolto; visite psichiatriche e psicologiche; valutazione e raccordo con la rete nei casi in cui emergano situazioni di rischio/violenza, nel rispetto del percorso terapeutico.";Profilo di servizio del vademecum interistituzionale ASL Roma 6/Procura — non esaustivo;Contattare il servizio per primo accesso e bacino territoriale;"Lun–ven 08:00–20:00; sab 08:00–14:00";https://conteinrete.it/vademecum/;Rete ASL — dato ereditato V4;Non riesaminato nella revisione residenziale V5;2026-09-19;;Rete_ASL_V6;Ereditata / non riesaminata nella V7;La data presente in 'ultima_verifica' non equivale a un nuovo riesame V7.;;;;;;Rete ASL V7.1;"Ereditato V7.1; non necessariamente ricontrollato nella V7.2";https://conteinrete.it/vademecum/;;
R6-03;CSM Pomezia;ASL Roma 6;CSM;Pomezia;Via del Mare, km 19;0693274664;csm.pomezia@aslroma6.it;"Servizi documentati nel vademecum di rete (non catalogo clinico esaustivo): accesso diretto o su invio di altro servizio; accoglienza e ascolto; visite psichiatriche e psicologiche; valutazione e raccordo con la rete nei casi in cui emergano situazioni di rischio/violenza, nel rispetto del percorso terapeutico.";Profilo di servizio del vademecum interistituzionale ASL Roma 6/Procura — non esaustivo;Contattare il servizio per primo accesso e bacino territoriale;"Lun–ven 08:00–20:00; sab 08:00–14:00";https://conteinrete.it/vademecum/;Rete ASL — dato ereditato V4;Non riesaminato nella revisione residenziale V5;2026-09-19;;Rete_ASL_V6;Ereditata / non riesaminata nella V7;La data presente in 'ultima_verifica' non equivale a un nuovo riesame V7.;;;;;;Rete ASL V7.1;"Ereditato V7.1; non necessariamente ricontrollato nella V7.2";https://conteinrete.it/vademecum/;;
R6-04;CSM Velletri;ASL Roma 6;CSM;Velletri;Via Ariana, 26;0693272111;csm.velletri@aslroma6.it;"Servizi documentati nel vademecum di rete (non catalogo clinico esaustivo): accesso diretto o su invio di altro servizio; accoglienza e ascolto; visite psichiatriche e psicologiche; valutazione e raccordo con la rete nei casi in cui emergano situazioni di rischio/violenza, nel rispetto del percorso terapeutico.";Profilo di servizio del vademecum interistituzionale ASL Roma 6/Procura — non esaustivo;Contattare il servizio per primo accesso e bacino territoriale;"Lun–ven 07:30–19:30; sab 07:30–14:00";https://conteinrete.it/vademecum/;Rete ASL — dato ereditato V4;Non riesaminato nella revisione residenziale V5;2026-09-19;;Rete_ASL_V6;Ereditata / non riesaminata nella V7;La data presente in 'ultima_verifica' non equivale a un nuovo riesame V7.;;;;;;Rete ASL V7.1;"Ereditato V7.1; non necessariamente ricontrollato nella V7.2";https://conteinrete.it/vademecum/;;
R6-05;CSM Ciampino;ASL Roma 6;CSM;Ciampino;Via F. Baracca, 17/19;0693275115;csm.ciampino@aslroma6.it;"Servizi documentati nel vademecum di rete (non catalogo clinico esaustivo): accesso diretto o su invio di altro servizio; accoglienza e ascolto; visite psichiatriche e psicologiche; valutazione e raccordo con la rete nei casi in cui emergano situazioni di rischio/violenza, nel rispetto del percorso terapeutico.";Profilo di servizio del vademecum interistituzionale ASL Roma 6/Procura — non esaustivo;Contattare il servizio per primo accesso e bacino territoriale;"Lun–ven 08:00–20:00; sab 08:00–14:00";https://conteinrete.it/vademecum/;Rete ASL — dato ereditato V4;Non riesaminato nella revisione residenziale V5;2026-09-19;;Rete_ASL_V6;Ereditata / non riesaminata nella V7;La data presente in 'ultima_verifica' non equivale a un nuovo riesame V7.;;;;;;Rete ASL V7.1;"Ereditato V7.1; non necessariamente ricontrollato nella V7.2";https://conteinrete.it/vademecum/;;
R6-06;CSM Frascati;ASL Roma 6;CSM;Frascati;Via Enrico Fermi, 2;0693274443;csm.frascati@aslroma6.it;"Servizi documentati nel vademecum di rete (non catalogo clinico esaustivo): accesso diretto o su invio di altro servizio; accoglienza e ascolto; visite psichiatriche e psicologiche; valutazione e raccordo con la rete nei casi in cui emergano situazioni di rischio/violenza, nel rispetto del percorso terapeutico.";Profilo di servizio del vademecum interistituzionale ASL Roma 6/Procura — non esaustivo;Contattare il servizio per primo accesso e bacino territoriale;"Lun–ven 08:00–20:00; sab 08:00–14:00";https://conteinrete.it/vademecum/;Rete ASL — dato ereditato V4;Non riesaminato nella revisione residenziale V5;2026-09-19;;Rete_ASL_V6;Ereditata / non riesaminata nella V7;La data presente in 'ultima_verifica' non equivale a un nuovo riesame V7.;;;;;;Rete ASL V7.1;"Ereditato V7.1; non necessariamente ricontrollato nella V7.2";https://conteinrete.it/vademecum/;;
R6-07;SerD Anzio/Nettuno;ASL Roma 6;SerD;Anzio;Via Casal di Claudia, 168;0693276398 / 0693276135 / 0693276588 / 0693276587 / 0693276397;serd.anzio@aslroma6.it;"Servizi documentati nel vademecum di rete (non catalogo clinico esaustivo): accesso diretto o su invio; accoglienza; valutazione diagnostica multidisciplinare medica, psichiatrica, psicologica e sociale; definizione di un percorso terapeutico personalizzato; orientamento e accompagnamento di utenti e familiari; presa in carico terapeutica e lavoro di rete. Ad Anzio è inoltre documentato un Ambulatorio Specialistico GAP per i disturbi da gioco d'azzardo.";Profilo di servizio del vademecum interistituzionale ASL Roma 6/Procura — non esaustivo;Contattare la sede per conferma e modalità di accesso;ND — non documentato nelle fonti consultate;https://conteinrete.it/vademecum/;Rete ASL — dato ereditato V4;Non riesaminato nella revisione residenziale V5;2026-09-19;;Rete_ASL_V6;Ereditata / non riesaminata nella V7;La data presente in 'ultima_verifica' non equivale a un nuovo riesame V7.;;;;;;Rete ASL V7.1;"Ereditato V7.1; non necessariamente ricontrollato nella V7.2";https://conteinrete.it/vademecum/;;
R6-08;SerD Ciampino;ASL Roma 6;SerD;Ciampino;Viale del Lavoro, 69;0693275592 / 0693275593 / 0693275594 / 0693275595 / 0693275596 / 0679321549;serd.ciampino@aslroma6.it;"Servizi documentati nel vademecum di rete (non catalogo clinico esaustivo): accesso diretto o su invio; accoglienza; valutazione diagnostica multidisciplinare medica, psichiatrica, psicologica e sociale; definizione di un percorso terapeutico personalizzato; orientamento e accompagnamento di utenti e familiari; presa in carico terapeutica e lavoro di rete.";Profilo di servizio del vademecum interistituzionale ASL Roma 6/Procura — non esaustivo;Contattare la sede per conferma e modalità di accesso;"Lun 08:00–13:00; mar 08:30–13:00 senza appuntamento e 16:00–19:00 su appuntamento; mer–ven 09:00–13:00";https://conteinrete.it/vademecum/;Rete ASL — dato ereditato V4;Non riesaminato nella revisione residenziale V5;2026-09-19;;Rete_ASL_V6;Ereditata / non riesaminata nella V7;La data presente in 'ultima_verifica' non equivale a un nuovo riesame V7.;;;;;;Rete ASL V7.1;"Ereditato V7.1; non necessariamente ricontrollato nella V7.2";https://conteinrete.it/vademecum/;;
R6-09;SerD Frascati;ASL Roma 6;SerD;Frascati;Via Gregoriana, 27;0693274115 / 0693274116 / 0693274117;serd.frascati@aslroma6.it;"Servizi documentati nel vademecum di rete (non catalogo clinico esaustivo): accesso diretto o su invio; accoglienza; valutazione diagnostica multidisciplinare medica, psichiatrica, psicologica e sociale; definizione di un percorso terapeutico personalizzato; orientamento e accompagnamento di utenti e familiari; presa in carico terapeutica e lavoro di rete.";Profilo di servizio del vademecum interistituzionale ASL Roma 6/Procura — non esaustivo;Contattare la sede per conferma e modalità di accesso;"Lun 08:00–13:00 senza appuntamento e 14:00–19:00 su appuntamento; mar/gio/ven 08:00–14:00; mer 08:00–12:00 su appuntamento e 12:00–19:00 senza appuntamento";https://conteinrete.it/vademecum/;Rete ASL — dato ereditato V4;Non riesaminato nella revisione residenziale V5;2026-09-19;;Rete_ASL_V6;Ereditata / non riesaminata nella V7;La data presente in 'ultima_verifica' non equivale a un nuovo riesame V7.;;;;;;Rete ASL V7.1;"Ereditato V7.1; non necessariamente ricontrollato nella V7.2";https://conteinrete.it/vademecum/;;
R6-10;SerD Genzano;ASL Roma 6;SerD;Genzano di Roma;Via Ospedale Vecchio, 4;0693274680 / 0693274681 / 0693274682;serd.genzano@aslroma6.it;"Servizi documentati nel vademecum di rete (non catalogo clinico esaustivo): accesso diretto o su invio; accoglienza; valutazione diagnostica multidisciplinare medica, psichiatrica, psicologica e sociale; definizione di un percorso terapeutico personalizzato; orientamento e accompagnamento di utenti e familiari; presa in carico terapeutica e lavoro di rete.";Profilo di servizio del vademecum interistituzionale ASL Roma 6/Procura — non esaustivo;Contattare la sede per conferma e modalità di accesso;ND — non documentato nelle fonti consultate;https://conteinrete.it/vademecum/;Rete ASL — dato ereditato V4;Non riesaminato nella revisione residenziale V5;2026-09-19;;Rete_ASL_V6;Ereditata / non riesaminata nella V7;La data presente in 'ultima_verifica' non equivale a un nuovo riesame V7.;;;;;;Rete ASL V7.1;"Ereditato V7.1; non necessariamente ricontrollato nella V7.2";https://conteinrete.it/vademecum/;;
R6-11;SerD Velletri;ASL Roma 6;SerD;Velletri;Via Orti Ginnetti, 55;0693272141;serd.velletri@aslroma6.it;"Servizi documentati nel vademecum di rete (non catalogo clinico esaustivo): accesso diretto o su invio; accoglienza; valutazione diagnostica multidisciplinare medica, psichiatrica, psicologica e sociale; definizione di un percorso terapeutico personalizzato; orientamento e accompagnamento di utenti e familiari; presa in carico terapeutica e lavoro di rete.";Profilo di servizio del vademecum interistituzionale ASL Roma 6/Procura — non esaustivo;Contattare la sede per conferma e modalità di accesso;"Lun/mar/gio/ven 08:00–13:00; mer 14:00–19:00";https://conteinrete.it/vademecum/;Rete ASL — dato ereditato V4;Non riesaminato nella revisione residenziale V5;2026-09-19;;Rete_ASL_V6;Ereditata / non riesaminata nella V7;La data presente in 'ultima_verifica' non equivale a un nuovo riesame V7.;;;;;;Rete ASL V7.1;"Ereditato V7.1; non necessariamente ricontrollato nella V7.2";https://conteinrete.it/vademecum/;;
R6-12;CSM Ariccia;ASL Roma 6;CSM;Ariccia;Via delle Cerquette, 2;0693273753;csm.ariccia@aslroma6.it;"Accoglienza e ascolto; accesso diretto o su invio; visite psichiatriche e psicologiche; lavoro di rete e presa in carico secondo DSM-DP.";Sede specifica nel vademecum interistituzionale;"Accesso diretto o su invio di altro servizio; prima accoglienza lun/mer/ven 09:30–10:30";"Lun–ven 07:30–19:30; sab 07:30–13:30";https://conteinrete.it/vademecum/;Rete ASL — dato ereditato V4;Non riesaminato nella revisione residenziale V5;2026-09-19;;Rete_ASL_V6;Ereditata / non riesaminata nella V7;La data presente in 'ultima_verifica' non equivale a un nuovo riesame V7.;;;;;;Rete ASL V7.1;"Ereditato V7.1; non necessariamente ricontrollato nella V7.2";https://conteinrete.it/vademecum/;;
RI-01;DSM Rieti — riferimento organizzativo;ASL Rieti;DSM;Rieti;ND — non documentato nelle fonti consultate;0746278758 / 0746278743;dtpsm@asl.rieti.it;Direzione e coordinamento dipartimentale della prevenzione, cura e riabilitazione nell'area salute mentale e dipendenze lungo il ciclo di vita.;Nodo organizzativo — profilo dipartimentale ufficiale;ND — non documentato nelle fonti consultate;ND — non documentato nelle fonti consultate;https://www.asl.rieti.it/organizzazione-aziendale/dipartimenti/dipartimento-promozione-e-tutela-della-salute-mentale;Rete ASL — dato ereditato V4;Non riesaminato nella revisione residenziale V5;2026-09-19;;Rete_ASL_V6;Ereditata / non riesaminata nella V7;La data presente in 'ultima_verifica' non equivale a un nuovo riesame V7.;;;;;;Rete ASL V7.1;"Ereditato V7.1; non necessariamente ricontrollato nella V7.2";https://www.asl.rieti.it/organizzazione-aziendale/dipartimenti/dipartimento-promozione-e-tutela-della-salute-mentale;;
RI-02;CSM Rieti — Distretto 1;ASL Rieti;CSM;Rieti;Via Salaria per Roma, 36;0746278901 / 0746278903 / 0746278904 / 0746278905 / 0746278906 / 0746278918;ND — non documentato nelle fonti consultate;"Accoglienza e ascolto; interventi terapeutici programmati; trattamenti ambulatoriali anche ad accesso diretto con colloqui e visite psichiatriche, consulenze urgenti e consulenze per invii MMG; supporto psicosociale; psicoterapia/colloqui psicologici; trattamento terapeutico-riabilitativo e psicoeducazionale; teleconsulto/televisita/telesupporto; interventi domiciliari; somministrazione farmacologica infermieristica; rete sociale, Centri Diurni/comunità/SPDC e progetti di inclusione.";Profilo ufficiale comune ai CSM ASL Rieti — Carta dei Servizi;ND — non documentato nelle fonti consultate;"Lun–ven 07:30–20:30; sab 08:00–14:00 (attività ambulatoriale; attività programmate anche sabato)";https://www.asl.rieti.it/organizzazione-aziendale/dipartimenti/dipartimento-promozione-e-tutela-della-salute-mentale/uosd-csm/csm-distretto-1;Rete ASL — dato ereditato V4;Non riesaminato nella revisione residenziale V5;2026-09-19;;Rete_ASL_V6;Ereditata / non riesaminata nella V7;La data presente in 'ultima_verifica' non equivale a un nuovo riesame V7.;;;;;;Rete ASL V7.1;"Ereditato V7.1; non necessariamente ricontrollato nella V7.2";https://www.asl.rieti.it/organizzazione-aziendale/dipartimenti/dipartimento-promozione-e-tutela-della-salute-mentale/uosd-csm/csm-distretto-1;;
RI-03;CSM Poggio Mirteto — Distretto 2;ASL Rieti;CSM;Poggio Mirteto;Via Finocchieto, snc;0765448249;csmpoggiomirteto@asl.rieti.it;"Accoglienza e ascolto; interventi terapeutici programmati; trattamenti ambulatoriali anche ad accesso diretto con colloqui e visite psichiatriche, consulenze urgenti e consulenze per invii MMG; supporto psicosociale; psicoterapia/colloqui psicologici; trattamento terapeutico-riabilitativo e psicoeducazionale; teleconsulto/televisita/telesupporto; interventi domiciliari; somministrazione farmacologica infermieristica; rete sociale, Centri Diurni/comunità/SPDC e progetti di inclusione.";Profilo ufficiale comune ai CSM ASL Rieti — Carta dei Servizi;ND — non documentato nelle fonti consultate;"Mer/gio/sab 08:00–14:00; lun/mar/ven 08:00–20:00";https://www.asl.rieti.it/organizzazione-aziendale/dipartimenti/dipartimento-promozione-e-tutela-della-salute-mentale/csm-distretto-2;Rete ASL — dato ereditato V4;Non riesaminato nella revisione residenziale V5;2026-09-19;;Rete_ASL_V6;Ereditata / non riesaminata nella V7;La data presente in 'ultima_verifica' non equivale a un nuovo riesame V7.;;;;;;Rete ASL V7.1;"Ereditato V7.1; non necessariamente ricontrollato nella V7.2";https://www.asl.rieti.it/organizzazione-aziendale/dipartimenti/dipartimento-promozione-e-tutela-della-salute-mentale/csm-distretto-2;;
RI-04;CSM Cicolano — Peschieta di Fiamignano;ASL Rieti;CSM;Fiamignano;Via Don Agostino Gismondi, 2;074654801;s.depersis@asl.rieti.it;"Accoglienza e ascolto; interventi terapeutici programmati; trattamenti ambulatoriali anche ad accesso diretto con colloqui e visite psichiatriche, consulenze urgenti e consulenze per invii MMG; supporto psicosociale; psicoterapia/colloqui psicologici; trattamento terapeutico-riabilitativo e psicoeducazionale; teleconsulto/televisita/telesupporto; interventi domiciliari; somministrazione farmacologica infermieristica; rete sociale, Centri Diurni/comunità/SPDC e progetti di inclusione.";Profilo ufficiale comune ai CSM ASL Rieti — Carta dei Servizi;ND — non documentato nelle fonti consultate;Lun–ven 08:00–14:00;https://www.asl.rieti.it/organizzazione-aziendale/dipartimenti/dipartimento-promozione-e-tutela-della-salute-mentale/uosd-csm/csm-distretto-1;Rete ASL — dato ereditato V4;Non riesaminato nella revisione residenziale V5;2026-09-19;;Rete_ASL_V6;Ereditata / non riesaminata nella V7;La data presente in 'ultima_verifica' non equivale a un nuovo riesame V7.;;;;;;Rete ASL V7.1;"Ereditato V7.1; non necessariamente ricontrollato nella V7.2";https://www.asl.rieti.it/organizzazione-aziendale/dipartimenti/dipartimento-promozione-e-tutela-della-salute-mentale/uosd-csm/csm-distretto-1;;
RI-05;SerD Rieti;ASL Rieti;SerD;Rieti;Via Salaria per Roma, 36;0746278935 / 0746278936;sert@asl.rieti.it;"Valutazione e presa in carico terapeutico-riabilitativa per disturbi da uso di sostanze e nuove dipendenze; la rete comprende sedi territoriali, attività per la popolazione detenuta e un ambulatorio specialistico per il disturbo da gioco d'azzardo.";Profilo ufficiale della rete dipendenze ASL Rieti;ND — non documentato nelle fonti consultate;"Lun–ven 07:40–11:00 e 12:00–13:30; mar/gio 14:30–17:00 su appuntamento";https://www.asl.rieti.it/organizzazione-aziendale/dipartimenti/dipartimento-promozione-e-tutela-della-salute-mentale/uos-attivita-terapeutico-riabilitative-per-i-disturbi-da-uso-di-sostanze-e-nuove-dipendenze | https://www.asl.rieti.it/guida-ai-servizi/disturbo-da-gioco-dazzardo;Rete ASL — dato ereditato V4;Non riesaminato nella revisione residenziale V5;2026-09-19;;Rete_ASL_V6;Ereditata / non riesaminata nella V7;La data presente in 'ultima_verifica' non equivale a un nuovo riesame V7.;;;;;;Rete ASL V7.1;"Ereditato V7.1; non necessariamente ricontrollato nella V7.2";https://www.asl.rieti.it/organizzazione-aziendale/dipartimenti/dipartimento-promozione-e-tutela-della-salute-mentale/uos-attivita-terapeutico-riabilitative-per-i-disturbi-da-uso-di-sostanze-e-nuove-dipendenze | https://www.asl.rieti.it/guida-ai-servizi/disturbo-da-gioco-dazzardo;;
RI-06;SerD Poggio Mirteto;ASL Rieti;SerD;Poggio Mirteto;Via Finocchieto, snc;0765448247;ND — non documentato nelle fonti consultate;"Valutazione e presa in carico terapeutico-riabilitativa per disturbi da uso di sostanze e nuove dipendenze; la rete comprende sedi territoriali, attività per la popolazione detenuta e un ambulatorio specialistico per il disturbo da gioco d'azzardo.";Profilo ufficiale della rete dipendenze ASL Rieti;"Contattare la sede per accesso/valutazione; venerdì solo su appuntamento";"Lun 08:30–12:30; ven 08:30–12:30 solo su appuntamento";https://www.asl.rieti.it/guida-ai-servizi/disturbo-da-gioco-dazzardo;Rete ASL — dato ereditato V4;Non riesaminato nella revisione residenziale V5;2026-09-19;;Rete_ASL_V6;Ereditata / non riesaminata nella V7;La data presente in 'ultima_verifica' non equivale a un nuovo riesame V7.;;;;;;Rete ASL V7.1;"Ereditato V7.1; non necessariamente ricontrollato nella V7.2";https://www.asl.rieti.it/guida-ai-servizi/disturbo-da-gioco-dazzardo;;
RI-07;Alcologia e patologie correlate Rieti;ASL Rieti;Alcologia;Rieti;Via Salaria per Roma, 36;0746278922;ND — non documentato nelle fonti consultate;Valutazione e trattamento dei problemi correlati all’alcol;Dato già presente nel censimento precedente;ND — non documentato nelle fonti consultate;ND — non documentato nelle fonti consultate;https://www.asl.rieti.it/organizzazione-aziendale/dipartimenti-aree-e-staff/dipartimento-tutela-e-promozione-della-salute-mentale/uoc-patologia-da-dipendenza/alcologia-e-patologie-correlate/;Rete ASL — dato ereditato V4;Non riesaminato nella revisione residenziale V5;2026-09-19;;Rete_ASL_V6;Ereditata / non riesaminata nella V7;La data presente in 'ultima_verifica' non equivale a un nuovo riesame V7.;;;;;;Rete ASL V7.1;"Ereditato V7.1; non necessariamente ricontrollato nella V7.2";https://www.asl.rieti.it/organizzazione-aziendale/dipartimenti-aree-e-staff/dipartimento-tutela-e-promozione-della-salute-mentale/uoc-patologia-da-dipendenza/alcologia-e-patologie-correlate/;;
RI-08;Ambulatorio CSM Leonessa;ASL Rieti;Ambulatorio CSM;Leonessa;Via del Corso, snc;074692351;ND — non documentato nelle fonti consultate;"Accoglienza e ascolto; interventi terapeutici programmati; trattamenti ambulatoriali anche ad accesso diretto con colloqui e visite psichiatriche, consulenze urgenti e consulenze per invii MMG; supporto psicosociale; psicoterapia/colloqui psicologici; trattamento terapeutico-riabilitativo e psicoeducazionale; teleconsulto/televisita/telesupporto; interventi domiciliari; somministrazione farmacologica infermieristica; rete sociale, Centri Diurni/comunità/SPDC e progetti di inclusione.";Articolazione territoriale documentata dalla ASL;ND — non documentato nelle fonti consultate;1° e 3° mercoledì del mese 10:30–13:00;https://www.asl.rieti.it/organizzazione-aziendale/dipartimenti/dipartimento-promozione-e-tutela-della-salute-mentale/uosd-csm/csm-distretto-1;Rete ASL — dato ereditato V4;Non riesaminato nella revisione residenziale V5;2026-09-19;;Rete_ASL_V6;Ereditata / non riesaminata nella V7;La data presente in 'ultima_verifica' non equivale a un nuovo riesame V7.;;;;;;Rete ASL V7.1;"Ereditato V7.1; non necessariamente ricontrollato nella V7.2";https://www.asl.rieti.it/organizzazione-aziendale/dipartimenti/dipartimento-promozione-e-tutela-della-salute-mentale/uosd-csm/csm-distretto-1;;
RI-09;Ambulatorio CSM Antrodoco;ASL Rieti;Ambulatorio CSM;Antrodoco;Piazza Martiri della Libertà;074658201;ND — non documentato nelle fonti consultate;"Accoglienza e ascolto; interventi terapeutici programmati; trattamenti ambulatoriali anche ad accesso diretto con colloqui e visite psichiatriche, consulenze urgenti e consulenze per invii MMG; supporto psicosociale; psicoterapia/colloqui psicologici; trattamento terapeutico-riabilitativo e psicoeducazionale; teleconsulto/televisita/telesupporto; interventi domiciliari; somministrazione farmacologica infermieristica; rete sociale, Centri Diurni/comunità/SPDC e progetti di inclusione.";Articolazione territoriale documentata dalla ASL;ND — non documentato nelle fonti consultate;2° e 4° mercoledì del mese 11:00–14:00;https://www.asl.rieti.it/organizzazione-aziendale/dipartimenti/dipartimento-promozione-e-tutela-della-salute-mentale/uosd-csm/csm-distretto-1;Rete ASL — dato ereditato V4;Non riesaminato nella revisione residenziale V5;2026-09-19;;Rete_ASL_V6;Ereditata / non riesaminata nella V7;La data presente in 'ultima_verifica' non equivale a un nuovo riesame V7.;;;;;;Rete ASL V7.1;"Ereditato V7.1; non necessariamente ricontrollato nella V7.2";https://www.asl.rieti.it/organizzazione-aziendale/dipartimenti/dipartimento-promozione-e-tutela-della-salute-mentale/uosd-csm/csm-distretto-1;;
RI-10;Ambulatorio CSM Amatrice;ASL Rieti;Ambulatorio CSM;Amatrice;Via F. Grifoni, 26;07468291;ND — non documentato nelle fonti consultate;"Accoglienza e ascolto; interventi terapeutici programmati; trattamenti ambulatoriali anche ad accesso diretto con colloqui e visite psichiatriche, consulenze urgenti e consulenze per invii MMG; supporto psicosociale; psicoterapia/colloqui psicologici; trattamento terapeutico-riabilitativo e psicoeducazionale; teleconsulto/televisita/telesupporto; interventi domiciliari; somministrazione farmacologica infermieristica; rete sociale, Centri Diurni/comunità/SPDC e progetti di inclusione.";Articolazione territoriale documentata dalla ASL;ND — non documentato nelle fonti consultate;1° e 3° giovedì del mese 10:00–13:00;https://www.asl.rieti.it/organizzazione-aziendale/dipartimenti/dipartimento-promozione-e-tutela-della-salute-mentale/uosd-csm/csm-distretto-1;Rete ASL — dato ereditato V4;Non riesaminato nella revisione residenziale V5;2026-09-19;;Rete_ASL_V6;Ereditata / non riesaminata nella V7;La data presente in 'ultima_verifica' non equivale a un nuovo riesame V7.;;;;;;Rete ASL V7.1;"Ereditato V7.1; non necessariamente ricontrollato nella V7.2";https://www.asl.rieti.it/organizzazione-aziendale/dipartimenti/dipartimento-promozione-e-tutela-della-salute-mentale/uosd-csm/csm-distretto-1;;
RI-11;Ambulatorio CSM Passo Corese;ASL Rieti;Ambulatorio CSM;Fara in Sabina;Via Garibaldi, 17;0746279055;ND — non documentato nelle fonti consultate;"Accoglienza e ascolto; interventi terapeutici programmati; trattamenti ambulatoriali anche ad accesso diretto con colloqui e visite psichiatriche, consulenze urgenti e consulenze per invii MMG; supporto psicosociale; psicoterapia/colloqui psicologici; trattamento terapeutico-riabilitativo e psicoeducazionale; teleconsulto/televisita/telesupporto; interventi domiciliari; somministrazione farmacologica infermieristica; rete sociale, Centri Diurni/comunità/SPDC e progetti di inclusione.";Articolazione territoriale documentata dalla ASL;ND — non documentato nelle fonti consultate;Lun–ven 08:00–14:00;https://www.asl.rieti.it/organizzazione-aziendale/dipartimenti/dipartimento-promozione-e-tutela-della-salute-mentale/csm-distretto-2;Rete ASL — dato ereditato V4;Non riesaminato nella revisione residenziale V5;2026-09-19;;Rete_ASL_V6;Ereditata / non riesaminata nella V7;La data presente in 'ultima_verifica' non equivale a un nuovo riesame V7.;;;;;;Rete ASL V7.1;"Ereditato V7.1; non necessariamente ricontrollato nella V7.2";https://www.asl.rieti.it/organizzazione-aziendale/dipartimenti/dipartimento-promozione-e-tutela-della-salute-mentale/csm-distretto-2;;
RI-12;Ambulatorio CSM Magliano Sabina;ASL Rieti;Ambulatorio CSM;Magliano Sabina;Vocabolo Filoni, 1 — 2° piano;0744912263;ND — non documentato nelle fonti consultate;"Accoglienza e ascolto; interventi terapeutici programmati; trattamenti ambulatoriali anche ad accesso diretto con colloqui e visite psichiatriche, consulenze urgenti e consulenze per invii MMG; supporto psicosociale; psicoterapia/colloqui psicologici; trattamento terapeutico-riabilitativo e psicoeducazionale; teleconsulto/televisita/telesupporto; interventi domiciliari; somministrazione farmacologica infermieristica; rete sociale, Centri Diurni/comunità/SPDC e progetti di inclusione.";Articolazione territoriale documentata dalla ASL;ND — non documentato nelle fonti consultate;Venerdì 09:00–13:00;https://www.asl.rieti.it/organizzazione-aziendale/dipartimenti/dipartimento-promozione-e-tutela-della-salute-mentale/csm-distretto-2;Rete ASL — dato ereditato V4;Non riesaminato nella revisione residenziale V5;2026-09-19;;Rete_ASL_V6;Ereditata / non riesaminata nella V7;La data presente in 'ultima_verifica' non equivale a un nuovo riesame V7.;;;;;;Rete ASL V7.1;"Ereditato V7.1; non necessariamente ricontrollato nella V7.2";https://www.asl.rieti.it/organizzazione-aziendale/dipartimenti/dipartimento-promozione-e-tutela-della-salute-mentale/csm-distretto-2;;
RI-13;Ambulatorio CSM Osteria Nuova;ASL Rieti;Ambulatorio CSM;Poggio Moiano / Osteria Nuova;Viale Europa, 13;0765448249;ND — non documentato nelle fonti consultate;"Accoglienza e ascolto; interventi terapeutici programmati; trattamenti ambulatoriali anche ad accesso diretto con colloqui e visite psichiatriche, consulenze urgenti e consulenze per invii MMG; supporto psicosociale; psicoterapia/colloqui psicologici; trattamento terapeutico-riabilitativo e psicoeducazionale; teleconsulto/televisita/telesupporto; interventi domiciliari; somministrazione farmacologica infermieristica; rete sociale, Centri Diurni/comunità/SPDC e progetti di inclusione.";Articolazione territoriale documentata dalla ASL;ND — non documentato nelle fonti consultate;Lunedì 09:30–12:30;https://www.asl.rieti.it/organizzazione-aziendale/dipartimenti/dipartimento-promozione-e-tutela-della-salute-mentale/csm-distretto-2;Rete ASL — dato ereditato V4;Non riesaminato nella revisione residenziale V5;2026-09-19;;Rete_ASL_V6;Ereditata / non riesaminata nella V7;La data presente in 'ultima_verifica' non equivale a un nuovo riesame V7.;;;;;;Rete ASL V7.1;"Ereditato V7.1; non necessariamente ricontrollato nella V7.2";https://www.asl.rieti.it/organizzazione-aziendale/dipartimenti/dipartimento-promozione-e-tutela-della-salute-mentale/csm-distretto-2;;
RI-14;SerD interno Casa Circondariale Rieti Nuovo Complesso;ASL Rieti;SerD penitenziario;Rieti;ND — non documentato nelle fonti consultate;0746279375 / 0746279374;sertcasacircondariale@asl.rieti.it;"Valutazione e presa in carico terapeutico-riabilitativa per disturbi da uso di sostanze e nuove dipendenze; la rete comprende sedi territoriali, attività per la popolazione detenuta e un ambulatorio specialistico per il disturbo da gioco d'azzardo.";Sede/servizio specifico documentato dalla ASL;"Accesso ristretto alla popolazione detenuta; modalità interne all'istituto";ND — non documentato nelle fonti consultate;https://www.asl.rieti.it/organizzazione-aziendale/dipartimenti/dipartimento-promozione-e-tutela-della-salute-mentale/uos-attivita-terapeutico-riabilitative-per-i-disturbi-da-uso-di-sostanze-e-nuove-dipendenze;Rete ASL — dato ereditato V4;Non riesaminato nella revisione residenziale V5;2026-09-19;;Rete_ASL_V6;Ereditata / non riesaminata nella V7;La data presente in 'ultima_verifica' non equivale a un nuovo riesame V7.;;;;;;Rete ASL V7.1;"Ereditato V7.1; non necessariamente ricontrollato nella V7.2";https://www.asl.rieti.it/organizzazione-aziendale/dipartimenti/dipartimento-promozione-e-tutela-della-salute-mentale/uos-attivita-terapeutico-riabilitative-per-i-disturbi-da-uso-di-sostanze-e-nuove-dipendenze;;
VT-01;DSM Viterbo — segreteria;ASL Viterbo;DSM;Viterbo;ND — non documentato nelle fonti consultate;0761236843 / 0761825716;cristiana.morera@asl.vt.it;"Direzione e coordinamento del DSM adulto; 3 UOC territoriali coincidenti con i distretti, CSM, centri diurni, strutture residenziali e SPDC.";Dato già presente nel censimento precedente;ND — non documentato nelle fonti consultate;ND — non documentato nelle fonti consultate;https://asl.vt.it/index.php/dsm-dipartimento-di-salute-mentale;Rete ASL — dato ereditato V4;Non riesaminato nella revisione residenziale V5;2026-09-19;;Rete_ASL_V6;Ereditata / non riesaminata nella V7;La data presente in 'ultima_verifica' non equivale a un nuovo riesame V7.;;;;;;Rete ASL V7.1;"Ereditato V7.1; non necessariamente ricontrollato nella V7.2";https://asl.vt.it/index.php/dsm-dipartimento-di-salute-mentale;;
VT-02;CSM / ambulatorio Acquapendente;ASL Viterbo;Ambulatorio CSM;Acquapendente;Via Palmiro Togliatti, 14;0763711205;ND — non documentato nelle fonti consultate;"Prevenzione, diagnosi, cura, riabilitazione e reinserimento sociale; programmi personalizzati ambulatoriali, domiciliari, semiresidenziali e residenziali; attività diagnostica, terapeutica, riabilitativa e socio-assistenziale; consulenze in ospedali/RSA; integrazione con SPDC; raccordo con strutture psichiatriche accreditate; interventi con i familiari.";Profilo ufficiale comune alla rete CSM/ambulatori ASL Viterbo;"Prima visita: presentarsi al CSM del proprio distretto; possibile invio del medico di base";Mer/ven 09–13:30;https://asl.vt.it/csm-centro-di-salute-mentale;Rete ASL — dato ereditato V4;Non riesaminato nella revisione residenziale V5;2026-09-19;;Rete_ASL_V6;Ereditata / non riesaminata nella V7;La data presente in 'ultima_verifica' non equivale a un nuovo riesame V7.;;;;;;Rete ASL V7.1;"Ereditato V7.1; non necessariamente ricontrollato nella V7.2";https://asl.vt.it/csm-centro-di-salute-mentale;;
VT-03;CSM / ambulatorio Bagnoregio;ASL Viterbo;Ambulatorio CSM;Bagnoregio;Via Fratelli Agosti, 6;07611860426;ND — non documentato nelle fonti consultate;"Prevenzione, diagnosi, cura, riabilitazione e reinserimento sociale; programmi personalizzati ambulatoriali, domiciliari, semiresidenziali e residenziali; attività diagnostica, terapeutica, riabilitativa e socio-assistenziale; consulenze in ospedali/RSA; integrazione con SPDC; raccordo con strutture psichiatriche accreditate; interventi con i familiari.";Profilo ufficiale comune alla rete CSM/ambulatori ASL Viterbo;"Prima visita: presentarsi al CSM del proprio distretto; possibile invio del medico di base";Lun/ven 09–13:30;https://asl.vt.it/csm-centro-di-salute-mentale;Rete ASL — dato ereditato V4;Non riesaminato nella revisione residenziale V5;2026-09-19;;Rete_ASL_V6;Ereditata / non riesaminata nella V7;La data presente in 'ultima_verifica' non equivale a un nuovo riesame V7.;;;;;;Rete ASL V7.1;"Ereditato V7.1; non necessariamente ricontrollato nella V7.2";https://asl.vt.it/csm-centro-di-salute-mentale;;
VT-04;CSM / ambulatorio Canino;ASL Viterbo;Ambulatorio CSM;Canino;Via Bachelet;0761338594;ND — non documentato nelle fonti consultate;"Prevenzione, diagnosi, cura, riabilitazione e reinserimento sociale; programmi personalizzati ambulatoriali, domiciliari, semiresidenziali e residenziali; attività diagnostica, terapeutica, riabilitativa e socio-assistenziale; consulenze in ospedali/RSA; integrazione con SPDC; raccordo con strutture psichiatriche accreditate; interventi con i familiari.";Profilo ufficiale comune alla rete CSM/ambulatori ASL Viterbo;"Prima visita: presentarsi al CSM del proprio distretto; possibile invio del medico di base";Gio 09–13;https://asl.vt.it/csm-centro-di-salute-mentale;Rete ASL — dato ereditato V4;Non riesaminato nella revisione residenziale V5;2026-09-19;;Rete_ASL_V6;Ereditata / non riesaminata nella V7;La data presente in 'ultima_verifica' non equivale a un nuovo riesame V7.;;;;;;Rete ASL V7.1;"Ereditato V7.1; non necessariamente ricontrollato nella V7.2";https://asl.vt.it/csm-centro-di-salute-mentale;;
VT-05;CSM / ambulatorio Montalto di Castro;ASL Viterbo;Ambulatorio CSM;Montalto di Castro;Via della Stazione, 1;0766846502;ND — non documentato nelle fonti consultate;"Prevenzione, diagnosi, cura, riabilitazione e reinserimento sociale; programmi personalizzati ambulatoriali, domiciliari, semiresidenziali e residenziali; attività diagnostica, terapeutica, riabilitativa e socio-assistenziale; consulenze in ospedali/RSA; integrazione con SPDC; raccordo con strutture psichiatriche accreditate; interventi con i familiari.";Profilo ufficiale comune alla rete CSM/ambulatori ASL Viterbo;"Prima visita: presentarsi al CSM del proprio distretto; possibile invio del medico di base";Mer/ven 09–13:30;https://asl.vt.it/csm-centro-di-salute-mentale;Rete ASL — dato ereditato V4;Non riesaminato nella revisione residenziale V5;2026-09-19;"Altre pagine distrettuali ASL usano Strada Castrense 312 per servizi non CSM; la pagina dedicata CSM mantiene Villa Ilvana, Via della Stazione 1. Conservata la fonte specifica CSM.";Rete_ASL_V6;Ereditata / non riesaminata nella V7;La data presente in 'ultima_verifica' non equivale a un nuovo riesame V7.;;;;;;Rete ASL V7.1;"Ereditato V7.1; non necessariamente ricontrollato nella V7.2";https://asl.vt.it/csm-centro-di-salute-mentale;;
VT-06;CSM / ambulatorio Montefiascone;ASL Viterbo;CSM;Montefiascone;Via Dante Alighieri, 100;07611860337 / 0761825716;ND — non documentato nelle fonti consultate;"Prevenzione, diagnosi, cura, riabilitazione e reinserimento sociale; programmi personalizzati ambulatoriali, domiciliari, semiresidenziali e residenziali; attività diagnostica, terapeutica, riabilitativa e socio-assistenziale; consulenze in ospedali/RSA; integrazione con SPDC; raccordo con strutture psichiatriche accreditate; interventi con i familiari.";Profilo ufficiale comune alla rete CSM/ambulatori ASL Viterbo;"Prima visita: presentarsi al CSM del proprio distretto; possibile invio del medico di base";"Lun–ven 08:00–20:00; sab e prefestivi 08:00–14:00";https://asl.vt.it/csm-centro-di-salute-mentale;Rete ASL — dato ereditato V4;Non riesaminato nella revisione residenziale V5;2026-09-19;;Rete_ASL_V6;Ereditata / non riesaminata nella V7;La data presente in 'ultima_verifica' non equivale a un nuovo riesame V7.;;;;;;Rete ASL V7.1;"Ereditato V7.1; non necessariamente ricontrollato nella V7.2";https://asl.vt.it/csm-centro-di-salute-mentale;;
VT-07;CSM / ambulatorio Tarquinia;ASL Viterbo;CSM;Tarquinia;Via Suor Serafina Giudici;0766840664;ND — non documentato nelle fonti consultate;"Prevenzione, diagnosi, cura, riabilitazione e reinserimento sociale; programmi personalizzati ambulatoriali, domiciliari, semiresidenziali e residenziali; attività diagnostica, terapeutica, riabilitativa e socio-assistenziale; consulenze in ospedali/RSA; integrazione con SPDC; raccordo con strutture psichiatriche accreditate; interventi con i familiari.";Profilo ufficiale comune alla rete CSM/ambulatori ASL Viterbo;"Prima visita: presentarsi al CSM del proprio distretto; possibile invio del medico di base";"Lun–ven 08:00–20:00; sab e prefestivi 08:00–14:00";https://asl.vt.it/csm-centro-di-salute-mentale;Rete ASL — dato ereditato V4;Non riesaminato nella revisione residenziale V5;2026-09-19;;Rete_ASL_V6;Ereditata / non riesaminata nella V7;La data presente in 'ultima_verifica' non equivale a un nuovo riesame V7.;;;;;;Rete ASL V7.1;"Ereditato V7.1; non necessariamente ricontrollato nella V7.2";https://asl.vt.it/csm-centro-di-salute-mentale;;
VT-08;CSM / ambulatorio Tuscania;ASL Viterbo;Ambulatorio CSM;Tuscania;Piazza F. Basile;0761338817;ND — non documentato nelle fonti consultate;"Prevenzione, diagnosi, cura, riabilitazione e reinserimento sociale; programmi personalizzati ambulatoriali, domiciliari, semiresidenziali e residenziali; attività diagnostica, terapeutica, riabilitativa e socio-assistenziale; consulenze in ospedali/RSA; integrazione con SPDC; raccordo con strutture psichiatriche accreditate; interventi con i familiari.";Profilo ufficiale comune alla rete CSM/ambulatori ASL Viterbo;"Prima visita: presentarsi al CSM del proprio distretto; possibile invio del medico di base";Lun/gio 09–13:30;https://asl.vt.it/csm-centro-di-salute-mentale;Rete ASL — dato ereditato V4;Non riesaminato nella revisione residenziale V5;2026-09-19;;Rete_ASL_V6;Ereditata / non riesaminata nella V7;La data presente in 'ultima_verifica' non equivale a un nuovo riesame V7.;;;;;;Rete ASL V7.1;"Ereditato V7.1; non necessariamente ricontrollato nella V7.2";https://asl.vt.it/csm-centro-di-salute-mentale;;
VT-09;CSM / ambulatorio Valentano;ASL Viterbo;Ambulatorio CSM;Valentano;Via delle Mura Castellane, 28;0763711205 / 07611860450;ND — non documentato nelle fonti consultate;"Prevenzione, diagnosi, cura, riabilitazione e reinserimento sociale; programmi personalizzati ambulatoriali, domiciliari, semiresidenziali e residenziali; attività diagnostica, terapeutica, riabilitativa e socio-assistenziale; consulenze in ospedali/RSA; integrazione con SPDC; raccordo con strutture psichiatriche accreditate; interventi con i familiari.";Profilo ufficiale comune alla rete CSM/ambulatori ASL Viterbo;"Prima visita: presentarsi al CSM del proprio distretto; possibile invio del medico di base";Lun/mer 09–13:30;https://asl.vt.it/csm-centro-di-salute-mentale;Rete ASL — dato ereditato V4;Non riesaminato nella revisione residenziale V5;2026-09-19;;Rete_ASL_V6;Ereditata / non riesaminata nella V7;La data presente in 'ultima_verifica' non equivale a un nuovo riesame V7.;;;;;;Rete ASL V7.1;"Ereditato V7.1; non necessariamente ricontrollato nella V7.2";https://asl.vt.it/csm-centro-di-salute-mentale;;
VT-10;CSM / ambulatorio Orte;ASL Viterbo;Ambulatorio CSM;Orte;Via A. Gramsci, 41;0761338214;ND — non documentato nelle fonti consultate;"Prevenzione, diagnosi, cura, riabilitazione e reinserimento sociale; programmi personalizzati ambulatoriali, domiciliari, semiresidenziali e residenziali; attività diagnostica, terapeutica, riabilitativa e socio-assistenziale; consulenze in ospedali/RSA; integrazione con SPDC; raccordo con strutture psichiatriche accreditate; interventi con i familiari.";Profilo ufficiale comune alla rete CSM/ambulatori ASL Viterbo;"Prima visita: presentarsi al CSM del proprio distretto; possibile invio del medico di base";Mar 08–14;https://asl.vt.it/csm-centro-di-salute-mentale;Rete ASL — dato ereditato V4;Non riesaminato nella revisione residenziale V5;2026-09-19;;Rete_ASL_V6;Ereditata / non riesaminata nella V7;La data presente in 'ultima_verifica' non equivale a un nuovo riesame V7.;;;;;;Rete ASL V7.1;"Ereditato V7.1; non necessariamente ricontrollato nella V7.2";https://asl.vt.it/csm-centro-di-salute-mentale;;
VT-11;CSM / ambulatorio Soriano nel Cimino;ASL Viterbo;Ambulatorio CSM;Soriano nel Cimino;Via Innocenzo VIII;0761745777;ND — non documentato nelle fonti consultate;"Prevenzione, diagnosi, cura, riabilitazione e reinserimento sociale; programmi personalizzati ambulatoriali, domiciliari, semiresidenziali e residenziali; attività diagnostica, terapeutica, riabilitativa e socio-assistenziale; consulenze in ospedali/RSA; integrazione con SPDC; raccordo con strutture psichiatriche accreditate; interventi con i familiari.";Profilo ufficiale comune alla rete CSM/ambulatori ASL Viterbo;"Prima visita: presentarsi al CSM del proprio distretto; possibile invio del medico di base";Lun 09–13;https://asl.vt.it/csm-centro-di-salute-mentale;Rete ASL — dato ereditato V4;Non riesaminato nella revisione residenziale V5;2026-09-19;;Rete_ASL_V6;Ereditata / non riesaminata nella V7;La data presente in 'ultima_verifica' non equivale a un nuovo riesame V7.;;;;;;Rete ASL V7.1;"Ereditato V7.1; non necessariamente ricontrollato nella V7.2";https://asl.vt.it/csm-centro-di-salute-mentale;;
VT-12;CSM / ambulatorio Viterbo;ASL Viterbo;CSM;Viterbo;Via Enrico Fermi, 15;0761236833;ND — non documentato nelle fonti consultate;"Prevenzione, diagnosi, cura, riabilitazione e reinserimento sociale; programmi personalizzati ambulatoriali, domiciliari, semiresidenziali e residenziali; attività diagnostica, terapeutica, riabilitativa e socio-assistenziale; consulenze in ospedali/RSA; integrazione con SPDC; raccordo con strutture psichiatriche accreditate; interventi con i familiari.";Profilo ufficiale comune alla rete CSM/ambulatori ASL Viterbo;"Prima visita: presentarsi al CSM del proprio distretto; possibile invio del medico di base";"Lun–ven 08:00–20:00; sab e prefestivi 08:00–14:00";https://asl.vt.it/csm-centro-di-salute-mentale;Rete ASL — dato ereditato V4;Non riesaminato nella revisione residenziale V5;2026-09-19;;Rete_ASL_V6;Ereditata / non riesaminata nella V7;La data presente in 'ultima_verifica' non equivale a un nuovo riesame V7.;;;;;;Rete ASL V7.1;"Ereditato V7.1; non necessariamente ricontrollato nella V7.2";https://asl.vt.it/csm-centro-di-salute-mentale;;
VT-13;CSM / ambulatorio Capranica;ASL Viterbo;Ambulatorio CSM;Capranica;Strada Cassia, km 53.900;0761678555 / 0761678591;ND — non documentato nelle fonti consultate;"Prevenzione, diagnosi, cura, riabilitazione e reinserimento sociale; programmi personalizzati ambulatoriali, domiciliari, semiresidenziali e residenziali; attività diagnostica, terapeutica, riabilitativa e socio-assistenziale; consulenze in ospedali/RSA; integrazione con SPDC; raccordo con strutture psichiatriche accreditate; interventi con i familiari.";Profilo ufficiale comune alla rete CSM/ambulatori ASL Viterbo;"Prima visita: presentarsi al CSM del proprio distretto; possibile invio del medico di base";Mar/gio 09–13:30;https://asl.vt.it/csm-centro-di-salute-mentale;Rete ASL — dato ereditato V4;Non riesaminato nella revisione residenziale V5;2026-09-19;;Rete_ASL_V6;Ereditata / non riesaminata nella V7;La data presente in 'ultima_verifica' non equivale a un nuovo riesame V7.;;;;;;Rete ASL V7.1;"Ereditato V7.1; non necessariamente ricontrollato nella V7.2";https://asl.vt.it/csm-centro-di-salute-mentale;;
VT-14;CSM / ambulatorio Civita Castellana;ASL Viterbo;CSM;Civita Castellana;Via Francesco Petrarca, snc;0761592331;ND — non documentato nelle fonti consultate;"Prevenzione, diagnosi, cura, riabilitazione e reinserimento sociale; programmi personalizzati ambulatoriali, domiciliari, semiresidenziali e residenziali; attività diagnostica, terapeutica, riabilitativa e socio-assistenziale; consulenze in ospedali/RSA; integrazione con SPDC; raccordo con strutture psichiatriche accreditate; interventi con i familiari.";Profilo ufficiale comune alla rete CSM/ambulatori ASL Viterbo;"Prima visita: presentarsi al CSM del proprio distretto; possibile invio del medico di base";"Lun–ven 08:00–20:00; sab e prefestivi 08:00–14:00";https://asl.vt.it/csm-centro-di-salute-mentale;Rete ASL — dato ereditato V4;Non riesaminato nella revisione residenziale V5;2026-09-19;;Rete_ASL_V6;Ereditata / non riesaminata nella V7;La data presente in 'ultima_verifica' non equivale a un nuovo riesame V7.;;;;;;Rete ASL V7.1;"Ereditato V7.1; non necessariamente ricontrollato nella V7.2";https://asl.vt.it/csm-centro-di-salute-mentale;;
VT-15;CSM / ambulatorio Fabrica di Roma;ASL Viterbo;Ambulatorio CSM;Fabrica di Roma;Vicolo della Pace, 2;0761569089;ND — non documentato nelle fonti consultate;"Prevenzione, diagnosi, cura, riabilitazione e reinserimento sociale; programmi personalizzati ambulatoriali, domiciliari, semiresidenziali e residenziali; attività diagnostica, terapeutica, riabilitativa e socio-assistenziale; consulenze in ospedali/RSA; integrazione con SPDC; raccordo con strutture psichiatriche accreditate; interventi con i familiari.";Profilo ufficiale comune alla rete CSM/ambulatori ASL Viterbo;"Prima visita: presentarsi al CSM del proprio distretto; possibile invio del medico di base";Gio 09–13:30;https://asl.vt.it/csm-centro-di-salute-mentale;Rete ASL — dato ereditato V4;Non riesaminato nella revisione residenziale V5;2026-09-19;;Rete_ASL_V6;Ereditata / non riesaminata nella V7;La data presente in 'ultima_verifica' non equivale a un nuovo riesame V7.;;;;;;Rete ASL V7.1;"Ereditato V7.1; non necessariamente ricontrollato nella V7.2";https://asl.vt.it/csm-centro-di-salute-mentale;;
VT-16;CSM / ambulatorio Nepi;ASL Viterbo;Ambulatorio CSM;Nepi;Via Tre Portoni, 2;0761570394;ND — non documentato nelle fonti consultate;"Prevenzione, diagnosi, cura, riabilitazione e reinserimento sociale; programmi personalizzati ambulatoriali, domiciliari, semiresidenziali e residenziali; attività diagnostica, terapeutica, riabilitativa e socio-assistenziale; consulenze in ospedali/RSA; integrazione con SPDC; raccordo con strutture psichiatriche accreditate; interventi con i familiari.";Profilo ufficiale comune alla rete CSM/ambulatori ASL Viterbo;"Prima visita: presentarsi al CSM del proprio distretto; possibile invio del medico di base";Lun 09–13:30;https://asl.vt.it/csm-centro-di-salute-mentale;Rete ASL — dato ereditato V4;Non riesaminato nella revisione residenziale V5;2026-09-19;;Rete_ASL_V6;Ereditata / non riesaminata nella V7;La data presente in 'ultima_verifica' non equivale a un nuovo riesame V7.;;;;;;Rete ASL V7.1;"Ereditato V7.1; non necessariamente ricontrollato nella V7.2";https://asl.vt.it/csm-centro-di-salute-mentale;;
VT-17;CSM / ambulatorio Ronciglione;ASL Viterbo;Ambulatorio CSM;Ronciglione;Via Ospedale Sant’Anna, 17;0761651298;ND — non documentato nelle fonti consultate;"Prevenzione, diagnosi, cura, riabilitazione e reinserimento sociale; programmi personalizzati ambulatoriali, domiciliari, semiresidenziali e residenziali; attività diagnostica, terapeutica, riabilitativa e socio-assistenziale; consulenze in ospedali/RSA; integrazione con SPDC; raccordo con strutture psichiatriche accreditate; interventi con i familiari.";Profilo ufficiale comune alla rete CSM/ambulatori ASL Viterbo;"Prima visita: presentarsi al CSM del proprio distretto; possibile invio del medico di base";Lun/mer 09–13:30;https://asl.vt.it/csm-centro-di-salute-mentale;Rete ASL — dato ereditato V4;Non riesaminato nella revisione residenziale V5;2026-09-19;;Rete_ASL_V6;Ereditata / non riesaminata nella V7;La data presente in 'ultima_verifica' non equivale a un nuovo riesame V7.;;;;;;Rete ASL V7.1;"Ereditato V7.1; non necessariamente ricontrollato nella V7.2";https://asl.vt.it/csm-centro-di-salute-mentale;;
VT-18;CSM / ambulatorio Vetralla;ASL Viterbo;CSM;Vetralla;Via Gilberto Pietrella, 5;0761338806;ND — non documentato nelle fonti consultate;"Prevenzione, diagnosi, cura, riabilitazione e reinserimento sociale; programmi personalizzati ambulatoriali, domiciliari, semiresidenziali e residenziali; attività diagnostica, terapeutica, riabilitativa e socio-assistenziale; consulenze in ospedali/RSA; integrazione con SPDC; raccordo con strutture psichiatriche accreditate; interventi con i familiari.";Profilo ufficiale comune alla rete CSM/ambulatori ASL Viterbo;"Prima visita: presentarsi al CSM del proprio distretto; possibile invio del medico di base";"Lun–ven 08:00–20:00; sab e prefestivi 08:00–14:00";https://asl.vt.it/csm-centro-di-salute-mentale;Rete ASL — dato ereditato V4;Non riesaminato nella revisione residenziale V5;2026-09-19;;Rete_ASL_V6;Ereditata / non riesaminata nella V7;La data presente in 'ultima_verifica' non equivale a un nuovo riesame V7.;;;;;;Rete ASL V7.1;"Ereditato V7.1; non necessariamente ricontrollato nella V7.2";https://asl.vt.it/csm-centro-di-salute-mentale;;
VT-19;CSM / ambulatorio Vignanello;ASL Viterbo;Ambulatorio CSM;Vignanello;Via Donatori di Sangue, snc;0761592462;ND — non documentato nelle fonti consultate;"Prevenzione, diagnosi, cura, riabilitazione e reinserimento sociale; programmi personalizzati ambulatoriali, domiciliari, semiresidenziali e residenziali; attività diagnostica, terapeutica, riabilitativa e socio-assistenziale; consulenze in ospedali/RSA; integrazione con SPDC; raccordo con strutture psichiatriche accreditate; interventi con i familiari.";Profilo ufficiale comune alla rete CSM/ambulatori ASL Viterbo;"Prima visita: presentarsi al CSM del proprio distretto; possibile invio del medico di base";Lun/gio/ven 09–13:30;https://asl.vt.it/csm-centro-di-salute-mentale;Rete ASL — dato ereditato V4;Non riesaminato nella revisione residenziale V5;2026-09-19;;Rete_ASL_V6;Ereditata / non riesaminata nella V7;La data presente in 'ultima_verifica' non equivale a un nuovo riesame V7.;;;;;;Rete ASL V7.1;"Ereditato V7.1; non necessariamente ricontrollato nella V7.2";https://asl.vt.it/csm-centro-di-salute-mentale;;
VT-20;SerD Montefiascone;ASL Viterbo;SerD;Montefiascone;Via Croce, 11;07611860400;asl@asl.vt.it;"Accertamenti diagnostici per tossicodipendenza, alcolismo e altre dipendenze; disintossicazione e mantenimento dell'astinenza; sostegno psicologico/psicoterapia individuale, di coppia, familiare e di gruppo; invio in comunità terapeutiche; riabilitazione e reinserimento sociale; gruppi di auto-mutuo-aiuto per alcol e gioco d'azzardo; prevenzione nelle scuole; programmi per adolescenti; riduzione del danno.";Profilo ufficiale comune alla rete SerD ASL Viterbo;"Accesso diretto o con appuntamento telefonico, senza prescrizione MMG; documento di identità valido";Lun–sab 08–14;https://asl.vt.it/droga-alcol-fumo-e-gioco-d-azzardo;Rete ASL — dato ereditato V4;Non riesaminato nella revisione residenziale V5;2026-09-19;;Rete_ASL_V6;Ereditata / non riesaminata nella V7;La data presente in 'ultima_verifica' non equivale a un nuovo riesame V7.;;;;;;Rete ASL V7.1;"Ereditato V7.1; non necessariamente ricontrollato nella V7.2";https://asl.vt.it/droga-alcol-fumo-e-gioco-d-azzardo;;
VT-21;SerD Tarquinia;ASL Viterbo;SerD;Tarquinia;Viale Igea, 1;07668462315;sergio.belsanti@asl.vt.it;"Accertamenti diagnostici per tossicodipendenza, alcolismo e altre dipendenze; disintossicazione e mantenimento dell'astinenza; sostegno psicologico/psicoterapia individuale, di coppia, familiare e di gruppo; invio in comunità terapeutiche; riabilitazione e reinserimento sociale; gruppi di auto-mutuo-aiuto per alcol e gioco d'azzardo; prevenzione nelle scuole; programmi per adolescenti; riduzione del danno.";Profilo ufficiale comune alla rete SerD ASL Viterbo;"Accesso diretto o con appuntamento telefonico, senza prescrizione MMG; documento di identità valido";Lun–sab 08:30–13:30;https://asl.vt.it/droga-alcol-fumo-e-gioco-d-azzardo;Rete ASL — dato ereditato V4;Non riesaminato nella revisione residenziale V5;2026-09-19;;Rete_ASL_V6;Ereditata / non riesaminata nella V7;La data presente in 'ultima_verifica' non equivale a un nuovo riesame V7.;;;;;;Rete ASL V7.1;"Ereditato V7.1; non necessariamente ricontrollato nella V7.2";https://asl.vt.it/droga-alcol-fumo-e-gioco-d-azzardo;;
VT-22;SerD Viterbo;ASL Viterbo;SerD;Viterbo;Via M. M. Romiti, 86;0761236801 / 0761236805;serd.viterbo@asl.vt.it;"Accertamenti diagnostici per tossicodipendenza, alcolismo e altre dipendenze; disintossicazione e mantenimento dell'astinenza; sostegno psicologico/psicoterapia individuale, di coppia, familiare e di gruppo; invio in comunità terapeutiche; riabilitazione e reinserimento sociale; gruppi di auto-mutuo-aiuto per alcol e gioco d'azzardo; prevenzione nelle scuole; programmi per adolescenti; riduzione del danno.";Profilo ufficiale comune alla rete SerD ASL Viterbo;"Accesso diretto o con appuntamento telefonico, senza prescrizione MMG; documento di identità valido";"Lun/mar/gio/ven 08–13:30; mer 08–19:30; prefestivi 08:30–12:30";https://asl.vt.it/droga-alcol-fumo-e-gioco-d-azzardo;Rete ASL — dato ereditato V4;Non riesaminato nella revisione residenziale V5;2026-09-19;;Rete_ASL_V6;Ereditata / non riesaminata nella V7;La data presente in 'ultima_verifica' non equivale a un nuovo riesame V7.;;;;;;Rete ASL V7.1;"Ereditato V7.1; non necessariamente ricontrollato nella V7.2";https://asl.vt.it/droga-alcol-fumo-e-gioco-d-azzardo;;
VT-23;SerD Civita Castellana;ASL Viterbo;SerD;Civita Castellana;Via Francesco Petrarca, snc;0761592415 / 0761592416 / 0761592412;alessandra.antognoli@asl.vt.it;"Accertamenti diagnostici per tossicodipendenza, alcolismo e altre dipendenze; disintossicazione e mantenimento dell'astinenza; sostegno psicologico/psicoterapia individuale, di coppia, familiare e di gruppo; invio in comunità terapeutiche; riabilitazione e reinserimento sociale; gruppi di auto-mutuo-aiuto per alcol e gioco d'azzardo; prevenzione nelle scuole; programmi per adolescenti; riduzione del danno.";Profilo ufficiale comune alla rete SerD ASL Viterbo;"Accesso diretto o con appuntamento telefonico, senza prescrizione MMG; documento di identità valido";"Lun–ven 08–14; mar/gio anche 15–18";https://asl.vt.it/droga-alcol-fumo-e-gioco-d-azzardo;Rete ASL — dato ereditato V4;Non riesaminato nella revisione residenziale V5;2026-09-19;;Rete_ASL_V6;Ereditata / non riesaminata nella V7;La data presente in 'ultima_verifica' non equivale a un nuovo riesame V7.;;;;;;Rete ASL V7.1;"Ereditato V7.1; non necessariamente ricontrollato nella V7.2";https://asl.vt.it/droga-alcol-fumo-e-gioco-d-azzardo;;
FR-01;DSM Frosinone — riferimento organizzativo;ASL Frosinone;DSM;Frosinone;Via A. Fabi, Palazzina P;07758822134 / 07758822445 / 07758822151;mentiattive@aslfrosinone.it;"Direzione e coordinamento del DSMPD; organizzazione dei servizi di salute mentale e dipendenze, inclusi interventi ambulatoriali, domiciliari, di prossimità, residenziali, semiresidenziali e ospedalieri.";Nodo organizzativo — profilo dipartimentale ufficiale;ND — non documentato nelle fonti consultate;ND — non documentato nelle fonti consultate;https://mentiattive.aslfrosinone.it/il-progetto/;Rete ASL — dato ereditato V4;Non riesaminato nella revisione residenziale V5;2026-09-19;;Rete_ASL_V6;Ereditata / non riesaminata nella V7;La data presente in 'ultima_verifica' non equivale a un nuovo riesame V7.;;;;;;Rete ASL V7.1;"Ereditato V7.1; non necessariamente ricontrollato nella V7.2";https://mentiattive.aslfrosinone.it/il-progetto/;;
FR-02;CSM Frosinone;ASL Frosinone;CSM;Frosinone;Via Armando Fabi, snc;07758822119;csm.frosinone@aslfrosinone.it;"Profilo dipartimentale (non specifico per la singola sede): prevenzione, diagnosi, cura e riabilitazione del disagio/malattia psichica; supporto a pazienti e famiglie; trattamento ospedaliero delle acuzie quando necessario; progetti terapeutico-riabilitativi ambulatoriali, domiciliari, semiresidenziali e residenziali; interventi di prossimità e lavoro di rete.";Profilo dipartimentale ufficiale — non sede-specifico;"Contattare il servizio territoriale; modalità di accesso non consolidate";"Lun/gio 08:00–20:00; mar/mer/ven/sab 08:00–14:20";https://www.asl.fr.it/strutture/dipartimenti/dipartimento-di-salute-mentale-e-delle-patologie-da-dipendenza/uoc-salute-mentale-frosinone-alatri-anagni-sora/;Rete ASL — dato ereditato V4;Non riesaminato nella revisione residenziale V5;2026-09-19;;Rete_ASL_V6;Ereditata / non riesaminata nella V7;La data presente in 'ultima_verifica' non equivale a un nuovo riesame V7.;;;;;;Rete ASL V7.1;"Ereditato V7.1; non necessariamente ricontrollato nella V7.2";https://www.asl.fr.it/strutture/dipartimenti/dipartimento-di-salute-mentale-e-delle-patologie-da-dipendenza/uoc-salute-mentale-frosinone-alatri-anagni-sora/;;
FR-03;CSM Alatri;ASL Frosinone;CSM;Alatri;Strada statale per Fiuggi, località La Donna, 1–3;0775434510 / 0775434813;csm.alatri@aslfrosinone.it;"Profilo dipartimentale (non specifico per la singola sede): prevenzione, diagnosi, cura e riabilitazione del disagio/malattia psichica; supporto a pazienti e famiglie; trattamento ospedaliero delle acuzie quando necessario; progetti terapeutico-riabilitativi ambulatoriali, domiciliari, semiresidenziali e residenziali; interventi di prossimità e lavoro di rete.";Profilo dipartimentale ufficiale — non sede-specifico;"Contattare il servizio territoriale; modalità di accesso non consolidate";"Lun–sab 08:00–14:00; gio anche fino alle 20:00";https://www.asl.fr.it/strutture/dipartimenti/dipartimento-di-salute-mentale-e-delle-patologie-da-dipendenza/uoc-salute-mentale-frosinone-alatri-anagni-sora/;Rete ASL — dato ereditato V4;Non riesaminato nella revisione residenziale V5;2026-09-19;;Rete_ASL_V6;Ereditata / non riesaminata nella V7;La data presente in 'ultima_verifica' non equivale a un nuovo riesame V7.;;;;;;Rete ASL V7.1;"Ereditato V7.1; non necessariamente ricontrollato nella V7.2";https://www.asl.fr.it/strutture/dipartimenti/dipartimento-di-salute-mentale-e-delle-patologie-da-dipendenza/uoc-salute-mentale-frosinone-alatri-anagni-sora/;;
FR-04;CSM Anagni;ASL Frosinone;CSM;Anagni;Via Onorato Capo, 2;07757325217 / 07757325289;csm.anagni@aslfrosinone.it;"Profilo dipartimentale (non specifico per la singola sede): prevenzione, diagnosi, cura e riabilitazione del disagio/malattia psichica; supporto a pazienti e famiglie; trattamento ospedaliero delle acuzie quando necessario; progetti terapeutico-riabilitativi ambulatoriali, domiciliari, semiresidenziali e residenziali; interventi di prossimità e lavoro di rete.";Profilo dipartimentale ufficiale — non sede-specifico;"Contattare il servizio territoriale; modalità di accesso non consolidate";"Lun/mer/gio/ven 08:00–14:00; mar 08:00–20:00";https://www.asl.fr.it/strutture/dipartimenti/dipartimento-di-salute-mentale-e-delle-patologie-da-dipendenza/uoc-salute-mentale-frosinone-alatri-anagni-sora/;Rete ASL — dato ereditato V4;Non riesaminato nella revisione residenziale V5;2026-09-19;;Rete_ASL_V6;Ereditata / non riesaminata nella V7;La data presente in 'ultima_verifica' non equivale a un nuovo riesame V7.;;;;;;Rete ASL V7.1;"Ereditato V7.1; non necessariamente ricontrollato nella V7.2";https://www.asl.fr.it/strutture/dipartimenti/dipartimento-di-salute-mentale-e-delle-patologie-da-dipendenza/uoc-salute-mentale-frosinone-alatri-anagni-sora/;;
FR-05;CSM Ceccano;ASL Frosinone;CSM;Ceccano;Borgo Santa Lucia, 52;07756262825;csm.ceccano@aslfrosinone.it;"Profilo dipartimentale (non specifico per la singola sede): prevenzione, diagnosi, cura e riabilitazione del disagio/malattia psichica; supporto a pazienti e famiglie; trattamento ospedaliero delle acuzie quando necessario; progetti terapeutico-riabilitativi ambulatoriali, domiciliari, semiresidenziali e residenziali; interventi di prossimità e lavoro di rete.";Profilo dipartimentale ufficiale — non sede-specifico;"Contattare il servizio territoriale; modalità di accesso non consolidate";"Lun/mer/gio/ven/sab 08:00–14:20; mar 08:00–20:00";https://www.asl.fr.it/strutture/dipartimenti/dipartimento-di-salute-mentale-e-delle-patologie-da-dipendenza/uoc-salute-mentale-frosinone-alatri-anagni-sora/;Rete ASL — dato ereditato V4;Non riesaminato nella revisione residenziale V5;2026-09-19;;Rete_ASL_V6;Ereditata / non riesaminata nella V7;La data presente in 'ultima_verifica' non equivale a un nuovo riesame V7.;;;;;;Rete ASL V7.1;"Ereditato V7.1; non necessariamente ricontrollato nella V7.2";https://www.asl.fr.it/strutture/dipartimenti/dipartimento-di-salute-mentale-e-delle-patologie-da-dipendenza/uoc-salute-mentale-frosinone-alatri-anagni-sora/;;
FR-06;CSM Sora;ASL Frosinone;CSM;Sora;Via San Marciano;07768294256;csm.sora@aslfrosinone.it;"Visita psichiatrica; colloquio clinico/psicologico; psicoterapia; accertamenti medico-legali; valutazione standardizzata; colloquio sociale; nursing e somministrazione farmaci; soggiorni terapeutico-riabilitativi; attività domiciliare; gruppi con familiari; integrazione socio-sanitaria.";Profilo dipartimentale ufficiale — non sede-specifico;"Appuntamento con impegnativa MMG; accesso libero per accoglienza/urgenza; richiesta telefonica; intervento domiciliare urgente";"Lun 08:00–16:00; mar 08:00–20:00; mer–ven 08:00–16:00; sab 08:00–14:00";https://www.asl.fr.it/strutture/dipartimenti/dipartimento-di-salute-mentale-e-delle-patologie-da-dipendenza/uoc-salute-mentale-frosinone-alatri-anagni-sora/uos-csm-sora/;Rete ASL — dato ereditato V4;Non riesaminato nella revisione residenziale V5;2026-09-19;;Rete_ASL_V6;Ereditata / non riesaminata nella V7;La data presente in 'ultima_verifica' non equivale a un nuovo riesame V7.;;;;;;Rete ASL V7.1;"Ereditato V7.1; non necessariamente ricontrollato nella V7.2";https://www.asl.fr.it/strutture/dipartimenti/dipartimento-di-salute-mentale-e-delle-patologie-da-dipendenza/uoc-salute-mentale-frosinone-alatri-anagni-sora/uos-csm-sora/;;
FR-07;CSM Cassino;ASL Frosinone;CSM;Cassino;Via E. De Nicola, 265;0776311906;csm.cassino@aslfrosinone.it;"Profilo dipartimentale (non specifico per la singola sede): prevenzione, diagnosi, cura e riabilitazione del disagio/malattia psichica; supporto a pazienti e famiglie; trattamento ospedaliero delle acuzie quando necessario; progetti terapeutico-riabilitativi ambulatoriali, domiciliari, semiresidenziali e residenziali; interventi di prossimità e lavoro di rete.";Profilo dipartimentale ufficiale — non sede-specifico;"Urgenza: accesso diretto; attività programmabile: impegnativa MMG e prenotazione";ND — non documentato nelle fonti consultate;https://www.asl.fr.it/strutture/dipartimenti/dipartimento-di-salute-mentale-e-delle-patologie-da-dipendenza/uoc-salute-mentale-cassino/;Rete ASL — dato ereditato V4;Non riesaminato nella revisione residenziale V5;2026-09-19;;Rete_ASL_V6;Ereditata / non riesaminata nella V7;La data presente in 'ultima_verifica' non equivale a un nuovo riesame V7.;;;;;;Rete ASL V7.1;"Ereditato V7.1; non necessariamente ricontrollato nella V7.2";https://www.asl.fr.it/strutture/dipartimenti/dipartimento-di-salute-mentale-e-delle-patologie-da-dipendenza/uoc-salute-mentale-cassino/;;
FR-08;CSM Pontecorvo;ASL Frosinone;CSM;Pontecorvo;Via San Giovanni Battista, snc;07767692963 / 07767692957;csm.pontecorvo@aslfrosinone.it;"Profilo dipartimentale (non specifico per la singola sede): prevenzione, diagnosi, cura e riabilitazione del disagio/malattia psichica; supporto a pazienti e famiglie; trattamento ospedaliero delle acuzie quando necessario; progetti terapeutico-riabilitativi ambulatoriali, domiciliari, semiresidenziali e residenziali; interventi di prossimità e lavoro di rete.";Profilo dipartimentale ufficiale — non sede-specifico;"Contattare il servizio territoriale; modalità di accesso non consolidate";ND — non documentato nelle fonti consultate;https://www.asl.fr.it/strutture/dipartimenti/dipartimento-di-salute-mentale-e-delle-patologie-da-dipendenza/uoc-salute-mentale-cassino/;Rete ASL — dato ereditato V4;Non riesaminato nella revisione residenziale V5;2026-09-19;;Rete_ASL_V6;Ereditata / non riesaminata nella V7;La data presente in 'ultima_verifica' non equivale a un nuovo riesame V7.;;;;;;Rete ASL V7.1;"Ereditato V7.1; non necessariamente ricontrollato nella V7.2";https://www.asl.fr.it/strutture/dipartimenti/dipartimento-di-salute-mentale-e-delle-patologie-da-dipendenza/uoc-salute-mentale-cassino/;;
FR-09;SerD Cassino;ASL Frosinone;SerD;Cassino;Via Enrico De Nicola, 265;0776311613;patologiedadipendenza.distrcd@aslfrosinone.it;"Profilo dipartimentale (non specifico per la singola sede): prevenzione, cura e riabilitazione delle patologie da dipendenza da sostanze e senza sostanza; interventi ambulatoriali, domiciliari, di prossimità, residenziali e semiresidenziali; attività rivolte anche ad adolescenti e persone in ambito penitenziario; integrazione con servizi e rete territoriale.";Profilo dipartimentale ufficiale — non sede-specifico;"Diretto, senza impegnativa MMG; documento d'identità e tessera sanitaria; gratuito";"Orari da verificare nella pagina specifica; accesso diretto e gratuito";https://www.asl.fr.it/strutture/dipartimenti/dipartimento-di-salute-mentale-e-delle-patologie-da-dipendenza/uoc-patologie-da-dipendenza-frosinone-alatri-anagni-sora/;Rete ASL — dato ereditato V4;Non riesaminato nella revisione residenziale V5;2026-09-19;;Rete_ASL_V6;Ereditata / non riesaminata nella V7;La data presente in 'ultima_verifica' non equivale a un nuovo riesame V7.;;;;;;Rete ASL V7.1;"Ereditato V7.1; non necessariamente ricontrollato nella V7.2";https://www.asl.fr.it/strutture/dipartimenti/dipartimento-di-salute-mentale-e-delle-patologie-da-dipendenza/uoc-patologie-da-dipendenza-frosinone-alatri-anagni-sora/;;
FR-10;SerD Ceccano;ASL Frosinone;SerD;Ceccano;Borgo Santa Lucia;07756262838;serd.ceccano@aslfrosinone.it;"Profilo dipartimentale (non specifico per la singola sede): prevenzione, cura e riabilitazione delle patologie da dipendenza da sostanze e senza sostanza; interventi ambulatoriali, domiciliari, di prossimità, residenziali e semiresidenziali; attività rivolte anche ad adolescenti e persone in ambito penitenziario; integrazione con servizi e rete territoriale.";Profilo dipartimentale ufficiale — non sede-specifico;"Diretto; documento d'identità e tessera sanitaria; gratuito";"Lun–sab 08:30–14:00; mar/gio 15:00–18:00";https://www.asl.fr.it/strutture/dipartimenti/dipartimento-di-salute-mentale-e-delle-patologie-da-dipendenza/uoc-patologie-da-dipendenza-frosinone-alatri-anagni-sora/uos-serd-ceccano/;Rete ASL — dato ereditato V4;Non riesaminato nella revisione residenziale V5;2026-09-19;;Rete_ASL_V6;Ereditata / non riesaminata nella V7;La data presente in 'ultima_verifica' non equivale a un nuovo riesame V7.;;;;;;Rete ASL V7.1;"Ereditato V7.1; non necessariamente ricontrollato nella V7.2";https://www.asl.fr.it/strutture/dipartimenti/dipartimento-di-salute-mentale-e-delle-patologie-da-dipendenza/uoc-patologie-da-dipendenza-frosinone-alatri-anagni-sora/uos-serd-ceccano/;;
FR-11;SerD Frosinone;ASL Frosinone;SerD;Frosinone;Via A. Fabi, Palazzina P;07758822134;ND — non documentato nelle fonti consultate;"Profilo dipartimentale (non specifico per la singola sede): prevenzione, cura e riabilitazione delle patologie da dipendenza da sostanze e senza sostanza; interventi ambulatoriali, domiciliari, di prossimità, residenziali e semiresidenziali; attività rivolte anche ad adolescenti e persone in ambito penitenziario; integrazione con servizi e rete territoriale.";Profilo dipartimentale ufficiale — non sede-specifico;"Diretto, senza impegnativa MMG; documento d'identità e tessera sanitaria; gratuito";"Lun–sab 08:30–14:00; mar/gio 15:00–18:00";https://www.asl.fr.it/strutture/dipartimenti/dipartimento-di-salute-mentale-e-delle-patologie-da-dipendenza/uoc-patologie-da-dipendenza-frosinone-alatri-anagni-sora/;Rete ASL — dato ereditato V4;Non riesaminato nella revisione residenziale V5;2026-09-19;;Rete_ASL_V6;Ereditata / non riesaminata nella V7;La data presente in 'ultima_verifica' non equivale a un nuovo riesame V7.;;;;;;Rete ASL V7.1;"Ereditato V7.1; non necessariamente ricontrollato nella V7.2";https://www.asl.fr.it/strutture/dipartimenti/dipartimento-di-salute-mentale-e-delle-patologie-da-dipendenza/uoc-patologie-da-dipendenza-frosinone-alatri-anagni-sora/;;
FR-12;SerD Sora;ASL Frosinone;SerD;Sora;Via Piemonte;07768218346;serd.sora@aslfrosinone.it;"Profilo dipartimentale (non specifico per la singola sede): prevenzione, cura e riabilitazione delle patologie da dipendenza da sostanze e senza sostanza; interventi ambulatoriali, domiciliari, di prossimità, residenziali e semiresidenziali; attività rivolte anche ad adolescenti e persone in ambito penitenziario; integrazione con servizi e rete territoriale.";Profilo dipartimentale ufficiale — non sede-specifico;"Diretto, senza impegnativa MMG; documento d'identità e tessera sanitaria; gratuito";Pagina UOS: lun–ven 08:30–13:30, sab 08:30–13:00, lun/mer 15:00–18:30. Pagina UOC: lun 08:30–19:00, mar–sab 08:30–13:30.;https://www.asl.fr.it/strutture/dipartimenti/dipartimento-di-salute-mentale-e-delle-patologie-da-dipendenza/uoc-patologie-da-dipendenza-frosinone-alatri-anagni-sora/uos-serd-sora/;Rete ASL — dato ereditato V4;Non riesaminato nella revisione residenziale V5;2026-09-19;"Le pagine ufficiali ASL Frosinone del medesimo servizio non coincidono: UOS riporta Via Piemonte e orari lun/mer pomeriggio; UOC riporta Via Regina Elena e orari lunedì continuato. Conservata Via Piemonte come pagina UOS specifica e segnalato il conflitto; necessario contatto diretto prima dell'invio.";Rete_ASL_V6;Ereditata / non riesaminata nella V7;La data presente in 'ultima_verifica' non equivale a un nuovo riesame V7.;;;;;;Rete ASL V7.1;"Ereditato V7.1; non necessariamente ricontrollato nella V7.2";https://www.asl.fr.it/strutture/dipartimenti/dipartimento-di-salute-mentale-e-delle-patologie-da-dipendenza/uoc-patologie-da-dipendenza-frosinone-alatri-anagni-sora/uos-serd-sora/;;
FR-13;Punto di erogazione CSM Ceprano;ASL Frosinone;Ambulatorio CSM;Ceprano;Viale Regina Margherita — ex Ospedale Civico;0775912181;csm.ceccano@aslfrosinone.it;"Profilo dipartimentale (non specifico per la singola sede): prevenzione, diagnosi, cura e riabilitazione del disagio/malattia psichica; supporto a pazienti e famiglie; trattamento ospedaliero delle acuzie quando necessario; progetti terapeutico-riabilitativi ambulatoriali, domiciliari, semiresidenziali e residenziali; interventi di prossimità e lavoro di rete.";Articolazione territoriale documentata dalla ASL;"Contattare il servizio territoriale; modalità di accesso non consolidate";Mercoledì 10:00–14:00;https://www.asl.fr.it/strutture/dipartimenti/dipartimento-di-salute-mentale-e-delle-patologie-da-dipendenza/uoc-salute-mentale-frosinone-alatri-anagni-sora/;Rete ASL — dato ereditato V4;Non riesaminato nella revisione residenziale V5;2026-09-19;;Rete_ASL_V6;Ereditata / non riesaminata nella V7;La data presente in 'ultima_verifica' non equivale a un nuovo riesame V7.;;;;;;Rete ASL V7.1;"Ereditato V7.1; non necessariamente ricontrollato nella V7.2";https://www.asl.fr.it/strutture/dipartimenti/dipartimento-di-salute-mentale-e-delle-patologie-da-dipendenza/uoc-salute-mentale-frosinone-alatri-anagni-sora/;;
FR-14;Punto CSM / PEP Ferentino;ASL Frosinone;Punto territoriale CSM;Ferentino;ND — non documentato nelle fonti consultate;ND — non documentato nelle fonti consultate;csm.frosinone@aslfrosinone.it;"Profilo dipartimentale (non specifico per la singola sede): prevenzione, diagnosi, cura e riabilitazione del disagio/malattia psichica; supporto a pazienti e famiglie; trattamento ospedaliero delle acuzie quando necessario; progetti terapeutico-riabilitativi ambulatoriali, domiciliari, semiresidenziali e residenziali; interventi di prossimità e lavoro di rete.";Articolazione territoriale documentata dalla ASL;"Contattare il servizio territoriale; modalità di accesso non consolidate";Venerdì 08:00–12:00;https://www.asl.fr.it/strutture/dipartimenti/dipartimento-di-salute-mentale-e-delle-patologie-da-dipendenza/uoc-salute-mentale-frosinone-alatri-anagni-sora/;Rete ASL — dato ereditato V4;Non riesaminato nella revisione residenziale V5;2026-09-19;;Rete_ASL_V6;Ereditata / non riesaminata nella V7;La data presente in 'ultima_verifica' non equivale a un nuovo riesame V7.;;;;;;Rete ASL V7.1;"Ereditato V7.1; non necessariamente ricontrollato nella V7.2";https://www.asl.fr.it/strutture/dipartimenti/dipartimento-di-salute-mentale-e-delle-patologie-da-dipendenza/uoc-salute-mentale-frosinone-alatri-anagni-sora/;;
FR-15;Punto CSM / PEP Veroli;ASL Frosinone;Punto territoriale CSM;Veroli;ND — non documentato nelle fonti consultate;ND — non documentato nelle fonti consultate;csm.frosinone@aslfrosinone.it;"Profilo dipartimentale (non specifico per la singola sede): prevenzione, diagnosi, cura e riabilitazione del disagio/malattia psichica; supporto a pazienti e famiglie; trattamento ospedaliero delle acuzie quando necessario; progetti terapeutico-riabilitativi ambulatoriali, domiciliari, semiresidenziali e residenziali; interventi di prossimità e lavoro di rete.";Articolazione territoriale documentata dalla ASL;"Contattare il servizio territoriale; modalità di accesso non consolidate";Venerdì 08:00–14:00;https://www.asl.fr.it/strutture/dipartimenti/dipartimento-di-salute-mentale-e-delle-patologie-da-dipendenza/uoc-salute-mentale-frosinone-alatri-anagni-sora/;Rete ASL — dato ereditato V4;Non riesaminato nella revisione residenziale V5;2026-09-19;;Rete_ASL_V6;Ereditata / non riesaminata nella V7;La data presente in 'ultima_verifica' non equivale a un nuovo riesame V7.;;;;;;Rete ASL V7.1;"Ereditato V7.1; non necessariamente ricontrollato nella V7.2";https://www.asl.fr.it/strutture/dipartimenti/dipartimento-di-salute-mentale-e-delle-patologie-da-dipendenza/uoc-salute-mentale-frosinone-alatri-anagni-sora/;;
FR-16;Ambulatorio CSM Sora — Atina;ASL Frosinone;Ambulatorio CSM;Atina;Colle Melfa — Casa della Salute;07766984437 / 07766984438;csm.sora@aslfrosinone.it;"Visita psichiatrica; colloquio clinico/psicologico; psicoterapia; accertamenti medico-legali; valutazione standardizzata; colloquio sociale; nursing e somministrazione farmaci; soggiorni terapeutico-riabilitativi; attività domiciliare; gruppi con familiari; integrazione socio-sanitaria.";Articolazione territoriale documentata dalla ASL;"Appuntamento con impegnativa MMG; accesso libero per accoglienza/urgenza; richiesta telefonica; intervento domiciliare urgente";Mar e gio 08:00–14:00;https://www.asl.fr.it/strutture/dipartimenti/dipartimento-di-salute-mentale-e-delle-patologie-da-dipendenza/uoc-salute-mentale-frosinone-alatri-anagni-sora/;Rete ASL — dato ereditato V4;Non riesaminato nella revisione residenziale V5;2026-09-19;;Rete_ASL_V6;Ereditata / non riesaminata nella V7;La data presente in 'ultima_verifica' non equivale a un nuovo riesame V7.;;;;;;Rete ASL V7.1;"Ereditato V7.1; non necessariamente ricontrollato nella V7.2";https://www.asl.fr.it/strutture/dipartimenti/dipartimento-di-salute-mentale-e-delle-patologie-da-dipendenza/uoc-salute-mentale-frosinone-alatri-anagni-sora/;;
LT-01;Direzione DSM Latina;ASL Latina;DSM;Latina;Viale Le Corbusier;07736556890;dipartimentoareasalutementale@ausl.latina.it;Coordinamento dipartimentale;Dato già presente nel censimento precedente;ND — non documentato nelle fonti consultate;ND — non documentato nelle fonti consultate;https://www.ausl.latina.it/dipartimenti/31-azienda/449-dsm;Rete ASL — dato ereditato V4;Non riesaminato nella revisione residenziale V5;2026-09-19;;Rete_ASL_V6;Ereditata / non riesaminata nella V7;La data presente in 'ultima_verifica' non equivale a un nuovo riesame V7.;;;;;;Rete ASL V7.1;"Ereditato V7.1; non necessariamente ricontrollato nella V7.2";https://www.ausl.latina.it/dipartimenti/31-azienda/449-dsm;;
LT-02;CSM Aprilia;ASL Latina;CSM;Aprilia;Via Giustiniano, snc;06928634051;csm.aprilia@ausl.latina.it;"Diagnosi, cura e riabilitazione dei disturbi mentali dell'adulto; progetti terapeutico-riabilitativi individualizzati; interventi ambulatoriali, nel contesto sociale e domiciliari; coinvolgimento di MMG e famiglia; prima valutazione; visite psichiatriche/psicologiche, psicodiagnostica e psicoterapie; interventi sociali, abitativi e di inclusione; riabilitazione, inserimenti lavorativi e attività di Centro Diurno; consulenze e raccordo con strutture ospedaliere/residenziali.";Profilo ufficiale comune ai CSM ASL Latina;"Contattare il CSM territoriale; prescrizione e registrazione CUP secondo prestazione/sede";"Lun–ven 08:00–20:00; sab 08:00–14:00";https://www.ausl.latina.it/dipartimenti/31-azienda/449-dsm;Rete ASL — dato ereditato V4;Non riesaminato nella revisione residenziale V5;2026-09-19;;Rete_ASL_V6;Ereditata / non riesaminata nella V7;La data presente in 'ultima_verifica' non equivale a un nuovo riesame V7.;;;;;;Rete ASL V7.1;"Ereditato V7.1; non necessariamente ricontrollato nella V7.2";https://www.ausl.latina.it/dipartimenti/31-azienda/449-dsm;;
LT-03;CSM Cisterna di Latina;ASL Latina;CSM;Cisterna di Latina;Via G. Falcone, snc;0686812092;"csm.cisterna@ausl.latina.it; csm.latina@ausl.latina.it";"Diagnosi, cura e riabilitazione dei disturbi mentali dell'adulto; progetti terapeutico-riabilitativi individualizzati; interventi ambulatoriali, nel contesto sociale e domiciliari; coinvolgimento di MMG e famiglia; prima valutazione; visite psichiatriche/psicologiche, psicodiagnostica e psicoterapie; interventi sociali, abitativi e di inclusione; riabilitazione, inserimenti lavorativi e attività di Centro Diurno; consulenze e raccordo con strutture ospedaliere/residenziali.";Profilo ufficiale comune ai CSM ASL Latina;"Contattare il CSM territoriale; prescrizione e registrazione CUP secondo prestazione/sede";"Lun–ven 08:00–20:00; sab 08:00–14:00";https://www.ausl.latina.it/dipartimenti/31-azienda/449-dsm;Rete ASL — dato ereditato V4;Non riesaminato nella revisione residenziale V5;2026-09-19;;Rete_ASL_V6;Ereditata / non riesaminata nella V7;La data presente in 'ultima_verifica' non equivale a un nuovo riesame V7.;;;;;;Rete ASL V7.1;"Ereditato V7.1; non necessariamente ricontrollato nella V7.2";https://www.ausl.latina.it/dipartimenti/31-azienda/449-dsm;;
LT-04;CSM Latina;ASL Latina;CSM;Latina;Centro Commerciale Le Corbusier, Viale Le Corbusier, Scala F, 2° piano n. 36;07736556826;"csm.latina@ausl.latina.it; uocsalutementale.areano@ausl.latina.it";"Diagnosi, cura e riabilitazione dei disturbi mentali dell'adulto; progetti terapeutico-riabilitativi individualizzati; interventi ambulatoriali, nel contesto sociale e domiciliari; coinvolgimento di MMG e famiglia; prima valutazione; visite psichiatriche/psicologiche, psicodiagnostica e psicoterapie; interventi sociali, abitativi e di inclusione; riabilitazione, inserimenti lavorativi e attività di Centro Diurno; consulenze e raccordo con strutture ospedaliere/residenziali.";Profilo ufficiale comune ai CSM ASL Latina;"Contattare il CSM territoriale; prescrizione e registrazione CUP secondo prestazione/sede";"Lun–ven 08:00–20:00; sab 08:00–14:00";https://www.ausl.latina.it/dipartimenti/31-azienda/449-dsm;Rete ASL — dato ereditato V4;Non riesaminato nella revisione residenziale V5;2026-09-19;;Rete_ASL_V6;Ereditata / non riesaminata nella V7;La data presente in 'ultima_verifica' non equivale a un nuovo riesame V7.;;;;;;Rete ASL V7.1;"Ereditato V7.1; non necessariamente ricontrollato nella V7.2";https://www.ausl.latina.it/dipartimenti/31-azienda/449-dsm;;
LT-05;CSM Sabaudia;ASL Latina;CSM;Sabaudia;Via Conte Verde, 10;0773520891;csm.sabaudia@ausl.latina.it;"Diagnosi, cura e riabilitazione dei disturbi mentali dell'adulto; progetti terapeutico-riabilitativi individualizzati; interventi ambulatoriali, nel contesto sociale e domiciliari; coinvolgimento di MMG e famiglia; prima valutazione; visite psichiatriche/psicologiche, psicodiagnostica e psicoterapie; interventi sociali, abitativi e di inclusione; riabilitazione, inserimenti lavorativi e attività di Centro Diurno; consulenze e raccordo con strutture ospedaliere/residenziali.";Profilo ufficiale comune ai CSM ASL Latina;"Contattare il CSM territoriale; prescrizione e registrazione CUP secondo prestazione/sede";"Lun/mer 08:00–17:30; mar/gio/ven 08:00–14:00";https://www.ausl.latina.it/dipartimenti/31-azienda/449-dsm;Rete ASL — dato ereditato V4;Non riesaminato nella revisione residenziale V5;2026-09-19;;Rete_ASL_V6;Ereditata / non riesaminata nella V7;La data presente in 'ultima_verifica' non equivale a un nuovo riesame V7.;;;;;;Rete ASL V7.1;"Ereditato V7.1; non necessariamente ricontrollato nella V7.2";https://www.ausl.latina.it/dipartimenti/31-azienda/449-dsm;;
LT-06;CSM Monti Lepini — Sezze;ASL Latina;CSM;Sezze;Via San Bartolomeo, 1;0773801097 / 0773801879;"csm.montilepini@ausl.latina.it; csm.sezze@ausl.latina.it";"Diagnosi, cura e riabilitazione dei disturbi mentali dell'adulto; progetti terapeutico-riabilitativi individualizzati; interventi ambulatoriali, nel contesto sociale e domiciliari; coinvolgimento di MMG e famiglia; prima valutazione; visite psichiatriche/psicologiche, psicodiagnostica e psicoterapie; interventi sociali, abitativi e di inclusione; riabilitazione, inserimenti lavorativi e attività di Centro Diurno; consulenze e raccordo con strutture ospedaliere/residenziali.";Profilo ufficiale comune ai CSM ASL Latina;"Contattare il CSM territoriale; prescrizione e registrazione CUP secondo prestazione/sede";"Lun/mer/ven 08:00–14:00; mar/gio 08:00–17:30; sab alternato con Priverno";https://www.ausl.latina.it/dipartimenti/31-azienda/449-dsm;Rete ASL — dato ereditato V4;Non riesaminato nella revisione residenziale V5;2026-09-19;;Rete_ASL_V6;Ereditata / non riesaminata nella V7;La data presente in 'ultima_verifica' non equivale a un nuovo riesame V7.;;;;;;Rete ASL V7.1;"Ereditato V7.1; non necessariamente ricontrollato nella V7.2";https://www.ausl.latina.it/dipartimenti/31-azienda/449-dsm;;
LT-07;CSM Monti Lepini — Priverno;ASL Latina;CSM;Priverno;Via Torretta Rocchigiana, snc;0773856833;"csm.montilepini@ausl.latina.it; csm.priverno@ausl.latina.it";"Diagnosi, cura e riabilitazione dei disturbi mentali dell'adulto; progetti terapeutico-riabilitativi individualizzati; interventi ambulatoriali, nel contesto sociale e domiciliari; coinvolgimento di MMG e famiglia; prima valutazione; visite psichiatriche/psicologiche, psicodiagnostica e psicoterapie; interventi sociali, abitativi e di inclusione; riabilitazione, inserimenti lavorativi e attività di Centro Diurno; consulenze e raccordo con strutture ospedaliere/residenziali.";Profilo ufficiale comune ai CSM ASL Latina;"Contattare il CSM territoriale; prescrizione e registrazione CUP secondo prestazione/sede";"Orari discordanti nella fonte; sab 08–14 alternato con Sezze";https://www.ausl.latina.it/dipartimenti/31-azienda/449-dsm;Rete ASL — dato ereditato V4;Non riesaminato nella revisione residenziale V5;2026-09-19;"La tabella ASL presenta una incongruenza interna per gli orari (martedì compare sia 08:00–14:00 sia 08:00–17:30). Non normalizzato oltre il testo ufficiale; verificare la sede.";Rete_ASL_V6;Ereditata / non riesaminata nella V7;La data presente in 'ultima_verifica' non equivale a un nuovo riesame V7.;;;;;;Rete ASL V7.1;"Ereditato V7.1; non necessariamente ricontrollato nella V7.2";https://www.ausl.latina.it/dipartimenti/31-azienda/449-dsm;;
LT-08;CSM Terracina;ASL Latina;CSM;Terracina;Via Don Orione, 8;0773708931;csm.terracina@ausl.latina.it;"Diagnosi, cura e riabilitazione dei disturbi mentali dell'adulto; progetti terapeutico-riabilitativi individualizzati; interventi ambulatoriali, nel contesto sociale e domiciliari; coinvolgimento di MMG e famiglia; prima valutazione; visite psichiatriche/psicologiche, psicodiagnostica e psicoterapie; interventi sociali, abitativi e di inclusione; riabilitazione, inserimenti lavorativi e attività di Centro Diurno; consulenze e raccordo con strutture ospedaliere/residenziali.";Profilo ufficiale comune ai CSM ASL Latina;"Contattare il CSM territoriale; prescrizione e registrazione CUP secondo prestazione/sede";"Lun/gio 08:00–20:00; ven apertura lunga in alternanza con Formia; mar/ven 08:00–14:00; sab in alternanza";https://www.ausl.latina.it/dipartimenti/31-azienda/449-dsm;Rete ASL — dato ereditato V4;Non riesaminato nella revisione residenziale V5;2026-09-19;;Rete_ASL_V6;Ereditata / non riesaminata nella V7;La data presente in 'ultima_verifica' non equivale a un nuovo riesame V7.;;;;;;Rete ASL V7.1;"Ereditato V7.1; non necessariamente ricontrollato nella V7.2";https://www.ausl.latina.it/dipartimenti/31-azienda/449-dsm;;
LT-09;CSM Fondi;ASL Latina;CSM;Fondi;Via San Magno, 4;0771505290;"csm.fondi@ausl.latina.it; csm.fonditerracina@ausl.latina.it";"Diagnosi, cura e riabilitazione dei disturbi mentali dell'adulto; progetti terapeutico-riabilitativi individualizzati; interventi ambulatoriali, nel contesto sociale e domiciliari; coinvolgimento di MMG e famiglia; prima valutazione; visite psichiatriche/psicologiche, psicodiagnostica e psicoterapie; interventi sociali, abitativi e di inclusione; riabilitazione, inserimenti lavorativi e attività di Centro Diurno; consulenze e raccordo con strutture ospedaliere/residenziali.";Profilo ufficiale comune ai CSM ASL Latina;"Contattare il CSM territoriale; prescrizione e registrazione CUP secondo prestazione/sede";"Lun/gio 08:00–20:00; ven apertura lunga in alternanza con Formia; mar/mer/ven 08:00–14:00; sab in alternanza";https://www.ausl.latina.it/dipartimenti/31-azienda/449-dsm;Rete ASL — dato ereditato V4;Non riesaminato nella revisione residenziale V5;2026-09-19;;Rete_ASL_V6;Ereditata / non riesaminata nella V7;La data presente in 'ultima_verifica' non equivale a un nuovo riesame V7.;;;;;;Rete ASL V7.1;"Ereditato V7.1; non necessariamente ricontrollato nella V7.2";https://www.ausl.latina.it/dipartimenti/31-azienda/449-dsm;;
LT-10;CSM Formia;ASL Latina;CSM;Formia;Via Lavagna, 43;0771779414 / 0771779404;csm.formiagaeta@ausl.latina.it;"Accesso diretto per adulti; visite specialistiche; trattamenti psicoterapeutici; interventi infermieristici, sociali e di rete; Progetti Terapeutici Individuali (PTI); trattamenti farmacologici; ascolto e psicoeducazione per utenti e familiari; interventi domiciliari e nei contesti di vita; interventi territoriali intensivi. La sede pubblica inoltre prestazioni psichiatriche di primo accesso/controllo, psicodiagnostica, certificazioni previste e monitoraggio di utenti in strutture.";Sede specifica — descrizione istituzionale CSM Formia;Accesso diretto per residenti nel bacino di utenza;"Lun/gio 08:00–14:00; mar/mer 08:00–20:00; ven apertura lunga in alternanza; sab alternato con Fondi/Terracina";https://www.ausl.latina.it/dipartimenti/31-azienda/449-dsm;Rete ASL — dato ereditato V4;Non riesaminato nella revisione residenziale V5;2026-09-19;;Rete_ASL_V6;Ereditata / non riesaminata nella V7;La data presente in 'ultima_verifica' non equivale a un nuovo riesame V7.;;;;;;Rete ASL V7.1;"Ereditato V7.1; non necessariamente ricontrollato nella V7.2";https://www.ausl.latina.it/dipartimenti/31-azienda/449-dsm;;
LT-11;SerD Aprilia;ASL Latina;SerD;Aprilia;Via Giustiniano;06928634053;sertapriliacisterna@ausl.latina.it;"Trattamento e riabilitazione delle dipendenze; contattare la sede per dettaglio delle prestazioni. ";Dato già presente nel censimento precedente;Contatto diretto con la sede per modalità e appuntamento;ND — non documentato nelle fonti consultate;https://www.ausl.latina.it/dipartimenti/31-azienda/449-dsm;Rete ASL — dato ereditato V4;Non riesaminato nella revisione residenziale V5;2026-09-19;;Rete_ASL_V6;Ereditata / non riesaminata nella V7;La data presente in 'ultima_verifica' non equivale a un nuovo riesame V7.;;;;;;Rete ASL V7.1;"Ereditato V7.1; non necessariamente ricontrollato nella V7.2";https://www.ausl.latina.it/dipartimenti/31-azienda/449-dsm;;
LT-12;SerD Latina;ASL Latina;SerD;Latina;Via Guido Reni, 22;07736553018;serd.latina@ausl.latina.it;"Trattamento e riabilitazione delle dipendenze; contattare la sede per dettaglio delle prestazioni. ";Dato già presente nel censimento precedente;Contatto diretto con la sede per modalità e appuntamento;ND — non documentato nelle fonti consultate;https://www.ausl.latina.it/dipartimenti/31-azienda/449-dsm;Rete ASL — dato ereditato V4;Non riesaminato nella revisione residenziale V5;2026-09-19;"La pagina ASL visualizza l'email con refuso 'ausl.latna.it'; il database conserva la forma normalizzata serd.latina@ausl.latina.it.";Rete_ASL_V6;Ereditata / non riesaminata nella V7;La data presente in 'ultima_verifica' non equivale a un nuovo riesame V7.;;;;;;Rete ASL V7.1;"Ereditato V7.1; non necessariamente ricontrollato nella V7.2";https://www.ausl.latina.it/dipartimenti/31-azienda/449-dsm;;
LT-13;SerD Priverno;ASL Latina;SerD;Priverno;Via Torretta Rocchigiana;0773910818;sert.priverno@ausl.latina.it;"Trattamento e riabilitazione delle dipendenze; contattare la sede per dettaglio delle prestazioni. ";Dato già presente nel censimento precedente;Contatto diretto con la sede per modalità e appuntamento;ND — non documentato nelle fonti consultate;https://www.ausl.latina.it/dipartimenti/31-azienda/449-dsm;Rete ASL — dato ereditato V4;Non riesaminato nella revisione residenziale V5;2026-09-19;;Rete_ASL_V6;Ereditata / non riesaminata nella V7;La data presente in 'ultima_verifica' non equivale a un nuovo riesame V7.;;;;;;Rete ASL V7.1;"Ereditato V7.1; non necessariamente ricontrollato nella V7.2";https://www.ausl.latina.it/dipartimenti/31-azienda/449-dsm;;
LT-14;SerD Terracina;ASL Latina;SerD;Terracina;Via Fratelli Bandiera, 15;0773708215;serd.terracina@ausl.latina.it;"Trattamento e riabilitazione delle dipendenze; contattare la sede per dettaglio delle prestazioni. Centro antifumo.";Dato già presente nel censimento precedente;Contatto diretto con la sede per modalità e appuntamento;ND — non documentato nelle fonti consultate;https://www.ausl.latina.it/dipartimenti/31-azienda/449-dsm;Rete ASL — dato ereditato V4;Non riesaminato nella revisione residenziale V5;2026-09-19;;Rete_ASL_V6;Ereditata / non riesaminata nella V7;La data presente in 'ultima_verifica' non equivale a un nuovo riesame V7.;;;;;;Rete ASL V7.1;"Ereditato V7.1; non necessariamente ricontrollato nella V7.2";https://www.ausl.latina.it/dipartimenti/31-azienda/449-dsm;;
LT-15;SerD Formia;ASL Latina;SerD;Formia;Via Appia Lato Napoli;0771779394;sertformia@ausl.latina.it;"Trattamento e riabilitazione delle dipendenze; contattare la sede per dettaglio delle prestazioni. ";Dato già presente nel censimento precedente;Contatto diretto con la sede per modalità e appuntamento;ND — non documentato nelle fonti consultate;https://www.ausl.latina.it/dipartimenti/31-azienda/449-dsm;Rete ASL — dato ereditato V4;Non riesaminato nella revisione residenziale V5;2026-09-19;;Rete_ASL_V6;Ereditata / non riesaminata nella V7;La data presente in 'ultima_verifica' non equivale a un nuovo riesame V7.;;;;;;Rete ASL V7.1;"Ereditato V7.1; non necessariamente ricontrollato nella V7.2";https://www.ausl.latina.it/dipartimenti/31-azienda/449-dsm;;
NET-001;SPDC Santo Spirito;R1;SPDC;Roma;Lungotevere in Sassia, 1;+39 06 6010.4313;;Ricoveri psichiatrici volontari e TSO, Day Hospital, gestione crisi acute;Dato rete estesa V4;Invio CSM, rete emergenza/PS;H24 / rete urgenza;https://www.aslroma1.it/presidi-ospedalieri/reparti/spdc-santo-spirito;Rete ASL — dato ereditato V4;Non riesaminato in V5;2026-09-20;;Rete_ASL_V6;Ereditata / non riesaminata nella V7;La data presente in 'ultima_verifica' non equivale a un nuovo riesame V7.;;;;;;Rete ASL V7.1;"Ereditato V7.1; non necessariamente ricontrollato nella V7.2";https://www.aslroma1.it/presidi-ospedalieri/reparti/spdc-santo-spirito;;
NET-002;SPDC San Filippo Neri;R1;SPDC;Roma;Piazza Santa Maria della Pietà, 5 - Pad. 26;+39 06 6010.2947;giuseppe.ducci@aslroma1.it;Ricovero e gestione psichiatrica ospedaliera;Dato rete estesa V4;Rete ospedaliera / emergenza;;https://www.aslroma1.it/azienda-dipartimentieri/dipartimento-integrato-di-salute-mentale;Rete ASL — dato ereditato V4;Non riesaminato in V5;2026-09-20;;Rete_ASL_V6;Ereditata / non riesaminata nella V7;La data presente in 'ultima_verifica' non equivale a un nuovo riesame V7.;;;;;;Rete ASL V7.1;"Ereditato V7.1; non necessariamente ricontrollato nella V7.2";https://www.aslroma1.it/azienda-dipartimentieri/dipartimento-integrato-di-salute-mentale;;
NET-003;TSMREE La Scarpetta;R1;TSMREE/NPIA;Roma;Piazza Castellani, 23;;;Prevenzione, diagnosi, cura, riabilitazione e integrazione scolastica/sociale;Dato rete estesa V4;Accoglienza territoriale secondo distretto;;https://www.aslroma1.it/servizi-tsmree-tutela-salute-mentale-e-riabilitazione-dell-eta-evolutiva;Rete ASL — dato ereditato V4;Non riesaminato in V5;2026-09-20;;Rete_ASL_V6;Ereditata / non riesaminata nella V7;La data presente in 'ultima_verifica' non equivale a un nuovo riesame V7.;;;;;;Rete ASL V7.1;"Ereditato V7.1; non necessariamente ricontrollato nella V7.2";https://www.aslroma1.it/servizi-tsmree-tutela-salute-mentale-e-riabilitazione-dell-eta-evolutiva;;
NET-004;TSMREE Tripoli;R1;TSMREE/NPIA;Roma;Via Tripoli, 39;;;Prevenzione, diagnosi, cura, riabilitazione e integrazione scolastica/sociale;Dato rete estesa V4;Accoglienza territoriale secondo distretto;;https://www.aslroma1.it/servizi-tsmree-tutela-salute-mentale-e-riabilitazione-dell-eta-evolutiva;Rete ASL — dato ereditato V4;Non riesaminato in V5;2026-09-20;;Rete_ASL_V6;Ereditata / non riesaminata nella V7;La data presente in 'ultima_verifica' non equivale a un nuovo riesame V7.;;;;;;Rete ASL V7.1;"Ereditato V7.1; non necessariamente ricontrollato nella V7.2";https://www.aslroma1.it/servizi-tsmree-tutela-salute-mentale-e-riabilitazione-dell-eta-evolutiva;;
NET-005;TSMREE Dina Galli;R1;TSMREE/NPIA;Roma;Via Dina Galli, 8;;;Prevenzione, diagnosi, cura, riabilitazione e integrazione scolastica/sociale;Dato rete estesa V4;Accoglienza territoriale secondo distretto;;https://www.aslroma1.it/servizi-tsmree-tutela-salute-mentale-e-riabilitazione-dell-eta-evolutiva;Rete ASL — dato ereditato V4;Non riesaminato in V5;2026-09-20;;Rete_ASL_V6;Ereditata / non riesaminata nella V7;La data presente in 'ultima_verifica' non equivale a un nuovo riesame V7.;;;;;;Rete ASL V7.1;"Ereditato V7.1; non necessariamente ricontrollato nella V7.2";https://www.aslroma1.it/servizi-tsmree-tutela-salute-mentale-e-riabilitazione-dell-eta-evolutiva;;
NET-006;TSMREE Catone;R1;TSMREE/NPIA;Roma;Via Catone, 30;;;Prevenzione, diagnosi, cura, riabilitazione e integrazione scolastica/sociale;Dato rete estesa V4;Accoglienza territoriale secondo distretto;;https://www.aslroma1.it/servizi-tsmree-tutela-salute-mentale-e-riabilitazione-dell-eta-evolutiva;Rete ASL — dato ereditato V4;Non riesaminato in V5;2026-09-20;;Rete_ASL_V6;Ereditata / non riesaminata nella V7;La data presente in 'ultima_verifica' non equivale a un nuovo riesame V7.;;;;;;Rete ASL V7.1;"Ereditato V7.1; non necessariamente ricontrollato nella V7.2";https://www.aslroma1.it/servizi-tsmree-tutela-salute-mentale-e-riabilitazione-dell-eta-evolutiva;;
NET-007;TSMREE Santa Maria della Pietà;R1;TSMREE/NPIA;Roma;Piazza Santa Maria della Pietà, 5 - Pad. 14;;;Prevenzione, diagnosi, cura, riabilitazione e integrazione scolastica/sociale;Dato rete estesa V4;Accoglienza territoriale secondo distretto;;https://www.aslroma1.it/servizi-tsmree-tutela-salute-mentale-e-riabilitazione-dell-eta-evolutiva;Rete ASL — dato ereditato V4;Non riesaminato in V5;2026-09-20;;Rete_ASL_V6;Ereditata / non riesaminata nella V7;La data presente in 'ultima_verifica' non equivale a un nuovo riesame V7.;;;;;;Rete ASL V7.1;"Ereditato V7.1; non necessariamente ricontrollato nella V7.2";https://www.aslroma1.it/servizi-tsmree-tutela-salute-mentale-e-riabilitazione-dell-eta-evolutiva;;
NET-008;TSMREE Cassia;R1;TSMREE/NPIA;Roma;Via Cassia, 472;;;Prevenzione, diagnosi, cura, riabilitazione e integrazione scolastica/sociale;Dato rete estesa V4;Accoglienza territoriale secondo distretto;;https://www.aslroma1.it/servizi-tsmree-tutela-salute-mentale-e-riabilitazione-dell-eta-evolutiva;Rete ASL — dato ereditato V4;Non riesaminato in V5;2026-09-20;;Rete_ASL_V6;Ereditata / non riesaminata nella V7;La data presente in 'ultima_verifica' non equivale a un nuovo riesame V7.;;;;;;Rete ASL V7.1;"Ereditato V7.1; non necessariamente ricontrollato nella V7.2";https://www.aslroma1.it/servizi-tsmree-tutela-salute-mentale-e-riabilitazione-dell-eta-evolutiva;;
NET-009;Ambulatorio DCA Santa Maria della Pietà;R1;DNA/DCA;Roma;Piazza Santa Maria della Pietà, 5;+39 06 6010.6808;uosd.dca@aslroma1.it;"Valutazione multiprofessionale; psicoterapia; controlli psichiatrici, internistici e dietistici; interventi familiari";Dato rete estesa V4;"Percorso DCA; esente ticket sanitario";"Lun-ven 08:00-20:00; sab 08:00-13:30";https://www.aslroma1.it/presidi-territoriali/ambulatorio-disturbi-comportamento-alimentare;Rete ASL — dato ereditato V4;Non riesaminato in V5;2026-09-20;;Rete_ASL_V6;Ereditata / non riesaminata nella V7;La data presente in 'ultima_verifica' non equivale a un nuovo riesame V7.;;;;;;Rete ASL V7.1;"Ereditato V7.1; non necessariamente ricontrollato nella V7.2";https://www.aslroma1.it/presidi-territoriali/ambulatorio-disturbi-comportamento-alimentare;;
NET-017;SPDC Ospedale Sandro Pertini;R2;SPDC;Roma;;;;"Ricovero psichiatrico H24, volontario e TSO; integrazione con CSM";Dato rete estesa V4;Invio CSM/MMG, 118 o accesso ospedaliero;;https://www.aslroma2.it/index.php/organizzazione/dipartimenti/dip-di-salute-mentale;Rete ASL — dato ereditato V4;Non riesaminato in V5;2026-09-20;;Rete_ASL_V6;Ereditata / non riesaminata nella V7;La data presente in 'ultima_verifica' non equivale a un nuovo riesame V7.;;;;;;Rete ASL V7.1;"Ereditato V7.1; non necessariamente ricontrollato nella V7.2";https://www.aslroma2.it/index.php/organizzazione/dipartimenti/dip-di-salute-mentale;;
NET-018;SPDC Ospedale Sant'Eugenio;R2;SPDC;Roma;;;;"Ricovero psichiatrico H24, volontario e TSO; integrazione con CSM";Dato rete estesa V4;Invio CSM/MMG, 118 o accesso ospedaliero;;https://www.aslroma2.it/index.php/organizzazione/dipartimenti/dip-di-salute-mentale;Rete ASL — dato ereditato V4;Non riesaminato in V5;2026-09-20;;Rete_ASL_V6;Ereditata / non riesaminata nella V7;La data presente in 'ultima_verifica' non equivale a un nuovo riesame V7.;;;;;;Rete ASL V7.1;"Ereditato V7.1; non necessariamente ricontrollato nella V7.2";https://www.aslroma2.it/index.php/organizzazione/dipartimenti/dip-di-salute-mentale;;
NET-019;SPDC Ospedale San Giovanni;R2;SPDC;Roma;;;;"Ricovero psichiatrico H24, volontario e TSO; integrazione con CSM";Dato rete estesa V4;Invio CSM/MMG, 118 o accesso ospedaliero;;https://www.aslroma2.it/index.php/organizzazione/dipartimenti/dip-di-salute-mentale;Rete ASL — dato ereditato V4;Non riesaminato in V5;2026-09-20;;Rete_ASL_V6;Ereditata / non riesaminata nella V7;La data presente in 'ultima_verifica' non equivale a un nuovo riesame V7.;;;;;;Rete ASL V7.1;"Ereditato V7.1; non necessariamente ricontrollato nella V7.2";https://www.aslroma2.it/index.php/organizzazione/dipartimenti/dip-di-salute-mentale;;
NET-020;UOSD Disturbi del Comportamento Alimentare - CTO;R2;DNA/DCA;Roma;Via San Nemesio, 21;06 51005512;uosd.dca@aslroma2.it;Diagnosi e terapia anoressia, bulimia e binge eating con approccio multidisciplinare;Dato rete estesa V4;Prenotazione telefonica diretta;"Lun-ven 08:00-18:00; sab 08:00-14:00";https://www.aslroma2.it/index.php/uosd-disturbi-del-comportamento-alimentare;Rete ASL — dato ereditato V4;Non riesaminato in V5;2026-09-20;;Rete_ASL_V6;Ereditata / non riesaminata nella V7;La data presente in 'ultima_verifica' non equivale a un nuovo riesame V7.;;;;;;Rete ASL V7.1;"Ereditato V7.1; non necessariamente ricontrollato nella V7.2";https://www.aslroma2.it/index.php/uosd-disturbi-del-comportamento-alimentare;;
NET-021;TSMREE San Felice;R2;TSMREE/NPIA;Roma;Via degli Eucalipti, 14;;;Prevenzione, diagnosi, cura e riabilitazione età evolutiva;Dato rete estesa V4;Accesso diretto genitore/tutore secondo sede;;https://www.aslroma2.it/index.php/organizzazione/dipartimenti/dip-di-salute-mentale;Rete ASL — dato ereditato V4;Non riesaminato in V5;2026-09-20;;Rete_ASL_V6;Ereditata / non riesaminata nella V7;La data presente in 'ultima_verifica' non equivale a un nuovo riesame V7.;;;;;;Rete ASL V7.1;"Ereditato V7.1; non necessariamente ricontrollato nella V7.2";https://www.aslroma2.it/index.php/organizzazione/dipartimenti/dip-di-salute-mentale;;
NET-022;TSMREE Casilina;R2;TSMREE/NPIA;Roma;Via Casilina, 395;;;Prevenzione, diagnosi, cura e riabilitazione età evolutiva;Dato rete estesa V4;Accesso diretto genitore/tutore secondo sede;;https://www.aslroma2.it/index.php/organizzazione/dipartimenti/dip-di-salute-mentale;Rete ASL — dato ereditato V4;Non riesaminato in V5;2026-09-20;;Rete_ASL_V6;Ereditata / non riesaminata nella V7;La data presente in 'ultima_verifica' non equivale a un nuovo riesame V7.;;;;;;Rete ASL V7.1;"Ereditato V7.1; non necessariamente ricontrollato nella V7.2";https://www.aslroma2.it/index.php/organizzazione/dipartimenti/dip-di-salute-mentale;;
NET-023;TSMREE Torrenova;R2;TSMREE/NPIA;Roma;Via di Torrenova, 20;;;Prevenzione, diagnosi, cura e riabilitazione età evolutiva;Dato rete estesa V4;Accesso diretto genitore/tutore secondo sede;;https://www.aslroma2.it/index.php/organizzazione/dipartimenti/dip-di-salute-mentale;Rete ASL — dato ereditato V4;Non riesaminato in V5;2026-09-20;;Rete_ASL_V6;Ereditata / non riesaminata nella V7;La data presente in 'ultima_verifica' non equivale a un nuovo riesame V7.;;;;;;Rete ASL V7.1;"Ereditato V7.1; non necessariamente ricontrollato nella V7.2";https://www.aslroma2.it/index.php/organizzazione/dipartimenti/dip-di-salute-mentale;;
NET-024;SPDC G.B. Grassi;R3;SPDC;Roma;Via Giancarlo Passeroni, 28;06 56482020 / 24;psichiatria.grassi@aslroma3.it;Ricoveri volontari/TSO, farmacoterapia, psicodiagnostica, colloqui e gruppi;Dato rete estesa V4;PS, CSM, MMG o 118;H24;https://www.aslroma3.it/dipartimenti/dipartimento-di-salute-mentale/uoc-servizio-psichiatrico-di-diagnosi-e-cura-s-p-d-c-ospedale-grassi/;Rete ASL — dato ereditato V4;Non riesaminato in V5;2026-09-20;;Rete_ASL_V6;Ereditata / non riesaminata nella V7;La data presente in 'ultima_verifica' non equivale a un nuovo riesame V7.;;;;;;Rete ASL V7.1;"Ereditato V7.1; non necessariamente ricontrollato nella V7.2";https://www.aslroma3.it/dipartimenti/dipartimento-di-salute-mentale/uoc-servizio-psichiatrico-di-diagnosi-e-cura-s-p-d-c-ospedale-grassi/;;
NET-025;SPDC San Camillo Forlanini;R3;SPDC;Roma;Via Portuense, 332;06 58705504 / 5522 / 5524;spdc@aslroma3.it;"SPDC; Day Hospital e consulenze PS/reparti mantenuti";Dato rete estesa V4;Verificare stato prima dell'invio;"Ricoveri sospesi dal 15/04/2026; DH 08:00-20:00";https://www.aslroma3.it/asl-roma-3-dal-15-aprile-chiude-spdc-al-san-camillo-forlanini/;Rete ASL — dato ereditato V4;Non riesaminato in V5;2026-09-20;;Rete_ASL_V6;Ereditata / non riesaminata nella V7;La data presente in 'ultima_verifica' non equivale a un nuovo riesame V7.;;;;;;Rete ASL V7.1;"Ereditato V7.1; non necessariamente ricontrollato nella V7.2";https://www.aslroma3.it/asl-roma-3-dal-15-aprile-chiude-spdc-al-san-camillo-forlanini/;;
NET-032;NPIA / TSMREE Fiumicino;R3;TSMREE/NPIA;Fiumicino;Via Giorgio Giorgis, 56;;;Neuropsichiatria infantile, psicologia, riabilitazione e presa in carico familiare;Dato rete estesa V4;Prima richiesta presso sede territoriale di residenza;;https://www.aslroma3.it/servizi-dalla-a-alla-z/t/tsmree-tutela-salute-mentale-e-riabilitazione-in-eta-evolutiva/;Rete ASL — dato ereditato V4;Non riesaminato in V5;2026-09-20;;Rete_ASL_V6;Ereditata / non riesaminata nella V7;La data presente in 'ultima_verifica' non equivale a un nuovo riesame V7.;;;;;;Rete ASL V7.1;"Ereditato V7.1; non necessariamente ricontrollato nella V7.2";https://www.aslroma3.it/servizi-dalla-a-alla-z/t/tsmree-tutela-salute-mentale-e-riabilitazione-in-eta-evolutiva/;;
NET-033;SPDC Ospedale San Paolo;R4;SPDC;Civitavecchia;Ospedale San Paolo;;;Ricovero volontario/TSO e consulenze H24 a PS/reparti;Dato rete estesa V4;CSM o Pronto Soccorso;;https://www.aslroma4.it/azienda/dipartimenti/dipartimento-di-salute-mentale;Rete ASL — dato ereditato V4;Non riesaminato in V5;2026-09-20;;Rete_ASL_V6;Ereditata / non riesaminata nella V7;La data presente in 'ultima_verifica' non equivale a un nuovo riesame V7.;;;;;;Rete ASL V7.1;"Ereditato V7.1; non necessariamente ricontrollato nella V7.2";https://www.aslroma4.it/azienda/dipartimenti/dipartimento-di-salute-mentale;;
NET-039;Polo DNA Santa Marinella;R4;DNA/DCA;Santa Marinella;Via Valdambrini, 115;333 6691335;ambulatorio.dna@aslroma4.it;Valutazione e trattamento disturbi nutrizione/alimentazione;Dato rete estesa V4;;;https://www.aslroma4.it/azienda/dipartimenti/dipartimento-di-salute-mentale;Rete ASL — dato ereditato V4;Non riesaminato in V5;2026-09-20;;Rete_ASL_V6;Ereditata / non riesaminata nella V7;La data presente in 'ultima_verifica' non equivale a un nuovo riesame V7.;;;;;;Rete ASL V7.1;"Ereditato V7.1; non necessariamente ricontrollato nella V7.2";https://www.aslroma4.it/azienda/dipartimenti/dipartimento-di-salute-mentale;;
NET-040;SPDC Monterotondo;R5;SPDC;Monterotondo;;;;"Assistenza ospedaliera in fase acuta, volontaria/TSO; continuità con CSM";Dato rete estesa V4;Rete ospedaliera/PS;;https://www.aslroma5.it/dsmdp-dipartimento-di-salute-mentale-e-delle-dipendenze-patologiche/cosa-sono-gli-spdc/;Rete ASL — dato ereditato V4;Non riesaminato in V5;2026-09-20;;Rete_ASL_V6;Ereditata / non riesaminata nella V7;La data presente in 'ultima_verifica' non equivale a un nuovo riesame V7.;;;;;;Rete ASL V7.1;"Ereditato V7.1; non necessariamente ricontrollato nella V7.2";https://www.aslroma5.it/dsmdp-dipartimento-di-salute-mentale-e-delle-dipendenze-patologiche/cosa-sono-gli-spdc/;;
NET-041;SPDC Tivoli;R5;SPDC;Tivoli;;;;"Assistenza ospedaliera in fase acuta, volontaria/TSO; continuità con CSM";Dato rete estesa V4;Rete ospedaliera/PS;;https://www.aslroma5.it/dsmdp-dipartimento-di-salute-mentale-e-delle-dipendenze-patologiche/cosa-sono-gli-spdc/;Rete ASL — dato ereditato V4;Non riesaminato in V5;2026-09-20;;Rete_ASL_V6;Ereditata / non riesaminata nella V7;La data presente in 'ultima_verifica' non equivale a un nuovo riesame V7.;;;;;;Rete ASL V7.1;"Ereditato V7.1; non necessariamente ricontrollato nella V7.2";https://www.aslroma5.it/dsmdp-dipartimento-di-salute-mentale-e-delle-dipendenze-patologiche/cosa-sono-gli-spdc/;;
NET-042;SPDC Colleferro;R5;SPDC;Colleferro;;;;"Assistenza ospedaliera in fase acuta, volontaria/TSO; continuità con CSM";Dato rete estesa V4;Rete ospedaliera/PS;;https://www.aslroma5.it/dsmdp-dipartimento-di-salute-mentale-e-delle-dipendenze-patologiche/cosa-sono-gli-spdc/;Rete ASL — dato ereditato V4;Non riesaminato in V5;2026-09-20;;Rete_ASL_V6;Ereditata / non riesaminata nella V7;La data presente in 'ultima_verifica' non equivale a un nuovo riesame V7.;;;;;;Rete ASL V7.1;"Ereditato V7.1; non necessariamente ricontrollato nella V7.2";https://www.aslroma5.it/dsmdp-dipartimento-di-salute-mentale-e-delle-dipendenze-patologiche/cosa-sono-gli-spdc/;;
NET-049;UOSD DNA Tivoli;R5;DNA/DCA;Tivoli;Via Antonio Parrozzani, 3;0774 3164830;uosd.dca@aslroma5.it;"Trattamento ambulatoriale multidisciplinare DNA; gruppi, psiconutrizione e riabilitazione";Dato rete estesa V4;;;https://www.aslroma5.it/disturbi-alimentari/;Rete ASL — dato ereditato V4;Non riesaminato in V5;2026-09-20;;Rete_ASL_V6;Ereditata / non riesaminata nella V7;La data presente in 'ultima_verifica' non equivale a un nuovo riesame V7.;;;;;;Rete ASL V7.1;"Ereditato V7.1; non necessariamente ricontrollato nella V7.2";https://www.aslroma5.it/disturbi-alimentari/;;
NET-050;UOSD DNA Palombara Sabina;R5;DNA/DCA;Palombara Sabina;Piazza Salvo D'Acquisto, snc - Piano 4;0774 634458;;Percorsi DNA e laboratorio psicoeducazione nutrizionale;Dato rete estesa V4;;;https://www.aslroma5.it/disturbi-alimentari/;Rete ASL — dato ereditato V4;Non riesaminato in V5;2026-09-20;;Rete_ASL_V6;Ereditata / non riesaminata nella V7;La data presente in 'ultima_verifica' non equivale a un nuovo riesame V7.;;;;;;Rete ASL V7.1;"Ereditato V7.1; non necessariamente ricontrollato nella V7.2";https://www.aslroma5.it/disturbi-alimentari/;;
NET-051;NPIA Guidonia;R5;TSMREE/NPIA;Guidonia Montecelio;Via dei Castagni, 20/22;0774 779710;tsmree.guidonia@aslroma5.it;Neurosviluppo, neurologia, psicopatologia età evolutiva;Dato rete estesa V4;;;https://www.aslroma5.it/dsmdp-dipartimento-di-salute-mentale-e-delle-dipendenze-patologiche/cosa-sono-le-npia/npia-di-guidonia/;Rete ASL — dato ereditato V4;Non riesaminato in V5;2026-09-20;;Rete_ASL_V6;Ereditata / non riesaminata nella V7;La data presente in 'ultima_verifica' non equivale a un nuovo riesame V7.;;;;;;Rete ASL V7.1;"Ereditato V7.1; non necessariamente ricontrollato nella V7.2";https://www.aslroma5.it/dsmdp-dipartimento-di-salute-mentale-e-delle-dipendenze-patologiche/cosa-sono-le-npia/npia-di-guidonia/;;
NET-052;NPIA Subiaco;R5;TSMREE/NPIA;Subiaco;Largo Giuseppe Mazzini, snc;0774 824140/41/42/36;tsmree.subiaco@aslroma5.it;Neurosviluppo, neurologia e psicopatologia età evolutiva;Dato rete estesa V4;"Accesso diretto; richiesta primo contatto senza impegnativa/ticket";;https://www.aslroma5.it/dsmdp-dipartimento-di-salute-mentale-e-delle-dipendenze-patologiche/cosa-sono-le-npia/npia-di-subiaco-e-olevano-romano/;Rete ASL — dato ereditato V4;Non riesaminato in V5;2026-09-20;;Rete_ASL_V6;Ereditata / non riesaminata nella V7;La data presente in 'ultima_verifica' non equivale a un nuovo riesame V7.;;;;;;Rete ASL V7.1;"Ereditato V7.1; non necessariamente ricontrollato nella V7.2";https://www.aslroma5.it/dsmdp-dipartimento-di-salute-mentale-e-delle-dipendenze-patologiche/cosa-sono-le-npia/npia-di-subiaco-e-olevano-romano/;;
NET-053;NPIA Olevano Romano;R5;TSMREE/NPIA;Olevano Romano;Piazzale San Francesco d'Assisi, 103;0774 8115373/74/82;tsmree.subiaco@aslroma5.it;Neurosviluppo, neurologia e psicopatologia età evolutiva;Dato rete estesa V4;"Accesso diretto; richiesta primo contatto senza impegnativa/ticket";;https://www.aslroma5.it/dsmdp-dipartimento-di-salute-mentale-e-delle-dipendenze-patologiche/cosa-sono-le-npia/npia-di-subiaco-e-olevano-romano/;Rete ASL — dato ereditato V4;Non riesaminato in V5;2026-09-20;;Rete_ASL_V6;Ereditata / non riesaminata nella V7;La data presente in 'ultima_verifica' non equivale a un nuovo riesame V7.;;;;;;Rete ASL V7.1;"Ereditato V7.1; non necessariamente ricontrollato nella V7.2";https://www.aslroma5.it/dsmdp-dipartimento-di-salute-mentale-e-delle-dipendenze-patologiche/cosa-sono-le-npia/npia-di-subiaco-e-olevano-romano/;;
NET-054;SPDC Ospedale dei Castelli;R6;SPDC;Ariccia;Ospedale dei Castelli - Via Nettunense;;;Ricovero psichiatrico per acuzie, volontario/TSO;Dato rete estesa V4;Rete ospedaliera / PS;;https://regione.lazio.it/urp/sintesi-concorsi-bur/sintesi-del-bollettino-ufficiale-n-106-del-27122022;Rete ASL — dato ereditato V4;Non riesaminato in V5;2026-09-20;;Rete_ASL_V6;Ereditata / non riesaminata nella V7;La data presente in 'ultima_verifica' non equivale a un nuovo riesame V7.;;;;;;Rete ASL V7.1;"Ereditato V7.1; non necessariamente ricontrollato nella V7.2";https://regione.lazio.it/urp/sintesi-concorsi-bur/sintesi-del-bollettino-ufficiale-n-106-del-27122022;;
NET-055;SPDC P.O. H1;R6;SPDC;Frascati;Ospedale San Sebastiano;;;Ricovero psichiatrico per acuzie, volontario/TSO;Dato rete estesa V4;Rete ospedaliera / PS;;https://regione.lazio.it/urp/sintesi-concorsi-bur/sintesi-del-bollettino-ufficiale-n-106-del-27122022;Rete ASL — dato ereditato V4;Non riesaminato in V5;2026-09-20;;Rete_ASL_V6;Ereditata / non riesaminata nella V7;La data presente in 'ultima_verifica' non equivale a un nuovo riesame V7.;;;;;;Rete ASL V7.1;"Ereditato V7.1; non necessariamente ricontrollato nella V7.2";https://regione.lazio.it/urp/sintesi-concorsi-bur/sintesi-del-bollettino-ufficiale-n-106-del-27122022;;
NET-057;TSMREE Frascati;R6;TSMREE/NPIA;Frascati;Via E. Fermi, snc;06 93274204;tsmree.frascati@aslroma6.it;Tutela salute mentale e riabilitazione età evolutiva;Dato rete estesa V4;;"Lun-gio 08:00-17:00; ven 07:30-15:30";https://conteinrete.it/vademecum/;Rete ASL — dato ereditato V4;Non riesaminato in V5;2026-09-20;;Rete_ASL_V6;Ereditata / non riesaminata nella V7;La data presente in 'ultima_verifica' non equivale a un nuovo riesame V7.;;;;;;Rete ASL V7.1;"Ereditato V7.1; non necessariamente ricontrollato nella V7.2";https://conteinrete.it/vademecum/;;
NET-058;TSMREE Velletri;R6;TSMREE/NPIA;Velletri;Via San Biagio, 12;06 93272446;tsmree.velletri@aslroma6.it;Tutela salute mentale e riabilitazione età evolutiva;Dato rete estesa V4;;"Lun-ven 09:00-12:30; mar/gio anche 15:00-17:00";https://conteinrete.it/vademecum/;Rete ASL — dato ereditato V4;Non riesaminato in V5;2026-09-20;;Rete_ASL_V6;Ereditata / non riesaminata nella V7;La data presente in 'ultima_verifica' non equivale a un nuovo riesame V7.;;;;;;Rete ASL V7.1;"Ereditato V7.1; non necessariamente ricontrollato nella V7.2";https://conteinrete.it/vademecum/;;
NET-059;TSMREE Ariccia;R6;TSMREE/NPIA;Ariccia;Via delle Cerquette, 2;06 93273499;tsmree.ariccia@aslroma6.it;Tutela salute mentale e riabilitazione età evolutiva;Dato rete estesa V4;;Da verificare;https://conteinrete.it/vademecum/;Rete ASL — dato ereditato V4;Non riesaminato in V5;2026-09-20;;Rete_ASL_V6;Ereditata / non riesaminata nella V7;La data presente in 'ultima_verifica' non equivale a un nuovo riesame V7.;;;;;;Rete ASL V7.1;"Ereditato V7.1; non necessariamente ricontrollato nella V7.2";https://conteinrete.it/vademecum/;;
NET-060;DCA Minori Ariccia;R6;DNA/DCA;Ariccia;Via delle Cerquette;06 93273499;tsmree.ariccia@aslroma6.it;Percorso DCA minori collegato TSMREE;Dato rete estesa V4;;;https://www.salutelazio.it/;Rete ASL — dato ereditato V4;Non riesaminato in V5;2026-09-20;;Rete_ASL_V6;Ereditata / non riesaminata nella V7;La data presente in 'ultima_verifica' non equivale a un nuovo riesame V7.;;;;;;Rete ASL V7.1;"Ereditato V7.1; non necessariamente ricontrollato nella V7.2";https://www.salutelazio.it/;;
NET-061;Ambulatorio Disturbi Alimentari Ospedale dei Castelli;R6;DNA/DCA;Ariccia;Via Nettunense - Ospedale dei Castelli;06 93278812;spdc.dh2@aslroma6.it;Ambulatorio disturbi alimentari adulti / rete SPDC;Dato rete estesa V4;;;https://www.salutelazio.it/;Rete ASL — dato ereditato V4;Non riesaminato in V5;2026-09-20;;Rete_ASL_V6;Ereditata / non riesaminata nella V7;La data presente in 'ultima_verifica' non equivale a un nuovo riesame V7.;;;;;;Rete ASL V7.1;"Ereditato V7.1; non necessariamente ricontrollato nella V7.2";https://www.salutelazio.it/;;
NET-062;SPDC San Camillo de Lellis;RI;SPDC;Rieti;Ospedale San Camillo de Lellis - Blocco C Arancio, piano 1;0746 278219;spdc@asl.rieti.it;"Ricovero TSV/TSO, consulenze PS/reparti, continuità con territorio; ambulatori specialistici";Dato rete estesa V4;Rete ospedaliera / invio territoriale;"H24 reparto; ambulatorio lun-sab 08:30-13:00";https://www.asl.rieti.it/organizzazione-aziendale/dipartimenti/dipartimento-di-salute-mentale-e-delle-dipendenze-patologiche/uoc-servizio-psichiatrico-di-diagnosi-e-cura-spdc;Rete ASL — dato ereditato V4;Non riesaminato in V5;2026-09-20;;Rete_ASL_V6;Ereditata / non riesaminata nella V7;La data presente in 'ultima_verifica' non equivale a un nuovo riesame V7.;;;;;;Rete ASL V7.1;"Ereditato V7.1; non necessariamente ricontrollato nella V7.2";https://www.asl.rieti.it/organizzazione-aziendale/dipartimenti/dipartimento-di-salute-mentale-e-delle-dipendenze-patologiche/uoc-servizio-psichiatrico-di-diagnosi-e-cura-spdc;;
NET-065;Ambulatorio Disturbi Nutrizione e Alimentazione Rieti;RI;DNA/DCA;Rieti;Palazzo Dosi Delfini, Piazza Vittorio Emanuele II, 17;0746 279287;ambulatoriodca@asl.rieti.it;Valutazione e trattamento DNA;Dato rete estesa V4;;;https://www.asl.rieti.it/;Rete ASL — dato ereditato V4;Non riesaminato in V5;2026-09-20;;Rete_ASL_V6;Ereditata / non riesaminata nella V7;La data presente in 'ultima_verifica' non equivale a un nuovo riesame V7.;;;;;;Rete ASL V7.1;"Ereditato V7.1; non necessariamente ricontrollato nella V7.2";https://www.asl.rieti.it/;;
NET-066;SPDC Ospedale Santa Rosa;VT;SPDC;Viterbo;Ospedale Santa Rosa, Strada Sammartinese - Blocco D, piano 2;0761 339071 / 339090;angelo.bruschi@asl.vt.it;"Ricovero volontario/obbligatorio, continuità con CSM; possibile Day Hospital";Dato rete estesa V4;;;https://www.asl.vt.it/spdc-servizio-psichiatrico-diagnosi-e-cura;Rete ASL — dato ereditato V4;Non riesaminato in V5;2026-09-20;;Rete_ASL_V6;Ereditata / non riesaminata nella V7;La data presente in 'ultima_verifica' non equivale a un nuovo riesame V7.;;;;;;Rete ASL V7.1;"Ereditato V7.1; non necessariamente ricontrollato nella V7.2";https://www.asl.vt.it/spdc-servizio-psichiatrico-diagnosi-e-cura;;
NET-068;TSMREE Acquapendente;VT;TSMREE/NPIA;Acquapendente;Via del Fiore, 14;0763 735212;;Neuropsichiatria infantile, psicodiagnosi, riabilitazione, certificazioni e follow-up;Dato rete estesa V4;"Accesso diretto alla sede; impegnativa richiesta prima della visita specialistica";;https://asl.vt.it/tsmree-tutela-salute-mentale-e-riabilitazione-dell-eta-evolutiva;Rete ASL — dato ereditato V4;Non riesaminato in V5;2026-09-20;;Rete_ASL_V6;Ereditata / non riesaminata nella V7;La data presente in 'ultima_verifica' non equivale a un nuovo riesame V7.;;;;;;Rete ASL V7.1;"Ereditato V7.1; non necessariamente ricontrollato nella V7.2";https://asl.vt.it/tsmree-tutela-salute-mentale-e-riabilitazione-dell-eta-evolutiva;;
NET-069;TSMREE Montefiascone;VT;TSMREE/NPIA;Montefiascone;Via Dante Alighieri, 100;0761 1860375 / 378;;Neuropsichiatria infantile, psicodiagnosi, riabilitazione, certificazioni e follow-up;Dato rete estesa V4;"Accesso diretto alla sede; impegnativa richiesta prima della visita specialistica";;https://asl.vt.it/tsmree-tutela-salute-mentale-e-riabilitazione-dell-eta-evolutiva;Rete ASL — dato ereditato V4;Non riesaminato in V5;2026-09-20;;Rete_ASL_V6;Ereditata / non riesaminata nella V7;La data presente in 'ultima_verifica' non equivale a un nuovo riesame V7.;;;;;;Rete ASL V7.1;"Ereditato V7.1; non necessariamente ricontrollato nella V7.2";https://asl.vt.it/tsmree-tutela-salute-mentale-e-riabilitazione-dell-eta-evolutiva;;
NET-070;TSMREE Tarquinia;VT;TSMREE/NPIA;Tarquinia;Viale Suor Serafina Giudici;0766 857134;;Neuropsichiatria infantile, psicodiagnosi, riabilitazione, certificazioni e follow-up;Dato rete estesa V4;"Accesso diretto alla sede; impegnativa richiesta prima della visita specialistica";;https://asl.vt.it/tsmree-tutela-salute-mentale-e-riabilitazione-dell-eta-evolutiva;Rete ASL — dato ereditato V4;Non riesaminato in V5;2026-09-20;;Rete_ASL_V6;Ereditata / non riesaminata nella V7;La data presente in 'ultima_verifica' non equivale a un nuovo riesame V7.;;;;;;Rete ASL V7.1;"Ereditato V7.1; non necessariamente ricontrollato nella V7.2";https://asl.vt.it/tsmree-tutela-salute-mentale-e-riabilitazione-dell-eta-evolutiva;;
NET-071;TSMREE Tuscania;VT;TSMREE/NPIA;Tuscania;Piazza Matteotti, 16;0761 338812;;Neuropsichiatria infantile, psicodiagnosi, riabilitazione, certificazioni e follow-up;Dato rete estesa V4;"Accesso diretto alla sede; impegnativa richiesta prima della visita specialistica";;https://asl.vt.it/tsmree-tutela-salute-mentale-e-riabilitazione-dell-eta-evolutiva;Rete ASL — dato ereditato V4;Non riesaminato in V5;2026-09-20;;Rete_ASL_V6;Ereditata / non riesaminata nella V7;La data presente in 'ultima_verifica' non equivale a un nuovo riesame V7.;;;;;;Rete ASL V7.1;"Ereditato V7.1; non necessariamente ricontrollato nella V7.2";https://asl.vt.it/tsmree-tutela-salute-mentale-e-riabilitazione-dell-eta-evolutiva;;
NET-072;TSMREE Viterbo;VT;TSMREE/NPIA;Viterbo;Via Enrico Fermi, 15;0761 237666;;Neuropsichiatria infantile, psicodiagnosi, riabilitazione, certificazioni e follow-up;Dato rete estesa V4;"Accesso diretto alla sede; impegnativa richiesta prima della visita specialistica";;https://asl.vt.it/tsmree-tutela-salute-mentale-e-riabilitazione-dell-eta-evolutiva;Rete ASL — dato ereditato V4;Non riesaminato in V5;2026-09-20;;Rete_ASL_V6;Ereditata / non riesaminata nella V7;La data presente in 'ultima_verifica' non equivale a un nuovo riesame V7.;;;;;;Rete ASL V7.1;"Ereditato V7.1; non necessariamente ricontrollato nella V7.2";https://asl.vt.it/tsmree-tutela-salute-mentale-e-riabilitazione-dell-eta-evolutiva;;
NET-073;Ambulatorio DNA Viterbo;VT;DNA/DCA;Viterbo;;;;Prevenzione, diagnosi e trattamento multidisciplinare DNA per minori e adulti;Dato rete estesa V4;;;https://www.asl.vt.it/ambulatorio-disturbi-della-nutrizione-e-dell-alimentazione-dna;Rete ASL — dato ereditato V4;Non riesaminato in V5;2026-09-20;;Rete_ASL_V6;Ereditata / non riesaminata nella V7;La data presente in 'ultima_verifica' non equivale a un nuovo riesame V7.;;;;;;Rete ASL V7.1;"Ereditato V7.1; non necessariamente ricontrollato nella V7.2";https://www.asl.vt.it/ambulatorio-disturbi-della-nutrizione-e-dell-alimentazione-dna;;
NET-074;SPDC Frosinone-Alatri;FR;SPDC;Alatri;;;;"Ricovero e trattamento psichiatrico ospedaliero in fase acuta; continuità con CSM";Dato rete estesa V4;Rete ospedaliera / PS;;https://www.asl.fr.it/strutture/dipartimenti/dipartimento-di-salute-mentale-e-delle-patologie-da-dipendenza/;Rete ASL — dato ereditato V4;Non riesaminato in V5;2026-09-20;;Rete_ASL_V6;Ereditata / non riesaminata nella V7;La data presente in 'ultima_verifica' non equivale a un nuovo riesame V7.;;;;;;Rete ASL V7.1;"Ereditato V7.1; non necessariamente ricontrollato nella V7.2";https://www.asl.fr.it/strutture/dipartimenti/dipartimento-di-salute-mentale-e-delle-patologie-da-dipendenza/;;
NET-075;SPDC Cassino;FR;SPDC;Cassino;;;;"Ricovero e trattamento psichiatrico ospedaliero in fase acuta; continuità con CSM";Dato rete estesa V4;Rete ospedaliera / PS;;https://www.asl.fr.it/strutture/dipartimenti/dipartimento-di-salute-mentale-e-delle-patologie-da-dipendenza/;Rete ASL — dato ereditato V4;Non riesaminato in V5;2026-09-20;;Rete_ASL_V6;Ereditata / non riesaminata nella V7;La data presente in 'ultima_verifica' non equivale a un nuovo riesame V7.;;;;;;Rete ASL V7.1;"Ereditato V7.1; non necessariamente ricontrollato nella V7.2";https://www.asl.fr.it/strutture/dipartimenti/dipartimento-di-salute-mentale-e-delle-patologie-da-dipendenza/;;
NET-076;SPDC Sora;FR;SPDC;Sora;;;;"Ricovero e trattamento psichiatrico ospedaliero in fase acuta; continuità con CSM";Dato rete estesa V4;Rete ospedaliera / PS;;https://www.asl.fr.it/strutture/dipartimenti/dipartimento-di-salute-mentale-e-delle-patologie-da-dipendenza/;Rete ASL — dato ereditato V4;Non riesaminato in V5;2026-09-20;;Rete_ASL_V6;Ereditata / non riesaminata nella V7;La data presente in 'ultima_verifica' non equivale a un nuovo riesame V7.;;;;;;Rete ASL V7.1;"Ereditato V7.1; non necessariamente ricontrollato nella V7.2";https://www.asl.fr.it/strutture/dipartimenti/dipartimento-di-salute-mentale-e-delle-patologie-da-dipendenza/;;
NET-082;UOSD Disturbi Nutrizione e Alimentazione;FR;DNA/DCA;Frosinone;Via Armando Fabi - Palazzina L;0775 2072588;dca.fr@aslfrosinone.it;Valutazione multidimensionale, PTI, psicoterapia, psicofarmacologia, dietistica, psicoeducazione e riabilitazione;Dato rete estesa V4;"Prima accoglienza diretta; impegnativa MMG per prima visita psichiatrica";Prime accoglienze mar/mer 09:00-11:00;https://www.asl.fr.it/strutture/dipartimenti/dipartimento-di-salute-mentale-e-delle-patologie-da-dipendenza/uosd-disturbi-del-comportamento-alimentare/;Rete ASL — dato ereditato V4;Non riesaminato in V5;2026-09-20;;Rete_ASL_V6;Ereditata / non riesaminata nella V7;La data presente in 'ultima_verifica' non equivale a un nuovo riesame V7.;;;;;;Rete ASL V7.1;"Ereditato V7.1; non necessariamente ricontrollato nella V7.2";https://www.asl.fr.it/strutture/dipartimenti/dipartimento-di-salute-mentale-e-delle-patologie-da-dipendenza/uosd-disturbi-del-comportamento-alimentare/;;
NET-084;SPDC Latina - Ospedale S.M. Goretti;LT;SPDC;Latina;Via Guido Reni, 6;0773 6553090;spdc.latina@ausl.latina.it;Ricovero psichiatrico volontario/TSO e trattamento intensivo fase acuta;Dato rete estesa V4;;H24;https://www.ausl.latina.it/dipartimenti/31-azienda/449-dsm;Rete ASL — dato ereditato V4;Non riesaminato in V5;2026-09-20;;Rete_ASL_V6;Ereditata / non riesaminata nella V7;La data presente in 'ultima_verifica' non equivale a un nuovo riesame V7.;;;;;;Rete ASL V7.1;"Ereditato V7.1; non necessariamente ricontrollato nella V7.2";https://www.ausl.latina.it/dipartimenti/31-azienda/449-dsm;;
NET-085;SPDC Formia - Ospedale Dono Svizzero;LT;SPDC;Formia;Via Appia, lato Napoli;0771 779090 / 85;spdc.formia@ausl.latina.it;Ricovero psichiatrico volontario/TSO e trattamento intensivo fase acuta;Dato rete estesa V4;;H24;https://www.ausl.latina.it/dipartimenti/31-azienda/449-dsm;Rete ASL — dato ereditato V4;Non riesaminato in V5;2026-09-20;;Rete_ASL_V6;Ereditata / non riesaminata nella V7;La data presente in 'ultima_verifica' non equivale a un nuovo riesame V7.;;;;;;Rete ASL V7.1;"Ereditato V7.1; non necessariamente ricontrollato nella V7.2";https://www.ausl.latina.it/dipartimenti/31-azienda/449-dsm;;
NET-089;NPIA Latina;LT;TSMREE/NPIA;Latina;Piazzale Carturan, 7;0773 6553035;tsmree.latina@ausl.latina.it;Neuropsichiatria infantile e adolescenziale, valutazione, cura e riabilitazione;Dato rete estesa V4;;;https://www.ausl.latina.it/dipartimenti/31-azienda/449-dsm;Rete ASL — dato ereditato V4;Non riesaminato in V5;2026-09-20;;Rete_ASL_V6;Ereditata / non riesaminata nella V7;La data presente in 'ultima_verifica' non equivale a un nuovo riesame V7.;;;;;;Rete ASL V7.1;"Ereditato V7.1; non necessariamente ricontrollato nella V7.2";https://www.ausl.latina.it/dipartimenti/31-azienda/449-dsm;;
NET-090;NPIA Aprilia;LT;TSMREE/NPIA;Aprilia;Via Giustiniano, snc;06 928634021;tsmree.aprilia@ausl.latina.it;Neuropsichiatria infantile e adolescenziale, valutazione, cura e riabilitazione;Dato rete estesa V4;;;https://www.ausl.latina.it/dipartimenti/31-azienda/449-dsm;Rete ASL — dato ereditato V4;Non riesaminato in V5;2026-09-20;;Rete_ASL_V6;Ereditata / non riesaminata nella V7;La data presente in 'ultima_verifica' non equivale a un nuovo riesame V7.;;;;;;Rete ASL V7.1;"Ereditato V7.1; non necessariamente ricontrollato nella V7.2";https://www.ausl.latina.it/dipartimenti/31-azienda/449-dsm;;
NET-091;NPIA Fondi;LT;TSMREE/NPIA;Fondi;Ospedale San Giovanni di Dio, Via San Magno;0771 505140/1/2;tsmree.fondi@ausl.latina.it;Neuropsichiatria infantile e adolescenziale, valutazione, cura e riabilitazione;Dato rete estesa V4;;;https://www.ausl.latina.it/dipartimenti/31-azienda/449-dsm;Rete ASL — dato ereditato V4;Non riesaminato in V5;2026-09-20;;Rete_ASL_V6;Ereditata / non riesaminata nella V7;La data presente in 'ultima_verifica' non equivale a un nuovo riesame V7.;;;;;;Rete ASL V7.1;"Ereditato V7.1; non necessariamente ricontrollato nella V7.2";https://www.ausl.latina.it/dipartimenti/31-azienda/449-dsm;;
NET-092;NPIA Gaeta;LT;TSMREE/NPIA;Gaeta;Ospedale L. Di Liegro, Via Salita Cappuccini, snc;0771 779475 / 779224;tsmree.gaeta@ausl.latina.it;Neuropsichiatria infantile e adolescenziale, valutazione, cura e riabilitazione;Dato rete estesa V4;;;https://www.ausl.latina.it/dipartimenti/31-azienda/449-dsm;Rete ASL — dato ereditato V4;Non riesaminato in V5;2026-09-20;;Rete_ASL_V6;Ereditata / non riesaminata nella V7;La data presente in 'ultima_verifica' non equivale a un nuovo riesame V7.;;;;;;Rete ASL V7.1;"Ereditato V7.1; non necessariamente ricontrollato nella V7.2";https://www.ausl.latina.it/dipartimenti/31-azienda/449-dsm;;
NET-026;Centro Diurno Brisse;R3;Centro diurno;Roma;Via Alessandro Brisse, 20;06 56484603;;Programmi socio-riabilitativi individualizzati, autonomie e inclusione socio-lavorativa;Dato rete estesa V4;Su invio CSM e progetto riabilitativo;Lun-ven 08:00-15:00;https://www.aslroma3.it/dipartimenti/dipartimento-di-salute-mentale/uoc-salute-mentale-distretto-sanitario-municipio-xi/;Pubblica: centro diurno della UOC Salute Mentale ASL Roma 3;Ricontrollata nella V7.2;2026-09-20;"Inserimento tramite progetto del CSM; non elenco di comunità private convenzionate.";Rete_ASL_V6;Stato da leggere nella colonna 'verifica';Nessuna nuova verifica esterna effettuata nella V7 strutturale.;;;;;;Rete ASL V7.1;Confermata su pagina ASL corrente;https://www.aslroma3.it/dipartimenti/dipartimento-di-salute-mentale/uoc-salute-mentale-distretto-sanitario-municipio-xi/;2026-09-20;
NET-027;Centro Diurno Mazzacurati;R3;Centro diurno;Roma;Via Marino Mazzacurati, 23;06 56485707;;Programmi socio-riabilitativi individualizzati, autonomie e inclusione socio-lavorativa;Dato rete estesa V4;Su invio CSM e progetto riabilitativo;"Lun/mer/gio/ven 08:00-15:00; mar 08:00-18:00";https://www.aslroma3.it/dipartimenti/dipartimento-di-salute-mentale/uoc-salute-mentale-distretto-sanitario-municipio-xi/;Pubblica: centro diurno della UOC Salute Mentale ASL Roma 3;Ricontrollata nella V7.2;2026-09-20;"Inserimento tramite progetto del CSM; non elenco di comunità private convenzionate.";Rete_ASL_V6;Stato da leggere nella colonna 'verifica';Nessuna nuova verifica esterna effettuata nella V7 strutturale.;;;;;;Rete ASL V7.1;Confermata nella rete DSM corrente;https://www.aslroma3.it/dipartimenti/dipartimento-di-salute-mentale/uoc-salute-mentale-xi-e-xii-municipio/;2026-09-20;
NET-028;Centro Diurno Tagaste;R3;Centro diurno;Roma;Via Tagaste, 6;06 56483301;;Programmi socio-riabilitativi individualizzati, autonomie e inclusione socio-lavorativa;Dato rete estesa V4;Su invio CSM e progetto riabilitativo;"Lun/mer 08:00-18:00; mar/gio 08:00-19:30; ven 08:00-15:00";https://www.aslroma3.it/dipartimenti/dipartimento-di-salute-mentale/uoc-salute-mentale-distretto-sanitario-municipio-x/;Pubblica: centro diurno della UOC Salute Mentale ASL Roma 3;Ricontrollata nella V7.2;2026-09-20;"Inserimento tramite progetto del CSM; non elenco di comunità private convenzionate.";Rete_ASL_V6;Stato da leggere nella colonna 'verifica';Nessuna nuova verifica esterna effettuata nella V7 strutturale.;;;;;;Rete ASL V7.1;Confermata nella rete DSM corrente;https://www.aslroma3.it/dipartimenti/dipartimento-di-salute-mentale/uoc-salute-mentale-municipio-x-e-comune-di-fiumicino/;2026-09-20;
NET-029;Centro Diurno Acilia;R3;Centro diurno;Roma;Via del Poggio di Acilia, 62;06 56483592;;Programmi socio-riabilitativi individualizzati, autonomie e inclusione socio-lavorativa;Dato rete estesa V4;Su invio CSM e progetto riabilitativo;"Lun/mer 08:00-16:00; mar 08:00-19:30; gio 08:00-14:00; ven 08:00-18:00";https://www.aslroma3.it/dipartimenti/dipartimento-di-salute-mentale/uoc-salute-mentale-distretto-sanitario-municipio-x/;Pubblica: centro diurno della UOC Salute Mentale ASL Roma 3;Ricontrollata nella V7.2;2026-09-20;"Inserimento tramite progetto del CSM; non elenco di comunità private convenzionate.";Rete_ASL_V6;Stato da leggere nella colonna 'verifica';Nessuna nuova verifica esterna effettuata nella V7 strutturale.;;;;;;Rete ASL V7.1;Confermata nella rete DSM corrente;https://www.aslroma3.it/dipartimenti/dipartimento-di-salute-mentale/uoc-salute-mentale-municipio-x-e-comune-di-fiumicino/;2026-09-20;
NET-030;Centro Diurno Monteverde;R3;Centro diurno;Roma;Via Crescenzo dal Monte, 13;06 56486501 / 6505;;Programmi socio-riabilitativi individualizzati, autonomie e inclusione socio-lavorativa;Dato rete estesa V4;Su invio CSM e progetto riabilitativo;Lun-ven 08:00-18:00;https://www.aslroma3.it/dipartimenti/dipartimento-di-salute-mentale/uoc-salute-mentale-distretto-sanitario-municipio-xii/;Pubblica: centro diurno della UOC Salute Mentale ASL Roma 3;Ricontrollata nella V7.2;2026-09-20;"Inserimento tramite progetto del CSM; non elenco di comunità private convenzionate.";Rete_ASL_V6;Stato da leggere nella colonna 'verifica';Nessuna nuova verifica esterna effettuata nella V7 strutturale.;;;;;;Rete ASL V7.1;Confermata nella rete DSM corrente;https://www.aslroma3.it/dipartimenti/dipartimento-di-salute-mentale/uoc-salute-mentale-xi-e-xii-municipio/;2026-09-20;
NET-031;Centro Diurno Cantiere 24;R3;Centro diurno;Roma;Via Arturo Colautti, 28;06 56486461;;Programmi socio-riabilitativi individualizzati, autonomie e inclusione socio-lavorativa;Dato rete estesa V4;Su invio CSM e progetto riabilitativo;Lun-ven 08:00-18:00;https://www.aslroma3.it/dipartimenti/dipartimento-di-salute-mentale/uoc-salute-mentale-distretto-sanitario-municipio-xii/;Pubblica: centro diurno della UOC Salute Mentale ASL Roma 3;Ricontrollata nella V7.2;2026-09-20;"Inserimento tramite progetto del CSM; non elenco di comunità private convenzionate.";Rete_ASL_V6;Stato da leggere nella colonna 'verifica';Nessuna nuova verifica esterna effettuata nella V7 strutturale.;;;;;;Rete ASL V7.1;Confermata nella rete DSM corrente;https://www.aslroma3.it/dipartimenti/dipartimento-di-salute-mentale/uoc-salute-mentale-municipio-x-e-comune-di-fiumicino/;2026-09-20;
NET-034;Centro Diurno Riabilitativo Distretto 1;R4;Centro diurno;Civitavecchia;Via Toscana, 25;06 96669748 / 0766 22727;;Riabilitazione psicosociale e inclusione;Dato rete estesa V4;Su progetto terapeutico DSM;"Lun-ven 08:00-20:00; sab 08:00-14:00";https://www.aslroma4.it/azienda/dipartimenti/dipartimento-di-salute-mentale;Pubblica: articolazione DSM / UOSD residenziale e semiresidenziale ASL Roma 4;Ricontrollata nella V7.2;2026-09-20;Distinta dalle comunità convenzionate esterne. L’afferenza ASL non attesta che tutto il personale sia dipendente diretto.;Rete_ASL_V6;Stato da leggere nella colonna 'verifica';Nessuna nuova verifica esterna effettuata nella V7 strutturale.;;;;;;Rete ASL V7.1;Confermata su pagina ASL corrente;https://www.aslroma4.it/strutture-sanitarie/strutture-di-salute-mentale;2026-09-20;
NET-035;Centro Diurno Riabilitativo Distretto 2;R4;Centro diurno;Ladispoli;Viale Mediterraneo, 35;06 96669985/6;;Riabilitazione psicosociale e inclusione;Dato rete estesa V4;Su progetto terapeutico DSM;"Lun/ven 08:00-14:00; mar-mer-gio 08:00-17:30";https://www.aslroma4.it/azienda/dipartimenti/dipartimento-di-salute-mentale;Pubblica: articolazione DSM / UOSD residenziale e semiresidenziale ASL Roma 4;Ricontrollata nella V7.2;2026-09-20;Distinta dalle comunità convenzionate esterne. L’afferenza ASL non attesta che tutto il personale sia dipendente diretto.;Rete_ASL_V6;Stato da leggere nella colonna 'verifica';Nessuna nuova verifica esterna effettuata nella V7 strutturale.;;;;;;Rete ASL V7.1;Confermata su pagina ASL corrente;https://www.aslroma4.it/strutture-sanitarie/strutture-di-salute-mentale;2026-09-20;
NET-036;Centro Diurno Riabilitativo Distretto 3;R4;Centro diurno;Bracciano;Via Trento, 18;06 96669211 / 209 / 212;;Riabilitazione psicosociale e inclusione;Dato rete estesa V4;Su progetto terapeutico DSM;"Lun-gio 08:00-17:30; ven 08:00-14:00";https://www.aslroma4.it/azienda/dipartimenti/dipartimento-di-salute-mentale;Pubblica: articolazione DSM / UOSD residenziale e semiresidenziale ASL Roma 4;Ricontrollata nella V7.2;2026-09-20;Distinta dalle comunità convenzionate esterne. L’afferenza ASL non attesta che tutto il personale sia dipendente diretto.;Rete_ASL_V6;Stato da leggere nella colonna 'verifica';Nessuna nuova verifica esterna effettuata nella V7 strutturale.;;;;;;Rete ASL V7.1;Confermata su pagina ASL corrente;https://www.aslroma4.it/strutture-sanitarie/strutture-di-salute-mentale;2026-09-20;
NET-037;Centro Diurno Riabilitativo Distretto 4;R4;Centro diurno;Campagnano di Roma;Via B. Lesen, 9-11;06 96669248;;Riabilitazione psicosociale e inclusione;Dato rete estesa V4;Su progetto terapeutico DSM;"Lun/gio 08:00-17:30; mar/mer/ven 08:00-14:00";https://www.aslroma4.it/azienda/dipartimenti/dipartimento-di-salute-mentale;Pubblica: articolazione DSM / UOSD residenziale e semiresidenziale ASL Roma 4;Ricontrollata nella V7.2;2026-09-20;Distinta dalle comunità convenzionate esterne. L’afferenza ASL non attesta che tutto il personale sia dipendente diretto.;Rete_ASL_V6;Stato da leggere nella colonna 'verifica';Nessuna nuova verifica esterna effettuata nella V7 strutturale.;;;;;;Rete ASL V7.1;Confermata su pagina ASL corrente;https://www.aslroma4.it/strutture-sanitarie/strutture-di-salute-mentale;2026-09-20;
NET-038;SRTRe Il Melograno;R4;Residenziale;Bracciano;;;;Trattamento residenziale terapeutico-riabilitativo estensivo;Dato rete estesa V4;Su invio/progetto DSM;;https://www.aslroma4.it/azienda/dipartimenti/dipartimento-di-salute-mentale;Pubblica: articolazione DSM / UOSD residenziale e semiresidenziale ASL Roma 4;Ricontrollata nella V7.2;2026-09-20;Distinta dalle comunità convenzionate esterne. L’afferenza ASL non attesta che tutto il personale sia dipendente diretto.;Rete_ASL_V6;Stato da leggere nella colonna 'verifica';Nessuna nuova verifica esterna effettuata nella V7 strutturale.;;;;;;Rete ASL V7.1;Confermata su pagina ASL corrente;https://www.aslroma4.it/strutture-sanitarie/strutture-di-salute-mentale;2026-09-20;
NET-010;Centro Diurno Forte Antenne;ASL Roma 1;Centro diurno;Roma;Via del Forte Antenne;;;Riabilitazione psicosociale / residenzialità secondo progetto terapeutico;Dato rete estesa V4;Su progetto/invio servizi territoriali;;https://www.aslroma1.it/presidi-territoriali/Distretto%202/lista_presidi;Titolarità non ancora consolidata;Revisione titolarità richiesta;2026-09-20;La presenza in una pagina ASL non prova gestione diretta della struttura.;;;;Pubblica / struttura aziendale ASL;Risolta;https://www.aslroma1.it/;"Fonte istituzionale ASL/Regione; collocazione nell'organizzazione aziendale";"Pagine ASL e contatti aziendali; Forte Antenne ha anche indicazione esplicita di gestione diretta ASL.";Pubblica ricontrollata V7.1;Già ricontrollata prima della V7.2;https://www.aslroma1.it/presidi-territoriali/Distretto%202/lista_presidi;2026-09-20;
NET-011;Centro Diurno Boemondo;ASL Roma 1;Centro diurno;Roma;Via Boemondo, 21;;;Riabilitazione psicosociale / residenzialità secondo progetto terapeutico;Dato rete estesa V4;Su progetto/invio servizi territoriali;;https://www.aslroma1.it/presidi-territoriali/Distretto%202/lista_presidi;Titolarità non ancora consolidata;Revisione titolarità richiesta;2026-09-20;La presenza in una pagina ASL non prova gestione diretta della struttura.;;;;Pubblica / struttura aziendale ASL;Risolta;https://www.aslroma1.it/;"Fonte istituzionale ASL/Regione; collocazione nell'organizzazione aziendale";"Pagine ASL e contatti aziendali; Forte Antenne ha anche indicazione esplicita di gestione diretta ASL.";Pubblica ricontrollata V7.1;Già ricontrollata prima della V7.2;https://www.aslroma1.it/presidi-territoriali/Distretto%202/lista_presidi;2026-09-20;
NET-012;Centro Diurno Gasparri;ASL Roma 1;Centro diurno;Roma;Via Pietro Gasparri, 23;;;Riabilitazione psicosociale / residenzialità secondo progetto terapeutico;Dato rete estesa V4;Su progetto/invio servizi territoriali;;https://www.aslroma1.it/presidi-territoriali/Distretto%2014/lista_presidi;Titolarità non ancora consolidata;Revisione titolarità richiesta;2026-09-20;La presenza in una pagina ASL non prova gestione diretta della struttura.;;;;Pubblica / struttura aziendale ASL;Risolta;https://www.aslroma1.it/;"Fonte istituzionale ASL/Regione; collocazione nell'organizzazione aziendale";"Pagine ASL e contatti aziendali; Forte Antenne ha anche indicazione esplicita di gestione diretta ASL.";Pubblica ricontrollata V7.1;Già ricontrollata prima della V7.2;https://www.aslroma1.it/presidi-territoriali/Distretto%2014/lista_presidi;2026-09-20;
NET-013;Centro Diurno Borromeo;ASL Roma 1;Centro diurno;Roma;Via Federico Borromeo, 67;;;Riabilitazione psicosociale / residenzialità secondo progetto terapeutico;Dato rete estesa V4;Su progetto/invio servizi territoriali;;https://www.aslroma1.it/presidi-territoriali/Distretto%2014/lista_presidi;Titolarità non ancora consolidata;Revisione titolarità richiesta;2026-09-20;La presenza in una pagina ASL non prova gestione diretta della struttura.;;;;Pubblica / struttura aziendale ASL;Risolta;https://www.aslroma1.it/;"Fonte istituzionale ASL/Regione; collocazione nell'organizzazione aziendale";"Pagine ASL e contatti aziendali; Forte Antenne ha anche indicazione esplicita di gestione diretta ASL.";Pubblica ricontrollata V7.1;Già ricontrollata prima della V7.2;https://www.aslroma1.it/presidi-territoriali/Distretto%2014/lista_presidi;2026-09-20;
NET-014;SRTRe Sabrata;ASL Roma 1;Residenziale;Roma;Via Sabrata, 12;;;Riabilitazione psicosociale / residenzialità secondo progetto terapeutico;Dato rete estesa V4;Su progetto/invio servizi territoriali;;https://www.aslroma1.it/presidi-territoriali/Distretto%202/lista_presidi;Titolarità non ancora consolidata;Revisione titolarità richiesta;2026-09-20;La presenza in una pagina ASL non prova gestione diretta della struttura.;;;;Pubblica / struttura aziendale ASL;Risolta;https://www.aslroma1.it/;"Fonte istituzionale ASL/Regione; collocazione nell'organizzazione aziendale";"Pagine ASL e contatti aziendali; Forte Antenne ha anche indicazione esplicita di gestione diretta ASL.";Pubblica ricontrollata V7.1;Già ricontrollata prima della V7.2;https://www.aslroma1.it/presidi-territoriali/Distretto%202/lista_presidi;2026-09-20;
NET-015;SRSR Nomentana;ASL Roma 1;Residenziale;Roma;Via Nomentana, 54;;;Riabilitazione psicosociale / residenzialità secondo progetto terapeutico;Dato rete estesa V4;Su progetto/invio servizi territoriali;;https://www.aslroma1.it/presidi-territoriali/Distretto%202/lista_presidi;Titolarità non ancora consolidata;Revisione titolarità richiesta;2026-09-20;La presenza in una pagina ASL non prova gestione diretta della struttura.;;;;Pubblica / struttura aziendale ASL;Risolta;https://www.aslroma1.it/;"Fonte istituzionale ASL/Regione; collocazione nell'organizzazione aziendale";"Pagine ASL e contatti aziendali; Forte Antenne ha anche indicazione esplicita di gestione diretta ASL.";Pubblica ricontrollata V7.1;Già ricontrollata prima della V7.2;https://www.aslroma1.it/presidi-territoriali/Distretto%202/lista_presidi;2026-09-20;
NET-016;SRTRe Casal Piombino PIPSM;ASL Roma 1;Residenziale;Roma;Via del Casale Piombino, 30;;;Riabilitazione psicosociale / residenzialità secondo progetto terapeutico;Dato rete estesa V4;Su progetto/invio servizi territoriali;;https://www.aslroma1.it/presidi-territoriali/Distretto%2014/lista_presidi;Titolarità non ancora consolidata;Revisione titolarità richiesta;2026-09-20;La presenza in una pagina ASL non prova gestione diretta della struttura.;;;;Pubblica / struttura aziendale ASL;Risolta;https://www.aslroma1.it/;"Fonte istituzionale ASL/Regione; collocazione nell'organizzazione aziendale";"Pagine ASL e contatti aziendali; Forte Antenne ha anche indicazione esplicita di gestione diretta ASL.";Pubblica ricontrollata V7.1;Già ricontrollata prima della V7.2;https://www.aslroma1.it/presidi-territoriali/Distretto%2014/lista_presidi;2026-09-20;
NET-043;Centro Diurno Guidonia;ASL Roma 5;Centro diurno;Guidonia Montecelio;;;;Riabilitazione psicosociale / semiresidenziale;Dato rete estesa V4;Collegato alle UOC CSM territoriali;;https://www.aslroma5.it/amministrazione-trasparente/organigramma-dipartimento-di-prevenzione-e-dsmdp-2025/;Titolarità non ancora consolidata;Revisione titolarità richiesta;2026-09-20;La presenza in una pagina ASL non prova gestione diretta della struttura.;;;;Pubblica / struttura aziendale ASL;Risolta;https://www.aslroma5.it/amministrazione-trasparente/organigramma-dipartimento-di-prevenzione-e-dsmdp-2025/;"Fonte istituzionale ASL/Regione; collocazione nell'organizzazione aziendale";Non confondere con privata accreditata/convenzionata: resta nella rete pubblica.;Pubblica ricontrollata V7.1;Già ricontrollata prima della V7.2;https://www.aslroma5.it/amministrazione-trasparente/organigramma-dipartimento-di-prevenzione-e-dsmdp-2025/;2026-09-20;
NET-044;Centro Diurno Monterotondo;ASL Roma 5;Centro diurno;Monterotondo;;;;Riabilitazione psicosociale / semiresidenziale;Dato rete estesa V4;Collegato alle UOC CSM territoriali;;https://www.aslroma5.it/amministrazione-trasparente/organigramma-dipartimento-di-prevenzione-e-dsmdp-2025/;Titolarità non ancora consolidata;Revisione titolarità richiesta;2026-09-20;La presenza in una pagina ASL non prova gestione diretta della struttura.;;;;Pubblica / struttura aziendale ASL;Risolta;https://www.aslroma5.it/amministrazione-trasparente/organigramma-dipartimento-di-prevenzione-e-dsmdp-2025/;"Fonte istituzionale ASL/Regione; collocazione nell'organizzazione aziendale";Non confondere con privata accreditata/convenzionata: resta nella rete pubblica.;Pubblica ricontrollata V7.1;Già ricontrollata prima della V7.2;https://www.aslroma5.it/amministrazione-trasparente/organigramma-dipartimento-di-prevenzione-e-dsmdp-2025/;2026-09-20;
NET-045;Centro Diurno Tivoli;ASL Roma 5;Centro diurno;Tivoli;;;;Riabilitazione psicosociale / semiresidenziale;Dato rete estesa V4;Collegato alle UOC CSM territoriali;;https://www.aslroma5.it/amministrazione-trasparente/organigramma-dipartimento-di-prevenzione-e-dsmdp-2025/;Titolarità non ancora consolidata;Revisione titolarità richiesta;2026-09-20;La presenza in una pagina ASL non prova gestione diretta della struttura.;;;;Pubblica / struttura aziendale ASL;Risolta;https://www.aslroma5.it/amministrazione-trasparente/organigramma-dipartimento-di-prevenzione-e-dsmdp-2025/;"Fonte istituzionale ASL/Regione; collocazione nell'organizzazione aziendale";Non confondere con privata accreditata/convenzionata: resta nella rete pubblica.;Pubblica ricontrollata V7.1;Già ricontrollata prima della V7.2;https://www.aslroma5.it/amministrazione-trasparente/organigramma-dipartimento-di-prevenzione-e-dsmdp-2025/;2026-09-20;
NET-046;Centro Diurno Subiaco;ASL Roma 5;Centro diurno;Subiaco;;;;Riabilitazione psicosociale / semiresidenziale;Dato rete estesa V4;Collegato alle UOC CSM territoriali;;https://www.aslroma5.it/amministrazione-trasparente/organigramma-dipartimento-di-prevenzione-e-dsmdp-2025/;Titolarità non ancora consolidata;Revisione titolarità richiesta;2026-09-20;La presenza in una pagina ASL non prova gestione diretta della struttura.;;;;Pubblica / struttura aziendale ASL;Risolta;https://www.aslroma5.it/amministrazione-trasparente/organigramma-dipartimento-di-prevenzione-e-dsmdp-2025/;"Fonte istituzionale ASL/Regione; collocazione nell'organizzazione aziendale";Non confondere con privata accreditata/convenzionata: resta nella rete pubblica.;Pubblica ricontrollata V7.1;Già ricontrollata prima della V7.2;https://www.aslroma5.it/amministrazione-trasparente/organigramma-dipartimento-di-prevenzione-e-dsmdp-2025/;2026-09-20;
NET-047;Centro Diurno Palestrina;ASL Roma 5;Centro diurno;Palestrina;;;;Riabilitazione psicosociale / semiresidenziale;Dato rete estesa V4;Collegato alle UOC CSM territoriali;;https://www.aslroma5.it/amministrazione-trasparente/organigramma-dipartimento-di-prevenzione-e-dsmdp-2025/;Titolarità non ancora consolidata;Revisione titolarità richiesta;2026-09-20;La presenza in una pagina ASL non prova gestione diretta della struttura.;;;;Pubblica / struttura aziendale ASL;Risolta;https://www.aslroma5.it/amministrazione-trasparente/organigramma-dipartimento-di-prevenzione-e-dsmdp-2025/;"Fonte istituzionale ASL/Regione; collocazione nell'organizzazione aziendale";Non confondere con privata accreditata/convenzionata: resta nella rete pubblica.;Pubblica ricontrollata V7.1;Già ricontrollata prima della V7.2;https://www.aslroma5.it/amministrazione-trasparente/organigramma-dipartimento-di-prevenzione-e-dsmdp-2025/;2026-09-20;
NET-048;Centro Diurno Colleferro;ASL Roma 5;Centro diurno;Colleferro;;;;Riabilitazione psicosociale / semiresidenziale;Dato rete estesa V4;Collegato alle UOC CSM territoriali;;https://www.aslroma5.it/amministrazione-trasparente/organigramma-dipartimento-di-prevenzione-e-dsmdp-2025/;Titolarità non ancora consolidata;Revisione titolarità richiesta;2026-09-20;La presenza in una pagina ASL non prova gestione diretta della struttura.;;;;Pubblica / struttura aziendale ASL;Risolta;https://www.aslroma5.it/amministrazione-trasparente/organigramma-dipartimento-di-prevenzione-e-dsmdp-2025/;"Fonte istituzionale ASL/Regione; collocazione nell'organizzazione aziendale";Non confondere con privata accreditata/convenzionata: resta nella rete pubblica.;Pubblica ricontrollata V7.1;Già ricontrollata prima della V7.2;https://www.aslroma5.it/amministrazione-trasparente/organigramma-dipartimento-di-prevenzione-e-dsmdp-2025/;2026-09-20;
NET-056;Centro Diurno Pomezia;ASL Roma 6;Centro diurno;Pomezia;Casa della Comunità HUB Pomezia;;;Attività terapeutico-riabilitative integrate con il CSM;Dato rete estesa V4;;;https://www.regione.lazio.it/notizie/sanita-inaugurata-la-casa-della-comunita-di-pomezia;Titolarità non ancora consolidata;Revisione titolarità richiesta;2026-09-20;La presenza in una pagina ASL non prova gestione diretta della struttura.;;;;Pubblica / struttura aziendale ASL;Risolta;https://www.regione.lazio.it/notizie/sanita-inaugurata-la-casa-della-comunita-di-pomezia;"Fonte istituzionale ASL/Regione; collocazione nell'organizzazione aziendale";Regione Lazio descrive il Centro Diurno Pomezia nella Casa della Comunità HUB della ASL Roma 6.;Pubblica ricontrollata V7.1;Già ricontrollata prima della V7.2;https://www.regione.lazio.it/notizie/sanita-inaugurata-la-casa-della-comunita-di-pomezia;2026-09-20;
NET-063;Centro Diurno Rieti;ASL Rieti;Centro diurno;Rieti;Via Tavola d'Argento, 19;0746 278579;;Attività socio-riabilitative, socio-terapeutiche ed espressive;Dato rete estesa V4;Su progetto personalizzato / invio rete salute mentale;"Lun/mer 08:00-17:00; mar/gio/ven 08:00-14:00";https://www.asl.rieti.it/organizzazione-aziendale/dipartimenti/dipartimento-promozione-e-tutela-della-salute-mentale/uosd-csm/csm-distretto-1;Titolarità non ancora consolidata;Revisione titolarità richiesta;2026-09-20;La presenza in una pagina ASL non prova gestione diretta della struttura.;;;;Pubblica / struttura aziendale ASL;Risolta;https://www.asl.rieti.it/organizzazione-aziendale/dipartimenti/dipartimento-di-salute-mentale-e-delle-dipendenze-patologiche;"Fonte istituzionale ASL/Regione; collocazione nell'organizzazione aziendale";Non confondere con privata accreditata/convenzionata: resta nella rete pubblica.;Pubblica ricontrollata V7.1;Già ricontrollata prima della V7.2;https://www.asl.rieti.it/organizzazione-aziendale/dipartimenti/dipartimento-promozione-e-tutela-della-salute-mentale/uosd-csm/csm-distretto-1;2026-09-20;
NET-064;Centro Diurno Cicolano;ASL Rieti;Centro diurno;Fiamignano;Via Don Agostino Gismondi, 2;0746 54801;;Attività socio-riabilitative, socio-terapeutiche ed espressive;Dato rete estesa V4;Su progetto personalizzato / invio rete salute mentale;Lun/mer/ven 08:00-17:30;https://www.asl.rieti.it/organizzazione-aziendale/dipartimenti/dipartimento-promozione-e-tutela-della-salute-mentale/uosd-csm/csm-distretto-1;Titolarità non ancora consolidata;Revisione titolarità richiesta;2026-09-20;La presenza in una pagina ASL non prova gestione diretta della struttura.;;;;Pubblica / struttura aziendale ASL;Risolta;https://www.asl.rieti.it/organizzazione-aziendale/dipartimenti/dipartimento-di-salute-mentale-e-delle-dipendenze-patologiche;"Fonte istituzionale ASL/Regione; collocazione nell'organizzazione aziendale";Non confondere con privata accreditata/convenzionata: resta nella rete pubblica.;Pubblica ricontrollata V7.1;Già ricontrollata prima della V7.2;https://www.asl.rieti.it/organizzazione-aziendale/dipartimenti/dipartimento-promozione-e-tutela-della-salute-mentale/uosd-csm/csm-distretto-1;2026-09-20;
NET-067;Centro Diurno Montefiascone;ASL Viterbo;Centro diurno;Montefiascone;Via Donatori di Sangue, 1-2;0761 1860406 / 407;;Attività terapeutico-riabilitative e abilità socio-relazionali;Dato rete estesa V4;Su invio CSM e progetto riabilitativo;;https://asl.vt.it/centro-diurno-dsm;Titolarità non ancora consolidata;Revisione titolarità richiesta;2026-09-20;La presenza in una pagina ASL non prova gestione diretta della struttura.;;;;Pubblica / struttura aziendale ASL;Risolta;https://asl.vt.it/centro-diurno-dsm;"Fonte istituzionale ASL/Regione; collocazione nell'organizzazione aziendale";Non confondere con privata accreditata/convenzionata: resta nella rete pubblica.;Pubblica ricontrollata V7.1;Già ricontrollata prima della V7.2;https://asl.vt.it/centro-diurno-dsm;2026-09-20;
NET-077;Centro Diurno Orizzonti Aperti;ASL Frosinone;Centro diurno;Frosinone;Viale Mazzini - Distretto Sanitario;0775 2072592;cdorizzontiaperti@aslfrosinone.it;Percorsi terapeutico-riabilitativi individuali e di gruppo, autonomia e reinserimento;Dato rete estesa V4;"Invio CSM/SPDC; in alcuni casi richiesta diretta con valutazione UVM";;https://www.asl.fr.it/strutture/dipartimenti/dipartimento-di-salute-mentale-e-delle-patologie-da-dipendenza/uoc-residenzialita-e-semiresidenzialita/uos-centri-diurni/;Titolarità non ancora consolidata;Revisione titolarità richiesta;2026-09-20;La presenza in una pagina ASL non prova gestione diretta della struttura.;;;;Pubblica / struttura aziendale ASL;Risolta;https://www.asl.fr.it/strutture/dipartimenti/dipartimento-di-salute-mentale-e-delle-patologie-da-dipendenza/uoc-residenzialita-e-semiresidenzialita/uos-centri-diurni/;"Fonte istituzionale ASL/Regione; collocazione nell'organizzazione aziendale";Non confondere con privata accreditata/convenzionata: resta nella rete pubblica.;Pubblica ricontrollata V7.1;Già ricontrollata prima della V7.2;https://www.asl.fr.it/strutture/dipartimenti/dipartimento-di-salute-mentale-e-delle-patologie-da-dipendenza/uoc-residenzialita-e-semiresidenzialita/uos-centri-diurni/;2026-09-20;
NET-078;Centro Diurno Oltre il Muro;ASL Frosinone;Centro diurno;Ceccano;Via Marano, snc;0775 6262841;centrodiurnoceccano@aslfrosinone.it;Percorsi terapeutico-riabilitativi individuali e di gruppo, autonomia e reinserimento;Dato rete estesa V4;"Invio CSM/SPDC; in alcuni casi richiesta diretta con valutazione UVM";;https://www.asl.fr.it/strutture/dipartimenti/dipartimento-di-salute-mentale-e-delle-patologie-da-dipendenza/uoc-residenzialita-e-semiresidenzialita/uos-centri-diurni/;Titolarità non ancora consolidata;Revisione titolarità richiesta;2026-09-20;La presenza in una pagina ASL non prova gestione diretta della struttura.;;;;Pubblica / struttura aziendale ASL;Risolta;https://www.asl.fr.it/strutture/dipartimenti/dipartimento-di-salute-mentale-e-delle-patologie-da-dipendenza/uoc-residenzialita-e-semiresidenzialita/uos-centri-diurni/;"Fonte istituzionale ASL/Regione; collocazione nell'organizzazione aziendale";Non confondere con privata accreditata/convenzionata: resta nella rete pubblica.;Pubblica ricontrollata V7.1;Già ricontrollata prima della V7.2;https://www.asl.fr.it/strutture/dipartimenti/dipartimento-di-salute-mentale-e-delle-patologie-da-dipendenza/uoc-residenzialita-e-semiresidenzialita/uos-centri-diurni/;2026-09-20;
NET-079;Centro Diurno La Bussola;ASL Frosinone;Centro diurno;Ferentino;Via Casilina Nord km 71.800;0775 246066;centrodiurnoferentino@aslfrosinone.it;Percorsi terapeutico-riabilitativi individuali e di gruppo, autonomia e reinserimento;Dato rete estesa V4;"Invio CSM/SPDC; in alcuni casi richiesta diretta con valutazione UVM";;https://www.asl.fr.it/strutture/dipartimenti/dipartimento-di-salute-mentale-e-delle-patologie-da-dipendenza/uoc-residenzialita-e-semiresidenzialita/uos-centri-diurni/;Titolarità non ancora consolidata;Revisione titolarità richiesta;2026-09-20;La presenza in una pagina ASL non prova gestione diretta della struttura.;;;;Pubblica / struttura aziendale ASL;Risolta;https://www.asl.fr.it/strutture/dipartimenti/dipartimento-di-salute-mentale-e-delle-patologie-da-dipendenza/uoc-residenzialita-e-semiresidenzialita/uos-centri-diurni/;"Fonte istituzionale ASL/Regione; collocazione nell'organizzazione aziendale";Non confondere con privata accreditata/convenzionata: resta nella rete pubblica.;Pubblica ricontrollata V7.1;Già ricontrollata prima della V7.2;https://www.asl.fr.it/strutture/dipartimenti/dipartimento-di-salute-mentale-e-delle-patologie-da-dipendenza/uoc-residenzialita-e-semiresidenzialita/uos-centri-diurni/;2026-09-20;
NET-080;Centro Diurno Isola del Liri;ASL Frosinone;Centro diurno;Isola del Liri;Via Ospedale;0776 814848;cdsora@aslfrosinone.it;Percorsi terapeutico-riabilitativi individuali e di gruppo, autonomia e reinserimento;Dato rete estesa V4;"Invio CSM/SPDC; in alcuni casi richiesta diretta con valutazione UVM";;https://www.asl.fr.it/strutture/dipartimenti/dipartimento-di-salute-mentale-e-delle-patologie-da-dipendenza/uoc-residenzialita-e-semiresidenzialita/uos-centri-diurni/;Titolarità non ancora consolidata;Revisione titolarità richiesta;2026-09-20;La presenza in una pagina ASL non prova gestione diretta della struttura.;;;;Pubblica / struttura aziendale ASL;Risolta;https://www.asl.fr.it/strutture/dipartimenti/dipartimento-di-salute-mentale-e-delle-patologie-da-dipendenza/uoc-residenzialita-e-semiresidenzialita/uos-centri-diurni/;"Fonte istituzionale ASL/Regione; collocazione nell'organizzazione aziendale";Non confondere con privata accreditata/convenzionata: resta nella rete pubblica.;Pubblica ricontrollata V7.1;Già ricontrollata prima della V7.2;https://www.asl.fr.it/strutture/dipartimenti/dipartimento-di-salute-mentale-e-delle-patologie-da-dipendenza/uoc-residenzialita-e-semiresidenzialita/uos-centri-diurni/;2026-09-20;
NET-081;Centro Diurno Il Sentiero;ASL Frosinone;Centro diurno;Cassino;Via E. De Nicola, 265;0776 311665;centrodiurnocassino@aslfrosinone.it;Percorsi terapeutico-riabilitativi individuali e di gruppo, autonomia e reinserimento;Dato rete estesa V4;"Invio CSM/SPDC; in alcuni casi richiesta diretta con valutazione UVM";;https://www.asl.fr.it/strutture/dipartimenti/dipartimento-di-salute-mentale-e-delle-patologie-da-dipendenza/uoc-residenzialita-e-semiresidenzialita/uos-centri-diurni/;Titolarità non ancora consolidata;Revisione titolarità richiesta;2026-09-20;La presenza in una pagina ASL non prova gestione diretta della struttura.;;;;Pubblica / struttura aziendale ASL;Risolta;https://www.asl.fr.it/strutture/dipartimenti/dipartimento-di-salute-mentale-e-delle-patologie-da-dipendenza/uoc-residenzialita-e-semiresidenzialita/uos-centri-diurni/;"Fonte istituzionale ASL/Regione; collocazione nell'organizzazione aziendale";Non confondere con privata accreditata/convenzionata: resta nella rete pubblica.;Pubblica ricontrollata V7.1;Già ricontrollata prima della V7.2;https://www.asl.fr.it/strutture/dipartimenti/dipartimento-di-salute-mentale-e-delle-patologie-da-dipendenza/uoc-residenzialita-e-semiresidenzialita/uos-centri-diurni/;2026-09-20;
NET-083;UOC Residenzialità e Semiresidenzialità;ASL Frosinone;Residenziale / semiresidenziale;Frosinone;Via Fabi, snc - Palazzina M;0775 8822189;residenzialita@aslfrosinone.it;Coordinamento percorsi residenziali/semiresidenziali e centri diurni;Dato rete estesa V4;Su invio CSM e valutazione UVM;Lun-ven 10:00-12:00;https://www.asl.fr.it/strutture/dipartimenti/dipartimento-di-salute-mentale-e-delle-patologie-da-dipendenza/uoc-residenzialita-e-semiresidenzialita/;Titolarità non ancora consolidata;Revisione titolarità richiesta;2026-09-20;La presenza in una pagina ASL non prova gestione diretta della struttura.;;;;Pubblica / struttura aziendale ASL;Risolta;https://www.asl.fr.it/strutture/dipartimenti/dipartimento-di-salute-mentale-e-delle-patologie-da-dipendenza/uoc-residenzialita-e-semiresidenzialita/uos-centri-diurni/;"Fonte istituzionale ASL/Regione; collocazione nell'organizzazione aziendale";Non confondere con privata accreditata/convenzionata: resta nella rete pubblica.;Pubblica ricontrollata V7.1;Già ricontrollata prima della V7.2;https://www.asl.fr.it/strutture/dipartimenti/dipartimento-di-salute-mentale-e-delle-patologie-da-dipendenza/uoc-residenzialita-e-semiresidenzialita/;2026-09-20;
NET-086;Centro Diurno Latina;ASL Latina;Centro diurno;Latina;Area DSM Latina;;;Attività socio-terapeutiche e socio-riabilitative, autonomie e inclusione;Dato rete estesa V4;Su progetto riabilitativo condiviso con CSM;Da verificare;https://www.ausl.latina.it/dipartimenti/31-azienda/449-dsm;Titolarità non ancora consolidata;Revisione titolarità richiesta;2026-09-20;La presenza in una pagina ASL non prova gestione diretta della struttura.;;;;Pubblica / struttura aziendale ASL;Risolta;https://www.ausl.latina.it/dipartimenti/31-azienda/449-dsm;"Fonte istituzionale ASL/Regione; collocazione nell'organizzazione aziendale";Atti ASL Latina qualificano le strutture come 'Strutture Aziendali'.;Pubblica ricontrollata V7.1;Già ricontrollata prima della V7.2;https://www.ausl.latina.it/dipartimenti/31-azienda/449-dsm;2026-09-20;
NET-087;Centro Diurno Terracina;ASL Latina;Centro diurno;Terracina;Via Don Orione, 8;0773 708935/6;;Attività socio-terapeutiche e socio-riabilitative, autonomie e inclusione;Dato rete estesa V4;Su progetto riabilitativo condiviso con CSM;"Lun 14:00-20:00; mar/gio 08:00-17:30; mer/ven 08:00-14:00";https://www.ausl.latina.it/dipartimenti/31-azienda/449-dsm;Titolarità non ancora consolidata;Revisione titolarità richiesta;2026-09-20;La presenza in una pagina ASL non prova gestione diretta della struttura.;;;;Pubblica / struttura aziendale ASL;Risolta;https://www.ausl.latina.it/dipartimenti/31-azienda/449-dsm;"Fonte istituzionale ASL/Regione; collocazione nell'organizzazione aziendale";Atti ASL Latina qualificano le strutture come 'Strutture Aziendali'.;Pubblica ricontrollata V7.1;Già ricontrollata prima della V7.2;https://www.ausl.latina.it/dipartimenti/31-azienda/449-dsm;2026-09-20;
NET-088;Centro Diurno Formia / Maricae;ASL Latina;Centro diurno;Minturno;Via Fontana di Voza;0771 6612323;;Attività socio-terapeutiche e socio-riabilitative, autonomie e inclusione;Dato rete estesa V4;Su progetto riabilitativo condiviso con CSM;Lun-ven 08:00-16:00;https://www.ausl.latina.it/dipartimenti/31-azienda/449-dsm;Titolarità non ancora consolidata;Revisione titolarità richiesta;2026-09-20;La presenza in una pagina ASL non prova gestione diretta della struttura.;;;;Pubblica / struttura aziendale ASL;Risolta;https://www.ausl.latina.it/dipartimenti/31-azienda/449-dsm;"Fonte istituzionale ASL/Regione; collocazione nell'organizzazione aziendale";Atti ASL Latina qualificano le strutture come 'Strutture Aziendali'.;Pubblica ricontrollata V7.1;Già ricontrollata prima della V7.2;https://www.ausl.latina.it/dipartimenti/31-azienda/449-dsm;2026-09-20;
NET-093;Comunità Terapeutica Santa Fecitola;ASL Latina;Residenziale;Latina;;;;Comunità terapeutica psichiatrica;Dato rete estesa V4;Su progetto DSM;;https://www.ausl.latina.it/dipartimenti/31-azienda/449-dsm;Titolarità non ancora consolidata;Revisione titolarità richiesta;2026-09-20;La presenza in una pagina ASL non prova gestione diretta della struttura.;;;;Pubblica / struttura aziendale ASL;Risolta;https://www.ausl.latina.it/dipartimenti/31-azienda/449-dsm;"Fonte istituzionale ASL/Regione; collocazione nell'organizzazione aziendale";Atti ASL Latina qualificano le strutture come 'Strutture Aziendali'.;Pubblica ricontrollata V7.1;Già ricontrollata prima della V7.2;https://www.ausl.latina.it/dipartimenti/31-azienda/449-dsm;2026-09-20;
NET-094;Comunità Terapeutica Riabilitativa Maricae 1-3;ASL Latina;Residenziale;Minturno;Via Fontana di Voza;0771 6612323;;Trattamenti residenziali psichiatrici / riabilitativi;Dato rete estesa V4;Su progetto DSM;;https://www.ausl.latina.it/dipartimenti/31-azienda/449-dsm;Titolarità non ancora consolidata;Revisione titolarità richiesta;2026-09-20;La presenza in una pagina ASL non prova gestione diretta della struttura.;;;;Pubblica / struttura aziendale ASL;Risolta;https://www.ausl.latina.it/dipartimenti/31-azienda/449-dsm;"Fonte istituzionale ASL/Regione; collocazione nell'organizzazione aziendale";Atti ASL Latina qualificano le strutture come 'Strutture Aziendali'.;Pubblica ricontrollata V7.1;Già ricontrollata prima della V7.2;https://www.ausl.latina.it/dipartimenti/31-azienda/449-dsm;2026-09-20;
PUB72-R1-001;Centro Diurno Palestro;ASL Roma 1;Centro diurno;Roma;Via Palestro, 39;;;Riabilitazione psichiatrica residenziale/semiresidenziale secondo PTRP;Sede specifica — fonte istituzionale ASL;Su invio/valutazione del servizio territoriale competente;;https://www.aslroma1.it/presidi-territoriali/Distretto%201/lista_presidi;Gestione diretta ASL;Ricontrollata nella V7.2;2026-09-20;;Nuova ricognizione V7.2;Ricontrollata V7.2;;;;;;;Nuova ricognizione V7.2;Confermata su fonte ASL corrente;https://www.aslroma1.it/presidi-territoriali/Distretto%201/lista_presidi;2026-09-20;
PUB72-R1-002;Centro Diurno Plinio P.I.P.S.M. Polo Ovest;ASL Roma 1;Centro diurno;Roma;Via Plinio, 31;;;Riabilitazione psichiatrica residenziale/semiresidenziale secondo PTRP;Sede specifica — fonte istituzionale ASL;Su invio/valutazione del servizio territoriale competente;;https://www.aslroma1.it/presidi-territoriali/Distretto%201/lista_presidi;Gestione diretta ASL;Ricontrollata nella V7.2;2026-09-20;;Nuova ricognizione V7.2;Ricontrollata V7.2;;;;;;;Nuova ricognizione V7.2;Confermata su fonte ASL corrente;https://www.aslroma1.it/presidi-territoriali/Distretto%201/lista_presidi;2026-09-20;
PUB72-R1-003;Centro Diurno Via Sabotino;ASL Roma 1;Centro diurno;Roma;Via Sabotino, 4;;;Riabilitazione psichiatrica residenziale/semiresidenziale secondo PTRP;Sede specifica — fonte istituzionale ASL;Su invio/valutazione del servizio territoriale competente;;https://www.aslroma1.it/presidi-territoriali/Distretto%201/lista_presidi;Gestione diretta ASL;Ricontrollata nella V7.2;2026-09-20;;Nuova ricognizione V7.2;Ricontrollata V7.2;;;;;;;Nuova ricognizione V7.2;Confermata su fonte ASL corrente;https://www.aslroma1.it/presidi-territoriali/Distretto%201/lista_presidi;2026-09-20;
PUB72-R1-004;Gruppo Appartamento Baccina;ASL Roma 1;SRSR / gruppo appartamento;Roma;Via Baccina, 81;;;Riabilitazione psichiatrica residenziale/semiresidenziale secondo PTRP;Sede specifica — fonte istituzionale ASL;Su invio/valutazione del servizio territoriale competente;;https://www.aslroma1.it/presidi-territoriali/Distretto%201/lista_presidi;Gestione diretta ASL;Ricontrollata nella V7.2;2026-09-20;;Nuova ricognizione V7.2;Ricontrollata V7.2;;;;;;;Nuova ricognizione V7.2;Confermata su fonte ASL corrente;https://www.aslroma1.it/presidi-territoriali/Distretto%201/lista_presidi;2026-09-20;Posti documentati: 10. 
PUB72-R1-005;Gruppo Appartamento Bramante;ASL Roma 1;SRSR / gruppo appartamento;Roma;Via Bramante, 6;;;Riabilitazione psichiatrica residenziale/semiresidenziale secondo PTRP;Sede specifica — fonte istituzionale ASL;Su invio/valutazione del servizio territoriale competente;;https://www.aslroma1.it/presidi-territoriali/Distretto%201/lista_presidi;Gestione diretta ASL;Ricontrollata nella V7.2;2026-09-20;;Nuova ricognizione V7.2;Ricontrollata V7.2;;;;;;;Nuova ricognizione V7.2;Confermata su fonte ASL corrente;https://www.aslroma1.it/presidi-territoriali/Distretto%201/lista_presidi;2026-09-20;
PUB72-R1-006;Gruppo Appartamento Milizie;ASL Roma 1;SRSR / gruppo appartamento;Roma;Via delle Milizie, 3;;;Riabilitazione psichiatrica residenziale/semiresidenziale secondo PTRP;Sede specifica — fonte istituzionale ASL;Su invio/valutazione del servizio territoriale competente;;https://www.aslroma1.it/presidi-territoriali/Distretto%201/lista_presidi;Gestione diretta ASL;Ricontrollata nella V7.2;2026-09-20;;Nuova ricognizione V7.2;Ricontrollata V7.2;;;;;;;Nuova ricognizione V7.2;Confermata su fonte ASL corrente;https://www.aslroma1.it/presidi-territoriali/Distretto%201/lista_presidi;2026-09-20;
PUB72-R1-007;Gruppo Appartamento P.I.P.S.M. Oslavia;ASL Roma 1;SRSR / gruppo appartamento;Roma;Via Oslavia, 37;;;Riabilitazione psichiatrica residenziale/semiresidenziale secondo PTRP;Sede specifica — fonte istituzionale ASL;Su invio/valutazione del servizio territoriale competente;;https://www.aslroma1.it/presidi-territoriali/Distretto%201/lista_presidi;Gestione diretta ASL;Ricontrollata nella V7.2;2026-09-20;;Nuova ricognizione V7.2;Ricontrollata V7.2;;;;;;;Nuova ricognizione V7.2;Confermata su fonte ASL corrente;https://www.aslroma1.it/presidi-territoriali/Distretto%201/lista_presidi;2026-09-20;
PUB72-R1-008;SRSR Via Giacomo Della Porta;ASL Roma 1;SRSR;Roma;Via Giacomo Della Porta, 5;;;Riabilitazione psichiatrica residenziale/semiresidenziale secondo PTRP;Sede specifica — fonte istituzionale ASL;Su invio/valutazione del servizio territoriale competente;;https://www.aslroma1.it/presidi-territoriali/Distretto%201/lista_presidi;Gestione diretta ASL;Ricontrollata nella V7.2;2026-09-20;;Nuova ricognizione V7.2;Ricontrollata V7.2;;;;;;;Nuova ricognizione V7.2;Confermata su fonte ASL corrente;https://www.aslroma1.it/presidi-territoriali/Distretto%201/lista_presidi;2026-09-20;
PUB72-R1-009;SRTRe P.I.P.S.M. Ripa Grande;ASL Roma 1;SRTRe;Roma;Via Emilio Morosini, 30;;;Riabilitazione psichiatrica residenziale/semiresidenziale secondo PTRP;Sede specifica — fonte istituzionale ASL;Su invio/valutazione del servizio territoriale competente;;https://www.aslroma1.it/presidi-territoriali/Distretto%201/lista_presidi;Gestione diretta ASL;Ricontrollata nella V7.2;2026-09-20;;Nuova ricognizione V7.2;Ricontrollata V7.2;;;;;;;Nuova ricognizione V7.2;Confermata su fonte ASL corrente;https://www.aslroma1.it/presidi-territoriali/Distretto%201/lista_presidi;2026-09-20;
PUB72-R1-010;SRTRe Piatti;ASL Roma 1;SRTRe;Roma;Via Giovanni Battista Piatti, 19;;;Riabilitazione psichiatrica residenziale/semiresidenziale secondo PTRP;Sede specifica — fonte istituzionale ASL;Su invio/valutazione del servizio territoriale competente;;https://www.aslroma1.it/presidi-territoriali/Distretto%201/lista_presidi;Gestione diretta ASL;Ricontrollata nella V7.2;2026-09-20;;Nuova ricognizione V7.2;Ricontrollata V7.2;;;;;;;Nuova ricognizione V7.2;Confermata su fonte ASL corrente;https://www.aslroma1.it/presidi-territoriali/Distretto%201/lista_presidi;2026-09-20;Posti documentati: 14. 
PUB72-R1-011;Centro Diurno Sabrata P.I.P.S.M. Polo Est;ASL Roma 1;Centro diurno;Roma;Via Sabrata, 12;;;Riabilitazione psichiatrica PIPSM;Sede specifica — fonte istituzionale ASL;Su invio/valutazione del servizio territoriale competente;;https://www.aslroma1.it/presidi-territoriali/Distretto%202/lista_presidi;Gestione diretta ASL;Ricontrollata nella V7.2;2026-09-20;;Nuova ricognizione V7.2;Ricontrollata V7.2;;;;;;;Nuova ricognizione V7.2;Confermata su fonte ASL corrente;https://www.aslroma1.it/presidi-territoriali/Distretto%202/lista_presidi;2026-09-20;
PUB72-R1-012;Gruppo Appartamento Turchia;ASL Roma 1;SRSR / gruppo appartamento;Roma;Via Turchia, 7;;;Residenzialità socio-riabilitativa;Sede specifica — fonte istituzionale ASL;Su invio/valutazione del servizio territoriale competente;;https://www.aslroma1.it/presidi-territoriali/Distretto%202/lista_presidi;Gestione diretta ASL;Ricontrollata nella V7.2;2026-09-20;;Nuova ricognizione V7.2;Ricontrollata V7.2;;;;;;;Nuova ricognizione V7.2;Confermata su fonte ASL corrente;https://www.aslroma1.it/presidi-territoriali/Distretto%202/lista_presidi;2026-09-20;
PUB72-R1-013;Centro Diurno Monte Tomatico;ASL Roma 1;Centro diurno;Roma;Via Monte Tomatico, 9;;;Riabilitazione psichiatrica territoriale;Sede specifica — fonte istituzionale ASL;Su invio/valutazione del servizio territoriale competente;;https://www.aslroma1.it/presidi-territoriali/Distretto%203/lista_presidi;Gestione diretta ASL;Ricontrollata nella V7.2;2026-09-20;;Nuova ricognizione V7.2;Ricontrollata V7.2;;;;;;;Nuova ricognizione V7.2;Confermata su fonte ASL corrente;https://www.aslroma1.it/presidi-territoriali/Distretto%203/lista_presidi;2026-09-20;
PUB72-R1-014;Centro Diurno Pasquariello;ASL Roma 1;Centro diurno;Roma;Via Gennaro Pasquariello, 8;;;Riabilitazione psichiatrica territoriale;Sede specifica — fonte istituzionale ASL;Su invio/valutazione del servizio territoriale competente;;https://www.aslroma1.it/presidi-territoriali/Distretto%203/lista_presidi;Gestione diretta ASL;Ricontrollata nella V7.2;2026-09-20;;Nuova ricognizione V7.2;Ricontrollata V7.2;;;;;;;Nuova ricognizione V7.2;Confermata su fonte ASL corrente;https://www.aslroma1.it/presidi-territoriali/Distretto%203/lista_presidi;2026-09-20;
PUB72-R1-015;Gruppo Appartamento Quarrata;ASL Roma 1;SRSR / gruppo appartamento;Roma;Via Quarrata, 7/15;;;Riabilitazione psichiatrica territoriale;Sede specifica — fonte istituzionale ASL;Su invio/valutazione del servizio territoriale competente;;https://www.aslroma1.it/presidi-territoriali/Distretto%203/lista_presidi;Gestione diretta ASL;Ricontrollata nella V7.2;2026-09-20;;Nuova ricognizione V7.2;Ricontrollata V7.2;;;;;;;Nuova ricognizione V7.2;Confermata su fonte ASL corrente;https://www.aslroma1.it/presidi-territoriali/Distretto%203/lista_presidi;2026-09-20;Posti documentati: 18. 
PUB72-R1-016;SRSR Via Scarpanto;ASL Roma 1;SRSR;Roma;Via Scarpanto, 8;;;Riabilitazione psichiatrica territoriale;Sede specifica — fonte istituzionale ASL;Su invio/valutazione del servizio territoriale competente;;https://www.aslroma1.it/presidi-territoriali/Distretto%203/lista_presidi;Gestione diretta ASL;Ricontrollata nella V7.2;2026-09-20;;Nuova ricognizione V7.2;Ricontrollata V7.2;;;;;;;Nuova ricognizione V7.2;Confermata su fonte ASL corrente;https://www.aslroma1.it/presidi-territoriali/Distretto%203/lista_presidi;2026-09-20;
PUB72-R1-017;SRTRe Marcigliana;ASL Roma 1;SRTRe;Roma;Via Nomentana, 1199;;;Riabilitazione psichiatrica territoriale;Sede specifica — fonte istituzionale ASL;Su invio/valutazione del servizio territoriale competente;;https://www.aslroma1.it/presidi-territoriali/Distretto%203/lista_presidi;Gestione diretta ASL;Ricontrollata nella V7.2;2026-09-20;;Nuova ricognizione V7.2;Ricontrollata V7.2;;;;;;;Nuova ricognizione V7.2;Confermata su fonte ASL corrente;https://www.aslroma1.it/presidi-territoriali/Distretto%203/lista_presidi;2026-09-20;
PUB72-R1-018;Centro Diurno Valle Aurelia;ASL Roma 1;Centro diurno;Roma;Via di Valle Aurelia, 257;;;Riabilitazione psichiatrica territoriale;Sede specifica — fonte istituzionale ASL;Su invio/valutazione del servizio territoriale competente;;https://www.aslroma1.it/presidi-territoriali/Distretto%2013/lista_presidi;Gestione diretta ASL;Ricontrollata nella V7.2;2026-09-20;;Nuova ricognizione V7.2;Ricontrollata V7.2;;;;;;;Nuova ricognizione V7.2;Confermata su fonte ASL corrente;https://www.aslroma1.it/presidi-territoriali/Distretto%2013/lista_presidi;2026-09-20;
PUB72-R1-019;Gruppo Appartamento Sodini;ASL Roma 1;SRSR / gruppo appartamento;Roma;Via Gaetano Sodini, 52;;;Riabilitazione psichiatrica territoriale;Sede specifica — fonte istituzionale ASL;Su invio/valutazione del servizio territoriale competente;;https://www.aslroma1.it/presidi-territoriali/Distretto%2013/lista_presidi;Gestione diretta ASL;Ricontrollata nella V7.2;2026-09-20;;Nuova ricognizione V7.2;Ricontrollata V7.2;;;;;;;Nuova ricognizione V7.2;Confermata su fonte ASL corrente;https://www.aslroma1.it/presidi-territoriali/Distretto%2013/lista_presidi;2026-09-20;
PUB72-R1-020;SRTRe Castel di Guido;ASL Roma 1;SRTRe;Roma;Via Gaetano Sodini, 24;;;Riabilitazione psichiatrica territoriale;Sede specifica — fonte istituzionale ASL;Su invio/valutazione del servizio territoriale competente;;https://www.aslroma1.it/presidi-territoriali/Distretto%2013/lista_presidi;Gestione diretta ASL;Ricontrollata nella V7.2;2026-09-20;;Nuova ricognizione V7.2;Ricontrollata V7.2;;;;;;;Nuova ricognizione V7.2;Confermata su fonte ASL corrente;https://www.aslroma1.it/presidi-territoriali/Distretto%2013/lista_presidi;2026-09-20;
PUB72-R1-021;SRSR H12 Gasparri;ASL Roma 1;SRSR H12;Roma;Via Pietro Gasparri, 23;;;Residenzialità socio-riabilitativa H12;Sede specifica — fonte istituzionale ASL;Su invio/valutazione del servizio territoriale competente;;https://www.aslroma1.it/presidi-territoriali/Distretto%2014/lista_presidi;Gestione diretta ASL;Ricontrollata nella V7.2;2026-09-20;;Nuova ricognizione V7.2;Ricontrollata V7.2;;;;;;;Nuova ricognizione V7.2;Confermata su fonte ASL corrente;https://www.aslroma1.it/presidi-territoriali/Distretto%2014/lista_presidi;2026-09-20;
PUB72-R1-022;Centro Diurno Di Giorgio;ASL Roma 1;Centro diurno;Roma;Via Antonino Di Giorgio, 19;;;Riabilitazione psichiatrica territoriale;Sede specifica — fonte istituzionale ASL;Su invio/valutazione del servizio territoriale competente;;https://www.aslroma1.it/presidi-territoriali/Distretto%2015/lista_presidi;Gestione diretta ASL;Ricontrollata nella V7.2;2026-09-20;;Nuova ricognizione V7.2;Ricontrollata V7.2;;;;;;;Nuova ricognizione V7.2;Confermata su fonte ASL corrente;https://www.aslroma1.it/presidi-territoriali/Distretto%2015/lista_presidi;2026-09-20;
PUB72-R1-023;Gruppo Appartamento Galline Bianche;ASL Roma 1;SRSR / gruppo appartamento;Roma;Via delle Galline Bianche, 82;;;Riabilitazione psichiatrica territoriale;Sede specifica — fonte istituzionale ASL;Su invio/valutazione del servizio territoriale competente;;https://www.aslroma1.it/presidi-territoriali/Distretto%2015/lista_presidi;Gestione diretta ASL;Ricontrollata nella V7.2;2026-09-20;;Nuova ricognizione V7.2;Ricontrollata V7.2;;;;;;;Nuova ricognizione V7.2;Confermata su fonte ASL corrente;https://www.aslroma1.it/presidi-territoriali/Distretto%2015/lista_presidi;2026-09-20;
PUB72-R1-024;Gruppo Appartamento Prima Porta;ASL Roma 1;SRSR / gruppo appartamento;Roma;Via della Stazione di Prima Porta, 8;;;Riabilitazione psichiatrica territoriale;Sede specifica — fonte istituzionale ASL;Su invio/valutazione del servizio territoriale competente;;https://www.aslroma1.it/presidi-territoriali/Distretto%2015/lista_presidi;Gestione diretta ASL;Ricontrollata nella V7.2;2026-09-20;;Nuova ricognizione V7.2;Ricontrollata V7.2;;;;;;;Nuova ricognizione V7.2;Confermata su fonte ASL corrente;https://www.aslroma1.it/presidi-territoriali/Distretto%2015/lista_presidi;2026-09-20;
PUB72-R1-025;SRSR H12 Antonino Di Giorgio;ASL Roma 1;SRSR H12;Roma;Via Antonino Di Giorgio, 19;;;Riabilitazione psichiatrica territoriale;Sede specifica — fonte istituzionale ASL;Su invio/valutazione del servizio territoriale competente;;https://www.aslroma1.it/presidi-territoriali/Distretto%2015/lista_presidi;Gestione diretta ASL;Ricontrollata nella V7.2;2026-09-20;;Nuova ricognizione V7.2;Ricontrollata V7.2;;;;;;;Nuova ricognizione V7.2;Confermata su fonte ASL corrente;https://www.aslroma1.it/presidi-territoriali/Distretto%2015/lista_presidi;2026-09-20;
PUB72-R2-001;Centro Diurno L’Aquilone;ASL Roma 2;Centro diurno;Roma;Via della Rustica, 218;06.41436966;cd.rustica@aslroma2.it;Riabilitazione psichiatrica semiresidenziale;Sede specifica — fonte istituzionale ASL;Su proposta e invio dell’équipe CSM;;https://www.aslroma2.it/index.php/centri-diurni?id=31&view=page;Gestione diretta ASL;Ricontrollata nella V7.2;2026-09-20;Sede decentrata: Via Rubellia, 4.;Nuova ricognizione V7.2;Ricontrollata V7.2;;;;;;;Nuova ricognizione V7.2;Confermata su fonte ASL corrente;https://www.aslroma2.it/index.php/centri-diurni?id=31&view=page;2026-09-20;Sede decentrata: Via Rubellia, 4.
PUB72-R2-002;Centro Diurno Casilina – Gattamelata;ASL Roma 2;Centro diurno;Roma;Via Casilina, 395;06.5100.8679 / 8677;cd.casilina@aslroma2.it;Riabilitazione psichiatrica semiresidenziale;Sede specifica — fonte istituzionale ASL;Su proposta e invio dell’équipe CSM;;https://www.aslroma2.it/index.php/centri-diurni?id=31&view=page;Gestione diretta ASL;Ricontrollata nella V7.2;2026-09-20;;Nuova ricognizione V7.2;Ricontrollata V7.2;;;;;;;Nuova ricognizione V7.2;Confermata su fonte ASL corrente;https://www.aslroma2.it/index.php/centri-diurni?id=31&view=page;2026-09-20;
PUB72-R2-003;Centro Diurno Manfredonia – Lo Stormo;ASL Roma 2;Centro diurno;Roma;Via Manfredonia, 43;06.4143.6454;cd.manfredonia@aslroma2.it;Riabilitazione psichiatrica semiresidenziale;Sede specifica — fonte istituzionale ASL;Su proposta e invio dell’équipe CSM;;https://www.aslroma2.it/index.php/centri-diurni?id=31&view=page;Gestione diretta ASL;Ricontrollata nella V7.2;2026-09-20;;Nuova ricognizione V7.2;Ricontrollata V7.2;;;;;;;Nuova ricognizione V7.2;Confermata su fonte ASL corrente;https://www.aslroma2.it/index.php/centri-diurni?id=31&view=page;2026-09-20;
PUB72-R2-004;Centro Diurno Canapiglie–Pispole;ASL Roma 2;Centro diurno;Roma;"Via delle Canapiglie, 50; Via delle Pispole, 1";06.4143.6510 / 6516;cd.canapiglie@aslroma2.it;Riabilitazione psichiatrica semiresidenziale;Sede specifica — fonte istituzionale ASL;Su proposta e invio dell’équipe CSM;;https://www.aslroma2.it/index.php/centri-diurni?id=31&view=page;Gestione diretta ASL;Ricontrollata nella V7.2;2026-09-20;Due sedi operative pubblicate dalla ASL.;Nuova ricognizione V7.2;Ricontrollata V7.2;;;;;;;Nuova ricognizione V7.2;Confermata su fonte ASL corrente;https://www.aslroma2.it/index.php/centri-diurni?id=31&view=page;2026-09-20;Due sedi operative pubblicate dalla ASL.
PUB72-R2-005;Centro Diurno Cinecittà;ASL Roma 2;Centro diurno;Roma;Piazza di Cinecittà, 11;06.4143.6212 / 6208;cd.cinecitta@aslroma2.it;Riabilitazione psichiatrica semiresidenziale;Sede specifica — fonte istituzionale ASL;Su proposta e invio dell’équipe CSM;;https://www.aslroma2.it/index.php/centri-diurni?id=31&view=page;Gestione diretta ASL;Ricontrollata nella V7.2;2026-09-20;;Nuova ricognizione V7.2;Ricontrollata V7.2;;;;;;;Nuova ricognizione V7.2;Confermata su fonte ASL corrente;https://www.aslroma2.it/index.php/centri-diurni?id=31&view=page;2026-09-20;
PUB72-R2-006;Centro Diurno Villa Lais;ASL Roma 2;Centro diurno;Roma;Via Paolo Albera, 50;06.5100.7481;cd.villalais@alroma2.it;Riabilitazione psichiatrica semiresidenziale;Sede specifica — fonte istituzionale ASL;Su proposta e invio dell’équipe CSM;;https://www.aslroma2.it/index.php/centri-diurni?id=31&view=page;Gestione diretta ASL;Ricontrollata nella V7.2;2026-09-20;"Email riportata così nella pagina ASL; possibile refuso da verificare.";Nuova ricognizione V7.2;Ricontrollata V7.2;;;;;;;Nuova ricognizione V7.2;Confermata su fonte ASL corrente;https://www.aslroma2.it/index.php/centri-diurni?id=31&view=page;2026-09-20;"Email riportata così nella pagina ASL; possibile refuso da verificare."
PUB72-R2-007;Centro Diurno San Paolo;ASL Roma 2;Centro diurno;Roma;Viale Giustiniano Imperatore, 45;06.5100.8212 / 8148;cd.imperatore@aslroma2.it;Riabilitazione psichiatrica semiresidenziale;Sede specifica — fonte istituzionale ASL;Su proposta e invio dell’équipe CSM;;https://www.aslroma2.it/index.php/centri-diurni?id=31&view=page;Gestione diretta ASL;Ricontrollata nella V7.2;2026-09-20;;Nuova ricognizione V7.2;Ricontrollata V7.2;;;;;;;Nuova ricognizione V7.2;Confermata su fonte ASL corrente;https://www.aslroma2.it/index.php/centri-diurni?id=31&view=page;2026-09-20;
PUB72-R2-008;Centro Diurno Vergani;ASL Roma 2;Centro diurno;Roma;Via Orio Vergani, 1;06.51008564 / 8567;cd.vergani@aslroma2.it;Riabilitazione psichiatrica semiresidenziale;Sede specifica — fonte istituzionale ASL;Su proposta e invio dell’équipe CSM;;https://www.aslroma2.it/index.php/centri-diurni?id=31&view=page;Gestione diretta ASL;Ricontrollata nella V7.2;2026-09-20;;Nuova ricognizione V7.2;Ricontrollata V7.2;;;;;;;Nuova ricognizione V7.2;Confermata su fonte ASL corrente;https://www.aslroma2.it/index.php/centri-diurni?id=31&view=page;2026-09-20;
PUB72-R2-009;SRTRe Sillani – Il Ponte e l’Albero;ASL Roma 2;SRTRe;Roma;Via T. Sillani, 7;06.5100.6468 / 6469;srtr.sillani@aslroma2.it;Residenzialità psichiatrica DSM;Sede specifica — fonte istituzionale ASL;Su proposta CSM e previa autorizzazione UVM dipartimentale;;https://www.aslroma2.it/index.php/uosd-residenzialita-salute-mentale;Gestione diretta ASL;Ricontrollata nella V7.2;2026-09-20;;Nuova ricognizione V7.2;Ricontrollata V7.2;;;;;;;Nuova ricognizione V7.2;Confermata su fonte ASL corrente;https://www.aslroma2.it/index.php/uosd-residenzialita-salute-mentale;2026-09-20;Posti documentati: 12. 
PUB72-R2-010;SRTRe Salone – Mario Gozzano (D6);ASL Roma 2;SRTRe;Roma;Via della Stazione di Salone, 12;06.4143.6481 / 6482;srtr.gozzano@aslroma2.it;Residenzialità psichiatrica DSM;Sede specifica — fonte istituzionale ASL;Su proposta CSM e previa autorizzazione UVM dipartimentale;;https://www.aslroma2.it/index.php/uosd-residenzialita-salute-mentale;Gestione diretta ASL;Ricontrollata nella V7.2;2026-09-20;;Nuova ricognizione V7.2;Ricontrollata V7.2;;;;;;;Nuova ricognizione V7.2;Confermata su fonte ASL corrente;https://www.aslroma2.it/index.php/uosd-residenzialita-salute-mentale;2026-09-20;Posti documentati: 12. 
PUB72-R2-011;SRTRe Urbania;ASL Roma 2;SRTRe;Roma;Piazza Urbania, 4;06.4143.6176;uosd.rsm@aslroma2.it;Residenzialità psichiatrica DSM;Sede specifica — fonte istituzionale ASL;Su proposta CSM e previa autorizzazione UVM dipartimentale;;https://www.aslroma2.it/index.php/uosd-residenzialita-salute-mentale;Gestione diretta ASL;Ricontrollata nella V7.2;2026-09-20;;Nuova ricognizione V7.2;Ricontrollata V7.2;;;;;;;Nuova ricognizione V7.2;Confermata su fonte ASL corrente;https://www.aslroma2.it/index.php/uosd-residenzialita-salute-mentale;2026-09-20;Posti documentati: 12. 
PUB72-R2-012;SRSR H12 Le Terrazze/Lunghezza;ASL Roma 2;SRSR H12;Roma;Via della Rustica, 218;06.41436072 / 06.2294223;uosd.rsm@aslroma2.it;Residenzialità psichiatrica DSM;Sede specifica — fonte istituzionale ASL;Su proposta CSM e previa autorizzazione UVM dipartimentale;;https://www.aslroma2.it/index.php/uosd-residenzialita-salute-mentale;Gestione diretta ASL;Ricontrollata nella V7.2;2026-09-20;;Nuova ricognizione V7.2;Ricontrollata V7.2;;;;;;;Nuova ricognizione V7.2;Confermata su fonte ASL corrente;https://www.aslroma2.it/index.php/uosd-residenzialita-salute-mentale;2026-09-20;Posti documentati: 18. 
PUB72-R3-001;SRTRe Catacombe di Generosa;ASL Roma 3;SRTRe;Roma;Via delle Catacombe di Generosa, 5;06/56484800-4801-4803;comunita.generosa@aslroma3.it;Trattamenti terapeutico-riabilitativi residenziali;Sede specifica — fonte istituzionale ASL;Su indicazione CSM e progetto terapeutico condiviso;;https://www.aslroma3.it/dipartimenti/dipartimento-di-salute-mentale/uosd-residenzialita-in-salute-mentale/;Gestione diretta ASL;Ricontrollata nella V7.2;2026-09-20;"Gestione diretta ASL Roma 3; 16 posti letto.";Nuova ricognizione V7.2;Ricontrollata V7.2;;;;;;;Nuova ricognizione V7.2;Confermata su fonte ASL corrente;https://www.aslroma3.it/dipartimenti/dipartimento-di-salute-mentale/uosd-residenzialita-in-salute-mentale/;2026-09-20;"Posti documentati: 16. Gestione diretta ASL Roma 3; 16 posti letto."
PUB72-R3-002;SRSR H24 Mazzacurati;ASL Roma 3;SRSR H24;Roma;Via Mazzacurati, 23;06/56485700;comunitamazzacurati@aslroma3.it;Riabilitazione socio-riabilitativa residenziale;Sede specifica — fonte istituzionale ASL;Su indicazione CSM;;https://www.aslroma3.it/dipartimenti/dipartimento-di-salute-mentale/uosd-residenzialita-in-salute-mentale/;Gestione diretta ASL;Ricontrollata nella V7.2;2026-09-20;;Nuova ricognizione V7.2;Ricontrollata V7.2;;;;;;;Nuova ricognizione V7.2;Confermata su fonte ASL corrente;https://www.aslroma3.it/dipartimenti/dipartimento-di-salute-mentale/uosd-residenzialita-in-salute-mentale/;2026-09-20;Posti documentati: 10. 
PUB72-R3-003;Centro Diurno Terapeutico Riabilitativo Fiumicino;ASL Roma 3;Centro diurno;Fiumicino;Largo dello Spinarello, 12/14;06/56484301;dsm.d1@aslroma3.it;Riabilitazione psichiatrica semiresidenziale;Sede specifica — fonte istituzionale ASL;Invio CSM e valutazione équipe del Centro;;https://www.aslroma3.it/dipartimenti/dipartimento-di-salute-mentale/uoc-salute-mentale-distretto-sanitario-comune-di-fiumicino/;Gestione diretta ASL;Ricontrollata nella V7.2;2026-09-20;;Nuova ricognizione V7.2;Ricontrollata V7.2;;;;;;;Nuova ricognizione V7.2;Confermata su fonte ASL corrente;https://www.aslroma3.it/dipartimenti/dipartimento-di-salute-mentale/uoc-salute-mentale-distretto-sanitario-comune-di-fiumicino/;2026-09-20;
PUB72-RI-001;Comunità Terapeutico-Riabilitativa La Villa;ASL Rieti;SRTRe;Rieti;Via Tavola d’Argento, 19;;;Percorsi terapeutico-riabilitativi integrati, durata media 1-2 anni;Sede specifica — fonte istituzionale ASL;Invio CSM di appartenenza;;https://www.asl.rieti.it/organizzazione-aziendale/dipartimenti/dipartimento-promozione-e-tutela-della-salute-mentale/uosd-strutture-riabilitative-salute-mentale-e-rems;Gestione diretta ASL;Ricontrollata nella V7.2;2026-09-20;;Nuova ricognizione V7.2;Ricontrollata V7.2;;;;;;;Nuova ricognizione V7.2;Confermata su fonte ASL corrente;https://www.asl.rieti.it/organizzazione-aziendale/dipartimenti/dipartimento-promozione-e-tutela-della-salute-mentale/uosd-strutture-riabilitative-salute-mentale-e-rems;2026-09-20;Posti documentati: 9. 
PUB72-RI-002;Centro Diurno Psichiatrico Melograno – Poggio Mirteto;ASL Rieti;Centro diurno;Poggio Mirteto;Via Formello loc. Sant’Antonio, 2/A;;;Riabilitazione psichiatrica semiresidenziale;Sede specifica — fonte istituzionale ASL;Su progetto CSM;;https://www.asl.rieti.it/wp-content/uploads/fileadmin/user_upload/23.06_all_2.1_ELENCO_DEFINITIVO_IMMOBILI_ASL.pdf;Gestione diretta ASL;Ricontrollata nella V7.2;2026-09-20;"La rete CSM distretto 2 documenta il Centro Diurno; indirizzo da patrimonio immobiliare ASL.";Nuova ricognizione V7.2;Ricontrollata V7.2;;;;;;;Nuova ricognizione V7.2;Confermata su fonte ASL corrente;https://www.asl.rieti.it/wp-content/uploads/fileadmin/user_upload/23.06_all_2.1_ELENCO_DEFINITIVO_IMMOBILI_ASL.pdf;2026-09-20;"La rete CSM distretto 2 documenta il Centro Diurno; indirizzo da patrimonio immobiliare ASL."
PUB72-VT-001;Centro Diurno DSM Tarquinia;ASL Viterbo;Centro diurno;Tarquinia;Via Suor Serafina Giudici;0766842251;;Riabilitazione terapeutico-riabilitativa semiresidenziale;Sede specifica — fonte istituzionale ASL;Invio CSM nell’ambito del PTRI;"lun-gio 08:00-14:00; mer anche fino 20:00";https://asl.vt.it/centro-diurno-dsm;Gestione diretta ASL;Ricontrollata nella V7.2;2026-09-20;Attività del Centro Diurno Tarquinia confermata anche da evento ASL del 23/06/2026.;Nuova ricognizione V7.2;Ricontrollata V7.2;;;;;;;Nuova ricognizione V7.2;Confermata su fonte ASL corrente;https://asl.vt.it/centro-diurno-dsm;2026-09-20;Attività del Centro Diurno Tarquinia confermata anche da evento ASL del 23/06/2026.
PUB72-VT-002;Centro Diurno DSM Viterbo;ASL Viterbo;Centro diurno;Viterbo;Via M. Romiti, 54;0761300641;;Riabilitazione terapeutico-riabilitativa semiresidenziale;Sede specifica — fonte istituzionale ASL;Invio CSM nell’ambito del PTRI;"lun/mer/ven 08:30-14:00; mar/gio 08:30-17:30";https://asl.vt.it/centro-diurno-dsm;Gestione diretta ASL;Ricontrollata nella V7.2;2026-09-20;"Scheda sede aggiornata 2023; DSM aziendale risulta aggiornato maggio 2026.";Nuova ricognizione V7.2;Ricontrollata V7.2;;;;;;;Nuova ricognizione V7.2;Confermata su fonte ASL corrente;https://asl.vt.it/centro-diurno-dsm;2026-09-20;"Scheda sede aggiornata 2023; DSM aziendale risulta aggiornato maggio 2026."
PUB72-VT-003;Centro Diurno DSM Civita Castellana;ASL Viterbo;Centro diurno;Civita Castellana;Viale Enrico Minio;0761592400 / 2401 / 2403;;Riabilitazione terapeutico-riabilitativa semiresidenziale;Sede specifica — fonte istituzionale ASL;Invio CSM nell’ambito del PTRI;"lun/ven/sab 08:00-14:00; mar 08:30-15:30";https://asl.vt.it/centro-diurno-dsm;Gestione diretta ASL;Ricontrollata nella V7.2;2026-09-20;"Scheda sede aggiornata 2023; DSM aziendale risulta aggiornato maggio 2026.";Nuova ricognizione V7.2;Ricontrollata V7.2;;;;;;;Nuova ricognizione V7.2;Confermata su fonte ASL corrente;https://asl.vt.it/centro-diurno-dsm;2026-09-20;"Scheda sede aggiornata 2023; DSM aziendale risulta aggiornato maggio 2026."
PUB72-VT-004;SRSR H24 Villa San Giuseppe;ASL Viterbo;SRSR H24;Montefiascone;Loc. Le Mosse;07611860406;;Residenzialità socio-riabilitativa H24;Sede specifica — fonte istituzionale ASL;Invio DSM/CSM secondo progetto;;https://asl.vt.it/srsr-strutture-residenziali-socio-riabilitative;Gestione diretta ASL;Ricontrollata nella V7.2;2026-09-20;"Pagina struttura aggiornata 07/09/2023; DSM aziendale aggiornato 04/05/2026 continua a includere SRSR nella rete.";Nuova ricognizione V7.2;Ricontrollata V7.2;;;;;;;Nuova ricognizione V7.2;Confermata su fonte ASL corrente;https://asl.vt.it/srsr-strutture-residenziali-socio-riabilitative;2026-09-20;"Pagina struttura aggiornata 07/09/2023; DSM aziendale aggiornato 04/05/2026 continua a includere SRSR nella rete."
PUB72-VT-005;SRSR Marco Binelli;ASL Viterbo;SRSR;Viterbo;Piazza San Lorenzo;0761092839;;Residenzialità socio-riabilitativa;Sede specifica — fonte istituzionale ASL;Invio DSM/CSM secondo progetto;;https://asl.vt.it/srsr-strutture-residenziali-socio-riabilitative;Gestione diretta ASL;Ricontrollata nella V7.2;2026-09-20;"Pagina struttura aggiornata 07/09/2023; DSM aziendale aggiornato 04/05/2026 continua a includere SRSR nella rete.";Nuova ricognizione V7.2;Ricontrollata V7.2;;;;;;;Nuova ricognizione V7.2;Confermata su fonte ASL corrente;https://asl.vt.it/srsr-strutture-residenziali-socio-riabilitative;2026-09-20;"Pagina struttura aggiornata 07/09/2023; DSM aziendale aggiornato 04/05/2026 continua a includere SRSR nella rete."
PUB72-FR-001;SRTRe Franco Basaglia;ASL Frosinone;SRTRe;Frosinone;Via A. Fabi, snc;0775.8822189;srtr.priori@aslfrosinone.it;Riabilitazione psichiatrica residenziale estensiva;Sede specifica — fonte istituzionale ASL;Invio CSM e idoneità UVM;;https://www.asl.fr.it/wp-content/uploads/avviso-struttura-complessa-RESIDENZIALITA-E-SEMIRESIDENZIALITA.pdf;Gestione diretta ASL;Ricontrollata nella V7.2;2026-09-20;;Nuova ricognizione V7.2;Ricontrollata V7.2;;;;;;;Nuova ricognizione V7.2;Confermata su fonte ASL corrente;https://www.asl.fr.it/wp-content/uploads/avviso-struttura-complessa-RESIDENZIALITA-E-SEMIRESIDENZIALITA.pdf;2026-09-20;Posti documentati: 10. 
PUB72-FR-002;SRTRe Romolo Priori;ASL Frosinone;SRTRe;Frosinone;Via A. Fabi, snc – Palazzina M;0775.8822189;srtr.priori@aslfrosinone.it;Riabilitazione psichiatrica residenziale estensiva;Sede specifica — fonte istituzionale ASL;Invio CSM e idoneità UVM;;https://www.asl.fr.it/wp-content/uploads/avviso-struttura-complessa-RESIDENZIALITA-E-SEMIRESIDENZIALITA.pdf;Gestione diretta ASL;Ricontrollata nella V7.2;2026-09-20;;Nuova ricognizione V7.2;Ricontrollata V7.2;;;;;;;Nuova ricognizione V7.2;Confermata su fonte ASL corrente;https://www.asl.fr.it/wp-content/uploads/avviso-struttura-complessa-RESIDENZIALITA-E-SEMIRESIDENZIALITA.pdf;2026-09-20;Posti documentati: 20. 
PUB72-FR-003;SRTRe Maxwell Jones;ASL Frosinone;SRTRe;Ceccano;Borgo Santa Lucia, 52;0775.6262816 / 2818;srtr.jones@aslfrosinone.it;Riabilitazione psichiatrica residenziale estensiva;Sede specifica — fonte istituzionale ASL;Invio CSM e idoneità UVM;;https://www.asl.fr.it/wp-content/uploads/avviso-struttura-complessa-RESIDENZIALITA-E-SEMIRESIDENZIALITA.pdf;Gestione diretta ASL;Ricontrollata nella V7.2;2026-09-20;;Nuova ricognizione V7.2;Ricontrollata V7.2;;;;;;;Nuova ricognizione V7.2;Confermata su fonte ASL corrente;https://www.asl.fr.it/wp-content/uploads/avviso-struttura-complessa-RESIDENZIALITA-E-SEMIRESIDENZIALITA.pdf;2026-09-20;Posti documentati: 20. 
