id_sede;denominazione;gestore;natura;comune;provincia;asl_territoriale;indirizzo;telefono;email;rapporto_ssn;periodo_evidenza;livello_evidenza;accesso_extraregionale;condizioni_extraregionale;fonti;servizi;ammissione;destinatari;equipe;note;accessibilita;verifica_documentale;conferma_diretta;posti_liberi;mappa_url;fonti_rapporto_ssn;validita_2026;id_modulo;modulo;ambito;regime;posti;natura_posti;stato_catalogo;note_modulo;url_fonti;ambiti_secondari;sezione;fonti_convenzione_url;documenti_ingresso;durata_percorso;criteri_limitazioni;evidenza_servizi;evidenza_sede;evidenza_posti;autorizzazione_stato;autorizzazione_fonte;accreditamento_stato;accreditamento_fonte;contratto_ssn_stato;contratto_periodo;contratto_fonte;budget_2026_stato;budget_2026_fonte;posti_autorizzati;posti_accreditati;posti_contrattualizzati;posti_dichiarati;mobilita_intraregionale;accesso_fuori_lazio_stato;accesso_fuori_lazio_prova;titolarita_gestione;evidenza_titolarita;fonte_titolarita;stato_v6;note_v6;presente_v5;sezione_v5;stato_catalogo_v5;variazione_v5_v6;nota_v7_strutturale;sezione_canonica_v7;coerenza_sezione_v6;verifica_web_v7_1_data;esito_verifica_v7_1;azione_v7_1;fonti_v7_1;stato_v7_1;sezione_canonica_v7_1;verifica_web_v7_2_data;esito_verifica_v7_2;azione_v7_2;fonti_v7_2;stato_v7_2;sezione_canonica_v7_2;verifica_web_v7_3_data;esito_verifica_v7_3;azione_v7_3;fonti_v7_3;stato_v7_3;sezione_canonica_v7_3
ARM;Villa Armonia Nuova;KOS Care s.r.l.;Privata / ente non ASL;Roma;RM;Roma 3;Via dei Bevilacqua, 43;;;Contratto SSN firmato;"01/01–31/12/2025; continuità 2026 da riconfermare";Contratto ufficiale;Non documentato;;ARM-CON | ARM-ACC | ASL3-CONTRATTI;Trattamenti psichiatrici per intensità assistenziale | Percorsi riabilitativi residenziali;"Percorso autorizzato dal servizio inviante; contattare accettazione per setting, documenti e disponibilità.";Da confermare con accettazione;;I moduli sono quelli valorizzati nel contratto. Non si considera l’intero formulario come offerta: le voci lasciate in bianco non provano erogazione.;Non documentata;2026-09-20;Non effettuata;Non rilevati: capacità autorizzata/accreditata non è disponibilità;https://www.google.com/maps/search/?api=1&query=Via%20dei%20Bevilacqua%2C%2043%2C%20Roma%2C%20Italia;ARM-CON;Non certificata: vedere annualità e fonte;MOD-001;STPIT;Psichiatria;Intensivo territoriale STPIT;;Capacità per modulo non consolidata con contratto 2025;Convenzionata documentata;;https://www.aslroma3.it/wp-content/uploads/2025/05/contratto_budget_15593_villa-armonia-nuova.pdf | https://kosgroup.com/assets/doc/strutture/villa-armonia/dgr-conferma-requisiti-accreditamento.pdf | https://www.aslroma3.it/amministrazione-trasparente/strutture-sanitarie-private-accreditate/;;STPIT;https://www.aslroma3.it/wp-content/uploads/2025/05/contratto_budget_15593_villa-armonia-nuova.pdf;"Da concordare con servizio inviante e accettazione; non acquisiti sistematicamente";"Individualizzata; durata specifica non consolidata";"Idoneità clinica e amministrativa da valutare; non dedotta dal solo accreditamento";Profilo del gestore / modulo: vedi fonti. Non certifica disponibilità giornaliera.;"Indirizzo pubblicato; ingresso e coordinate non verificati";Capacità del modulo non consolidata;Da distinguere;;Da distinguere;;Contratto SRP Villa Armonia + addendum 2026 disponibili;Contratto triennale + addendum 2026;https://www.aslroma3.it/amministrazione-trasparente/strutture-sanitarie-private-accreditate/;Da verificare;;;;;;Da verificare;Non documentato;;Privata / ente non ASL;Gestore identificato nel dossier V5;https://www.aslroma3.it/wp-content/uploads/2025/05/contratto_budget_15593_villa-armonia-nuova.pdf | https://kosgroup.com/assets/doc/strutture/villa-armonia/dgr-conferma-requisiti-accreditamento.pdf | https://www.aslroma3.it/amministrazione-trasparente/strutture-sanitarie-private-accreditate/;STPIT verificato come servizio corrente;;Sì;STPIT;Convenzionata documentata;Conservato;Nessuna nuova verifica amministrativa/clinica introdotta dalla V7 strutturale.;STPIT;Coerente o compatibile;;Non riesaminato in V7.1;Nessuna modifica sostanziale;;Convenzionata documentata;STPIT;2026-09-20;"Classificazione V7.1 conservata; nessuna regressione introdotta nella V7.2.";Nessuna modifica sostanziale.;;Convenzionata documentata;STPIT;2026-09-20;Classificazione V7.2 conservata salvo nuove evidenze specifiche.;Nessuna modifica sostanziale.;;Convenzionata documentata;STPIT
ARM;Villa Armonia Nuova;KOS Care s.r.l.;Privata / ente non ASL;Roma;RM;Roma 3;Via dei Bevilacqua, 43;;;Contratto SSN firmato;"01/01–31/12/2025; continuità 2026 da riconfermare";Contratto ufficiale;Non documentato;;ARM-CON | ARM-ACC | ASL3-CONTRATTI;Trattamenti psichiatrici per intensità assistenziale | Percorsi riabilitativi residenziali;"Percorso autorizzato dal servizio inviante; contattare accettazione per setting, documenti e disponibilità.";Da confermare con accettazione;;I moduli sono quelli valorizzati nel contratto. Non si considera l’intero formulario come offerta: le voci lasciate in bianco non provano erogazione.;Non documentata;2026-09-20;Non effettuata;Non rilevati: capacità autorizzata/accreditata non è disponibilità;https://www.google.com/maps/search/?api=1&query=Via%20dei%20Bevilacqua%2C%2043%2C%20Roma%2C%20Italia;ARM-CON;Non certificata: vedere annualità e fonte;MOD-002;SRTRi;Psichiatria;Residenziale;;Capacità per modulo non consolidata con contratto 2025;Convenzionata documentata;;https://www.aslroma3.it/wp-content/uploads/2025/05/contratto_budget_15593_villa-armonia-nuova.pdf | https://kosgroup.com/assets/doc/strutture/villa-armonia/dgr-conferma-requisiti-accreditamento.pdf | https://www.aslroma3.it/amministrazione-trasparente/strutture-sanitarie-private-accreditate/;;Convenzionate;https://www.aslroma3.it/wp-content/uploads/2025/05/contratto_budget_15593_villa-armonia-nuova.pdf;"Da concordare con servizio inviante e accettazione; non acquisiti sistematicamente";"Individualizzata; durata specifica non consolidata";"Idoneità clinica e amministrativa da valutare; non dedotta dal solo accreditamento";Profilo del gestore / modulo: vedi fonti. Non certifica disponibilità giornaliera.;"Indirizzo pubblicato; ingresso e coordinate non verificati";Capacità del modulo non consolidata;Da distinguere;;Da distinguere;;Documentato in V5;"01/01–31/12/2025; continuità 2026 da riconfermare";https://www.aslroma3.it/wp-content/uploads/2025/05/contratto_budget_15593_villa-armonia-nuova.pdf;Da verificare;;;;;;Da verificare;Non documentato;;Privata / ente non ASL;Gestore identificato nel dossier V5;https://www.aslroma3.it/wp-content/uploads/2025/05/contratto_budget_15593_villa-armonia-nuova.pdf | https://kosgroup.com/assets/doc/strutture/villa-armonia/dgr-conferma-requisiti-accreditamento.pdf | https://www.aslroma3.it/amministrazione-trasparente/strutture-sanitarie-private-accreditate/;Ereditato V5;;Sì;Convenzionate;Convenzionata documentata;Conservato;Nessuna nuova verifica amministrativa/clinica introdotta dalla V7 strutturale.;Convenzionate;Coerente o compatibile;;Non riesaminato in V7.1;Nessuna modifica sostanziale;;Convenzionata documentata;Convenzionate;2026-09-20;"Classificazione V7.1 conservata; nessuna regressione introdotta nella V7.2.";Nessuna modifica sostanziale.;;Convenzionata documentata;Convenzionate;2026-09-20;Classificazione V7.2 conservata salvo nuove evidenze specifiche.;Nessuna modifica sostanziale.;;Convenzionata documentata;Convenzionate
ARM;Villa Armonia Nuova;KOS Care s.r.l.;Privata / ente non ASL;Roma;RM;Roma 3;Via dei Bevilacqua, 43;;;Contratto SSN firmato;"01/01–31/12/2025; continuità 2026 da riconfermare";Contratto ufficiale;Non documentato;;ARM-CON | ARM-ACC | ASL3-CONTRATTI;Trattamenti psichiatrici per intensità assistenziale | Percorsi riabilitativi residenziali;"Percorso autorizzato dal servizio inviante; contattare accettazione per setting, documenti e disponibilità.";Da confermare con accettazione;;I moduli sono quelli valorizzati nel contratto. Non si considera l’intero formulario come offerta: le voci lasciate in bianco non provano erogazione.;Non documentata;2026-09-20;Non effettuata;Non rilevati: capacità autorizzata/accreditata non è disponibilità;https://www.google.com/maps/search/?api=1&query=Via%20dei%20Bevilacqua%2C%2043%2C%20Roma%2C%20Italia;ARM-CON;Non certificata: vedere annualità e fonte;MOD-003;SRTRe;Psichiatria;Residenziale;;Capacità per modulo non consolidata con contratto 2025;Convenzionata documentata;;https://www.aslroma3.it/wp-content/uploads/2025/05/contratto_budget_15593_villa-armonia-nuova.pdf | https://kosgroup.com/assets/doc/strutture/villa-armonia/dgr-conferma-requisiti-accreditamento.pdf | https://www.aslroma3.it/amministrazione-trasparente/strutture-sanitarie-private-accreditate/;;Convenzionate;https://www.aslroma3.it/wp-content/uploads/2025/05/contratto_budget_15593_villa-armonia-nuova.pdf;"Da concordare con servizio inviante e accettazione; non acquisiti sistematicamente";"Individualizzata; durata specifica non consolidata";"Idoneità clinica e amministrativa da valutare; non dedotta dal solo accreditamento";Profilo del gestore / modulo: vedi fonti. Non certifica disponibilità giornaliera.;"Indirizzo pubblicato; ingresso e coordinate non verificati";Capacità del modulo non consolidata;Da distinguere;;Da distinguere;;Documentato in V5;"01/01–31/12/2025; continuità 2026 da riconfermare";https://www.aslroma3.it/wp-content/uploads/2025/05/contratto_budget_15593_villa-armonia-nuova.pdf;Da verificare;;;;;;Da verificare;Non documentato;;Privata / ente non ASL;Gestore identificato nel dossier V5;https://www.aslroma3.it/wp-content/uploads/2025/05/contratto_budget_15593_villa-armonia-nuova.pdf | https://kosgroup.com/assets/doc/strutture/villa-armonia/dgr-conferma-requisiti-accreditamento.pdf | https://www.aslroma3.it/amministrazione-trasparente/strutture-sanitarie-private-accreditate/;Ereditato V5;;Sì;Convenzionate;Convenzionata documentata;Conservato;Nessuna nuova verifica amministrativa/clinica introdotta dalla V7 strutturale.;Convenzionate;Coerente o compatibile;;Non riesaminato in V7.1;Nessuna modifica sostanziale;;Convenzionata documentata;Convenzionate;2026-09-20;"Classificazione V7.1 conservata; nessuna regressione introdotta nella V7.2.";Nessuna modifica sostanziale.;;Convenzionata documentata;Convenzionate;2026-09-20;Classificazione V7.2 conservata salvo nuove evidenze specifiche.;Nessuna modifica sostanziale.;;Convenzionata documentata;Convenzionate
ARM;Villa Armonia Nuova;KOS Care s.r.l.;Privata / ente non ASL;Roma;RM;Roma 3;Via dei Bevilacqua, 43;;;Contratto SSN firmato;"01/01–31/12/2025; continuità 2026 da riconfermare";Contratto ufficiale;Non documentato;;ARM-CON | ARM-ACC | ASL3-CONTRATTI;Trattamenti psichiatrici per intensità assistenziale | Percorsi riabilitativi residenziali;"Percorso autorizzato dal servizio inviante; contattare accettazione per setting, documenti e disponibilità.";Adolescenti;;I moduli sono quelli valorizzati nel contratto. Non si considera l’intero formulario come offerta: le voci lasciate in bianco non provano erogazione.;Non documentata;2026-09-20;Non effettuata;Non rilevati: capacità autorizzata/accreditata non è disponibilità;https://www.google.com/maps/search/?api=1&query=Via%20dei%20Bevilacqua%2C%2043%2C%20Roma%2C%20Italia;ARM-CON;Non certificata: vedere annualità e fonte;MOD-004;SRTRi adolescenti;Psichiatria;Residenziale;;Capacità per modulo non consolidata con contratto 2025;Convenzionata documentata;;https://www.aslroma3.it/wp-content/uploads/2025/05/contratto_budget_15593_villa-armonia-nuova.pdf | https://kosgroup.com/assets/doc/strutture/villa-armonia/dgr-conferma-requisiti-accreditamento.pdf | https://www.aslroma3.it/amministrazione-trasparente/strutture-sanitarie-private-accreditate/;;Convenzionate;https://www.aslroma3.it/wp-content/uploads/2025/05/contratto_budget_15593_villa-armonia-nuova.pdf;"Da concordare con servizio inviante e accettazione; non acquisiti sistematicamente";"Individualizzata; durata specifica non consolidata";"Idoneità clinica e amministrativa da valutare; non dedotta dal solo accreditamento";Profilo del gestore / modulo: vedi fonti. Non certifica disponibilità giornaliera.;"Indirizzo pubblicato; ingresso e coordinate non verificati";Capacità del modulo non consolidata;Da distinguere;;Da distinguere;;Documentato in V5;"01/01–31/12/2025; continuità 2026 da riconfermare";https://www.aslroma3.it/wp-content/uploads/2025/05/contratto_budget_15593_villa-armonia-nuova.pdf;Da verificare;;;;;;Da verificare;Non documentato;;Privata / ente non ASL;Gestore identificato nel dossier V5;https://www.aslroma3.it/wp-content/uploads/2025/05/contratto_budget_15593_villa-armonia-nuova.pdf | https://kosgroup.com/assets/doc/strutture/villa-armonia/dgr-conferma-requisiti-accreditamento.pdf | https://www.aslroma3.it/amministrazione-trasparente/strutture-sanitarie-private-accreditate/;Ereditato V5;;Sì;Convenzionate;Convenzionata documentata;Conservato;Nessuna nuova verifica amministrativa/clinica introdotta dalla V7 strutturale.;Convenzionate;Coerente o compatibile;;Non riesaminato in V7.1;Nessuna modifica sostanziale;;Convenzionata documentata;Convenzionate;2026-09-20;"Classificazione V7.1 conservata; nessuna regressione introdotta nella V7.2.";Nessuna modifica sostanziale.;;Convenzionata documentata;Convenzionate;2026-09-20;Classificazione V7.2 conservata salvo nuove evidenze specifiche.;Nessuna modifica sostanziale.;;Convenzionata documentata;Convenzionate
ARM;Villa Armonia Nuova;KOS Care s.r.l.;Privata / ente non ASL;Roma;RM;Roma 3;Via dei Bevilacqua, 43;;;Contratto SSN firmato;"01/01–31/12/2025; continuità 2026 da riconfermare";Contratto ufficiale;Non documentato;;ARM-CON | ARM-ACC | ASL3-CONTRATTI;Trattamenti psichiatrici per intensità assistenziale | Percorsi riabilitativi residenziali;"Percorso autorizzato dal servizio inviante; contattare accettazione per setting, documenti e disponibilità.";Da confermare con accettazione;;I moduli sono quelli valorizzati nel contratto. Non si considera l’intero formulario come offerta: le voci lasciate in bianco non provano erogazione.;Non documentata;2026-09-20;Non effettuata;Non rilevati: capacità autorizzata/accreditata non è disponibilità;https://www.google.com/maps/search/?api=1&query=Via%20dei%20Bevilacqua%2C%2043%2C%20Roma%2C%20Italia;ARM-CON;Non certificata: vedere annualità e fonte;MOD-005;SRSR H24;Psichiatria;Residenziale;;Capacità per modulo non consolidata con contratto 2025;Convenzionata documentata;;https://www.aslroma3.it/wp-content/uploads/2025/05/contratto_budget_15593_villa-armonia-nuova.pdf | https://kosgroup.com/assets/doc/strutture/villa-armonia/dgr-conferma-requisiti-accreditamento.pdf | https://www.aslroma3.it/amministrazione-trasparente/strutture-sanitarie-private-accreditate/;;Convenzionate;https://www.aslroma3.it/wp-content/uploads/2025/05/contratto_budget_15593_villa-armonia-nuova.pdf;"Da concordare con servizio inviante e accettazione; non acquisiti sistematicamente";"Individualizzata; durata specifica non consolidata";"Idoneità clinica e amministrativa da valutare; non dedotta dal solo accreditamento";Profilo del gestore / modulo: vedi fonti. Non certifica disponibilità giornaliera.;"Indirizzo pubblicato; ingresso e coordinate non verificati";Capacità del modulo non consolidata;Da distinguere;;Da distinguere;;Documentato in V5;"01/01–31/12/2025; continuità 2026 da riconfermare";https://www.aslroma3.it/wp-content/uploads/2025/05/contratto_budget_15593_villa-armonia-nuova.pdf;Da verificare;;;;;;Da verificare;Non documentato;;Privata / ente non ASL;Gestore identificato nel dossier V5;https://www.aslroma3.it/wp-content/uploads/2025/05/contratto_budget_15593_villa-armonia-nuova.pdf | https://kosgroup.com/assets/doc/strutture/villa-armonia/dgr-conferma-requisiti-accreditamento.pdf | https://www.aslroma3.it/amministrazione-trasparente/strutture-sanitarie-private-accreditate/;Ereditato V5;;Sì;Convenzionate;Convenzionata documentata;Conservato;Nessuna nuova verifica amministrativa/clinica introdotta dalla V7 strutturale.;Convenzionate;Coerente o compatibile;;Non riesaminato in V7.1;Nessuna modifica sostanziale;;Convenzionata documentata;Convenzionate;2026-09-20;"Classificazione V7.1 conservata; nessuna regressione introdotta nella V7.2.";Nessuna modifica sostanziale.;;Convenzionata documentata;Convenzionate;2026-09-20;Classificazione V7.2 conservata salvo nuove evidenze specifiche.;Nessuna modifica sostanziale.;;Convenzionata documentata;Convenzionate
GIU;Villa Giuseppina;S. Giuseppe S.p.A.;Privata / ente non ASL;Roma;RM;Roma 3;Viale Prospero Colonna, 46;;;"Contratto SSN firmato; accreditamento distinto per modulo";"Contratto 2025; pagina gestore consultata20/09/2026";Contratto ufficiale;Non documentato;;GIU-CON | GIU-WEB;Cura psichiatrica residenziale | Trattamenti terapeutico-riabilitativi | Assistenza socio-riabilitativa;"Invio e valutazione del servizio territoriale; verificare appropriatezza del modulo.";;;;Non documentata;2026-09-20;Non effettuata;Non rilevati: capacità autorizzata/accreditata non è disponibilità;https://www.google.com/maps/search/?api=1&query=Viale%20Prospero%20Colonna%2C%2046%2C%20Roma%2C%20Italia;GIU-CON;Non certificata: vedere annualità e fonte;MOD-006;SRTRi;Psichiatria;Residenziale;30;Accreditati dichiarati dal gestore;Convenzionata documentata;"SRTRi:38 autorizzati,30 accreditati; non sommati come ulteriori posti.";https://www.aslroma3.it/wp-content/uploads/2025/05/contratto_budget_15592_villa-giuseppina.pdf | https://www.villagiuseppina.it/;;Convenzionate;https://www.aslroma3.it/wp-content/uploads/2025/05/contratto_budget_15592_villa-giuseppina.pdf;"Da concordare con servizio inviante e accettazione; non acquisiti sistematicamente";"Individualizzata; durata specifica non consolidata";"Idoneità clinica e amministrativa da valutare; non dedotta dal solo accreditamento";Profilo del gestore / modulo: vedi fonti. Non certifica disponibilità giornaliera.;"Indirizzo pubblicato; ingresso e coordinate non verificati";Accreditati dichiarati dal gestore;Da distinguere;;Documentato/indicato nel dossier V5;;Documentato in V5;"Contratto 2025; pagina gestore consultata20/09/2026";https://www.aslroma3.it/wp-content/uploads/2025/05/contratto_budget_15592_villa-giuseppina.pdf;Da verificare;;;30;;30;Da verificare;Non documentato;;Privata / ente non ASL;Gestore identificato nel dossier V5;https://www.aslroma3.it/wp-content/uploads/2025/05/contratto_budget_15592_villa-giuseppina.pdf | https://www.villagiuseppina.it/;Ereditato V5;;Sì;Convenzionate;Convenzionata documentata;Conservato;Nessuna nuova verifica amministrativa/clinica introdotta dalla V7 strutturale.;Convenzionate;Coerente o compatibile;;Non riesaminato in V7.1;Nessuna modifica sostanziale;;Convenzionata documentata;Convenzionate;2026-09-20;"Classificazione V7.1 conservata; nessuna regressione introdotta nella V7.2.";Nessuna modifica sostanziale.;;Convenzionata documentata;Convenzionate;2026-09-20;Classificazione V7.2 conservata salvo nuove evidenze specifiche.;Nessuna modifica sostanziale.;;Convenzionata documentata;Convenzionate
GIU;Villa Giuseppina;S. Giuseppe S.p.A.;Privata / ente non ASL;Roma;RM;Roma 3;Viale Prospero Colonna, 46;;;"Contratto SSN firmato; accreditamento distinto per modulo";"Contratto 2025; pagina gestore consultata20/09/2026";Contratto ufficiale;Non documentato;;GIU-CON | GIU-WEB;Cura psichiatrica residenziale | Trattamenti terapeutico-riabilitativi | Assistenza socio-riabilitativa;"Invio e valutazione del servizio territoriale; verificare appropriatezza del modulo.";;;;Non documentata;2026-09-20;Non effettuata;Non rilevati: capacità autorizzata/accreditata non è disponibilità;https://www.google.com/maps/search/?api=1&query=Viale%20Prospero%20Colonna%2C%2046%2C%20Roma%2C%20Italia;GIU-CON;Non certificata: vedere annualità e fonte;MOD-007;SRTRe;Psichiatria;Residenziale;10;Accreditati dichiarati dal gestore;Convenzionata documentata;;https://www.aslroma3.it/wp-content/uploads/2025/05/contratto_budget_15592_villa-giuseppina.pdf | https://www.villagiuseppina.it/;;Convenzionate;https://www.aslroma3.it/wp-content/uploads/2025/05/contratto_budget_15592_villa-giuseppina.pdf;"Da concordare con servizio inviante e accettazione; non acquisiti sistematicamente";"Individualizzata; durata specifica non consolidata";"Idoneità clinica e amministrativa da valutare; non dedotta dal solo accreditamento";Profilo del gestore / modulo: vedi fonti. Non certifica disponibilità giornaliera.;"Indirizzo pubblicato; ingresso e coordinate non verificati";Accreditati dichiarati dal gestore;Da distinguere;;Documentato/indicato nel dossier V5;;Documentato in V5;"Contratto 2025; pagina gestore consultata20/09/2026";https://www.aslroma3.it/wp-content/uploads/2025/05/contratto_budget_15592_villa-giuseppina.pdf;Da verificare;;;10;;10;Da verificare;Non documentato;;Privata / ente non ASL;Gestore identificato nel dossier V5;https://www.aslroma3.it/wp-content/uploads/2025/05/contratto_budget_15592_villa-giuseppina.pdf | https://www.villagiuseppina.it/;Ereditato V5;;Sì;Convenzionate;Convenzionata documentata;Conservato;Nessuna nuova verifica amministrativa/clinica introdotta dalla V7 strutturale.;Convenzionate;Coerente o compatibile;;Non riesaminato in V7.1;Nessuna modifica sostanziale;;Convenzionata documentata;Convenzionate;2026-09-20;"Classificazione V7.1 conservata; nessuna regressione introdotta nella V7.2.";Nessuna modifica sostanziale.;;Convenzionata documentata;Convenzionate;2026-09-20;Classificazione V7.2 conservata salvo nuove evidenze specifiche.;Nessuna modifica sostanziale.;;Convenzionata documentata;Convenzionate
GIU;Villa Giuseppina;S. Giuseppe S.p.A.;Privata / ente non ASL;Roma;RM;Roma 3;Viale Prospero Colonna, 46;;;"Contratto SSN firmato; accreditamento distinto per modulo";"Contratto 2025; pagina gestore consultata20/09/2026";Contratto ufficiale;Non documentato;;GIU-CON | GIU-WEB;Cura psichiatrica residenziale | Trattamenti terapeutico-riabilitativi | Assistenza socio-riabilitativa;"Invio e valutazione del servizio territoriale; verificare appropriatezza del modulo.";;;;Non documentata;2026-09-20;Non effettuata;Non rilevati: capacità autorizzata/accreditata non è disponibilità;https://www.google.com/maps/search/?api=1&query=Viale%20Prospero%20Colonna%2C%2046%2C%20Roma%2C%20Italia;GIU-CON;Non certificata: vedere annualità e fonte;MOD-008;SRSR H24;Psichiatria;Residenziale;40;Accreditati dichiarati dal gestore;Convenzionata documentata;;https://www.aslroma3.it/wp-content/uploads/2025/05/contratto_budget_15592_villa-giuseppina.pdf | https://www.villagiuseppina.it/;;Convenzionate;https://www.aslroma3.it/wp-content/uploads/2025/05/contratto_budget_15592_villa-giuseppina.pdf;"Da concordare con servizio inviante e accettazione; non acquisiti sistematicamente";"Individualizzata; durata specifica non consolidata";"Idoneità clinica e amministrativa da valutare; non dedotta dal solo accreditamento";Profilo del gestore / modulo: vedi fonti. Non certifica disponibilità giornaliera.;"Indirizzo pubblicato; ingresso e coordinate non verificati";Accreditati dichiarati dal gestore;Da distinguere;;Documentato/indicato nel dossier V5;;Documentato in V5;"Contratto 2025; pagina gestore consultata20/09/2026";https://www.aslroma3.it/wp-content/uploads/2025/05/contratto_budget_15592_villa-giuseppina.pdf;Da verificare;;;40;;40;Da verificare;Non documentato;;Privata / ente non ASL;Gestore identificato nel dossier V5;https://www.aslroma3.it/wp-content/uploads/2025/05/contratto_budget_15592_villa-giuseppina.pdf | https://www.villagiuseppina.it/;Ereditato V5;;Sì;Convenzionate;Convenzionata documentata;Conservato;Nessuna nuova verifica amministrativa/clinica introdotta dalla V7 strutturale.;Convenzionate;Coerente o compatibile;;Non riesaminato in V7.1;Nessuna modifica sostanziale;;Convenzionata documentata;Convenzionate;2026-09-20;"Classificazione V7.1 conservata; nessuna regressione introdotta nella V7.2.";Nessuna modifica sostanziale.;;Convenzionata documentata;Convenzionate;2026-09-20;Classificazione V7.2 conservata salvo nuove evidenze specifiche.;Nessuna modifica sostanziale.;;Convenzionata documentata;Convenzionate
GIU;Villa Giuseppina;S. Giuseppe S.p.A.;Privata / ente non ASL;Roma;RM;Roma 3;Viale Prospero Colonna, 46;;;"Contratto SSN firmato; accreditamento distinto per modulo";"Contratto 2025; pagina gestore consultata20/09/2026";Contratto ufficiale;Non documentato;;GIU-CON | GIU-WEB;Cura psichiatrica residenziale | Trattamenti terapeutico-riabilitativi | Assistenza socio-riabilitativa;"Invio e valutazione del servizio territoriale; verificare appropriatezza del modulo.";;;;Non documentata;2026-09-20;Non effettuata;Non rilevati: capacità autorizzata/accreditata non è disponibilità;https://www.google.com/maps/search/?api=1&query=Viale%20Prospero%20Colonna%2C%2046%2C%20Roma%2C%20Italia;GIU-CON;Non certificata: vedere annualità e fonte;MOD-009;Centro diurno;Psichiatria;Semiresidenziale;10;Solo autorizzati;Esclusa dal convenzionato;La pagina distingue esplicitamente il CD autorizzato dai moduli residenziali accreditati. Convenzione del CD non provata. V7.1: non estesa automaticamente al Centro Diurno la prova contrattuale riferita agli altri regimi SRP.;https://www.aslroma3.it/wp-content/uploads/2025/05/contratto_budget_15592_villa-giuseppina.pdf | https://www.villagiuseppina.it/ | https://www.aslroma3.it/amministrazione-trasparente/strutture-sanitarie-private-accreditate/;;Da completare / escluse;https://www.aslroma3.it/wp-content/uploads/2025/05/contratto_budget_15592_villa-giuseppina.pdf;"Da concordare con servizio inviante e accettazione; non acquisiti sistematicamente";"Individualizzata; durata specifica non consolidata";"Idoneità clinica e amministrativa da valutare; non dedotta dal solo accreditamento";Profilo del gestore / modulo: vedi fonti. Non certifica disponibilità giornaliera.;"Indirizzo pubblicato; ingresso e coordinate non verificati";Solo autorizzati;Documentata/indicata nel dossier V5;;Documentato/indicato nel dossier V5;;"Documentazione corrente ASL Roma 3 per la SRP; specifico contratto/budget 2026 del Centro Diurno non acquisito";2026 addendum disponibile per SRP, non per questo modulo;https://www.aslroma3.it/amministrazione-trasparente/strutture-sanitarie-private-accreditate/;Non documentato per il Centro Diurno;;10;;;10;Da verificare;Non documentato;;Privata / ente non ASL;Gestore identificato nel dossier V5;https://www.aslroma3.it/wp-content/uploads/2025/05/contratto_budget_15592_villa-giuseppina.pdf | https://www.villagiuseppina.it/;Ereditato V5;Conservata esclusione prudenziale: pagina gestore distingue Centro Diurno autorizzato dai moduli residenziali accreditati.;Sì;Da completare / escluse;Esclusa dal convenzionato;Conservato;Nessuna nuova verifica amministrativa/clinica introdotta dalla V7 strutturale.;Da verificare 2026;Coerente o compatibile;2026-09-20;"SRP Villa Giuseppina risulta nella documentazione ASL Roma 3 corrente; non acquisita prova che il Centro Diurno abbia specifico budget/contratto 2026.";"Resta da verificare 2026; rafforzata la nota amministrativa.";https://www.aslroma3.it/amministrazione-trasparente/strutture-sanitarie-private-accreditate/;Centro diurno: specifico rapporto SSN 2026 non comprovato;Da verificare 2026;2026-09-20;"SRP Villa Giuseppina è coperta dalla documentazione ASL Roma 3 2025-2026; il Centro Diurno compare tra i regimi psichiatrici ma la specifica valorizzazione/budget del CD non è consolidata.";Resta da verificare il rapporto SSN 2026 specifico del Centro Diurno.;https://www.aslroma3.it/amministrazione-trasparente/strutture-sanitarie-private-accreditate/;Centro diurno: specifico rapporto SSN 2026 non comprovato;Da verificare 2026;2026-09-20;Classificazione V7.2 conservata salvo nuove evidenze specifiche.;Nessuna modifica sostanziale.;https://www.aslroma3.it/amministrazione-trasparente/strutture-sanitarie-private-accreditate/;Centro diurno: specifico rapporto SSN 2026 non comprovato;Da verificare 2026
LET;Villa Letizia;Villa Letizia s.r.l.;Privata / ente non ASL;Roma;RM;Roma 3;Via Sesto Celere, 16–18–20;;;Contratto SSN firmato;"2025; riconfermare 2026";Contratto ufficiale;Non documentato;;LET-CON;Assistenza psichiatrica estensiva | Sostegno socio-riabilitativo residenziale;Percorso DSM/UVM e valutazione della struttura.;;;Non è la struttura omonima dell’Associazione Ego nel territorio Roma 5.;Non documentata;2026-09-20;Non effettuata;Non rilevati: capacità autorizzata/accreditata non è disponibilità;https://www.google.com/maps/search/?api=1&query=Via%20Sesto%20Celere%2C%2016%E2%80%9318%E2%80%9320%2C%20Roma%2C%20Italia;LET-CON;Non certificata: vedere annualità e fonte;MOD-010;SRTRe;Psichiatria;Residenziale;;Non consolidata;Convenzionata documentata;;https://www.aslroma3.it/wp-content/uploads/2025/05/contratto_budget_15594-_villa-letizia-srl-_-villa-letizia.pdf;;Convenzionate;https://www.aslroma3.it/wp-content/uploads/2025/05/contratto_budget_15594-_villa-letizia-srl-_-villa-letizia.pdf;"Da concordare con servizio inviante e accettazione; non acquisiti sistematicamente";"Individualizzata; durata specifica non consolidata";"Idoneità clinica e amministrativa da valutare; non dedotta dal solo accreditamento";Profilo del gestore / modulo: vedi fonti. Non certifica disponibilità giornaliera.;"Indirizzo pubblicato; ingresso e coordinate non verificati";Capacità del modulo non consolidata;Da distinguere;;Da distinguere;;Documentato in V5;"2025; riconfermare 2026";https://www.aslroma3.it/wp-content/uploads/2025/05/contratto_budget_15594-_villa-letizia-srl-_-villa-letizia.pdf;Da verificare;;;;;;Da verificare;Non documentato;;Privata / ente non ASL;Gestore identificato nel dossier V5;https://www.aslroma3.it/wp-content/uploads/2025/05/contratto_budget_15594-_villa-letizia-srl-_-villa-letizia.pdf;Ereditato V5;;Sì;Convenzionate;Convenzionata documentata;Conservato;Nessuna nuova verifica amministrativa/clinica introdotta dalla V7 strutturale.;Convenzionate;Coerente o compatibile;;Non riesaminato in V7.1;Nessuna modifica sostanziale;;Convenzionata documentata;Convenzionate;2026-09-20;"Classificazione V7.1 conservata; nessuna regressione introdotta nella V7.2.";Nessuna modifica sostanziale.;;Convenzionata documentata;Convenzionate;2026-09-20;Classificazione V7.2 conservata salvo nuove evidenze specifiche.;Nessuna modifica sostanziale.;;Convenzionata documentata;Convenzionate
LET;Villa Letizia;Villa Letizia s.r.l.;Privata / ente non ASL;Roma;RM;Roma 3;Via Sesto Celere, 16–18–20;;;Contratto SSN firmato;"2025; riconfermare 2026";Contratto ufficiale;Non documentato;;LET-CON;Assistenza psichiatrica estensiva | Sostegno socio-riabilitativo residenziale;Percorso DSM/UVM e valutazione della struttura.;;;Non è la struttura omonima dell’Associazione Ego nel territorio Roma 5.;Non documentata;2026-09-20;Non effettuata;Non rilevati: capacità autorizzata/accreditata non è disponibilità;https://www.google.com/maps/search/?api=1&query=Via%20Sesto%20Celere%2C%2016%E2%80%9318%E2%80%9320%2C%20Roma%2C%20Italia;LET-CON;Non certificata: vedere annualità e fonte;MOD-011;SRSR H12;Psichiatria;Residenziale;;Non consolidata;Convenzionata documentata;H12 indica intensità dell’assistenza: rimane residenziale, non diurno.;https://www.aslroma3.it/wp-content/uploads/2025/05/contratto_budget_15594-_villa-letizia-srl-_-villa-letizia.pdf;;Convenzionate;https://www.aslroma3.it/wp-content/uploads/2025/05/contratto_budget_15594-_villa-letizia-srl-_-villa-letizia.pdf;"Da concordare con servizio inviante e accettazione; non acquisiti sistematicamente";"Individualizzata; durata specifica non consolidata";"Idoneità clinica e amministrativa da valutare; non dedotta dal solo accreditamento";Profilo del gestore / modulo: vedi fonti. Non certifica disponibilità giornaliera.;"Indirizzo pubblicato; ingresso e coordinate non verificati";Capacità del modulo non consolidata;Da distinguere;;Da distinguere;;Documentato in V5;"2025; riconfermare 2026";https://www.aslroma3.it/wp-content/uploads/2025/05/contratto_budget_15594-_villa-letizia-srl-_-villa-letizia.pdf;Da verificare;;;;;;Da verificare;Non documentato;;Privata / ente non ASL;Gestore identificato nel dossier V5;https://www.aslroma3.it/wp-content/uploads/2025/05/contratto_budget_15594-_villa-letizia-srl-_-villa-letizia.pdf;Ereditato V5;;Sì;Convenzionate;Convenzionata documentata;Conservato;Nessuna nuova verifica amministrativa/clinica introdotta dalla V7 strutturale.;Convenzionate;Coerente o compatibile;;Non riesaminato in V7.1;Nessuna modifica sostanziale;;Convenzionata documentata;Convenzionate;2026-09-20;"Classificazione V7.1 conservata; nessuna regressione introdotta nella V7.2.";Nessuna modifica sostanziale.;;Convenzionata documentata;Convenzionate;2026-09-20;Classificazione V7.2 conservata salvo nuove evidenze specifiche.;Nessuna modifica sostanziale.;;Convenzionata documentata;Convenzionate
CHI;Villa Madre Chiara Ricci;Villa Letizia s.r.l.;Privata / ente non ASL;Roma;RM;Roma 3;;;;Contratto SSN firmato;"2025; riconfermare 2026";Contratto ufficiale;Non documentato;;CHI-CON;Riabilitazione psichiatrica estensiva per adolescenti;Invio specialistico e autorizzazione del percorso.;Adolescenti;;Indirizzo operativo non consolidato: il contratto riporta Via Sesto Celere del soggetto giuridico, non assunto automaticamente come ingresso della struttura.;Non documentata;2026-09-20;Non effettuata;Non rilevati: capacità autorizzata/accreditata non è disponibilità;;CHI-CON;Non certificata: vedere annualità e fonte;MOD-012;SRTRe adolescenti;Psichiatria;Residenziale;;Non consolidata;Convenzionata documentata;;https://www.aslroma3.it/wp-content/uploads/2025/05/contratto_budget_15595_villa-letizia-srl-_-villa-madre-chiara-ricci.pdf;;Convenzionate;https://www.aslroma3.it/wp-content/uploads/2025/05/contratto_budget_15595_villa-letizia-srl-_-villa-madre-chiara-ricci.pdf;"Da concordare con servizio inviante e accettazione; non acquisiti sistematicamente";"Individualizzata; durata specifica non consolidata";"Idoneità clinica e amministrativa da valutare; non dedotta dal solo accreditamento";Profilo del gestore / modulo: vedi fonti. Non certifica disponibilità giornaliera.;Indirizzo operativo da completare;Capacità del modulo non consolidata;Da distinguere;;Da distinguere;;Documentato in V5;"2025; riconfermare 2026";https://www.aslroma3.it/wp-content/uploads/2025/05/contratto_budget_15595_villa-letizia-srl-_-villa-madre-chiara-ricci.pdf;Da verificare;;;;;;Da verificare;Non documentato;;Privata / ente non ASL;Gestore identificato nel dossier V5;https://www.aslroma3.it/wp-content/uploads/2025/05/contratto_budget_15595_villa-letizia-srl-_-villa-madre-chiara-ricci.pdf;Ereditato V5;;Sì;Convenzionate;Convenzionata documentata;Conservato;Nessuna nuova verifica amministrativa/clinica introdotta dalla V7 strutturale.;Convenzionate;Coerente o compatibile;;Non riesaminato in V7.1;Nessuna modifica sostanziale;;Convenzionata documentata;Convenzionate;2026-09-20;"Classificazione V7.1 conservata; nessuna regressione introdotta nella V7.2.";Nessuna modifica sostanziale.;;Convenzionata documentata;Convenzionate;2026-09-20;Classificazione V7.2 conservata salvo nuove evidenze specifiche.;Nessuna modifica sostanziale.;;Convenzionata documentata;Convenzionate
SIL;Casa Siloè;Medinext s.r.l. impresa sociale;Privata / ente non ASL;Roma;RM;Roma 3;Via Portuense, 251;;;Contratto SSN firmato con periodo 2026 esplicito;04/05–31/12/2026;Contratto ufficiale;Non documentato;;SIL-CON;Assistenza psichiatrica semiresidenziale per adolescenti;"Percorso specialistico inviante; criteri d’età dettagliati e contatti d’accettazione da completare.";Adolescenti;;Non attribuito alla ASL Roma 3 come struttura interna: ASL territoriale/contraente distinta da Medinext.;Non documentata;2026-09-20;Non effettuata;Non rilevati: capacità autorizzata/accreditata non è disponibilità;https://www.google.com/maps/search/?api=1&query=Via%20Portuense%2C%20251%2C%20Roma%2C%20Italia;SIL-CON;Contratto ufficiale con periodo 2026;MOD-013;Centro diurno adolescenti;Psichiatria;Semiresidenziale;;Non consolidata;Convenzionata documentata;;https://www.aslroma3.it/wp-content/uploads/2026/07/contratto_budget_04_05_31_12_26-1.pdf;;Convenzionate;https://www.aslroma3.it/wp-content/uploads/2026/07/contratto_budget_04_05_31_12_26-1.pdf;"Da concordare con servizio inviante e accettazione; non acquisiti sistematicamente";"Individualizzata; durata specifica non consolidata";"Idoneità clinica e amministrativa da valutare; non dedotta dal solo accreditamento";Profilo del gestore / modulo: vedi fonti. Non certifica disponibilità giornaliera.;"Indirizzo pubblicato; ingresso e coordinate non verificati";Capacità del modulo non consolidata;Da distinguere;;Da distinguere;;Documentato in V5;04/05–31/12/2026;https://www.aslroma3.it/wp-content/uploads/2026/07/contratto_budget_04_05_31_12_26-1.pdf;Da verificare;;;;;;Da verificare;Non documentato;;Privata / ente non ASL;Gestore identificato nel dossier V5;https://www.aslroma3.it/wp-content/uploads/2026/07/contratto_budget_04_05_31_12_26-1.pdf;Ereditato V5;;Sì;Convenzionate;Convenzionata documentata;Conservato;Nessuna nuova verifica amministrativa/clinica introdotta dalla V7 strutturale.;Convenzionate;Coerente o compatibile;;Non riesaminato in V7.1;Nessuna modifica sostanziale;;Convenzionata documentata;Convenzionate;2026-09-20;"Classificazione V7.1 conservata; nessuna regressione introdotta nella V7.2.";Nessuna modifica sostanziale.;;Convenzionata documentata;Convenzionate;2026-09-20;Classificazione V7.2 conservata salvo nuove evidenze specifiche.;Nessuna modifica sostanziale.;;Convenzionata documentata;Convenzionate
VVS;Villa Von Siebenthal;Villa Von Siebenthal / gruppo GHC;Privata / ente non ASL;Genzano di Roma;RM;Roma 6;Via della Madonnina, 1;0693391801 / 0693391805;listaattesa@villavonsiebenthal.it;Convenzione SSN dichiarata nella Carta dei servizi;Carta09/12/2025 pubblicata 2026;Dichiarazione gestore;Non documentato;;VVS-CDS | VVS-ST;Valutazione psichiatrica e psicologica | Terapia farmacologica | Riabilitazione psicosociale | Interventi con familiari;"Invio CSM e PTI; STPIT anche trasferimento da SPDC/ospedale o domicilio con valutazione clinica.";Secondo modulo / da confermare;"Psichiatri, psicologi, riabilitatori, infermieri, OSS; consulenza internistica/cardiologica per STPIT.";;Non documentata;2026-09-20;Non effettuata;Non rilevati: capacità autorizzata/accreditata non è disponibilità;https://www.google.com/maps/search/?api=1&query=Via%20della%20Madonnina%2C%201%2C%20Genzano%20di%20Roma%2C%20Italia;VVS-CDS;Non certificata: vedere annualità e fonte;MOD-014;STPIT;Psichiatria;Intensivo territoriale STPIT;30;Dotazione dichiarata nella Carta;Convenzionata documentata;;https://www.ghcspa.com/sites/default/files/2026-06/Carta-dei-servizi-VVS-rev-09-12-2025.pdf | https://www.ghcspa.com/villavonsiebenthal/attivita/struttura-per-trattamenti-psichiatrici-intensivi-territoriali;;STPIT;https://www.ghcspa.com/sites/default/files/2026-06/Carta-dei-servizi-VVS-rev-09-12-2025.pdf;"Da concordare con servizio inviante e accettazione; non acquisiti sistematicamente";"Individualizzata; durata specifica non consolidata";"Idoneità clinica e amministrativa da valutare; non dedotta dal solo accreditamento";Profilo del gestore / modulo: vedi fonti. Non certifica disponibilità giornaliera.;"Indirizzo pubblicato; ingresso e coordinate non verificati";Dotazione dichiarata nella Carta;Da distinguere;;Da distinguere;;"Convenzione SSN dichiarata dal gestore; contratto ASL corrente non acquisito";Carta09/12/2025 pubblicata 2026;https://www.ghcspa.com/sites/default/files/2026-06/Carta-dei-servizi-VVS-rev-09-12-2025.pdf;Da verificare;;;;;30;Documentata/descritta per pazienti provenienti da altre ASL del Lazio;Non documentato specificamente;;Privata / ente non ASL;Gestore identificato nel dossier V5;https://www.ghcspa.com/sites/default/files/2026-06/Carta-dei-servizi-VVS-rev-09-12-2025.pdf | https://www.ghcspa.com/villavonsiebenthal/attivita/struttura-per-trattamenti-psichiatrici-intensivi-territoriali;STPIT verificato come servizio corrente;;Sì;STPIT;Convenzionata documentata;Conservato;Nessuna nuova verifica amministrativa/clinica introdotta dalla V7 strutturale.;STPIT;Coerente o compatibile;;Non riesaminato in V7.1;Nessuna modifica sostanziale;;Convenzionata documentata;STPIT;2026-09-20;"Classificazione V7.1 conservata; nessuna regressione introdotta nella V7.2.";Nessuna modifica sostanziale.;;Convenzionata documentata;STPIT;2026-09-20;Classificazione V7.2 conservata salvo nuove evidenze specifiche.;Nessuna modifica sostanziale.;;Convenzionata documentata;STPIT
VVS;Villa Von Siebenthal;Villa Von Siebenthal / gruppo GHC;Privata / ente non ASL;Genzano di Roma;RM;Roma 6;Via della Madonnina, 1;0693391801 / 0693391805;listaattesa@villavonsiebenthal.it;Convenzione SSN dichiarata nella Carta dei servizi;Carta09/12/2025 pubblicata 2026;Dichiarazione gestore;Non documentato;;VVS-CDS | VVS-ST;Valutazione psichiatrica e psicologica | Terapia farmacologica | Riabilitazione psicosociale | Interventi con familiari;"Invio CSM e PTI; STPIT anche trasferimento da SPDC/ospedale o domicilio con valutazione clinica.";Secondo modulo / da confermare;"Psichiatri, psicologi, riabilitatori, infermieri, OSS; consulenza internistica/cardiologica per STPIT.";;Non documentata;2026-09-20;Non effettuata;Non rilevati: capacità autorizzata/accreditata non è disponibilità;https://www.google.com/maps/search/?api=1&query=Via%20della%20Madonnina%2C%201%2C%20Genzano%20di%20Roma%2C%20Italia;VVS-CDS;Non certificata: vedere annualità e fonte;MOD-015;SRSR H24;Psichiatria;Residenziale;19;Dotazione dichiarata nella Carta;Convenzionata documentata;;https://www.ghcspa.com/sites/default/files/2026-06/Carta-dei-servizi-VVS-rev-09-12-2025.pdf | https://www.ghcspa.com/villavonsiebenthal/attivita/struttura-per-trattamenti-psichiatrici-intensivi-territoriali;;Convenzionate;https://www.ghcspa.com/sites/default/files/2026-06/Carta-dei-servizi-VVS-rev-09-12-2025.pdf;"Da concordare con servizio inviante e accettazione; non acquisiti sistematicamente";"Individualizzata; durata specifica non consolidata";"Idoneità clinica e amministrativa da valutare; non dedotta dal solo accreditamento";Profilo del gestore / modulo: vedi fonti. Non certifica disponibilità giornaliera.;"Indirizzo pubblicato; ingresso e coordinate non verificati";Dotazione dichiarata nella Carta;Da distinguere;;Da distinguere;;Documentato in V5;Carta09/12/2025 pubblicata 2026;https://www.ghcspa.com/sites/default/files/2026-06/Carta-dei-servizi-VVS-rev-09-12-2025.pdf;Da verificare;;;;;19;Documentata/descritta per pazienti provenienti da altre ASL del Lazio;Non documentato specificamente;;Privata / ente non ASL;Gestore identificato nel dossier V5;https://www.ghcspa.com/sites/default/files/2026-06/Carta-dei-servizi-VVS-rev-09-12-2025.pdf | https://www.ghcspa.com/villavonsiebenthal/attivita/struttura-per-trattamenti-psichiatrici-intensivi-territoriali;Ereditato V5;;Sì;Convenzionate;Convenzionata documentata;Conservato;Nessuna nuova verifica amministrativa/clinica introdotta dalla V7 strutturale.;Convenzionate;Coerente o compatibile;;Non riesaminato in V7.1;Nessuna modifica sostanziale;;Convenzionata documentata;Convenzionate;2026-09-20;"Classificazione V7.1 conservata; nessuna regressione introdotta nella V7.2.";Nessuna modifica sostanziale.;;Convenzionata documentata;Convenzionate;2026-09-20;Classificazione V7.2 conservata salvo nuove evidenze specifiche.;Nessuna modifica sostanziale.;;Convenzionata documentata;Convenzionate
VVS;Villa Von Siebenthal;Villa Von Siebenthal / gruppo GHC;Privata / ente non ASL;Genzano di Roma;RM;Roma 6;Via della Madonnina, 1;0693391801 / 0693391805;listaattesa@villavonsiebenthal.it;Convenzione SSN dichiarata nella Carta dei servizi;Carta09/12/2025 pubblicata 2026;Dichiarazione gestore;Non documentato;;VVS-CDS | VVS-ST;Valutazione psichiatrica e psicologica | Terapia farmacologica | Riabilitazione psicosociale | Interventi con familiari;"Invio CSM e PTI; STPIT anche trasferimento da SPDC/ospedale o domicilio con valutazione clinica.";Secondo modulo / da confermare;"Psichiatri, psicologi, riabilitatori, infermieri, OSS; consulenza internistica/cardiologica per STPIT.";;Non documentata;2026-09-20;Non effettuata;Non rilevati: capacità autorizzata/accreditata non è disponibilità;https://www.google.com/maps/search/?api=1&query=Via%20della%20Madonnina%2C%201%2C%20Genzano%20di%20Roma%2C%20Italia;VVS-CDS;Non certificata: vedere annualità e fonte;MOD-016;SRTRe adulti;Psichiatria;Residenziale;20;Dotazione dichiarata nella Carta;Convenzionata documentata;;https://www.ghcspa.com/sites/default/files/2026-06/Carta-dei-servizi-VVS-rev-09-12-2025.pdf | https://www.ghcspa.com/villavonsiebenthal/attivita/struttura-per-trattamenti-psichiatrici-intensivi-territoriali;;Convenzionate;https://www.ghcspa.com/sites/default/files/2026-06/Carta-dei-servizi-VVS-rev-09-12-2025.pdf;"Da concordare con servizio inviante e accettazione; non acquisiti sistematicamente";"Individualizzata; durata specifica non consolidata";"Idoneità clinica e amministrativa da valutare; non dedotta dal solo accreditamento";Profilo del gestore / modulo: vedi fonti. Non certifica disponibilità giornaliera.;"Indirizzo pubblicato; ingresso e coordinate non verificati";Dotazione dichiarata nella Carta;Da distinguere;;Da distinguere;;Documentato in V5;Carta09/12/2025 pubblicata 2026;https://www.ghcspa.com/sites/default/files/2026-06/Carta-dei-servizi-VVS-rev-09-12-2025.pdf;Da verificare;;;;;20;Documentata/descritta per pazienti provenienti da altre ASL del Lazio;Non documentato specificamente;;Privata / ente non ASL;Gestore identificato nel dossier V5;https://www.ghcspa.com/sites/default/files/2026-06/Carta-dei-servizi-VVS-rev-09-12-2025.pdf | https://www.ghcspa.com/villavonsiebenthal/attivita/struttura-per-trattamenti-psichiatrici-intensivi-territoriali;Ereditato V5;;Sì;Convenzionate;Convenzionata documentata;Conservato;Nessuna nuova verifica amministrativa/clinica introdotta dalla V7 strutturale.;Convenzionate;Coerente o compatibile;;Non riesaminato in V7.1;Nessuna modifica sostanziale;;Convenzionata documentata;Convenzionate;2026-09-20;"Classificazione V7.1 conservata; nessuna regressione introdotta nella V7.2.";Nessuna modifica sostanziale.;;Convenzionata documentata;Convenzionate;2026-09-20;Classificazione V7.2 conservata salvo nuove evidenze specifiche.;Nessuna modifica sostanziale.;;Convenzionata documentata;Convenzionate
VVS;Villa Von Siebenthal;Villa Von Siebenthal / gruppo GHC;Privata / ente non ASL;Genzano di Roma;RM;Roma 6;Via della Madonnina, 1;0693391801 / 0693391805;listaattesa@villavonsiebenthal.it;Convenzione SSN dichiarata nella Carta dei servizi;Carta09/12/2025 pubblicata 2026;Dichiarazione gestore;Non documentato;;VVS-CDS | VVS-ST;Valutazione psichiatrica e psicologica | Terapia farmacologica | Riabilitazione psicosociale | Interventi con familiari;"Invio CSM e PTI; STPIT anche trasferimento da SPDC/ospedale o domicilio con valutazione clinica.";Adolescenti;"Psichiatri, psicologi, riabilitatori, infermieri, OSS; consulenza internistica/cardiologica per STPIT.";;Non documentata;2026-09-20;Non effettuata;Non rilevati: capacità autorizzata/accreditata non è disponibilità;https://www.google.com/maps/search/?api=1&query=Via%20della%20Madonnina%2C%201%2C%20Genzano%20di%20Roma%2C%20Italia;VVS-CDS;Non certificata: vedere annualità e fonte;MOD-017;SRTRi adolescenti;Psichiatria;Residenziale;10;Dotazione dichiarata nella Carta;Convenzionata documentata;;https://www.ghcspa.com/sites/default/files/2026-06/Carta-dei-servizi-VVS-rev-09-12-2025.pdf | https://www.ghcspa.com/villavonsiebenthal/attivita/struttura-per-trattamenti-psichiatrici-intensivi-territoriali;;Convenzionate;https://www.ghcspa.com/sites/default/files/2026-06/Carta-dei-servizi-VVS-rev-09-12-2025.pdf;"Da concordare con servizio inviante e accettazione; non acquisiti sistematicamente";"Individualizzata; durata specifica non consolidata";"Idoneità clinica e amministrativa da valutare; non dedotta dal solo accreditamento";Profilo del gestore / modulo: vedi fonti. Non certifica disponibilità giornaliera.;"Indirizzo pubblicato; ingresso e coordinate non verificati";Dotazione dichiarata nella Carta;Da distinguere;;Da distinguere;;Documentato in V5;Carta09/12/2025 pubblicata 2026;https://www.ghcspa.com/sites/default/files/2026-06/Carta-dei-servizi-VVS-rev-09-12-2025.pdf;Da verificare;;;;;10;Documentata/descritta per pazienti provenienti da altre ASL del Lazio;Non documentato specificamente;;Privata / ente non ASL;Gestore identificato nel dossier V5;https://www.ghcspa.com/sites/default/files/2026-06/Carta-dei-servizi-VVS-rev-09-12-2025.pdf | https://www.ghcspa.com/villavonsiebenthal/attivita/struttura-per-trattamenti-psichiatrici-intensivi-territoriali;Ereditato V5;;Sì;Convenzionate;Convenzionata documentata;Conservato;Nessuna nuova verifica amministrativa/clinica introdotta dalla V7 strutturale.;Convenzionate;Coerente o compatibile;;Non riesaminato in V7.1;Nessuna modifica sostanziale;;Convenzionata documentata;Convenzionate;2026-09-20;"Classificazione V7.1 conservata; nessuna regressione introdotta nella V7.2.";Nessuna modifica sostanziale.;;Convenzionata documentata;Convenzionate;2026-09-20;Classificazione V7.2 conservata salvo nuove evidenze specifiche.;Nessuna modifica sostanziale.;;Convenzionata documentata;Convenzionate
VVS;Villa Von Siebenthal;Villa Von Siebenthal / gruppo GHC;Privata / ente non ASL;Genzano di Roma;RM;Roma 6;Via della Madonnina, 1;0693391801 / 0693391805;listaattesa@villavonsiebenthal.it;Convenzione SSN dichiarata nella Carta dei servizi;Carta09/12/2025 pubblicata 2026;Dichiarazione gestore;Non documentato;;VVS-CDS | VVS-ST;Valutazione psichiatrica e psicologica | Terapia farmacologica | Riabilitazione psicosociale | Interventi con familiari;"Invio CSM e PTI; STPIT anche trasferimento da SPDC/ospedale o domicilio con valutazione clinica.";Adolescenti;"Psichiatri, psicologi, riabilitatori, infermieri, OSS; consulenza internistica/cardiologica per STPIT.";;Non documentata;2026-09-20;Non effettuata;Non rilevati: capacità autorizzata/accreditata non è disponibilità;https://www.google.com/maps/search/?api=1&query=Via%20della%20Madonnina%2C%201%2C%20Genzano%20di%20Roma%2C%20Italia;VVS-CDS;Non certificata: vedere annualità e fonte;MOD-018;SRTRe adolescenti;Psichiatria;Residenziale;10;Dotazione dichiarata nella Carta;Convenzionata documentata;;https://www.ghcspa.com/sites/default/files/2026-06/Carta-dei-servizi-VVS-rev-09-12-2025.pdf | https://www.ghcspa.com/villavonsiebenthal/attivita/struttura-per-trattamenti-psichiatrici-intensivi-territoriali;;Convenzionate;https://www.ghcspa.com/sites/default/files/2026-06/Carta-dei-servizi-VVS-rev-09-12-2025.pdf;"Da concordare con servizio inviante e accettazione; non acquisiti sistematicamente";"Individualizzata; durata specifica non consolidata";"Idoneità clinica e amministrativa da valutare; non dedotta dal solo accreditamento";Profilo del gestore / modulo: vedi fonti. Non certifica disponibilità giornaliera.;"Indirizzo pubblicato; ingresso e coordinate non verificati";Dotazione dichiarata nella Carta;Da distinguere;;Da distinguere;;Documentato in V5;Carta09/12/2025 pubblicata 2026;https://www.ghcspa.com/sites/default/files/2026-06/Carta-dei-servizi-VVS-rev-09-12-2025.pdf;Da verificare;;;;;10;Documentata/descritta per pazienti provenienti da altre ASL del Lazio;Non documentato specificamente;;Privata / ente non ASL;Gestore identificato nel dossier V5;https://www.ghcspa.com/sites/default/files/2026-06/Carta-dei-servizi-VVS-rev-09-12-2025.pdf | https://www.ghcspa.com/villavonsiebenthal/attivita/struttura-per-trattamenti-psichiatrici-intensivi-territoriali;Ereditato V5;;Sì;Convenzionate;Convenzionata documentata;Conservato;Nessuna nuova verifica amministrativa/clinica introdotta dalla V7 strutturale.;Convenzionate;Coerente o compatibile;;Non riesaminato in V7.1;Nessuna modifica sostanziale;;Convenzionata documentata;Convenzionate;2026-09-20;"Classificazione V7.1 conservata; nessuna regressione introdotta nella V7.2.";Nessuna modifica sostanziale.;;Convenzionata documentata;Convenzionate;2026-09-20;Classificazione V7.2 conservata salvo nuove evidenze specifiche.;Nessuna modifica sostanziale.;;Convenzionata documentata;Convenzionate
VMP;Villa Maria Pia;Casa di cura Villa Maria Pia;Privata / ente non ASL;Roma;RM;Roma 1;Via del Forte Trionfale, 36;063052651 / 063052652;info@villamariapia.com;Tipologie convenzionate dichiarate dal gestore;"Pagina gestore consultata20/09/2026; decreto storico 2016";Dichiarazione gestore;Non documentato;;VMP-WEB | VMP-DEC;Valutazione psichiatrica | Trattamenti intensivi e riabilitativi | Supporto psicologico e socio-riabilitativo;"Invio CSM; valutazione clinica programmata, documentazione sanitaria, documento e tessera sanitaria.";;;Per SRSR H24: pagina indica15 autorizzati, decreto 2016solo10 accreditati. Non certificati15 posti SSN attuali.;Non documentata;2026-09-20;Non effettuata;Non rilevati: capacità autorizzata/accreditata non è disponibilità;https://www.google.com/maps/search/?api=1&query=Via%20del%20Forte%20Trionfale%2C%2036%2C%20Roma%2C%20Italia;VMP-WEB;Non certificata: vedere annualità e fonte;MOD-019;STPIT;Psichiatria;Intensivo territoriale STPIT;30;Dotazione dichiarata dal gestore;Convenzionata documentata;;https://villamariapia.com/ricoveri/ | https://www.regione.lazio.it/sites/default/files/decreti-commissario-ad-acta/SAN_DCA_U00052_29_02_2016.pdf;;STPIT;https://villamariapia.com/ricoveri/;"Da concordare con servizio inviante e accettazione; non acquisiti sistematicamente";"Individualizzata; durata specifica non consolidata";"Idoneità clinica e amministrativa da valutare; non dedotta dal solo accreditamento";Profilo del gestore / modulo: vedi fonti. Non certifica disponibilità giornaliera.;"Indirizzo pubblicato; ingresso e coordinate non verificati";Dotazione dichiarata dal gestore;Da distinguere;;Da distinguere;;Documentato in V5;"Pagina gestore consultata20/09/2026; decreto storico 2016";https://villamariapia.com/ricoveri/;Da verificare;;30;30;;30;Da verificare;Non documentato;;Privata / ente non ASL;Gestore identificato nel dossier V5;https://villamariapia.com/ricoveri/ | https://www.regione.lazio.it/sites/default/files/decreti-commissario-ad-acta/SAN_DCA_U00052_29_02_2016.pdf;STPIT verificato come servizio corrente;STPIT 30 autorizzati/accreditati. Separare dagli altri moduli della stessa struttura.;Sì;STPIT;Convenzionata documentata;Conservato;Nessuna nuova verifica amministrativa/clinica introdotta dalla V7 strutturale.;STPIT;Coerente o compatibile;;Non riesaminato in V7.1;Nessuna modifica sostanziale;;Convenzionata documentata;STPIT;2026-09-20;"Classificazione V7.1 conservata; nessuna regressione introdotta nella V7.2.";Nessuna modifica sostanziale.;;Convenzionata documentata;STPIT;2026-09-20;Classificazione V7.2 conservata salvo nuove evidenze specifiche.;Nessuna modifica sostanziale.;;Convenzionata documentata;STPIT
VMP;Villa Maria Pia;Casa di cura Villa Maria Pia;Privata / ente non ASL;Roma;RM;Roma 1;Via del Forte Trionfale, 36;063052651 / 063052652;info@villamariapia.com;Tipologie convenzionate dichiarate dal gestore;"Pagina gestore consultata20/09/2026; decreto storico 2016";Dichiarazione gestore;Non documentato;;VMP-WEB | VMP-DEC;Valutazione psichiatrica | Trattamenti intensivi e riabilitativi | Supporto psicologico e socio-riabilitativo;"Invio CSM; valutazione clinica programmata, documentazione sanitaria, documento e tessera sanitaria.";;;Per SRSR H24: pagina indica15 autorizzati, decreto 2016solo10 accreditati. Non certificati15 posti SSN attuali.;Non documentata;2026-09-20;Non effettuata;Non rilevati: capacità autorizzata/accreditata non è disponibilità;https://www.google.com/maps/search/?api=1&query=Via%20del%20Forte%20Trionfale%2C%2036%2C%20Roma%2C%20Italia;VMP-WEB;Non certificata: vedere annualità e fonte;MOD-020;SRSR H24;Psichiatria;Residenziale;15;Autorizzati dichiarati, non equiparati ad accreditati;Convenzionata documentata;"Conflitto temporale da verificare:10 accreditati nel 2016;15 autorizzati nella pagina attuale.";https://villamariapia.com/ricoveri/ | https://www.regione.lazio.it/sites/default/files/decreti-commissario-ad-acta/SAN_DCA_U00052_29_02_2016.pdf;;Convenzionate;https://villamariapia.com/ricoveri/;"Da concordare con servizio inviante e accettazione; non acquisiti sistematicamente";"Individualizzata; durata specifica non consolidata";"Idoneità clinica e amministrativa da valutare; non dedotta dal solo accreditamento";Profilo del gestore / modulo: vedi fonti. Non certifica disponibilità giornaliera.;"Indirizzo pubblicato; ingresso e coordinate non verificati";Autorizzati dichiarati, non equiparati ad accreditati;Documentata/indicata nel dossier V5;;Documentato/indicato nel dossier V5;;Documentato in V5;"Pagina gestore consultata20/09/2026; decreto storico 2016";https://villamariapia.com/ricoveri/;Da verificare;;15;15;;15;Da verificare;Non documentato;;Privata / ente non ASL;Gestore identificato nel dossier V5;https://villamariapia.com/ricoveri/ | https://www.regione.lazio.it/sites/default/files/decreti-commissario-ad-acta/SAN_DCA_U00052_29_02_2016.pdf;Ereditato V5;;Sì;Convenzionate;Convenzionata documentata;Conservato;Nessuna nuova verifica amministrativa/clinica introdotta dalla V7 strutturale.;Convenzionate;Coerente o compatibile;;Non riesaminato in V7.1;Nessuna modifica sostanziale;;Convenzionata documentata;Convenzionate;2026-09-20;"Classificazione V7.1 conservata; nessuna regressione introdotta nella V7.2.";Nessuna modifica sostanziale.;;Convenzionata documentata;Convenzionate;2026-09-20;Classificazione V7.2 conservata salvo nuove evidenze specifiche.;Nessuna modifica sostanziale.;;Convenzionata documentata;Convenzionate
VMP;Villa Maria Pia;Casa di cura Villa Maria Pia;Privata / ente non ASL;Roma;RM;Roma 1;Via del Forte Trionfale, 36;063052651 / 063052652;info@villamariapia.com;Tipologie convenzionate dichiarate dal gestore;"Pagina gestore consultata20/09/2026; decreto storico 2016";Dichiarazione gestore;Non documentato;;VMP-WEB | VMP-DEC;Valutazione psichiatrica | Trattamenti intensivi e riabilitativi | Supporto psicologico e socio-riabilitativo;"Invio CSM; valutazione clinica programmata, documentazione sanitaria, documento e tessera sanitaria.";;;Per SRSR H24: pagina indica15 autorizzati, decreto 2016solo10 accreditati. Non certificati15 posti SSN attuali.;Non documentata;2026-09-20;Non effettuata;Non rilevati: capacità autorizzata/accreditata non è disponibilità;https://www.google.com/maps/search/?api=1&query=Via%20del%20Forte%20Trionfale%2C%2036%2C%20Roma%2C%20Italia;VMP-WEB;Non certificata: vedere annualità e fonte;MOD-021;SRSR H12;Psichiatria;Residenziale;8;Dotazione dichiarata dal gestore;Convenzionata documentata;Non semiresidenziale.;https://villamariapia.com/ricoveri/ | https://www.regione.lazio.it/sites/default/files/decreti-commissario-ad-acta/SAN_DCA_U00052_29_02_2016.pdf;;Convenzionate;https://villamariapia.com/ricoveri/;"Da concordare con servizio inviante e accettazione; non acquisiti sistematicamente";"Individualizzata; durata specifica non consolidata";"Idoneità clinica e amministrativa da valutare; non dedotta dal solo accreditamento";Profilo del gestore / modulo: vedi fonti. Non certifica disponibilità giornaliera.;"Indirizzo pubblicato; ingresso e coordinate non verificati";Dotazione dichiarata dal gestore;Da distinguere;;Da distinguere;;Documentato in V5;"Pagina gestore consultata20/09/2026; decreto storico 2016";https://villamariapia.com/ricoveri/;Da verificare;;;;;8;Da verificare;Non documentato;;Privata / ente non ASL;Gestore identificato nel dossier V5;https://villamariapia.com/ricoveri/ | https://www.regione.lazio.it/sites/default/files/decreti-commissario-ad-acta/SAN_DCA_U00052_29_02_2016.pdf;Ereditato V5;;Sì;Convenzionate;Convenzionata documentata;Conservato;Nessuna nuova verifica amministrativa/clinica introdotta dalla V7 strutturale.;Convenzionate;Coerente o compatibile;;Non riesaminato in V7.1;Nessuna modifica sostanziale;;Convenzionata documentata;Convenzionate;2026-09-20;"Classificazione V7.1 conservata; nessuna regressione introdotta nella V7.2.";Nessuna modifica sostanziale.;;Convenzionata documentata;Convenzionate;2026-09-20;Classificazione V7.2 conservata salvo nuove evidenze specifiche.;Nessuna modifica sostanziale.;;Convenzionata documentata;Convenzionate
COL;Colle Cesarano;GERESS s.r.l. / Kormed;Privata / ente non ASL;Tivoli;RM;Roma 5;Via Maremmana Inferiore, 102 — Villa Adriana;07745001430 (accettazione) / 077450011 (centralino);accettazionesanitaria@collecesarano.com;Convenzione dichiarata dal gestore + budget ASL nominativo;"Budget 2025; pagine gestore consultate20/09/2026";Gestore + atto di budget;Non documentato;;COL-WEB | COL-ST | COL-INT | R5-BUD | R5-INT | COL-CONTACT;Valutazione e trattamento psichiatrico | Stabilizzazione clinica | Percorsi riabilitativi graduati;"Contatto accettazione e servizio inviante; idoneità al setting e autorizzazione da concordare.";;;"RSA esclusa. Accettazione: lun–ven 08:30–16:00; non è l’orario di funzionamento della residenza.";Non documentata;2026-09-20;Non effettuata;Non rilevati: capacità autorizzata/accreditata non è disponibilità;https://www.google.com/maps/search/?api=1&query=Via%20Maremmana%20Inferiore%2C%20102%20%E2%80%94%20Villa%20Adriana%2C%20Tivoli%2C%20Italia;COL-WEB | COL-ST | R5-BUD;Non certificata: vedere annualità e fonte;MOD-022;STPIT;Doppia diagnosi;Intensivo territoriale STPIT;30;Finanziabili 2025 / dotazione gestore;Convenzionata documentata;"Comorbidità psichiatrica con sostanze, alcol o gioco esplicitamente descritta; non SPDC.";https://www.collecesarano.com/ | https://www.collecesarano.com/stpit/ | https://www.collecesarano.com/srtr-intensiva/ | https://www.aslroma5.it/wp-content/uploads/2026/07/Delibera-n.-110-del-30.01.2025-BUDGET-PSICHIATRICHE.pdf | https://www.aslroma5.it/wp-content/uploads/2026/07/Delibera-n.-404-del-10.03.2025-BUDGET-PSICHIATRICHE-INTEGRAZIONE.pdf | https://www.collecesarano.com/contatti/;"Psichiatria; Dipendenze";STPIT;https://www.collecesarano.com/ | https://www.collecesarano.com/stpit/ | https://www.aslroma5.it/wp-content/uploads/2026/07/Delibera-n.-110-del-30.01.2025-BUDGET-PSICHIATRICHE.pdf;"Da concordare con servizio inviante e accettazione; non acquisiti sistematicamente";"Individualizzata; durata specifica non consolidata";"Idoneità clinica e amministrativa da valutare; non dedotta dal solo accreditamento";Profilo del gestore / modulo: vedi fonti. Non certifica disponibilità giornaliera.;"Indirizzo pubblicato; ingresso e coordinate non verificati";Finanziabili 2025 / dotazione gestore;Da distinguere;;Da distinguere;;Contratto ASL Roma 5 documentato nel ciclo 2025-2026;2025-2026;https://www.aslroma5.it/amministrazione-trasparente/strutture-sanitarie-private-accreditate/;Da verificare;;;;;30;Documentata/descritta per pazienti provenienti da altre ASL del Lazio;Non documentato specificamente;;Privata / ente non ASL;Gestore identificato nel dossier V5;https://www.collecesarano.com/ | https://www.collecesarano.com/stpit/ | https://www.collecesarano.com/srtr-intensiva/ | https://www.aslroma5.it/wp-content/uploads/2026/07/Delibera-n.-110-del-30.01.2025-BUDGET-PSICHIATRICHE.pdf | https://www.aslroma5.it/wp-content/uploads/2026/07/Delibera-n.-404-del-10.03.2025-BUDGET-PSICHIATRICHE-INTEGRAZIONE.pdf | https://www.collecesarano.com/contatti/;STPIT verificato come servizio corrente;;Sì;STPIT;Convenzionata documentata;Conservato;Nessuna nuova verifica amministrativa/clinica introdotta dalla V7 strutturale.;STPIT;Coerente o compatibile;;Non riesaminato in V7.1;Nessuna modifica sostanziale;;Convenzionata documentata;STPIT;2026-09-20;"Classificazione V7.1 conservata; nessuna regressione introdotta nella V7.2.";Nessuna modifica sostanziale.;;Convenzionata documentata;STPIT;2026-09-20;Classificazione V7.2 conservata salvo nuove evidenze specifiche.;Nessuna modifica sostanziale.;;Convenzionata documentata;STPIT
COL;Colle Cesarano;GERESS s.r.l. / Kormed;Privata / ente non ASL;Tivoli;RM;Roma 5;Via Maremmana Inferiore, 102 — Villa Adriana;07745001430 (accettazione) / 077450011 (centralino);accettazionesanitaria@collecesarano.com;Convenzione dichiarata dal gestore + budget ASL nominativo;"Budget 2025; pagine gestore consultate20/09/2026";Gestore + atto di budget;Non documentato;;COL-WEB | COL-ST | COL-INT | R5-BUD | R5-INT | COL-CONTACT;Valutazione e trattamento psichiatrico | Stabilizzazione clinica | Percorsi riabilitativi graduati;"Contatto accettazione e servizio inviante; idoneità al setting e autorizzazione da concordare.";;;"RSA esclusa. Accettazione: lun–ven 08:30–16:00; non è l’orario di funzionamento della residenza.";Non documentata;2026-09-20;Non effettuata;Non rilevati: capacità autorizzata/accreditata non è disponibilità;https://www.google.com/maps/search/?api=1&query=Via%20Maremmana%20Inferiore%2C%20102%20%E2%80%94%20Villa%20Adriana%2C%20Tivoli%2C%20Italia;COL-WEB | COL-ST | R5-BUD;Non certificata: vedere annualità e fonte;MOD-023;SRTRi B2;Doppia diagnosi;Residenziale;20;Finanziabili 2025 / dotazione gestore;Convenzionata documentata;;https://www.collecesarano.com/ | https://www.collecesarano.com/stpit/ | https://www.collecesarano.com/srtr-intensiva/ | https://www.aslroma5.it/wp-content/uploads/2026/07/Delibera-n.-110-del-30.01.2025-BUDGET-PSICHIATRICHE.pdf | https://www.aslroma5.it/wp-content/uploads/2026/07/Delibera-n.-404-del-10.03.2025-BUDGET-PSICHIATRICHE-INTEGRAZIONE.pdf | https://www.collecesarano.com/contatti/;"Psichiatria; Dipendenze";Convenzionate;https://www.collecesarano.com/ | https://www.collecesarano.com/stpit/ | https://www.aslroma5.it/wp-content/uploads/2026/07/Delibera-n.-110-del-30.01.2025-BUDGET-PSICHIATRICHE.pdf;"Da concordare con servizio inviante e accettazione; non acquisiti sistematicamente";"Individualizzata; durata specifica non consolidata";"Idoneità clinica e amministrativa da valutare; non dedotta dal solo accreditamento";Profilo del gestore / modulo: vedi fonti. Non certifica disponibilità giornaliera.;"Indirizzo pubblicato; ingresso e coordinate non verificati";Finanziabili 2025 / dotazione gestore;Da distinguere;;Da distinguere;;Documentato in V5;"Budget 2025; pagine gestore consultate20/09/2026";https://www.collecesarano.com/ | https://www.collecesarano.com/stpit/ | https://www.aslroma5.it/wp-content/uploads/2026/07/Delibera-n.-110-del-30.01.2025-BUDGET-PSICHIATRICHE.pdf;Da verificare;;;;;20;Documentata/descritta per pazienti provenienti da altre ASL del Lazio;Non documentato specificamente;;Privata / ente non ASL;Gestore identificato nel dossier V5;https://www.collecesarano.com/ | https://www.collecesarano.com/stpit/ | https://www.collecesarano.com/srtr-intensiva/ | https://www.aslroma5.it/wp-content/uploads/2026/07/Delibera-n.-110-del-30.01.2025-BUDGET-PSICHIATRICHE.pdf | https://www.aslroma5.it/wp-content/uploads/2026/07/Delibera-n.-404-del-10.03.2025-BUDGET-PSICHIATRICHE-INTEGRAZIONE.pdf | https://www.collecesarano.com/contatti/;Ereditato V5;;Sì;Convenzionate;Convenzionata documentata;Conservato;Nessuna nuova verifica amministrativa/clinica introdotta dalla V7 strutturale.;Convenzionate;Coerente o compatibile;;Non riesaminato in V7.1;Nessuna modifica sostanziale;;Convenzionata documentata;Convenzionate;2026-09-20;"Classificazione V7.1 conservata; nessuna regressione introdotta nella V7.2.";Nessuna modifica sostanziale.;;Convenzionata documentata;Convenzionate;2026-09-20;Classificazione V7.2 conservata salvo nuove evidenze specifiche.;Nessuna modifica sostanziale.;;Convenzionata documentata;Convenzionate
COL;Colle Cesarano;GERESS s.r.l. / Kormed;Privata / ente non ASL;Tivoli;RM;Roma 5;Via Maremmana Inferiore, 102 — Villa Adriana;07745001430 (accettazione) / 077450011 (centralino);accettazionesanitaria@collecesarano.com;Convenzione dichiarata dal gestore + budget ASL nominativo;"Budget 2025; pagine gestore consultate20/09/2026";Gestore + atto di budget;Non documentato;;COL-WEB | COL-ST | COL-INT | R5-BUD | R5-INT | COL-CONTACT;Valutazione e trattamento psichiatrico | Stabilizzazione clinica | Percorsi riabilitativi graduati;"Contatto accettazione e servizio inviante; idoneità al setting e autorizzazione da concordare.";;;"RSA esclusa. Accettazione: lun–ven 08:30–16:00; non è l’orario di funzionamento della residenza.";Non documentata;2026-09-20;Non effettuata;Non rilevati: capacità autorizzata/accreditata non è disponibilità;https://www.google.com/maps/search/?api=1&query=Via%20Maremmana%20Inferiore%2C%20102%20%E2%80%94%20Villa%20Adriana%2C%20Tivoli%2C%20Italia;COL-WEB | COL-ST | R5-BUD;Non certificata: vedere annualità e fonte;MOD-024;SRTRe Agorà;Psichiatria;Residenziale;20;Posti finanziabili nell’allegatoASL2025;Convenzionata documentata;;https://www.collecesarano.com/ | https://www.collecesarano.com/stpit/ | https://www.collecesarano.com/srtr-intensiva/ | https://www.aslroma5.it/wp-content/uploads/2026/07/Delibera-n.-110-del-30.01.2025-BUDGET-PSICHIATRICHE.pdf | https://www.aslroma5.it/wp-content/uploads/2026/07/Delibera-n.-404-del-10.03.2025-BUDGET-PSICHIATRICHE-INTEGRAZIONE.pdf | https://www.collecesarano.com/contatti/;;Convenzionate;https://www.collecesarano.com/ | https://www.collecesarano.com/stpit/ | https://www.aslroma5.it/wp-content/uploads/2026/07/Delibera-n.-110-del-30.01.2025-BUDGET-PSICHIATRICHE.pdf;"Da concordare con servizio inviante e accettazione; non acquisiti sistematicamente";"Individualizzata; durata specifica non consolidata";"Idoneità clinica e amministrativa da valutare; non dedotta dal solo accreditamento";Profilo del gestore / modulo: vedi fonti. Non certifica disponibilità giornaliera.;"Indirizzo pubblicato; ingresso e coordinate non verificati";Posti finanziabili nell’allegatoASL2025;Da distinguere;;Da distinguere;;Documentato in V5;"Budget 2025; pagine gestore consultate20/09/2026";https://www.collecesarano.com/ | https://www.collecesarano.com/stpit/ | https://www.aslroma5.it/wp-content/uploads/2026/07/Delibera-n.-110-del-30.01.2025-BUDGET-PSICHIATRICHE.pdf;Da verificare;;;;;20;Documentata/descritta per pazienti provenienti da altre ASL del Lazio;Non documentato specificamente;;Privata / ente non ASL;Gestore identificato nel dossier V5;https://www.collecesarano.com/ | https://www.collecesarano.com/stpit/ | https://www.collecesarano.com/srtr-intensiva/ | https://www.aslroma5.it/wp-content/uploads/2026/07/Delibera-n.-110-del-30.01.2025-BUDGET-PSICHIATRICHE.pdf | https://www.aslroma5.it/wp-content/uploads/2026/07/Delibera-n.-404-del-10.03.2025-BUDGET-PSICHIATRICHE-INTEGRAZIONE.pdf | https://www.collecesarano.com/contatti/;Ereditato V5;;Sì;Convenzionate;Convenzionata documentata;Conservato;Nessuna nuova verifica amministrativa/clinica introdotta dalla V7 strutturale.;Convenzionate;Coerente o compatibile;;Non riesaminato in V7.1;Nessuna modifica sostanziale;;Convenzionata documentata;Convenzionate;2026-09-20;"Classificazione V7.1 conservata; nessuna regressione introdotta nella V7.2.";Nessuna modifica sostanziale.;;Convenzionata documentata;Convenzionate;2026-09-20;Classificazione V7.2 conservata salvo nuove evidenze specifiche.;Nessuna modifica sostanziale.;;Convenzionata documentata;Convenzionate
COL;Colle Cesarano;GERESS s.r.l. / Kormed;Privata / ente non ASL;Tivoli;RM;Roma 5;Via Maremmana Inferiore, 102 — Villa Adriana;07745001430 (accettazione) / 077450011 (centralino);accettazionesanitaria@collecesarano.com;Convenzione dichiarata dal gestore + budget ASL nominativo;"Budget 2025; pagine gestore consultate20/09/2026";Gestore + atto di budget;Non documentato;;COL-WEB | COL-ST | COL-INT | R5-BUD | R5-INT | COL-CONTACT;Valutazione e trattamento psichiatrico | Stabilizzazione clinica | Percorsi riabilitativi graduati;"Contatto accettazione e servizio inviante; idoneità al setting e autorizzazione da concordare.";;;"RSA esclusa. Accettazione: lun–ven 08:30–16:00; non è l’orario di funzionamento della residenza.";Non documentata;2026-09-20;Non effettuata;Non rilevati: capacità autorizzata/accreditata non è disponibilità;https://www.google.com/maps/search/?api=1&query=Via%20Maremmana%20Inferiore%2C%20102%20%E2%80%94%20Villa%20Adriana%2C%20Tivoli%2C%20Italia;COL-WEB | COL-ST | R5-BUD;Non certificata: vedere annualità e fonte;MOD-025;SRSR H12 B3;Psichiatria;Residenziale;20;Posti finanziabili nell’allegatoASL2025;Convenzionata documentata;;https://www.collecesarano.com/ | https://www.collecesarano.com/stpit/ | https://www.collecesarano.com/srtr-intensiva/ | https://www.aslroma5.it/wp-content/uploads/2026/07/Delibera-n.-110-del-30.01.2025-BUDGET-PSICHIATRICHE.pdf | https://www.aslroma5.it/wp-content/uploads/2026/07/Delibera-n.-404-del-10.03.2025-BUDGET-PSICHIATRICHE-INTEGRAZIONE.pdf | https://www.collecesarano.com/contatti/;;Convenzionate;https://www.collecesarano.com/ | https://www.collecesarano.com/stpit/ | https://www.aslroma5.it/wp-content/uploads/2026/07/Delibera-n.-110-del-30.01.2025-BUDGET-PSICHIATRICHE.pdf;"Da concordare con servizio inviante e accettazione; non acquisiti sistematicamente";"Individualizzata; durata specifica non consolidata";"Idoneità clinica e amministrativa da valutare; non dedotta dal solo accreditamento";Profilo del gestore / modulo: vedi fonti. Non certifica disponibilità giornaliera.;"Indirizzo pubblicato; ingresso e coordinate non verificati";Posti finanziabili nell’allegatoASL2025;Da distinguere;;Da distinguere;;Documentato in V5;"Budget 2025; pagine gestore consultate20/09/2026";https://www.collecesarano.com/ | https://www.collecesarano.com/stpit/ | https://www.aslroma5.it/wp-content/uploads/2026/07/Delibera-n.-110-del-30.01.2025-BUDGET-PSICHIATRICHE.pdf;Da verificare;;;;;20;Documentata/descritta per pazienti provenienti da altre ASL del Lazio;Non documentato specificamente;;Privata / ente non ASL;Gestore identificato nel dossier V5;https://www.collecesarano.com/ | https://www.collecesarano.com/stpit/ | https://www.collecesarano.com/srtr-intensiva/ | https://www.aslroma5.it/wp-content/uploads/2026/07/Delibera-n.-110-del-30.01.2025-BUDGET-PSICHIATRICHE.pdf | https://www.aslroma5.it/wp-content/uploads/2026/07/Delibera-n.-404-del-10.03.2025-BUDGET-PSICHIATRICHE-INTEGRAZIONE.pdf | https://www.collecesarano.com/contatti/;Ereditato V5;;Sì;Convenzionate;Convenzionata documentata;Conservato;Nessuna nuova verifica amministrativa/clinica introdotta dalla V7 strutturale.;Convenzionate;Coerente o compatibile;;Non riesaminato in V7.1;Nessuna modifica sostanziale;;Convenzionata documentata;Convenzionate;2026-09-20;"Classificazione V7.1 conservata; nessuna regressione introdotta nella V7.2.";Nessuna modifica sostanziale.;;Convenzionata documentata;Convenzionate;2026-09-20;Classificazione V7.2 conservata salvo nuove evidenze specifiche.;Nessuna modifica sostanziale.;;Convenzionata documentata;Convenzionate
COL;Colle Cesarano;GERESS s.r.l. / Kormed;Privata / ente non ASL;Tivoli;RM;Roma 5;Via Maremmana Inferiore, 102 — Villa Adriana;07745001430 (accettazione) / 077450011 (centralino);accettazionesanitaria@collecesarano.com;Convenzione dichiarata dal gestore + budget ASL nominativo;"Budget 2025; pagine gestore consultate20/09/2026";Gestore + atto di budget;Non documentato;;COL-WEB | COL-ST | COL-INT | R5-BUD | R5-INT | COL-CONTACT;Valutazione e trattamento psichiatrico | Stabilizzazione clinica | Percorsi riabilitativi graduati;"Contatto accettazione e servizio inviante; idoneità al setting e autorizzazione da concordare.";;;"RSA esclusa. Accettazione: lun–ven 08:30–16:00; non è l’orario di funzionamento della residenza.";Non documentata;2026-09-20;Non effettuata;Non rilevati: capacità autorizzata/accreditata non è disponibilità;https://www.google.com/maps/search/?api=1&query=Via%20Maremmana%20Inferiore%2C%20102%20%E2%80%94%20Villa%20Adriana%2C%20Tivoli%2C%20Italia;COL-WEB | COL-ST | R5-BUD;Non certificata: vedere annualità e fonte;MOD-026;SRSR H24 A1;Psichiatria;Residenziale;20;Posti finanziabili nell’allegatoASL2025;Convenzionata documentata;;https://www.collecesarano.com/ | https://www.collecesarano.com/stpit/ | https://www.collecesarano.com/srtr-intensiva/ | https://www.aslroma5.it/wp-content/uploads/2026/07/Delibera-n.-110-del-30.01.2025-BUDGET-PSICHIATRICHE.pdf | https://www.aslroma5.it/wp-content/uploads/2026/07/Delibera-n.-404-del-10.03.2025-BUDGET-PSICHIATRICHE-INTEGRAZIONE.pdf | https://www.collecesarano.com/contatti/;;Convenzionate;https://www.collecesarano.com/ | https://www.collecesarano.com/stpit/ | https://www.aslroma5.it/wp-content/uploads/2026/07/Delibera-n.-110-del-30.01.2025-BUDGET-PSICHIATRICHE.pdf;"Da concordare con servizio inviante e accettazione; non acquisiti sistematicamente";"Individualizzata; durata specifica non consolidata";"Idoneità clinica e amministrativa da valutare; non dedotta dal solo accreditamento";Profilo del gestore / modulo: vedi fonti. Non certifica disponibilità giornaliera.;"Indirizzo pubblicato; ingresso e coordinate non verificati";Posti finanziabili nell’allegatoASL2025;Da distinguere;;Da distinguere;;Documentato in V5;"Budget 2025; pagine gestore consultate20/09/2026";https://www.collecesarano.com/ | https://www.collecesarano.com/stpit/ | https://www.aslroma5.it/wp-content/uploads/2026/07/Delibera-n.-110-del-30.01.2025-BUDGET-PSICHIATRICHE.pdf;Da verificare;;;;;20;Documentata/descritta per pazienti provenienti da altre ASL del Lazio;Non documentato specificamente;;Privata / ente non ASL;Gestore identificato nel dossier V5;https://www.collecesarano.com/ | https://www.collecesarano.com/stpit/ | https://www.collecesarano.com/srtr-intensiva/ | https://www.aslroma5.it/wp-content/uploads/2026/07/Delibera-n.-110-del-30.01.2025-BUDGET-PSICHIATRICHE.pdf | https://www.aslroma5.it/wp-content/uploads/2026/07/Delibera-n.-404-del-10.03.2025-BUDGET-PSICHIATRICHE-INTEGRAZIONE.pdf | https://www.collecesarano.com/contatti/;Ereditato V5;;Sì;Convenzionate;Convenzionata documentata;Conservato;Nessuna nuova verifica amministrativa/clinica introdotta dalla V7 strutturale.;Convenzionate;Coerente o compatibile;;Non riesaminato in V7.1;Nessuna modifica sostanziale;;Convenzionata documentata;Convenzionate;2026-09-20;"Classificazione V7.1 conservata; nessuna regressione introdotta nella V7.2.";Nessuna modifica sostanziale.;;Convenzionata documentata;Convenzionate;2026-09-20;Classificazione V7.2 conservata salvo nuove evidenze specifiche.;Nessuna modifica sostanziale.;;Convenzionata documentata;Convenzionate
COL;Colle Cesarano;GERESS s.r.l. / Kormed;Privata / ente non ASL;Tivoli;RM;Roma 5;Via Maremmana Inferiore, 102 — Villa Adriana;07745001430 (accettazione) / 077450011 (centralino);accettazionesanitaria@collecesarano.com;Convenzione dichiarata dal gestore + budget ASL nominativo;"Budget 2025; pagine gestore consultate20/09/2026";Gestore + atto di budget;Non documentato;;COL-WEB | COL-ST | COL-INT | R5-BUD | R5-INT | COL-CONTACT;Valutazione e trattamento psichiatrico | Stabilizzazione clinica | Percorsi riabilitativi graduati;"Contatto accettazione e servizio inviante; idoneità al setting e autorizzazione da concordare.";;;"RSA esclusa. Accettazione: lun–ven 08:30–16:00; non è l’orario di funzionamento della residenza.";Non documentata;2026-09-20;Non effettuata;Non rilevati: capacità autorizzata/accreditata non è disponibilità;https://www.google.com/maps/search/?api=1&query=Via%20Maremmana%20Inferiore%2C%20102%20%E2%80%94%20Villa%20Adriana%2C%20Tivoli%2C%20Italia;COL-WEB | COL-ST | R5-BUD;Non certificata: vedere annualità e fonte;MOD-027;SRSR H24 A2;Psichiatria;Residenziale;20;Posti finanziabili nell’allegatoASL2025;Convenzionata documentata;;https://www.collecesarano.com/ | https://www.collecesarano.com/stpit/ | https://www.collecesarano.com/srtr-intensiva/ | https://www.aslroma5.it/wp-content/uploads/2026/07/Delibera-n.-110-del-30.01.2025-BUDGET-PSICHIATRICHE.pdf | https://www.aslroma5.it/wp-content/uploads/2026/07/Delibera-n.-404-del-10.03.2025-BUDGET-PSICHIATRICHE-INTEGRAZIONE.pdf | https://www.collecesarano.com/contatti/;;Convenzionate;https://www.collecesarano.com/ | https://www.collecesarano.com/stpit/ | https://www.aslroma5.it/wp-content/uploads/2026/07/Delibera-n.-110-del-30.01.2025-BUDGET-PSICHIATRICHE.pdf;"Da concordare con servizio inviante e accettazione; non acquisiti sistematicamente";"Individualizzata; durata specifica non consolidata";"Idoneità clinica e amministrativa da valutare; non dedotta dal solo accreditamento";Profilo del gestore / modulo: vedi fonti. Non certifica disponibilità giornaliera.;"Indirizzo pubblicato; ingresso e coordinate non verificati";Posti finanziabili nell’allegatoASL2025;Da distinguere;;Da distinguere;;Documentato in V5;"Budget 2025; pagine gestore consultate20/09/2026";https://www.collecesarano.com/ | https://www.collecesarano.com/stpit/ | https://www.aslroma5.it/wp-content/uploads/2026/07/Delibera-n.-110-del-30.01.2025-BUDGET-PSICHIATRICHE.pdf;Da verificare;;;;;20;Documentata/descritta per pazienti provenienti da altre ASL del Lazio;Non documentato specificamente;;Privata / ente non ASL;Gestore identificato nel dossier V5;https://www.collecesarano.com/ | https://www.collecesarano.com/stpit/ | https://www.collecesarano.com/srtr-intensiva/ | https://www.aslroma5.it/wp-content/uploads/2026/07/Delibera-n.-110-del-30.01.2025-BUDGET-PSICHIATRICHE.pdf | https://www.aslroma5.it/wp-content/uploads/2026/07/Delibera-n.-404-del-10.03.2025-BUDGET-PSICHIATRICHE-INTEGRAZIONE.pdf | https://www.collecesarano.com/contatti/;Ereditato V5;;Sì;Convenzionate;Convenzionata documentata;Conservato;Nessuna nuova verifica amministrativa/clinica introdotta dalla V7 strutturale.;Convenzionate;Coerente o compatibile;;Non riesaminato in V7.1;Nessuna modifica sostanziale;;Convenzionata documentata;Convenzionate;2026-09-20;"Classificazione V7.1 conservata; nessuna regressione introdotta nella V7.2.";Nessuna modifica sostanziale.;;Convenzionata documentata;Convenzionate;2026-09-20;Classificazione V7.2 conservata salvo nuove evidenze specifiche.;Nessuna modifica sostanziale.;;Convenzionata documentata;Convenzionate
COL;Colle Cesarano;GERESS s.r.l. / Kormed;Privata / ente non ASL;Tivoli;RM;Roma 5;Via Maremmana Inferiore, 102 — Villa Adriana;07745001430 (accettazione) / 077450011 (centralino);accettazionesanitaria@collecesarano.com;Convenzione dichiarata dal gestore + budget ASL nominativo;"Budget 2025; pagine gestore consultate20/09/2026";Gestore + atto di budget;Non documentato;;COL-WEB | COL-ST | COL-INT | R5-BUD | R5-INT | COL-CONTACT;Valutazione e trattamento psichiatrico | Stabilizzazione clinica | Percorsi riabilitativi graduati;"Contatto accettazione e servizio inviante; idoneità al setting e autorizzazione da concordare.";;;"RSA esclusa. Accettazione: lun–ven 08:30–16:00; non è l’orario di funzionamento della residenza.";Non documentata;2026-09-20;Non effettuata;Non rilevati: capacità autorizzata/accreditata non è disponibilità;https://www.google.com/maps/search/?api=1&query=Via%20Maremmana%20Inferiore%2C%20102%20%E2%80%94%20Villa%20Adriana%2C%20Tivoli%2C%20Italia;COL-WEB | COL-ST | R5-BUD;Non certificata: vedere annualità e fonte;MOD-028;SRSR H24 B4;Psichiatria;Residenziale;20;Posti finanziabili nell’allegatoASL2025;Convenzionata documentata;;https://www.collecesarano.com/ | https://www.collecesarano.com/stpit/ | https://www.collecesarano.com/srtr-intensiva/ | https://www.aslroma5.it/wp-content/uploads/2026/07/Delibera-n.-110-del-30.01.2025-BUDGET-PSICHIATRICHE.pdf | https://www.aslroma5.it/wp-content/uploads/2026/07/Delibera-n.-404-del-10.03.2025-BUDGET-PSICHIATRICHE-INTEGRAZIONE.pdf | https://www.collecesarano.com/contatti/;;Convenzionate;https://www.collecesarano.com/ | https://www.collecesarano.com/stpit/ | https://www.aslroma5.it/wp-content/uploads/2026/07/Delibera-n.-110-del-30.01.2025-BUDGET-PSICHIATRICHE.pdf;"Da concordare con servizio inviante e accettazione; non acquisiti sistematicamente";"Individualizzata; durata specifica non consolidata";"Idoneità clinica e amministrativa da valutare; non dedotta dal solo accreditamento";Profilo del gestore / modulo: vedi fonti. Non certifica disponibilità giornaliera.;"Indirizzo pubblicato; ingresso e coordinate non verificati";Posti finanziabili nell’allegatoASL2025;Da distinguere;;Da distinguere;;Documentato in V5;"Budget 2025; pagine gestore consultate20/09/2026";https://www.collecesarano.com/ | https://www.collecesarano.com/stpit/ | https://www.aslroma5.it/wp-content/uploads/2026/07/Delibera-n.-110-del-30.01.2025-BUDGET-PSICHIATRICHE.pdf;Da verificare;;;;;20;Documentata/descritta per pazienti provenienti da altre ASL del Lazio;Non documentato specificamente;;Privata / ente non ASL;Gestore identificato nel dossier V5;https://www.collecesarano.com/ | https://www.collecesarano.com/stpit/ | https://www.collecesarano.com/srtr-intensiva/ | https://www.aslroma5.it/wp-content/uploads/2026/07/Delibera-n.-110-del-30.01.2025-BUDGET-PSICHIATRICHE.pdf | https://www.aslroma5.it/wp-content/uploads/2026/07/Delibera-n.-404-del-10.03.2025-BUDGET-PSICHIATRICHE-INTEGRAZIONE.pdf | https://www.collecesarano.com/contatti/;Ereditato V5;;Sì;Convenzionate;Convenzionata documentata;Conservato;Nessuna nuova verifica amministrativa/clinica introdotta dalla V7 strutturale.;Convenzionate;Coerente o compatibile;;Non riesaminato in V7.1;Nessuna modifica sostanziale;;Convenzionata documentata;Convenzionate;2026-09-20;"Classificazione V7.1 conservata; nessuna regressione introdotta nella V7.2.";Nessuna modifica sostanziale.;;Convenzionata documentata;Convenzionate;2026-09-20;Classificazione V7.2 conservata salvo nuove evidenze specifiche.;Nessuna modifica sostanziale.;;Convenzionata documentata;Convenzionate
COST;Villa Costanza;LOB s.r.l. / Kormed;Privata / ente non ASL;Rocca Priora;RM;Roma 6;Via Belmonte, 74;069470223;accoglienza.villacostanza@kormed.it;19 posti convenzionati dichiarati nella Carta 2026;Carta01/07/2026;Dichiarazione gestore;Non documentato;;COST-WEB | COST-CDS;Stabilizzazione clinica | Riabilitazione delle autonomie | Prevenzione ricadute | Percorsi psicoeducativi e sociali;"Valutazione CSM, progetto individuale e autorizzazione; colloquio pre-ingresso e lista di attesa.";18–45 anni secondo gestore;;Patologia psichiatrica con possibile dipendenza concomitante esplicitata dal sito.;"Assenza di barriere dichiarata dal gestore; requisiti di autonomia individuale da valutare.";2026-09-20;Non effettuata;Non rilevati: capacità autorizzata/accreditata non è disponibilità;https://www.google.com/maps/search/?api=1&query=Via%20Belmonte%2C%2074%2C%20Rocca%20Priora%2C%20Italia;COST-CDS;Dichiarazione del gestore nella Carta di luglio 2026;MOD-029;SRTRe;Doppia diagnosi;Residenziale;19;Convenzionati dichiarati nella Carta 2026;Convenzionata documentata;;https://www.kormed.it/strutture/comunita-psichiatrica-villa-costanza/ | https://www.kormed.it/wp-content/uploads/2022/07/CdS-Villa-Costanza-rev7-01-luglio-2026-260703.pdf;"Psichiatria; Dipendenze";Convenzionate;https://www.kormed.it/wp-content/uploads/2022/07/CdS-Villa-Costanza-rev7-01-luglio-2026-260703.pdf;"Da concordare con servizio inviante e accettazione; non acquisiti sistematicamente";"Individualizzata; durata specifica non consolidata";"Idoneità clinica e amministrativa da valutare; non dedotta dal solo accreditamento";Profilo del gestore / modulo: vedi fonti. Non certifica disponibilità giornaliera.;"Indirizzo pubblicato; ingresso e coordinate non verificati";Convenzionati dichiarati nella Carta 2026;Da distinguere;;Da distinguere;;Documentato in V5;Carta01/07/2026;https://www.kormed.it/wp-content/uploads/2022/07/CdS-Villa-Costanza-rev7-01-luglio-2026-260703.pdf;Da verificare;;;;;19;Da verificare;Non documentato;;Privata / ente non ASL;Gestore identificato nel dossier V5;https://www.kormed.it/strutture/comunita-psichiatrica-villa-costanza/ | https://www.kormed.it/wp-content/uploads/2022/07/CdS-Villa-Costanza-rev7-01-luglio-2026-260703.pdf;Ereditato V5;;Sì;Convenzionate;Convenzionata documentata;Conservato;Nessuna nuova verifica amministrativa/clinica introdotta dalla V7 strutturale.;Convenzionate;Coerente o compatibile;;Non riesaminato in V7.1;Nessuna modifica sostanziale;;Convenzionata documentata;Convenzionate;2026-09-20;"Classificazione V7.1 conservata; nessuna regressione introdotta nella V7.2.";Nessuna modifica sostanziale.;;Convenzionata documentata;Convenzionate;2026-09-20;Classificazione V7.2 conservata salvo nuove evidenze specifiche.;Nessuna modifica sostanziale.;;Convenzionata documentata;Convenzionate
SAM;Samadi;Struttura Residenziale Psichiatrica Samadi S.p.A. / GHC;Privata / ente non ASL;Roma;RM;Roma 1;Via di Grottarossa, km2.200;06330141;accettazione@samadi.it;"68 posti accreditati; contratto/convenzione puntuale da acquisire";PARS09/02/2026;Da completare;Non documentato;;SAM-PARS | SAM-WEB | SAM-STR | SAM-GEN;Valutazione psichiatrica | Psicoterapia e interventi familiari | Riabilitazione psicosociale | Coordinamento CSM;"Richiesta CSM; autorizzazione UVM per moduli riabilitativi; valutazione di idoneità.";;;"STPIT censito anche se la prova contrattuale non è ancora consolidata; gli altri moduli restano nel registro da completare. Segreteria: lun–ven 09:30–13:00 e 14:00–16:30. La pagina contiene disposizioni COVID storiche non considerate vigenti.";Non documentata;2026-09-20;Non effettuata;Non rilevati: capacità autorizzata/accreditata non è disponibilità;https://www.google.com/maps/search/?api=1&query=Via%20di%20Grottarossa%2C%20km2.200%2C%20Roma%2C%20Italia;;Non certificata: vedere annualità e fonte;MOD-030;STPIT;Psichiatria;Intensivo territoriale STPIT;30;Accreditati nel PARS 2026;Accreditata: convenzione da comprovare;;https://www.ghcspa.com/sites/default/files/2026-02/PARS-SAMADI-2026.pdf | https://www.ghcspa.com/samadi/accoglienza/modalita-di-accettazione-e-ricovero | https://www.ghcspa.com/samadi/chi-siamo/la-struttura-residenziale | https://www.ghcspa.com/samadi/accoglienza/informazioni-generali;;STPIT;;"Da concordare con servizio inviante e accettazione; non acquisiti sistematicamente";"Individualizzata; durata specifica non consolidata";"Idoneità clinica e amministrativa da valutare; non dedotta dal solo accreditamento";Profilo del gestore / modulo: vedi fonti. Non certifica disponibilità giornaliera.;"Indirizzo pubblicato; ingresso e coordinate non verificati";Accreditati nel PARS 2026;Da distinguere;;Documentato/indicato nel dossier V5;;"Accreditamento 2026 documentato; contratto puntuale ancora da acquisire";PARS09/02/2026;;Da verificare;;;30;;30;Da verificare;Non documentato;;Privata / ente non ASL;Gestore identificato nel dossier V5;https://www.ghcspa.com/sites/default/files/2026-02/PARS-SAMADI-2026.pdf | https://www.ghcspa.com/samadi/accoglienza/modalita-di-accettazione-e-ricovero | https://www.ghcspa.com/samadi/chi-siamo/la-struttura-residenziale | https://www.ghcspa.com/samadi/accoglienza/informazioni-generali;STPIT verificato come servizio corrente;;Sì;STPIT;Accreditata: convenzione da comprovare;Conservato;Nessuna nuova verifica amministrativa/clinica introdotta dalla V7 strutturale.;STPIT;Coerente o compatibile;;Non riesaminato in V7.1;Nessuna modifica sostanziale;;Accreditata: convenzione da comprovare;STPIT;2026-09-20;"Classificazione V7.1 conservata; nessuna regressione introdotta nella V7.2.";Nessuna modifica sostanziale.;;Accreditata: convenzione da comprovare;STPIT;2026-09-20;Classificazione V7.2 conservata salvo nuove evidenze specifiche.;Nessuna modifica sostanziale.;;Accreditata: convenzione da comprovare;STPIT
SAM;Samadi;Struttura Residenziale Psichiatrica Samadi S.p.A. / GHC;Privata / ente non ASL;Roma;RM;Roma 1;Via di Grottarossa, km2.200;06330141;accettazione@samadi.it;"68 posti accreditati; contratto/convenzione puntuale da acquisire";PARS09/02/2026;Da completare;Non documentato;;SAM-PARS | SAM-WEB | SAM-STR | SAM-GEN;Valutazione psichiatrica | Psicoterapia e interventi familiari | Riabilitazione psicosociale | Coordinamento CSM;"Richiesta CSM; autorizzazione UVM per moduli riabilitativi; valutazione di idoneità.";;;"STPIT censito anche se la prova contrattuale non è ancora consolidata; gli altri moduli restano nel registro da completare. Segreteria: lun–ven 09:30–13:00 e 14:00–16:30. La pagina contiene disposizioni COVID storiche non considerate vigenti.";Non documentata;2026-09-20;Non effettuata;Non rilevati: capacità autorizzata/accreditata non è disponibilità;https://www.google.com/maps/search/?api=1&query=Via%20di%20Grottarossa%2C%20km2.200%2C%20Roma%2C%20Italia;;Non certificata: vedere annualità e fonte;MOD-031;SRTRi;Psichiatria;Residenziale;10;Accreditati nel PARS 2026;Accreditata: convenzione da comprovare;;https://www.ghcspa.com/sites/default/files/2026-02/PARS-SAMADI-2026.pdf | https://www.ghcspa.com/samadi/accoglienza/modalita-di-accettazione-e-ricovero | https://www.ghcspa.com/samadi/chi-siamo/la-struttura-residenziale | https://www.ghcspa.com/samadi/accoglienza/informazioni-generali;;Da completare / escluse;;"Da concordare con servizio inviante e accettazione; non acquisiti sistematicamente";"Individualizzata; durata specifica non consolidata";"Idoneità clinica e amministrativa da valutare; non dedotta dal solo accreditamento";Profilo del gestore / modulo: vedi fonti. Non certifica disponibilità giornaliera.;"Indirizzo pubblicato; ingresso e coordinate non verificati";Accreditati nel PARS 2026;Da distinguere;;Documentato/indicato nel dossier V5;;Da comprovare/aggiornare;PARS09/02/2026;;Da verificare;;;10;;10;Da verificare;Non documentato;;Privata / ente non ASL;Gestore identificato nel dossier V5;https://www.ghcspa.com/sites/default/files/2026-02/PARS-SAMADI-2026.pdf | https://www.ghcspa.com/samadi/accoglienza/modalita-di-accettazione-e-ricovero | https://www.ghcspa.com/samadi/chi-siamo/la-struttura-residenziale | https://www.ghcspa.com/samadi/accoglienza/informazioni-generali;Ereditato V5;;Sì;Da completare / escluse;Accreditata: convenzione da comprovare;Conservato;Nessuna nuova verifica amministrativa/clinica introdotta dalla V7 strutturale.;Da verificare 2026;Coerente o compatibile;2026-09-20;Nessuna nuova prova 2026 sufficiente a modificare la classificazione nella ricognizione V7.1.;Resta da verificare 2026;https://www.ghcspa.com/sites/default/files/2026-02/PARS-SAMADI-2026.pdf | https://www.ghcspa.com/samadi/accoglienza/modalita-di-accettazione-e-ricovero | https://www.ghcspa.com/samadi/chi-siamo/la-struttura-residenziale | https://www.ghcspa.com/samadi/accoglienza/informazioni-generali;Accreditata: convenzione da comprovare;Da verificare 2026;2026-09-20;Seconda passata documentale: nessuna nuova evidenza 2026 sufficiente a modificare la classificazione.;Stato conservato in attesa di contratto, pagamento pubblico o altra evidenza amministrativa specifica.;https://www.ghcspa.com/sites/default/files/2026-02/PARS-SAMADI-2026.pdf | https://www.ghcspa.com/samadi/accoglienza/modalita-di-accettazione-e-ricovero | https://www.ghcspa.com/samadi/chi-siamo/la-struttura-residenziale | https://www.ghcspa.com/samadi/accoglienza/informazioni-generali;Accreditata: convenzione da comprovare;Da verificare 2026;2026-09-20;Classificazione V7.2 conservata salvo nuove evidenze specifiche.;Nessuna modifica sostanziale.;https://www.ghcspa.com/sites/default/files/2026-02/PARS-SAMADI-2026.pdf | https://www.ghcspa.com/samadi/accoglienza/modalita-di-accettazione-e-ricovero | https://www.ghcspa.com/samadi/chi-siamo/la-struttura-residenziale | https://www.ghcspa.com/samadi/accoglienza/informazioni-generali;Accreditata: convenzione da comprovare;Da verificare 2026
SAM;Samadi;Struttura Residenziale Psichiatrica Samadi S.p.A. / GHC;Privata / ente non ASL;Roma;RM;Roma 1;Via di Grottarossa, km2.200;06330141;accettazione@samadi.it;"68 posti accreditati; contratto/convenzione puntuale da acquisire";PARS09/02/2026;Da completare;Non documentato;;SAM-PARS | SAM-WEB | SAM-STR | SAM-GEN;Valutazione psichiatrica | Psicoterapia e interventi familiari | Riabilitazione psicosociale | Coordinamento CSM;"Richiesta CSM; autorizzazione UVM per moduli riabilitativi; valutazione di idoneità.";;;"STPIT censito anche se la prova contrattuale non è ancora consolidata; gli altri moduli restano nel registro da completare. Segreteria: lun–ven 09:30–13:00 e 14:00–16:30. La pagina contiene disposizioni COVID storiche non considerate vigenti.";Non documentata;2026-09-20;Non effettuata;Non rilevati: capacità autorizzata/accreditata non è disponibilità;https://www.google.com/maps/search/?api=1&query=Via%20di%20Grottarossa%2C%20km2.200%2C%20Roma%2C%20Italia;;Non certificata: vedere annualità e fonte;MOD-032;SRTRe;Psichiatria;Residenziale;10;Accreditati nel PARS 2026;Accreditata: convenzione da comprovare;;https://www.ghcspa.com/sites/default/files/2026-02/PARS-SAMADI-2026.pdf | https://www.ghcspa.com/samadi/accoglienza/modalita-di-accettazione-e-ricovero | https://www.ghcspa.com/samadi/chi-siamo/la-struttura-residenziale | https://www.ghcspa.com/samadi/accoglienza/informazioni-generali;;Da completare / escluse;;"Da concordare con servizio inviante e accettazione; non acquisiti sistematicamente";"Individualizzata; durata specifica non consolidata";"Idoneità clinica e amministrativa da valutare; non dedotta dal solo accreditamento";Profilo del gestore / modulo: vedi fonti. Non certifica disponibilità giornaliera.;"Indirizzo pubblicato; ingresso e coordinate non verificati";Accreditati nel PARS 2026;Da distinguere;;Documentato/indicato nel dossier V5;;Da comprovare/aggiornare;PARS09/02/2026;;Da verificare;;;10;;10;Da verificare;Non documentato;;Privata / ente non ASL;Gestore identificato nel dossier V5;https://www.ghcspa.com/sites/default/files/2026-02/PARS-SAMADI-2026.pdf | https://www.ghcspa.com/samadi/accoglienza/modalita-di-accettazione-e-ricovero | https://www.ghcspa.com/samadi/chi-siamo/la-struttura-residenziale | https://www.ghcspa.com/samadi/accoglienza/informazioni-generali;Ereditato V5;;Sì;Da completare / escluse;Accreditata: convenzione da comprovare;Conservato;Nessuna nuova verifica amministrativa/clinica introdotta dalla V7 strutturale.;Da verificare 2026;Coerente o compatibile;2026-09-20;Nessuna nuova prova 2026 sufficiente a modificare la classificazione nella ricognizione V7.1.;Resta da verificare 2026;https://www.ghcspa.com/sites/default/files/2026-02/PARS-SAMADI-2026.pdf | https://www.ghcspa.com/samadi/accoglienza/modalita-di-accettazione-e-ricovero | https://www.ghcspa.com/samadi/chi-siamo/la-struttura-residenziale | https://www.ghcspa.com/samadi/accoglienza/informazioni-generali;Accreditata: convenzione da comprovare;Da verificare 2026;2026-09-20;Seconda passata documentale: nessuna nuova evidenza 2026 sufficiente a modificare la classificazione.;Stato conservato in attesa di contratto, pagamento pubblico o altra evidenza amministrativa specifica.;https://www.ghcspa.com/sites/default/files/2026-02/PARS-SAMADI-2026.pdf | https://www.ghcspa.com/samadi/accoglienza/modalita-di-accettazione-e-ricovero | https://www.ghcspa.com/samadi/chi-siamo/la-struttura-residenziale | https://www.ghcspa.com/samadi/accoglienza/informazioni-generali;Accreditata: convenzione da comprovare;Da verificare 2026;2026-09-20;Classificazione V7.2 conservata salvo nuove evidenze specifiche.;Nessuna modifica sostanziale.;https://www.ghcspa.com/sites/default/files/2026-02/PARS-SAMADI-2026.pdf | https://www.ghcspa.com/samadi/accoglienza/modalita-di-accettazione-e-ricovero | https://www.ghcspa.com/samadi/chi-siamo/la-struttura-residenziale | https://www.ghcspa.com/samadi/accoglienza/informazioni-generali;Accreditata: convenzione da comprovare;Da verificare 2026
SAM;Samadi;Struttura Residenziale Psichiatrica Samadi S.p.A. / GHC;Privata / ente non ASL;Roma;RM;Roma 1;Via di Grottarossa, km2.200;06330141;accettazione@samadi.it;"68 posti accreditati; contratto/convenzione puntuale da acquisire";PARS09/02/2026;Da completare;Non documentato;;SAM-PARS | SAM-WEB | SAM-STR | SAM-GEN;Valutazione psichiatrica | Psicoterapia e interventi familiari | Riabilitazione psicosociale | Coordinamento CSM;"Richiesta CSM; autorizzazione UVM per moduli riabilitativi; valutazione di idoneità.";;;"STPIT censito anche se la prova contrattuale non è ancora consolidata; gli altri moduli restano nel registro da completare. Segreteria: lun–ven 09:30–13:00 e 14:00–16:30. La pagina contiene disposizioni COVID storiche non considerate vigenti.";Non documentata;2026-09-20;Non effettuata;Non rilevati: capacità autorizzata/accreditata non è disponibilità;https://www.google.com/maps/search/?api=1&query=Via%20di%20Grottarossa%2C%20km2.200%2C%20Roma%2C%20Italia;;Non certificata: vedere annualità e fonte;MOD-033;SRSR H24;Psichiatria;Residenziale;18;Accreditati nel PARS 2026;Accreditata: convenzione da comprovare;;https://www.ghcspa.com/sites/default/files/2026-02/PARS-SAMADI-2026.pdf | https://www.ghcspa.com/samadi/accoglienza/modalita-di-accettazione-e-ricovero | https://www.ghcspa.com/samadi/chi-siamo/la-struttura-residenziale | https://www.ghcspa.com/samadi/accoglienza/informazioni-generali;;Da completare / escluse;;"Da concordare con servizio inviante e accettazione; non acquisiti sistematicamente";"Individualizzata; durata specifica non consolidata";"Idoneità clinica e amministrativa da valutare; non dedotta dal solo accreditamento";Profilo del gestore / modulo: vedi fonti. Non certifica disponibilità giornaliera.;"Indirizzo pubblicato; ingresso e coordinate non verificati";Accreditati nel PARS 2026;Da distinguere;;Documentato/indicato nel dossier V5;;Da comprovare/aggiornare;PARS09/02/2026;;Da verificare;;;18;;18;Da verificare;Non documentato;;Privata / ente non ASL;Gestore identificato nel dossier V5;https://www.ghcspa.com/sites/default/files/2026-02/PARS-SAMADI-2026.pdf | https://www.ghcspa.com/samadi/accoglienza/modalita-di-accettazione-e-ricovero | https://www.ghcspa.com/samadi/chi-siamo/la-struttura-residenziale | https://www.ghcspa.com/samadi/accoglienza/informazioni-generali;Ereditato V5;;Sì;Da completare / escluse;Accreditata: convenzione da comprovare;Conservato;Nessuna nuova verifica amministrativa/clinica introdotta dalla V7 strutturale.;Da verificare 2026;Coerente o compatibile;2026-09-20;Nessuna nuova prova 2026 sufficiente a modificare la classificazione nella ricognizione V7.1.;Resta da verificare 2026;https://www.ghcspa.com/sites/default/files/2026-02/PARS-SAMADI-2026.pdf | https://www.ghcspa.com/samadi/accoglienza/modalita-di-accettazione-e-ricovero | https://www.ghcspa.com/samadi/chi-siamo/la-struttura-residenziale | https://www.ghcspa.com/samadi/accoglienza/informazioni-generali;Accreditata: convenzione da comprovare;Da verificare 2026;2026-09-20;Seconda passata documentale: nessuna nuova evidenza 2026 sufficiente a modificare la classificazione.;Stato conservato in attesa di contratto, pagamento pubblico o altra evidenza amministrativa specifica.;https://www.ghcspa.com/sites/default/files/2026-02/PARS-SAMADI-2026.pdf | https://www.ghcspa.com/samadi/accoglienza/modalita-di-accettazione-e-ricovero | https://www.ghcspa.com/samadi/chi-siamo/la-struttura-residenziale | https://www.ghcspa.com/samadi/accoglienza/informazioni-generali;Accreditata: convenzione da comprovare;Da verificare 2026;2026-09-20;Classificazione V7.2 conservata salvo nuove evidenze specifiche.;Nessuna modifica sostanziale.;https://www.ghcspa.com/sites/default/files/2026-02/PARS-SAMADI-2026.pdf | https://www.ghcspa.com/samadi/accoglienza/modalita-di-accettazione-e-ricovero | https://www.ghcspa.com/samadi/chi-siamo/la-struttura-residenziale | https://www.ghcspa.com/samadi/accoglienza/informazioni-generali;Accreditata: convenzione da comprovare;Da verificare 2026
ROSA;Villa Rosa;Congregazione Suore Ospedaliere del S. Cuore di Gesù;Privata / ente non ASL;Viterbo;VT;Viterbo;Viale Francesco Baracca, 21;07613378306;ricoveri.vr@ospedaliere.it;"Accreditamento e offerta psichiatrica; prova contrattuale da completare";Pagina gestore consultata20/09/2026;Da completare;Non documentato;;ROSA-WEB | ROSA-ST | ROSA-DEC | ROSA-CDS;Valutazione psichiatrica e progetto individualizzato | Psicoterapia e riabilitazione psicosociale | Assistenza infermieristica | Attività occupazionali e supporto sociale;"Proposta dello specialista DSM; richiesta di ricovero, tessera sanitaria, codice fiscale e documento. Idoneità valutata dalla struttura.";;Medici, psicologi, infermieri, OSS, terapisti occupazionali, tecnici della riabilitazione, assistente sociale ed educatori.;"RSA e Hospice esclusi; non inferita convenzione psichiatrica da convenzione di altri reparti.";Non documentata;2026-09-20;Non effettuata;Non rilevati: capacità autorizzata/accreditata non è disponibilità;https://www.google.com/maps/search/?api=1&query=Viale%20Francesco%20Baracca%2C%2021%2C%20Viterbo%2C%20Italia;;"Operatività corrente documentata nel 2026; contratto/budget SSR 2026 non acquisito";MOD-034;STPIT;Psichiatria;Intensivo territoriale STPIT;30;Dotazione indicata dal gestore;Accreditata: convenzione da comprovare;;https://viterbo.ospedaliere.it/psichiatria/ | https://viterbo.ospedaliere.it/servizi-per-il-paziente/stpit-struttura-per-trattamenti-psichiatrici-intensivi-territoriali/ | https://www.regione.lazio.it/sites/default/files/decreti-commissario-ad-acta/SAN_DCA_U00154_20_04_2018.pdf | https://viterbo.ospedaliere.it/wp-content/uploads/2024/05/I.03.01-1-carta-servizi-2024-rev.26.pdf | https://viterbo.ospedaliere.it/servizi-per-il-paziente/psichiatria/srsrh24-struttura-residenziale-socio-riabilitativa-24-ore/;;STPIT;;"Richiesta specialista DSM, tessera sanitaria, codice fiscale, documento; documentazione clinica precedente.";"Individualizzata; durata specifica non consolidata";"Idoneità clinica e amministrativa da valutare; non dedotta dal solo accreditamento";Profilo del gestore / modulo: vedi fonti. Non certifica disponibilità giornaliera.;"Indirizzo pubblicato; ingresso e coordinate non verificati";Dotazione indicata dal gestore;Da distinguere;;Documentato/indicato nel dossier V5;;"Accreditamento/offerta corrente documentati; contratto SSN corrente da acquisire";Pagina gestore consultata20/09/2026;;Da verificare;;;;;30;Documentata/descritta per pazienti provenienti da altre ASL del Lazio;Non documentato specificamente;;Privata / ente non ASL;Gestore identificato nel dossier V5;https://viterbo.ospedaliere.it/psichiatria/ | https://viterbo.ospedaliere.it/servizi-per-il-paziente/stpit-struttura-per-trattamenti-psichiatrici-intensivi-territoriali/ | https://www.regione.lazio.it/sites/default/files/decreti-commissario-ad-acta/SAN_DCA_U00154_20_04_2018.pdf | https://viterbo.ospedaliere.it/wp-content/uploads/2024/05/I.03.01-1-carta-servizi-2024-rev.26.pdf;STPIT verificato come servizio corrente;;Sì;STPIT;Accreditata: convenzione da comprovare;Conservato;Nessuna nuova verifica amministrativa/clinica introdotta dalla V7 strutturale.;STPIT;Coerente o compatibile;2026-09-20;"Struttura e modulo correnti documentati dal gestore; accesso tramite DSM/ASL del Lazio documentato. Contratto/budget SSR 2026 non acquisito.";"Confermata operatività corrente; nessuna promozione amministrativa sul contratto 2026.";https://viterbo.ospedaliere.it/psichiatria/ | https://viterbo.ospedaliere.it/servizi-per-il-paziente/psichiatria/srsrh24-struttura-residenziale-socio-riabilitativa-24-ore/;Accreditata: convenzione da comprovare;STPIT;2026-09-20;"Classificazione V7.1 conservata; nessuna regressione introdotta nella V7.2.";Nessuna modifica sostanziale.;https://viterbo.ospedaliere.it/psichiatria/ | https://viterbo.ospedaliere.it/servizi-per-il-paziente/psichiatria/srsrh24-struttura-residenziale-socio-riabilitativa-24-ore/;Accreditata: convenzione da comprovare;STPIT;2026-09-20;Classificazione V7.2 conservata salvo nuove evidenze specifiche.;Nessuna modifica sostanziale.;https://viterbo.ospedaliere.it/psichiatria/ | https://viterbo.ospedaliere.it/servizi-per-il-paziente/psichiatria/srsrh24-struttura-residenziale-socio-riabilitativa-24-ore/;Accreditata: convenzione da comprovare;STPIT
ROSA;Villa Rosa;Congregazione Suore Ospedaliere del S. Cuore di Gesù;Privata / ente non ASL;Viterbo;VT;Viterbo;Viale Francesco Baracca, 21;07613378306;ricoveri.vr@ospedaliere.it;"Accreditamento e offerta psichiatrica; prova contrattuale da completare";Pagina gestore consultata20/09/2026;Da completare;Non documentato;;ROSA-WEB | ROSA-ST | ROSA-DEC | ROSA-CDS;Valutazione psichiatrica e progetto individualizzato | Psicoterapia e riabilitazione psicosociale | Assistenza infermieristica | Attività occupazionali e supporto sociale;"Proposta dello specialista DSM; richiesta di ricovero, tessera sanitaria, codice fiscale e documento. Idoneità valutata dalla struttura.";;Medici, psicologi, infermieri, OSS, terapisti occupazionali, tecnici della riabilitazione, assistente sociale ed educatori.;"RSA e Hospice esclusi; non inferita convenzione psichiatrica da convenzione di altri reparti.";Non documentata;2026-09-20;Non effettuata;Non rilevati: capacità autorizzata/accreditata non è disponibilità;https://www.google.com/maps/search/?api=1&query=Viale%20Francesco%20Baracca%2C%2021%2C%20Viterbo%2C%20Italia;;"Operatività corrente documentata nel 2026; contratto/budget SSR 2026 non acquisito";MOD-035;SRTRi;Psichiatria;Residenziale;10;Dotazione indicata dal gestore;Accreditata: convenzione da comprovare; Carta 2024: permanenza usuale sino a 60 giorni, generalmente non oltre 90 salvo indicazione.;https://viterbo.ospedaliere.it/psichiatria/ | https://viterbo.ospedaliere.it/servizi-per-il-paziente/stpit-struttura-per-trattamenti-psichiatrici-intensivi-territoriali/ | https://www.regione.lazio.it/sites/default/files/decreti-commissario-ad-acta/SAN_DCA_U00154_20_04_2018.pdf | https://viterbo.ospedaliere.it/wp-content/uploads/2024/05/I.03.01-1-carta-servizi-2024-rev.26.pdf | https://viterbo.ospedaliere.it/servizi-per-il-paziente/psichiatria/srsrh24-struttura-residenziale-socio-riabilitativa-24-ore/;;Da completare / escluse;;"Richiesta specialista DSM, tessera sanitaria, codice fiscale, documento; documentazione clinica precedente.";"Carta 2024: fino a 60 giorni, generalmente non oltre 90; valutazione individuale.";"Idoneità clinica e amministrativa da valutare; non dedotta dal solo accreditamento";Profilo del gestore / modulo: vedi fonti. Non certifica disponibilità giornaliera.;"Indirizzo pubblicato; ingresso e coordinate non verificati";Dotazione indicata dal gestore;Da distinguere;;Documentato/indicato nel dossier V5;;Da comprovare/aggiornare;Pagina gestore consultata20/09/2026;;Da verificare;;;;;10;Documentata/descritta per pazienti provenienti da altre ASL del Lazio;Non documentato specificamente;;Privata / ente non ASL;Gestore identificato nel dossier V5;https://viterbo.ospedaliere.it/psichiatria/ | https://viterbo.ospedaliere.it/servizi-per-il-paziente/stpit-struttura-per-trattamenti-psichiatrici-intensivi-territoriali/ | https://www.regione.lazio.it/sites/default/files/decreti-commissario-ad-acta/SAN_DCA_U00154_20_04_2018.pdf | https://viterbo.ospedaliere.it/wp-content/uploads/2024/05/I.03.01-1-carta-servizi-2024-rev.26.pdf;Ereditato V5;;Sì;Da completare / escluse;Accreditata: convenzione da comprovare;Conservato;Nessuna nuova verifica amministrativa/clinica introdotta dalla V7 strutturale.;Da verificare 2026;Coerente o compatibile;2026-09-20;"Struttura e modulo correnti documentati dal gestore; accesso tramite DSM/ASL del Lazio documentato. Contratto/budget SSR 2026 non acquisito.";"Confermata operatività corrente; nessuna promozione amministrativa sul contratto 2026.";https://viterbo.ospedaliere.it/psichiatria/ | https://viterbo.ospedaliere.it/servizi-per-il-paziente/psichiatria/srsrh24-struttura-residenziale-socio-riabilitativa-24-ore/;Accreditata: convenzione da comprovare;Da verificare 2026;2026-09-20;Seconda passata documentale: nessuna nuova evidenza 2026 sufficiente a modificare la classificazione.;Stato conservato in attesa di contratto, pagamento pubblico o altra evidenza amministrativa specifica.;https://viterbo.ospedaliere.it/psichiatria/ | https://viterbo.ospedaliere.it/servizi-per-il-paziente/psichiatria/srsrh24-struttura-residenziale-socio-riabilitativa-24-ore/;Accreditata: convenzione da comprovare;Da verificare 2026;2026-09-20;Classificazione V7.2 conservata salvo nuove evidenze specifiche.;Nessuna modifica sostanziale.;https://viterbo.ospedaliere.it/psichiatria/ | https://viterbo.ospedaliere.it/servizi-per-il-paziente/psichiatria/srsrh24-struttura-residenziale-socio-riabilitativa-24-ore/;Accreditata: convenzione da comprovare;Da verificare 2026
ROSA;Villa Rosa;Congregazione Suore Ospedaliere del S. Cuore di Gesù;Privata / ente non ASL;Viterbo;VT;Viterbo;Viale Francesco Baracca, 21;07613378306;ricoveri.vr@ospedaliere.it;"Accreditamento e offerta psichiatrica; prova contrattuale da completare";Pagina gestore consultata20/09/2026;Da completare;Non documentato;;ROSA-WEB | ROSA-ST | ROSA-DEC | ROSA-CDS;Valutazione psichiatrica e progetto individualizzato | Psicoterapia e riabilitazione psicosociale | Assistenza infermieristica | Attività occupazionali e supporto sociale;"Proposta dello specialista DSM; richiesta di ricovero, tessera sanitaria, codice fiscale e documento. Idoneità valutata dalla struttura.";;Medici, psicologi, infermieri, OSS, terapisti occupazionali, tecnici della riabilitazione, assistente sociale ed educatori.;"RSA e Hospice esclusi; non inferita convenzione psichiatrica da convenzione di altri reparti.";Non documentata;2026-09-20;Non effettuata;Non rilevati: capacità autorizzata/accreditata non è disponibilità;https://www.google.com/maps/search/?api=1&query=Viale%20Francesco%20Baracca%2C%2021%2C%20Viterbo%2C%20Italia;;"Operatività corrente documentata nel 2026; contratto/budget SSR 2026 non acquisito";MOD-036;SRTRe;Psichiatria;Residenziale;10;Dotazione indicata dal gestore;Accreditata: convenzione da comprovare;" Carta 2024: permanenza di norma due anni; durata individuale da concordare.";https://viterbo.ospedaliere.it/psichiatria/ | https://viterbo.ospedaliere.it/servizi-per-il-paziente/stpit-struttura-per-trattamenti-psichiatrici-intensivi-territoriali/ | https://www.regione.lazio.it/sites/default/files/decreti-commissario-ad-acta/SAN_DCA_U00154_20_04_2018.pdf | https://viterbo.ospedaliere.it/wp-content/uploads/2024/05/I.03.01-1-carta-servizi-2024-rev.26.pdf | https://viterbo.ospedaliere.it/servizi-per-il-paziente/psichiatria/srsrh24-struttura-residenziale-socio-riabilitativa-24-ore/;;Da completare / escluse;;"Richiesta specialista DSM, tessera sanitaria, codice fiscale, documento; documentazione clinica precedente.";"Carta 2024: di norma due anni; da confermare.";"Idoneità clinica e amministrativa da valutare; non dedotta dal solo accreditamento";Profilo del gestore / modulo: vedi fonti. Non certifica disponibilità giornaliera.;"Indirizzo pubblicato; ingresso e coordinate non verificati";Dotazione indicata dal gestore;Da distinguere;;Documentato/indicato nel dossier V5;;Da comprovare/aggiornare;Pagina gestore consultata20/09/2026;;Da verificare;;;;;10;Documentata/descritta per pazienti provenienti da altre ASL del Lazio;Non documentato specificamente;;Privata / ente non ASL;Gestore identificato nel dossier V5;https://viterbo.ospedaliere.it/psichiatria/ | https://viterbo.ospedaliere.it/servizi-per-il-paziente/stpit-struttura-per-trattamenti-psichiatrici-intensivi-territoriali/ | https://www.regione.lazio.it/sites/default/files/decreti-commissario-ad-acta/SAN_DCA_U00154_20_04_2018.pdf | https://viterbo.ospedaliere.it/wp-content/uploads/2024/05/I.03.01-1-carta-servizi-2024-rev.26.pdf;Ereditato V5;;Sì;Da completare / escluse;Accreditata: convenzione da comprovare;Conservato;Nessuna nuova verifica amministrativa/clinica introdotta dalla V7 strutturale.;Da verificare 2026;Coerente o compatibile;2026-09-20;"Struttura e modulo correnti documentati dal gestore; accesso tramite DSM/ASL del Lazio documentato. Contratto/budget SSR 2026 non acquisito.";"Confermata operatività corrente; nessuna promozione amministrativa sul contratto 2026.";https://viterbo.ospedaliere.it/psichiatria/ | https://viterbo.ospedaliere.it/servizi-per-il-paziente/psichiatria/srsrh24-struttura-residenziale-socio-riabilitativa-24-ore/;Accreditata: convenzione da comprovare;Da verificare 2026;2026-09-20;Seconda passata documentale: nessuna nuova evidenza 2026 sufficiente a modificare la classificazione.;Stato conservato in attesa di contratto, pagamento pubblico o altra evidenza amministrativa specifica.;https://viterbo.ospedaliere.it/psichiatria/ | https://viterbo.ospedaliere.it/servizi-per-il-paziente/psichiatria/srsrh24-struttura-residenziale-socio-riabilitativa-24-ore/;Accreditata: convenzione da comprovare;Da verificare 2026;2026-09-20;Classificazione V7.2 conservata salvo nuove evidenze specifiche.;Nessuna modifica sostanziale.;https://viterbo.ospedaliere.it/psichiatria/ | https://viterbo.ospedaliere.it/servizi-per-il-paziente/psichiatria/srsrh24-struttura-residenziale-socio-riabilitativa-24-ore/;Accreditata: convenzione da comprovare;Da verificare 2026
ROSA;Villa Rosa;Congregazione Suore Ospedaliere del S. Cuore di Gesù;Privata / ente non ASL;Viterbo;VT;Viterbo;Viale Francesco Baracca, 21;07613378306;ricoveri.vr@ospedaliere.it;"Accreditamento e offerta psichiatrica; prova contrattuale da completare";Pagina gestore consultata20/09/2026;Da completare;Non documentato;;ROSA-WEB | ROSA-ST | ROSA-DEC | ROSA-CDS;Valutazione psichiatrica e progetto individualizzato | Psicoterapia e riabilitazione psicosociale | Assistenza infermieristica | Attività occupazionali e supporto sociale;"Proposta dello specialista DSM; richiesta di ricovero, tessera sanitaria, codice fiscale e documento. Idoneità valutata dalla struttura.";;Medici, psicologi, infermieri, OSS, terapisti occupazionali, tecnici della riabilitazione, assistente sociale ed educatori.;"RSA e Hospice esclusi; non inferita convenzione psichiatrica da convenzione di altri reparti.";Non documentata;2026-09-20;Non effettuata;Non rilevati: capacità autorizzata/accreditata non è disponibilità;https://www.google.com/maps/search/?api=1&query=Viale%20Francesco%20Baracca%2C%2021%2C%20Viterbo%2C%20Italia;;"Operatività corrente documentata nel 2026; contratto/budget SSR 2026 non acquisito";MOD-037;SRSR H24;Psichiatria;Residenziale;10;Dotazione indicata dal gestore;Accreditata: convenzione da comprovare;;https://viterbo.ospedaliere.it/psichiatria/ | https://viterbo.ospedaliere.it/servizi-per-il-paziente/stpit-struttura-per-trattamenti-psichiatrici-intensivi-territoriali/ | https://www.regione.lazio.it/sites/default/files/decreti-commissario-ad-acta/SAN_DCA_U00154_20_04_2018.pdf | https://viterbo.ospedaliere.it/wp-content/uploads/2024/05/I.03.01-1-carta-servizi-2024-rev.26.pdf | https://viterbo.ospedaliere.it/servizi-per-il-paziente/psichiatria/srsrh24-struttura-residenziale-socio-riabilitativa-24-ore/;;Da completare / escluse;;"Richiesta specialista DSM, tessera sanitaria, codice fiscale, documento; documentazione clinica precedente.";"Individualizzata; durata specifica non consolidata";"Idoneità clinica e amministrativa da valutare; non dedotta dal solo accreditamento";Profilo del gestore / modulo: vedi fonti. Non certifica disponibilità giornaliera.;"Indirizzo pubblicato; ingresso e coordinate non verificati";Dotazione indicata dal gestore;Da distinguere;;Documentato/indicato nel dossier V5;;Da comprovare/aggiornare;Pagina gestore consultata20/09/2026;;Da verificare;;;;;10;Documentata/descritta per pazienti provenienti da altre ASL del Lazio;Non documentato specificamente;;Privata / ente non ASL;Gestore identificato nel dossier V5;https://viterbo.ospedaliere.it/psichiatria/ | https://viterbo.ospedaliere.it/servizi-per-il-paziente/stpit-struttura-per-trattamenti-psichiatrici-intensivi-territoriali/ | https://www.regione.lazio.it/sites/default/files/decreti-commissario-ad-acta/SAN_DCA_U00154_20_04_2018.pdf | https://viterbo.ospedaliere.it/wp-content/uploads/2024/05/I.03.01-1-carta-servizi-2024-rev.26.pdf;Ereditato V5;;Sì;Da completare / escluse;Accreditata: convenzione da comprovare;Conservato;Nessuna nuova verifica amministrativa/clinica introdotta dalla V7 strutturale.;Da verificare 2026;Coerente o compatibile;2026-09-20;"Struttura e modulo correnti documentati dal gestore; accesso tramite DSM/ASL del Lazio documentato. Contratto/budget SSR 2026 non acquisito.";"Confermata operatività corrente; nessuna promozione amministrativa sul contratto 2026.";https://viterbo.ospedaliere.it/psichiatria/ | https://viterbo.ospedaliere.it/servizi-per-il-paziente/psichiatria/srsrh24-struttura-residenziale-socio-riabilitativa-24-ore/;Accreditata: convenzione da comprovare;Da verificare 2026;2026-09-20;Seconda passata documentale: nessuna nuova evidenza 2026 sufficiente a modificare la classificazione.;Stato conservato in attesa di contratto, pagamento pubblico o altra evidenza amministrativa specifica.;https://viterbo.ospedaliere.it/psichiatria/ | https://viterbo.ospedaliere.it/servizi-per-il-paziente/psichiatria/srsrh24-struttura-residenziale-socio-riabilitativa-24-ore/;Accreditata: convenzione da comprovare;Da verificare 2026;2026-09-20;Classificazione V7.2 conservata salvo nuove evidenze specifiche.;Nessuna modifica sostanziale.;https://viterbo.ospedaliere.it/psichiatria/ | https://viterbo.ospedaliere.it/servizi-per-il-paziente/psichiatria/srsrh24-struttura-residenziale-socio-riabilitativa-24-ore/;Accreditata: convenzione da comprovare;Da verificare 2026
ABA;Abaton / Progetto Insieme Castelforte;Progetto Insieme s.r.l.;Privata / ente non ASL;Castelforte;LT;Latina;Via A. De Gasperi, 36;0771736897 / 3930673183;info@comunitainsieme.com;Prestazioni 2026 remunerate da ASL 1 Abruzzo;"Erogazioni gen–apr 2026; atto27/07/2026";Atto ufficiale di pagamento;Documentato: presa in carico extra Lazio;"Pagamento ASL 1 Abruzzo e Carta che contempla residenti fuori Lazio. Nuovo ingresso subordinato a DSM/UVM inviante, idoneità e copertura economica; non trasferibile automaticamente a ogni ASL.";ABA-PAY | ABA-CDS | INS-CAP | INS-SITI;Valutazione psichiatrica e psicologica | Terapia farmacologica | Psicoterapia e gruppi | Riabilitazione psicosociale | Rapporti con familiari e CSM;DSM/UVM, relazione clinico-anamnestica, certificazione idoneità, lista di attesa e progetto terapeutico.;;Psichiatra, psicologi, infermieri, educatori, assistente sociale e OSS.;"Carta11/05/2026 indica civico36; vecchia pagina elenco indica2. Conservata discordanza da confermare all’accettazione.";Non documentata;2026-09-20;Non effettuata;Non rilevati: capacità autorizzata/accreditata non è disponibilità;https://www.google.com/maps/search/?api=1&query=Via%20A.%20De%20Gasperi%2C%2036%2C%20Castelforte%2C%20Italia;ABA-PAY;"Prestazioni 2026 documentate da liquidazione pubblica; non garanzia per tutti gli invii";MOD-038;SRTRe;Psichiatria;Residenziale;14;"Dotazione documento accreditamento 2024; confermare attuale";Convenzionata documentata;;https://trasparenza.asl1abruzzo.it/page/103/details/247006/prestazioni-di-assistenza-psichiatrica-rete-privata-accreditata-sita-fuori-regione-liquidazione-fatture-gennaio-aprile-2026-presidio-sanitario-srtr-abaton-progetto-insieme-soc-progetto-insieme-srl-castelforte-lt.html | https://www.comunitainsieme.com/download/amministrazione_trasparente_progetto_insieme_srl/carta_dei_servizi.pdf | https://www.comunitainsieme.com/download/amministrazione_trasparente/prestazioni-in-ambito-di-accreditamento.pdf | https://www.comunitainsieme.com/strutture/;;Convenzionate;https://trasparenza.asl1abruzzo.it/page/103/details/247006/prestazioni-di-assistenza-psichiatrica-rete-privata-accreditata-sita-fuori-regione-liquidazione-fatture-gennaio-aprile-2026-presidio-sanitario-srtr-abaton-progetto-insieme-soc-progetto-insieme-srl-castelforte-lt.html;"Da concordare con servizio inviante e accettazione; non acquisiti sistematicamente";"Individualizzata; durata specifica non consolidata";"Idoneità clinica e amministrativa da valutare; non dedotta dal solo accreditamento";Profilo del gestore / modulo: vedi fonti. Non certifica disponibilità giornaliera.;"Indirizzo pubblicato; ingresso e coordinate non verificati";"Dotazione documento accreditamento 2024; confermare attuale";Da distinguere;;Documentato/indicato nel dossier V5;;Documentato in V5;"Erogazioni gen–apr 2026; atto27/07/2026";https://trasparenza.asl1abruzzo.it/page/103/details/247006/prestazioni-di-assistenza-psichiatrica-rete-privata-accreditata-sita-fuori-regione-liquidazione-fatture-gennaio-aprile-2026-presidio-sanitario-srtr-abaton-progetto-insieme-soc-progetto-insieme-srl-castelforte-lt.html;Da verificare;;;14;;14;Da verificare;Documentato effettivo;"Prestazioni extraregionali 2026 documentate per pazienti inviati da altra Regione; nuovi inserimenti restano subordinati all'autorizzazione dell'ente inviante.";Privata / ente non ASL;Gestore identificato nel dossier V5;https://trasparenza.asl1abruzzo.it/page/103/details/247006/prestazioni-di-assistenza-psichiatrica-rete-privata-accreditata-sita-fuori-regione-liquidazione-fatture-gennaio-aprile-2026-presidio-sanitario-srtr-abaton-progetto-insieme-soc-progetto-insieme-srl-castelforte-lt.html | https://www.comunitainsieme.com/download/amministrazione_trasparente_progetto_insieme_srl/carta_dei_servizi.pdf | https://www.comunitainsieme.com/download/amministrazione_trasparente/prestazioni-in-ambito-di-accreditamento.pdf | https://www.comunitainsieme.com/strutture/;Ereditato V5;;Sì;Convenzionate;Convenzionata documentata;Conservato;Nessuna nuova verifica amministrativa/clinica introdotta dalla V7 strutturale.;Convenzionate;Coerente o compatibile;;Non riesaminato in V7.1;Nessuna modifica sostanziale;;Convenzionata documentata;Convenzionate;2026-09-20;"Classificazione V7.1 conservata; nessuna regressione introdotta nella V7.2.";Nessuna modifica sostanziale.;;Convenzionata documentata;Convenzionate;2026-09-20;Classificazione V7.2 conservata salvo nuove evidenze specifiche.;Nessuna modifica sostanziale.;;Convenzionata documentata;Convenzionate
INS-SOLE;Insieme1 Sole;Insieme di A.Anelli & C. s.a.s.;Privata / ente non ASL;Formia;LT;Latina;Via Penitro a Monte snc;0771736897;info@comunitainsieme.com;"Accreditamento e percorso UVM documentati; contratto di modulo non acquisito";Carta04/08/2026;Da completare;Previsto nella Carta del gestore;"La Carta contempla residenza fuori Lazio; impegno economico e autorizzazione del nuovo invio non comprovati.";INS-CDS | INS-CAP;Assistenza psichiatrica | Riabilitazione delle autonomie | Supporto psicologico e familiare;"DSM/UVM e lista d’attesa dopo idoneità; nessun ingresso SSN garantito dal solo contatto.";;;Non trasferita a questi gestori/moduli la prova di pagamento relativa a ProgettoInsieme/Abaton, società distinta.;Non documentata;2026-09-20;Non effettuata;Non rilevati: capacità autorizzata/accreditata non è disponibilità;https://www.google.com/maps/search/?api=1&query=Via%20Penitro%20a%20Monte%20snc%2C%20Formia%2C%20Italia;;"Contratto 2025-2026 pubblicato; budget annuale distinto dal termine contrattuale";MOD-039;SRTRe;Psichiatria;Residenziale;20;Dotazione Carta 2026 e tabella 2024;Convenzionata documentata;;https://www.comunitainsieme.com/download/amministrazione_trasparente/carta_dei_servizi_26.pdf | https://www.comunitainsieme.com/download/amministrazione_trasparente/prestazioni-in-ambito-di-accreditamento.pdf;;Da completare / escluse;;"Da concordare con servizio inviante e accettazione; non acquisiti sistematicamente";"Individualizzata; durata specifica non consolidata";"Idoneità clinica e amministrativa da valutare; non dedotta dal solo accreditamento";Profilo del gestore / modulo: vedi fonti. Non certifica disponibilità giornaliera.;"Indirizzo pubblicato; ingresso e coordinate non verificati";Dotazione Carta 2026 e tabella 2024;Da distinguere;;Documentato/indicato nel dossier V5;;Accordo/Contratto 2025-2026 pubblicato dalla ASL Latina;2025-2026;https://www.ausl.latina.it/strutture-sanitarie-private-accreditate/7232-accordi-con-strutture-private-accreditate;Confermato: INSIEME 1 Struttura A+B (Sole e Luna), 40 p.l. complessivi, budget psichiatria 2026;https://www.ausl.latina.it/AlboOnLine/miu3.do?fllbck=.sv1md&hold=11630&kcond4.att2md=15687&link=ln18&miu3.icp3=36726&sp=page4;;20;;20;Da verificare;"Previsto/possibile; autorizzazione economica da provare";"Carta gestore contempla residenza fuori Lazio; serve autorizzazione/impegno di spesa della ASL/Regione inviante.";Privata / ente non ASL;Gestore identificato nel dossier V5;https://www.comunitainsieme.com/download/amministrazione_trasparente/carta_dei_servizi_26.pdf | https://www.comunitainsieme.com/download/amministrazione_trasparente/prestazioni-in-ambito-di-accreditamento.pdf;Promossa al catalogo convenzionato V6;Il contratto 2025-2026 è distinto dal budget annuale. Alcuni provvedimenti 2026 aggregano più moduli.;Sì;Da completare / escluse;Accreditata: convenzione da comprovare;Promosso al catalogo convenzionato V6;Nessuna nuova verifica amministrativa/clinica introdotta dalla V7 strutturale.;Convenzionate;Da correggere / campo ereditato;;Non riesaminato in V7.1;Nessuna modifica sostanziale;;Convenzionata documentata;Convenzionate;2026-09-20;"Classificazione V7.1 conservata; nessuna regressione introdotta nella V7.2.";Nessuna modifica sostanziale.;;Convenzionata documentata;Convenzionate;2026-09-20;Classificazione V7.2 conservata salvo nuove evidenze specifiche.;Nessuna modifica sostanziale.;;Convenzionata documentata;Convenzionate
INS-LUNA;Insieme1 Luna;Insieme di A.Anelli & C. s.a.s.;Privata / ente non ASL;Formia;LT;Latina;Via Penitro a Monte snc;0771736897;info@comunitainsieme.com;"Accreditamento e percorso UVM documentati; contratto di modulo non acquisito";Carta04/08/2026;Da completare;Previsto nella Carta del gestore;"La Carta contempla residenza fuori Lazio; impegno economico e autorizzazione del nuovo invio non comprovati.";INS-CDS | INS-CAP;Assistenza psichiatrica | Riabilitazione delle autonomie | Supporto psicologico e familiare;"DSM/UVM e lista d’attesa dopo idoneità; nessun ingresso SSN garantito dal solo contatto.";;;Non trasferita a questi gestori/moduli la prova di pagamento relativa a ProgettoInsieme/Abaton, società distinta.;Non documentata;2026-09-20;Non effettuata;Non rilevati: capacità autorizzata/accreditata non è disponibilità;https://www.google.com/maps/search/?api=1&query=Via%20Penitro%20a%20Monte%20snc%2C%20Formia%2C%20Italia;;"Contratto 2025-2026 pubblicato; budget annuale distinto dal termine contrattuale";MOD-040;SRTRe;Psichiatria;Residenziale;20;Dotazione Carta 2026 e tabella 2024;Convenzionata documentata;;https://www.comunitainsieme.com/download/amministrazione_trasparente/carta_dei_servizi_26.pdf | https://www.comunitainsieme.com/download/amministrazione_trasparente/prestazioni-in-ambito-di-accreditamento.pdf;;Da completare / escluse;;"Da concordare con servizio inviante e accettazione; non acquisiti sistematicamente";"Individualizzata; durata specifica non consolidata";"Idoneità clinica e amministrativa da valutare; non dedotta dal solo accreditamento";Profilo del gestore / modulo: vedi fonti. Non certifica disponibilità giornaliera.;"Indirizzo pubblicato; ingresso e coordinate non verificati";Dotazione Carta 2026 e tabella 2024;Da distinguere;;Documentato/indicato nel dossier V5;;Accordo/Contratto 2025-2026 pubblicato dalla ASL Latina;2025-2026;https://www.ausl.latina.it/strutture-sanitarie-private-accreditate/7232-accordi-con-strutture-private-accreditate;Confermato: INSIEME 1 Struttura A+B (Sole e Luna), 40 p.l. complessivi, budget psichiatria 2026;https://www.ausl.latina.it/AlboOnLine/miu3.do?fllbck=.sv1md&hold=11630&kcond4.att2md=15687&link=ln18&miu3.icp3=36726&sp=page4;;20;;20;Da verificare;"Previsto/possibile; autorizzazione economica da provare";"Carta gestore contempla residenza fuori Lazio; serve autorizzazione/impegno di spesa della ASL/Regione inviante.";Privata / ente non ASL;Gestore identificato nel dossier V5;https://www.comunitainsieme.com/download/amministrazione_trasparente/carta_dei_servizi_26.pdf | https://www.comunitainsieme.com/download/amministrazione_trasparente/prestazioni-in-ambito-di-accreditamento.pdf;Promossa al catalogo convenzionato V6;Il contratto 2025-2026 è distinto dal budget annuale. Alcuni provvedimenti 2026 aggregano più moduli.;Sì;Da completare / escluse;Accreditata: convenzione da comprovare;Promosso al catalogo convenzionato V6;Nessuna nuova verifica amministrativa/clinica introdotta dalla V7 strutturale.;Convenzionate;Da correggere / campo ereditato;;Non riesaminato in V7.1;Nessuna modifica sostanziale;;Convenzionata documentata;Convenzionate;2026-09-20;"Classificazione V7.1 conservata; nessuna regressione introdotta nella V7.2.";Nessuna modifica sostanziale.;;Convenzionata documentata;Convenzionate;2026-09-20;Classificazione V7.2 conservata salvo nuove evidenze specifiche.;Nessuna modifica sostanziale.;;Convenzionata documentata;Convenzionate
INS-2;Insieme2;Insieme di A.Anelli & C. s.a.s.;Privata / ente non ASL;Santi Cosma e Damiano;LT;Latina;Via Ausente km2.750;0771736897;info@comunitainsieme.com;"Accreditamento e percorso UVM documentati; contratto di modulo non acquisito";Carta04/08/2026;Da completare;Previsto nella Carta del gestore;"La Carta contempla residenza fuori Lazio; impegno economico e autorizzazione del nuovo invio non comprovati.";INS-CDS | INS-CAP;Assistenza psichiatrica | Riabilitazione delle autonomie | Supporto psicologico e familiare;"DSM/UVM e lista d’attesa dopo idoneità; nessun ingresso SSN garantito dal solo contatto.";;;Non trasferita a questi gestori/moduli la prova di pagamento relativa a ProgettoInsieme/Abaton, società distinta.;Non documentata;2026-09-20;Non effettuata;Non rilevati: capacità autorizzata/accreditata non è disponibilità;https://www.google.com/maps/search/?api=1&query=Via%20Ausente%20km2.750%2C%20Santi%20Cosma%20e%20Damiano%2C%20Italia;;"Contratto 2025-2026 pubblicato; budget annuale distinto dal termine contrattuale";MOD-041;SRTRe;Psichiatria;Residenziale;15;Dotazione Carta 2026 e tabella 2024;Convenzionata documentata;;https://www.comunitainsieme.com/download/amministrazione_trasparente/carta_dei_servizi_26.pdf | https://www.comunitainsieme.com/download/amministrazione_trasparente/prestazioni-in-ambito-di-accreditamento.pdf;;Da completare / escluse;;"Da concordare con servizio inviante e accettazione; non acquisiti sistematicamente";"Individualizzata; durata specifica non consolidata";"Idoneità clinica e amministrativa da valutare; non dedotta dal solo accreditamento";Profilo del gestore / modulo: vedi fonti. Non certifica disponibilità giornaliera.;"Indirizzo pubblicato; ingresso e coordinate non verificati";Dotazione Carta 2026 e tabella 2024;Da distinguere;;Documentato/indicato nel dossier V5;;Accordo/Contratto 2025-2026 pubblicato dalla ASL Latina;2025-2026;https://www.ausl.latina.it/strutture-sanitarie-private-accreditate/7232-accordi-con-strutture-private-accreditate;"Contratto vigente nel 2026; budget 2026 da associare al modulo";https://www.ausl.latina.it/AlboOnLine/miu3.do?fllbck=.sv1md&hold=11630&kcond4.att2md=15687&link=ln18&miu3.icp3=36726&sp=page4;;;;15;Da verificare;"Previsto/possibile; autorizzazione economica da provare";"Carta gestore contempla residenza fuori Lazio; serve autorizzazione/impegno di spesa della ASL/Regione inviante.";Privata / ente non ASL;Gestore identificato nel dossier V5;https://www.comunitainsieme.com/download/amministrazione_trasparente/carta_dei_servizi_26.pdf | https://www.comunitainsieme.com/download/amministrazione_trasparente/prestazioni-in-ambito-di-accreditamento.pdf;Promossa al catalogo convenzionato V6;Il contratto 2025-2026 è distinto dal budget annuale. Alcuni provvedimenti 2026 aggregano più moduli.;Sì;Da completare / escluse;Accreditata: convenzione da comprovare;Promosso al catalogo convenzionato V6;Nessuna nuova verifica amministrativa/clinica introdotta dalla V7 strutturale.;Convenzionate;Da correggere / campo ereditato;;Non riesaminato in V7.1;Nessuna modifica sostanziale;;Convenzionata documentata;Convenzionate;2026-09-20;"Classificazione V7.1 conservata; nessuna regressione introdotta nella V7.2.";Nessuna modifica sostanziale.;;Convenzionata documentata;Convenzionate;2026-09-20;Classificazione V7.2 conservata salvo nuove evidenze specifiche.;Nessuna modifica sostanziale.;;Convenzionata documentata;Convenzionate
INS-MONG;Insieme Mongolfiera;Insieme di A.Anelli & C. s.a.s.;Privata / ente non ASL;Santi Cosma e Damiano;LT;Latina;Via Cerri Aprano;0771736897;info@comunitainsieme.com;"Accreditamento e percorso UVM documentati; contratto di modulo non acquisito";Carta04/08/2026;Da completare;Previsto nella Carta del gestore;"La Carta contempla residenza fuori Lazio; impegno economico e autorizzazione del nuovo invio non comprovati.";INS-CDS | INS-CAP;Assistenza psichiatrica | Riabilitazione delle autonomie | Supporto psicologico e familiare;"DSM/UVM e lista d’attesa dopo idoneità; nessun ingresso SSN garantito dal solo contatto.";;;Non trasferita a questi gestori/moduli la prova di pagamento relativa a ProgettoInsieme/Abaton, società distinta.;Non documentata;2026-09-20;Non effettuata;Non rilevati: capacità autorizzata/accreditata non è disponibilità;https://www.google.com/maps/search/?api=1&query=Via%20Cerri%20Aprano%2C%20Santi%20Cosma%20e%20Damiano%2C%20Italia;;"Contratto 2025-2026 pubblicato; budget annuale distinto dal termine contrattuale";MOD-042;SRTRe;Psichiatria;Residenziale;20;Dotazione Carta 2026 e tabella 2024;Convenzionata documentata;;https://www.comunitainsieme.com/download/amministrazione_trasparente/carta_dei_servizi_26.pdf | https://www.comunitainsieme.com/download/amministrazione_trasparente/prestazioni-in-ambito-di-accreditamento.pdf;;Da completare / escluse;;"Da concordare con servizio inviante e accettazione; non acquisiti sistematicamente";"Individualizzata; durata specifica non consolidata";"Idoneità clinica e amministrativa da valutare; non dedotta dal solo accreditamento";Profilo del gestore / modulo: vedi fonti. Non certifica disponibilità giornaliera.;"Indirizzo pubblicato; ingresso e coordinate non verificati";Dotazione Carta 2026 e tabella 2024;Da distinguere;;Documentato/indicato nel dossier V5;;Accordo/Contratto 2025-2026 pubblicato dalla ASL Latina;2025-2026;https://www.ausl.latina.it/strutture-sanitarie-private-accreditate/7232-accordi-con-strutture-private-accreditate;Confermato: INSIEME Struttura A+B (Mongolfiera e Arcobaleno), 40 p.l. complessivi, budget psichiatria 2026;https://www.ausl.latina.it/AlboOnLine/miu3.do?fllbck=.sv1md&hold=11630&kcond4.att2md=15687&link=ln18&miu3.icp3=36726&sp=page4;;20;;20;Da verificare;"Previsto/possibile; autorizzazione economica da provare";"Carta gestore contempla residenza fuori Lazio; serve autorizzazione/impegno di spesa della ASL/Regione inviante.";Privata / ente non ASL;Gestore identificato nel dossier V5;https://www.comunitainsieme.com/download/amministrazione_trasparente/carta_dei_servizi_26.pdf | https://www.comunitainsieme.com/download/amministrazione_trasparente/prestazioni-in-ambito-di-accreditamento.pdf;Promossa al catalogo convenzionato V6;Il contratto 2025-2026 è distinto dal budget annuale. Alcuni provvedimenti 2026 aggregano più moduli.;Sì;Da completare / escluse;Accreditata: convenzione da comprovare;Promosso al catalogo convenzionato V6;Nessuna nuova verifica amministrativa/clinica introdotta dalla V7 strutturale.;Convenzionate;Da correggere / campo ereditato;;Non riesaminato in V7.1;Nessuna modifica sostanziale;;Convenzionata documentata;Convenzionate;2026-09-20;"Classificazione V7.1 conservata; nessuna regressione introdotta nella V7.2.";Nessuna modifica sostanziale.;;Convenzionata documentata;Convenzionate;2026-09-20;Classificazione V7.2 conservata salvo nuove evidenze specifiche.;Nessuna modifica sostanziale.;;Convenzionata documentata;Convenzionate
INS-ARCO;Insieme Arcobaleno;Insieme di A.Anelli & C. s.a.s.;Privata / ente non ASL;Santi Cosma e Damiano;LT;Latina;Via Cerri Aprano;0771736897;info@comunitainsieme.com;"Accreditamento e percorso UVM documentati; contratto di modulo non acquisito";Carta04/08/2026;Da completare;Previsto nella Carta del gestore;"La Carta contempla residenza fuori Lazio; impegno economico e autorizzazione del nuovo invio non comprovati.";INS-CDS | INS-CAP;Assistenza psichiatrica | Riabilitazione delle autonomie | Supporto psicologico e familiare;"DSM/UVM e lista d’attesa dopo idoneità; nessun ingresso SSN garantito dal solo contatto.";;;Non trasferita a questi gestori/moduli la prova di pagamento relativa a ProgettoInsieme/Abaton, società distinta.;Non documentata;2026-09-20;Non effettuata;Non rilevati: capacità autorizzata/accreditata non è disponibilità;https://www.google.com/maps/search/?api=1&query=Via%20Cerri%20Aprano%2C%20Santi%20Cosma%20e%20Damiano%2C%20Italia;;"Contratto 2025-2026 pubblicato; budget annuale distinto dal termine contrattuale";MOD-043;SRTRe;Psichiatria;Residenziale;20;Dotazione Carta 2026 e tabella 2024;Convenzionata documentata;;https://www.comunitainsieme.com/download/amministrazione_trasparente/carta_dei_servizi_26.pdf | https://www.comunitainsieme.com/download/amministrazione_trasparente/prestazioni-in-ambito-di-accreditamento.pdf;;Da completare / escluse;;"Da concordare con servizio inviante e accettazione; non acquisiti sistematicamente";"Individualizzata; durata specifica non consolidata";"Idoneità clinica e amministrativa da valutare; non dedotta dal solo accreditamento";Profilo del gestore / modulo: vedi fonti. Non certifica disponibilità giornaliera.;"Indirizzo pubblicato; ingresso e coordinate non verificati";Dotazione Carta 2026 e tabella 2024;Da distinguere;;Documentato/indicato nel dossier V5;;Accordo/Contratto 2025-2026 pubblicato dalla ASL Latina;2025-2026;https://www.ausl.latina.it/strutture-sanitarie-private-accreditate/7232-accordi-con-strutture-private-accreditate;Confermato: INSIEME Struttura A+B (Mongolfiera e Arcobaleno), 40 p.l. complessivi, budget psichiatria 2026;https://www.ausl.latina.it/AlboOnLine/miu3.do?fllbck=.sv1md&hold=11630&kcond4.att2md=15687&link=ln18&miu3.icp3=36726&sp=page4;;20;;20;Da verificare;"Previsto/possibile; autorizzazione economica da provare";"Carta gestore contempla residenza fuori Lazio; serve autorizzazione/impegno di spesa della ASL/Regione inviante.";Privata / ente non ASL;Gestore identificato nel dossier V5;https://www.comunitainsieme.com/download/amministrazione_trasparente/carta_dei_servizi_26.pdf | https://www.comunitainsieme.com/download/amministrazione_trasparente/prestazioni-in-ambito-di-accreditamento.pdf;Promossa al catalogo convenzionato V6;Il contratto 2025-2026 è distinto dal budget annuale. Alcuni provvedimenti 2026 aggregano più moduli.;Sì;Da completare / escluse;Accreditata: convenzione da comprovare;Promosso al catalogo convenzionato V6;Nessuna nuova verifica amministrativa/clinica introdotta dalla V7 strutturale.;Convenzionate;Da correggere / campo ereditato;;Non riesaminato in V7.1;Nessuna modifica sostanziale;;Convenzionata documentata;Convenzionate;2026-09-20;"Classificazione V7.1 conservata; nessuna regressione introdotta nella V7.2.";Nessuna modifica sostanziale.;;Convenzionata documentata;Convenzionate;2026-09-20;Classificazione V7.2 conservata salvo nuove evidenze specifiche.;Nessuna modifica sostanziale.;;Convenzionata documentata;Convenzionate
INS-AUS;Insieme Ausonia;Insieme di A.Anelli & C. s.a.s.;Privata / ente non ASL;Ausonia;FR;Frosinone;Contrada Orfanotrofio, località Faiano;0771736897;info@comunitainsieme.com;"Accreditamento e percorso UVM documentati; contratto di modulo non acquisito";Carta04/08/2026;Da completare;Previsto nella Carta del gestore;"La Carta contempla residenza fuori Lazio; impegno economico e autorizzazione del nuovo invio non comprovati.";INS-CDS | INS-CAP;Assistenza psichiatrica | Riabilitazione delle autonomie | Supporto psicologico e familiare;"DSM/UVM e lista d’attesa dopo idoneità; nessun ingresso SSN garantito dal solo contatto.";;;Non trasferita a questi gestori/moduli la prova di pagamento relativa a ProgettoInsieme/Abaton, società distinta.;Non documentata;2026-09-20;Non effettuata;Non rilevati: capacità autorizzata/accreditata non è disponibilità;https://www.google.com/maps/search/?api=1&query=Contrada%20Orfanotrofio%2C%20localit%C3%A0%20Faiano%2C%20Ausonia%2C%20Italia;;Non certificata: vedere annualità e fonte;MOD-044;SRTRe;Psichiatria;Residenziale;20;Dotazione Carta 2026 e tabella 2024;Accreditata: convenzione da comprovare;;https://www.comunitainsieme.com/download/amministrazione_trasparente/carta_dei_servizi_26.pdf | https://www.comunitainsieme.com/download/amministrazione_trasparente/prestazioni-in-ambito-di-accreditamento.pdf;;Da completare / escluse;;"Da concordare con servizio inviante e accettazione; non acquisiti sistematicamente";"Individualizzata; durata specifica non consolidata";"Idoneità clinica e amministrativa da valutare; non dedotta dal solo accreditamento";Profilo del gestore / modulo: vedi fonti. Non certifica disponibilità giornaliera.;"Indirizzo pubblicato; ingresso e coordinate non verificati";Dotazione Carta 2026 e tabella 2024;Da distinguere;;Documentato/indicato nel dossier V5;;Da comprovare/aggiornare;Carta04/08/2026;;Da verificare;;;;;20;Da verificare;"Previsto/possibile; autorizzazione economica da provare";"Carta gestore contempla residenza fuori Lazio; serve autorizzazione/impegno di spesa della ASL/Regione inviante.";Privata / ente non ASL;Gestore identificato nel dossier V5;https://www.comunitainsieme.com/download/amministrazione_trasparente/carta_dei_servizi_26.pdf | https://www.comunitainsieme.com/download/amministrazione_trasparente/prestazioni-in-ambito-di-accreditamento.pdf;Ereditato V5;;Sì;Da completare / escluse;Accreditata: convenzione da comprovare;Conservato;Nessuna nuova verifica amministrativa/clinica introdotta dalla V7 strutturale.;Da verificare 2026;Coerente o compatibile;2026-09-20;Nessuna nuova prova 2026 sufficiente a modificare la classificazione nella ricognizione V7.1.;Resta da verificare 2026;https://www.comunitainsieme.com/download/amministrazione_trasparente/carta_dei_servizi_26.pdf | https://www.comunitainsieme.com/download/amministrazione_trasparente/prestazioni-in-ambito-di-accreditamento.pdf;Accreditata: convenzione da comprovare;Da verificare 2026;2026-09-20;Seconda passata documentale: nessuna nuova evidenza 2026 sufficiente a modificare la classificazione.;Stato conservato in attesa di contratto, pagamento pubblico o altra evidenza amministrativa specifica.;https://www.comunitainsieme.com/download/amministrazione_trasparente/carta_dei_servizi_26.pdf | https://www.comunitainsieme.com/download/amministrazione_trasparente/prestazioni-in-ambito-di-accreditamento.pdf;Accreditata: convenzione da comprovare;Da verificare 2026;2026-09-20;Classificazione V7.2 conservata salvo nuove evidenze specifiche.;Nessuna modifica sostanziale.;https://www.comunitainsieme.com/download/amministrazione_trasparente/carta_dei_servizi_26.pdf | https://www.comunitainsieme.com/download/amministrazione_trasparente/prestazioni-in-ambito-di-accreditamento.pdf;Accreditata: convenzione da comprovare;Da verificare 2026
INS-SPI;Insieme Spigno;Insieme di A.Anelli & C. s.a.s.;Privata / ente non ASL;Spigno Saturnia;LT;Latina;Via Silvio Pellico,7;0771736897;info@comunitainsieme.com;"Accreditamento e percorso UVM documentati; contratto di modulo non acquisito";Carta04/08/2026;Da completare;Previsto nella Carta del gestore;"La Carta contempla residenza fuori Lazio; impegno economico e autorizzazione del nuovo invio non comprovati.";INS-CDS | INS-CAP;Assistenza psichiatrica | Riabilitazione delle autonomie | Supporto psicologico e familiare;"DSM/UVM e lista d’attesa dopo idoneità; nessun ingresso SSN garantito dal solo contatto.";;;Non trasferita a questi gestori/moduli la prova di pagamento relativa a ProgettoInsieme/Abaton, società distinta.;Non documentata;2026-09-20;Non effettuata;Non rilevati: capacità autorizzata/accreditata non è disponibilità;https://www.google.com/maps/search/?api=1&query=Via%20Silvio%20Pellico%2C7%2C%20Spigno%20Saturnia%2C%20Italia;;"Contratto 2025-2026 pubblicato; budget annuale distinto dal termine contrattuale";MOD-045;SRSR H24;Psichiatria;Residenziale;10;Dotazione Carta 2026 e tabella 2024;Convenzionata documentata;;https://www.comunitainsieme.com/download/amministrazione_trasparente/carta_dei_servizi_26.pdf | https://www.comunitainsieme.com/download/amministrazione_trasparente/prestazioni-in-ambito-di-accreditamento.pdf;;Da completare / escluse;;"Da concordare con servizio inviante e accettazione; non acquisiti sistematicamente";"Individualizzata; durata specifica non consolidata";"Idoneità clinica e amministrativa da valutare; non dedotta dal solo accreditamento";Profilo del gestore / modulo: vedi fonti. Non certifica disponibilità giornaliera.;"Indirizzo pubblicato; ingresso e coordinate non verificati";Dotazione Carta 2026 e tabella 2024;Da distinguere;;Documentato/indicato nel dossier V5;;Accordo/Contratto 2025-2026 pubblicato dalla ASL Latina;2025-2026;https://www.ausl.latina.it/strutture-sanitarie-private-accreditate/7232-accordi-con-strutture-private-accreditate;"Contratto vigente nel 2026; budget 2026 da associare al modulo";https://www.ausl.latina.it/AlboOnLine/miu3.do?fllbck=.sv1md&hold=11630&kcond4.att2md=15687&link=ln18&miu3.icp3=36726&sp=page4;;;;10;Da verificare;"Previsto/possibile; autorizzazione economica da provare";"Carta gestore contempla residenza fuori Lazio; serve autorizzazione/impegno di spesa della ASL/Regione inviante.";Privata / ente non ASL;Gestore identificato nel dossier V5;https://www.comunitainsieme.com/download/amministrazione_trasparente/carta_dei_servizi_26.pdf | https://www.comunitainsieme.com/download/amministrazione_trasparente/prestazioni-in-ambito-di-accreditamento.pdf;Promossa al catalogo convenzionato V6;Il contratto 2025-2026 è distinto dal budget annuale. Alcuni provvedimenti 2026 aggregano più moduli.;Sì;Da completare / escluse;Accreditata: convenzione da comprovare;Promosso al catalogo convenzionato V6;Nessuna nuova verifica amministrativa/clinica introdotta dalla V7 strutturale.;Convenzionate;Da correggere / campo ereditato;;Non riesaminato in V7.1;Nessuna modifica sostanziale;;Convenzionata documentata;Convenzionate;2026-09-20;"Classificazione V7.1 conservata; nessuna regressione introdotta nella V7.2.";Nessuna modifica sostanziale.;;Convenzionata documentata;Convenzionate;2026-09-20;Classificazione V7.2 conservata salvo nuove evidenze specifiche.;Nessuna modifica sostanziale.;;Convenzionata documentata;Convenzionate
INS-PEZ;Alberto Pezzi;Insieme di A.Anelli & C. s.a.s.;Privata / ente non ASL;Santi Cosma e Damiano;LT;Latina;Via Cerri Aprano;0771736897;info@comunitainsieme.com;"Accreditamento e percorso UVM documentati; contratto di modulo non acquisito";Carta04/08/2026;Da completare;Previsto nella Carta del gestore;"La Carta contempla residenza fuori Lazio; impegno economico e autorizzazione del nuovo invio non comprovati.";INS-CDS | INS-CAP;Assistenza psichiatrica | Riabilitazione delle autonomie | Supporto psicologico e familiare;"DSM/UVM e lista d’attesa dopo idoneità; nessun ingresso SSN garantito dal solo contatto.";;;Non trasferita a questi gestori/moduli la prova di pagamento relativa a ProgettoInsieme/Abaton, società distinta.;Non documentata;2026-09-20;Non effettuata;Non rilevati: capacità autorizzata/accreditata non è disponibilità;https://www.google.com/maps/search/?api=1&query=Via%20Cerri%20Aprano%2C%20Santi%20Cosma%20e%20Damiano%2C%20Italia;;"Contratto 2025-2026 pubblicato; budget annuale distinto dal termine contrattuale";MOD-046;SRSR H24;Psichiatria;Residenziale;9;Dotazione Carta 2026 e tabella 2024;Convenzionata documentata;;https://www.comunitainsieme.com/download/amministrazione_trasparente/carta_dei_servizi_26.pdf | https://www.comunitainsieme.com/download/amministrazione_trasparente/prestazioni-in-ambito-di-accreditamento.pdf;;Da completare / escluse;;"Da concordare con servizio inviante e accettazione; non acquisiti sistematicamente";"Individualizzata; durata specifica non consolidata";"Idoneità clinica e amministrativa da valutare; non dedotta dal solo accreditamento";Profilo del gestore / modulo: vedi fonti. Non certifica disponibilità giornaliera.;"Indirizzo pubblicato; ingresso e coordinate non verificati";Dotazione Carta 2026 e tabella 2024;Da distinguere;;Documentato/indicato nel dossier V5;;Accordo/Contratto 2025-2026 pubblicato dalla ASL Latina;2025-2026;https://www.ausl.latina.it/strutture-sanitarie-private-accreditate/7232-accordi-con-strutture-private-accreditate;Confermato: SRSR Alberto Pezzi, 9 p.l., budget psichiatria 2026;https://www.ausl.latina.it/AlboOnLine/miu3.do?fllbck=.sv1md&hold=11630&kcond4.att2md=15687&link=ln18&miu3.icp3=36726&sp=page4;;9;;9;Da verificare;"Previsto/possibile; autorizzazione economica da provare";"Carta gestore contempla residenza fuori Lazio; serve autorizzazione/impegno di spesa della ASL/Regione inviante.";Privata / ente non ASL;Gestore identificato nel dossier V5;https://www.comunitainsieme.com/download/amministrazione_trasparente/carta_dei_servizi_26.pdf | https://www.comunitainsieme.com/download/amministrazione_trasparente/prestazioni-in-ambito-di-accreditamento.pdf;Promossa al catalogo convenzionato V6;Il contratto 2025-2026 è distinto dal budget annuale. Alcuni provvedimenti 2026 aggregano più moduli.;Sì;Da completare / escluse;Accreditata: convenzione da comprovare;Promosso al catalogo convenzionato V6;Nessuna nuova verifica amministrativa/clinica introdotta dalla V7 strutturale.;Convenzionate;Da correggere / campo ereditato;;Non riesaminato in V7.1;Nessuna modifica sostanziale;;Convenzionata documentata;Convenzionate;2026-09-20;"Classificazione V7.1 conservata; nessuna regressione introdotta nella V7.2.";Nessuna modifica sostanziale.;;Convenzionata documentata;Convenzionate;2026-09-20;Classificazione V7.2 conservata salvo nuove evidenze specifiche.;Nessuna modifica sostanziale.;;Convenzionata documentata;Convenzionate
INS-RED;Redzep Sestovic;Insieme di A.Anelli & C. s.a.s.;Privata / ente non ASL;Santi Cosma e Damiano;LT;Latina;Via Cerri Aprano;0771736897;info@comunitainsieme.com;"Accreditamento e percorso UVM documentati; contratto di modulo non acquisito";Carta04/08/2026;Da completare;Previsto nella Carta del gestore;"La Carta contempla residenza fuori Lazio; impegno economico e autorizzazione del nuovo invio non comprovati.";INS-CDS | INS-CAP;Assistenza psichiatrica | Riabilitazione delle autonomie | Supporto psicologico e familiare;"DSM/UVM e lista d’attesa dopo idoneità; nessun ingresso SSN garantito dal solo contatto.";;;Non trasferita a questi gestori/moduli la prova di pagamento relativa a ProgettoInsieme/Abaton, società distinta.;Non documentata;2026-09-20;Non effettuata;Non rilevati: capacità autorizzata/accreditata non è disponibilità;https://www.google.com/maps/search/?api=1&query=Via%20Cerri%20Aprano%2C%20Santi%20Cosma%20e%20Damiano%2C%20Italia;;"Contratto 2025-2026 pubblicato; budget annuale distinto dal termine contrattuale";MOD-047;SRSR H24;Psichiatria;Residenziale;7;Dotazione Carta 2026 e tabella 2024;Convenzionata documentata;;https://www.comunitainsieme.com/download/amministrazione_trasparente/carta_dei_servizi_26.pdf | https://www.comunitainsieme.com/download/amministrazione_trasparente/prestazioni-in-ambito-di-accreditamento.pdf;;Da completare / escluse;;"Da concordare con servizio inviante e accettazione; non acquisiti sistematicamente";"Individualizzata; durata specifica non consolidata";"Idoneità clinica e amministrativa da valutare; non dedotta dal solo accreditamento";Profilo del gestore / modulo: vedi fonti. Non certifica disponibilità giornaliera.;"Indirizzo pubblicato; ingresso e coordinate non verificati";Dotazione Carta 2026 e tabella 2024;Da distinguere;;Documentato/indicato nel dossier V5;;Accordo/Contratto 2025-2026 pubblicato dalla ASL Latina;2025-2026;https://www.ausl.latina.it/strutture-sanitarie-private-accreditate/7232-accordi-con-strutture-private-accreditate;"Contratto vigente nel 2026; budget 2026 da associare al modulo";https://www.ausl.latina.it/AlboOnLine/miu3.do?fllbck=.sv1md&hold=11630&kcond4.att2md=15687&link=ln18&miu3.icp3=36726&sp=page4;;;;7;Da verificare;"Previsto/possibile; autorizzazione economica da provare";"Carta gestore contempla residenza fuori Lazio; serve autorizzazione/impegno di spesa della ASL/Regione inviante.";Privata / ente non ASL;Gestore identificato nel dossier V5;https://www.comunitainsieme.com/download/amministrazione_trasparente/carta_dei_servizi_26.pdf | https://www.comunitainsieme.com/download/amministrazione_trasparente/prestazioni-in-ambito-di-accreditamento.pdf;Promossa al catalogo convenzionato V6;Il contratto 2025-2026 è distinto dal budget annuale. Alcuni provvedimenti 2026 aggregano più moduli.;Sì;Da completare / escluse;Accreditata: convenzione da comprovare;Promosso al catalogo convenzionato V6;Nessuna nuova verifica amministrativa/clinica introdotta dalla V7 strutturale.;Convenzionate;Da correggere / campo ereditato;;Non riesaminato in V7.1;Nessuna modifica sostanziale;;Convenzionata documentata;Convenzionate;2026-09-20;"Classificazione V7.1 conservata; nessuna regressione introdotta nella V7.2.";Nessuna modifica sostanziale.;;Convenzionata documentata;Convenzionate;2026-09-20;Classificazione V7.2 conservata salvo nuove evidenze specifiche.;Nessuna modifica sostanziale.;;Convenzionata documentata;Convenzionate
DIA;Dianova Palombara Sabina;Dianova;Privata / ente non ASL;Palombara Sabina;RM;Roma 5;Strada Salvia,13;077466809;palombara@dianova.it;"Accreditata e convenzionata SSN; accesso gratuito dichiarato dal gestore";Pagina consultata20/09/2026;Dichiarazione gestore;Non documentato;;DIA-WEB | DIA-ACTA;Trattamento terapeutico-riabilitativo dipendenze | Supporto psicologico e psicoterapeutico | Sostegno alle famiglie | Attività espressive, agricole e sportive | Reinserimento socio-lavorativo;Contatto accoglienza e invio SerD/SerT con valutazione e programma.;Adulti, uomini e donne;Équipe con educatori, psicoterapeuta, medico e psichiatra.;AttoG15305/09.12.2021 richiamato dal sito. Nessuna automatica ammissione extra Lazio dedotta dalla rete nazionaleDianova.;Non documentata;2026-09-20;Non effettuata;Non rilevati: capacità autorizzata/accreditata non è disponibilità;https://www.google.com/maps/search/?api=1&query=Strada%20Salvia%2C13%2C%20Palombara%20Sabina%2C%20Italia;DIA-WEB;Non certificata: vedere annualità e fonte;MOD-048;Comunità terapeutico-riabilitativa;Dipendenze;Residenziale;18;Dotazione dichiarata dal gestore;Convenzionata documentata;;https://www.dianova.it/palombara/ | https://www.actalazio.it/dianova/;;Convenzionate;https://www.dianova.it/palombara/;"Da concordare con servizio inviante e accettazione; non acquisiti sistematicamente";"Individualizzata; durata specifica non consolidata";"Idoneità clinica e amministrativa da valutare; non dedotta dal solo accreditamento";Profilo del gestore / modulo: vedi fonti. Non certifica disponibilità giornaliera.;"Indirizzo pubblicato; ingresso e coordinate non verificati";Dotazione dichiarata dal gestore;Da distinguere;;Documentato/indicato nel dossier V5;;Documentato in V5;Pagina consultata20/09/2026;https://www.dianova.it/palombara/;Da verificare;;;;;18;Da verificare;Non documentato;;Privata / ente non ASL;Gestore identificato nel dossier V5;https://www.dianova.it/palombara/ | https://www.actalazio.it/dianova/;Ereditato V5;;Sì;Convenzionate;Convenzionata documentata;Conservato;Nessuna nuova verifica amministrativa/clinica introdotta dalla V7 strutturale.;Convenzionate;Coerente o compatibile;;Non riesaminato in V7.1;Nessuna modifica sostanziale;;Convenzionata documentata;Convenzionate;2026-09-20;"Classificazione V7.1 conservata; nessuna regressione introdotta nella V7.2.";Nessuna modifica sostanziale.;;Convenzionata documentata;Convenzionate;2026-09-20;Classificazione V7.2 conservata salvo nuove evidenze specifiche.;Nessuna modifica sostanziale.;;Convenzionata documentata;Convenzionate
MASS;C. Massimo;Associazione Comunità Massimo;Privata / ente non ASL;Anzio;RM;Roma 6;Via Oratorio di Santa Rita,3;069831460 / 3334135491;info@comunitamassimo.org;"Accreditamento11 posti riportato daACTA; convenzione attuale da acquisire";;Da completare;Non documentato;;MASS-ACTA;Percorso pedagogico-riabilitativo | Autonomie e reinserimento;Percorso SerD e valutazione comunità.;Uomini adulti;;;Non documentata;2026-09-20;Non effettuata;Non rilevati: capacità autorizzata/accreditata non è disponibilità;https://www.google.com/maps/search/?api=1&query=Via%20Oratorio%20di%20Santa%20Rita%2C3%2C%20Anzio%2C%20Italia;;Non certificata: vedere annualità e fonte;MOD-049;Pedagogico-riabilitativa;Dipendenze;Residenziale;11;"Accreditati secondoACTA; data da riconfermare";Accreditata: convenzione da comprovare;;https://www.actalazio.it/c-massimo/ | https://comunitamassimo.org/resources/carta-servizi-28-10-2019.pdf | https://www.regione.lazio.it/sites/default/files/decreti-commissario-ad-acta/Decr_U00241.pdf;;Da completare / escluse;;"Da concordare con servizio inviante e accettazione; non acquisiti sistematicamente";"Individualizzata; durata specifica non consolidata";"Idoneità clinica e amministrativa da valutare; non dedotta dal solo accreditamento";Profilo del gestore / modulo: vedi fonti. Non certifica disponibilità giornaliera.;"Indirizzo pubblicato; ingresso e coordinate non verificati";"Accreditati secondoACTA; data da riconfermare";Da distinguere;;Documentato/indicato nel dossier V5;;Da comprovare/aggiornare;;;Da verificare;;;11;;11;Da verificare;Non documentato;;Privata / ente non ASL;Gestore identificato nel dossier V5;https://www.actalazio.it/c-massimo/;Ereditato V5;;Sì;Da completare / escluse;Accreditata: convenzione da comprovare;Conservato;Nessuna nuova verifica amministrativa/clinica introdotta dalla V7 strutturale.;Da verificare 2026;Coerente o compatibile;2026-09-20;"Comunità Massimo corrente/accreditata; convenzioni storiche documentate, ma nessuna prova sufficiente di rapporto 2026 reperita.";Resta da verificare 2026.;https://comunitamassimo.org/resources/carta-servizi-28-10-2019.pdf | https://www.regione.lazio.it/sites/default/files/decreti-commissario-ad-acta/Decr_U00241.pdf;Accreditata: convenzione da comprovare;Da verificare 2026;2026-09-20;Seconda passata documentale: nessuna nuova evidenza 2026 sufficiente a modificare la classificazione.;Stato conservato in attesa di contratto, pagamento pubblico o altra evidenza amministrativa specifica.;https://comunitamassimo.org/resources/carta-servizi-28-10-2019.pdf | https://www.regione.lazio.it/sites/default/files/decreti-commissario-ad-acta/Decr_U00241.pdf;Accreditata: convenzione da comprovare;Da verificare 2026;2026-09-20;Classificazione V7.2 conservata salvo nuove evidenze specifiche.;Nessuna modifica sostanziale.;https://comunitamassimo.org/resources/carta-servizi-28-10-2019.pdf | https://www.regione.lazio.it/sites/default/files/decreti-commissario-ad-acta/Decr_U00241.pdf;Accreditata: convenzione da comprovare;Da verificare 2026
DIA-NUOVA;In Dialogo — Nuova Era;Comunità In Dialogo;Privata / ente non ASL;Trivigliano;FR;Frosinone;Borgo San Rocco,2;0775520236 / 0775520191;info@comunitaindialogo.it;"Accreditamento 2014 e convenzioni storiche ASL citate; validità 2026 da comprovare";"Decreti16/06/2014; accordi1996–2004";Da completare;Non documentato;;DIALOGO-ACTA | DIALOGO-WEB;Percorso residenziale dipendenze | Riabilitazione e reinserimento;Contatto comunità, valutazione e raccordo SerD.;;;Le convenzioni storiche non sono presentate come contratto attuale.;Non documentata;2026-09-20;Non effettuata;Non rilevati: capacità autorizzata/accreditata non è disponibilità;https://www.google.com/maps/search/?api=1&query=Borgo%20San%20Rocco%2C2%2C%20Trivigliano%2C%20Italia;;Non certificata: vedere annualità e fonte;MOD-050;Comunità residenziale;Dipendenze;Residenziale;50;Accreditati nel riferimentoACTA;Convenzione storica: attualità da comprovare;;https://www.actalazio.it/in-dialogo/ | https://comunitaindialogo.it/ | https://comunitaindialogo.it/centri-in-italia/nuova-era/;;Da completare / escluse;;"Da concordare con servizio inviante e accettazione; non acquisiti sistematicamente";"Individualizzata; durata specifica non consolidata";"Idoneità clinica e amministrativa da valutare; non dedotta dal solo accreditamento";Profilo del gestore / modulo: vedi fonti. Non certifica disponibilità giornaliera.;"Indirizzo pubblicato; ingresso e coordinate non verificati";Accreditati nel riferimentoACTA;Da distinguere;;Documentato/indicato nel dossier V5;;Da comprovare/aggiornare;"Decreti16/06/2014; accordi1996–2004";;Da verificare;;;50;;50;Da verificare;Non documentato;;Privata / ente non ASL;Gestore identificato nel dossier V5;https://www.actalazio.it/in-dialogo/ | https://comunitaindialogo.it/;Ereditato V5;;Sì;Da completare / escluse;Convenzione storica: attualità da comprovare;Conservato;Nessuna nuova verifica amministrativa/clinica introdotta dalla V7 strutturale.;Da verificare 2026;Coerente o compatibile;2026-09-20;"Nuova Era risulta operativa nel sito corrente del gestore; nessuna prova sanitaria pubblica 2026 sufficiente reperita.";Resta da verificare 2026.;https://comunitaindialogo.it/centri-in-italia/nuova-era/;Convenzione storica: attualità da comprovare;Da verificare 2026;2026-09-20;Seconda passata documentale: nessuna nuova evidenza 2026 sufficiente a modificare la classificazione.;Stato conservato in attesa di contratto, pagamento pubblico o altra evidenza amministrativa specifica.;https://comunitaindialogo.it/centri-in-italia/nuova-era/;Convenzione storica: attualità da comprovare;Da verificare 2026;2026-09-20;Classificazione V7.2 conservata salvo nuove evidenze specifiche.;Nessuna modifica sostanziale.;https://comunitaindialogo.it/centri-in-italia/nuova-era/;Convenzione storica: attualità da comprovare;Da verificare 2026
DIA-CASALE;In Dialogo — Il Casale;Comunità In Dialogo;Privata / ente non ASL;Trivigliano;FR;Frosinone;Contrada Malle snc;0775520617;info@comunitaindialogo.it;"Inserimento 2026 autorizzato e finanziato da ASL Latina; accreditamento richiamato nell’atto";"29/04–30/06/2026; atto ASL Latina 29/05/2026";Atto ufficiale ASL di autorizzazione e impegno di spesa;Non documentato;;DIALOGO-ACTA | DIALOGO-WEB;Percorso residenziale dipendenze | Riabilitazione e reinserimento;Contatto comunità, valutazione e raccordo SerD.;;;Le convenzioni storiche non sono presentate come contratto attuale.;Non documentata;2026-09-20;Non effettuata;Non rilevati: capacità autorizzata/accreditata non è disponibilità;https://www.google.com/maps/search/?api=1&query=Contrada%20Malle%20snc%2C%20Trivigliano%2C%20Italia;;"Prestazione 2026 documentata da atto pubblico; non equivale a garanzia di ammissione generalizzata";MOD-051;Comunità residenziale;Dipendenze;Residenziale;34;Accreditati nel riferimentoACTA;Convenzionata documentata – inserimento/finanziamento pubblico 2026;V7.1: passaggio da convenzione storica da comprovare a rapporto pubblico 2026 documentato per specifico inserimento.;https://www.actalazio.it/in-dialogo/ | https://comunitaindialogo.it/;;Da completare / escluse;;"Da concordare con servizio inviante e accettazione; non acquisiti sistematicamente";"Individualizzata; durata specifica non consolidata";"Idoneità clinica e amministrativa da valutare; non dedotta dal solo accreditamento";Profilo del gestore / modulo: vedi fonti. Non certifica disponibilità giornaliera.;"Indirizzo pubblicato; ingresso e coordinate non verificati";Accreditati nel riferimentoACTA;Da distinguere;;Documentato/indicato nel dossier V5;;Rapporto pubblico 2026 documentato tramite specifico inserimento/autorizzazione di spesa;29/04–30/06/2026 per specifico inserimento;ASL Latina – Determinazione 29/05/2026 relativa a inserimento presso Centro Il Casale, Trivigliano;Impegno di spesa 2026 documentato per specifico inserimento;ASL Latina – Determinazione 29/05/2026 relativa a inserimento presso Centro Il Casale, Trivigliano;;34;;34;Documentata da specifico inserimento ASL Latina;Non documentato;;Privata / ente non ASL;Gestore identificato nel dossier V5;https://www.actalazio.it/in-dialogo/ | https://comunitaindialogo.it/;Ereditato V5;;Sì;Da completare / escluse;Convenzione storica: attualità da comprovare;Conservato;Nessuna nuova verifica amministrativa/clinica introdotta dalla V7 strutturale.;Da verificare 2026;Coerente o compatibile;2026-09-20;Atto ASL Latina 2026 documenta inserimento, retta e impegno di spesa presso Il Casale.;"Promosso tra le convenzionate documentate; prova riferita a specifico inserimento 2026, non a contratto generale per ogni invio.";https://comunitaindialogo.it/;Convenzionata documentata – inserimento/finanziamento pubblico 2026;Convenzionate;2026-09-20;"Classificazione V7.1 conservata; nessuna regressione introdotta nella V7.2.";Nessuna modifica sostanziale.;https://comunitaindialogo.it/;Convenzionata documentata – inserimento/finanziamento pubblico 2026;Convenzionate;2026-09-20;Classificazione V7.2 conservata salvo nuove evidenze specifiche.;Nessuna modifica sostanziale.;https://comunitaindialogo.it/;Convenzionata documentata – inserimento/finanziamento pubblico 2026;Convenzionate
EXO;Exodus Cassino;Fondazione Exodus;Privata / ente non ASL;Cassino;FR;Frosinone;Via San Domenico Vertelle,23;0776311788;cassino@exodus.it;"Articolazione residenziale e semiresidenziale documentata daACTA; contratto attuale da acquisire";;Da completare;Non documentato;;EXO-ACTA;Percorso terapeutico-riabilitativo | Sostegno familiare e reinserimento;Valutazione e invio SerD.;;;;Non documentata;2026-09-20;Non effettuata;Non rilevati: capacità autorizzata/accreditata non è disponibilità;https://www.google.com/maps/search/?api=1&query=Via%20San%20Domenico%20Vertelle%2C23%2C%20Cassino%2C%20Italia;;Non certificata: vedere annualità e fonte;MOD-052;Comunità residenziale;Dipendenze;Residenziale;20;20 autorizzati/accreditati secondo PARS 2025;Accreditata: convenzione da comprovare;;https://www.actalazio.it/exodus-cassino/ | https://www.exodus.it/sedi-exodus/cassino.html | https://www.exodus.it/sedi-exodus/documenti/cassino_cs_2025.pdf;;Da completare / escluse;;"Da concordare con servizio inviante e accettazione; non acquisiti sistematicamente";"Individualizzata; durata specifica non consolidata";"Idoneità clinica e amministrativa da valutare; non dedotta dal solo accreditamento";Profilo del gestore / modulo: vedi fonti. Non certifica disponibilità giornaliera.;"Indirizzo pubblicato; ingresso e coordinate non verificati";CapacitàACTA da riconfermare;Da distinguere;;Da distinguere;;Da comprovare/aggiornare;;;Da verificare;;;20;;20;Da verificare;Non documentato;;Privata / ente non ASL;Gestore identificato nel dossier V5;https://www.actalazio.it/exodus-cassino/;Ereditato V5;;Sì;Da completare / escluse;Accreditata: convenzione da comprovare;Conservato;Nessuna nuova verifica amministrativa/clinica introdotta dalla V7 strutturale.;Da verificare 2026;Coerente o compatibile;2026-09-20;"Exodus Cassino risulta operativa e accreditata; documentazione 2025 conferma 20 posti residenziali accreditati, ma nessun rapporto 2026 sufficiente reperito.";"Resta da verificare 2026; confermati 20 posti residenziali.";https://www.exodus.it/sedi-exodus/cassino.html | https://www.exodus.it/sedi-exodus/documenti/cassino_cs_2025.pdf;Accreditata: convenzione da comprovare;Da verificare 2026;2026-09-20;Seconda passata documentale: nessuna nuova evidenza 2026 sufficiente a modificare la classificazione.;Stato conservato in attesa di contratto, pagamento pubblico o altra evidenza amministrativa specifica.;https://www.exodus.it/sedi-exodus/cassino.html | https://www.exodus.it/sedi-exodus/documenti/cassino_cs_2025.pdf;Accreditata: convenzione da comprovare;Da verificare 2026;2026-09-20;Classificazione V7.2 conservata salvo nuove evidenze specifiche.;Nessuna modifica sostanziale.;https://www.exodus.it/sedi-exodus/cassino.html | https://www.exodus.it/sedi-exodus/documenti/cassino_cs_2025.pdf;Accreditata: convenzione da comprovare;Da verificare 2026
EXO;Exodus Cassino;Fondazione Exodus;Privata / ente non ASL;Cassino;FR;Frosinone;Via San Domenico Vertelle,23;0776311788;cassino@exodus.it;"Articolazione residenziale e semiresidenziale documentata daACTA; contratto attuale da acquisire";;Da completare;Non documentato;;EXO-ACTA;Percorso terapeutico-riabilitativo | Sostegno familiare e reinserimento;Valutazione e invio SerD.;;;;Non documentata;2026-09-20;Non effettuata;Non rilevati: capacità autorizzata/accreditata non è disponibilità;https://www.google.com/maps/search/?api=1&query=Via%20San%20Domenico%20Vertelle%2C23%2C%20Cassino%2C%20Italia;;Non certificata: vedere annualità e fonte;MOD-053;Comunità semiresidenziale;Dipendenze;Semiresidenziale;10;10 autorizzati/accreditati secondo PARS 2025;Accreditata: convenzione da comprovare;;https://www.actalazio.it/exodus-cassino/ | https://www.exodus.it/sedi-exodus/cassino.html | https://www.exodus.it/sedi-exodus/documenti/cassino_cs_2025.pdf;;Da completare / escluse;;"Da concordare con servizio inviante e accettazione; non acquisiti sistematicamente";"Individualizzata; durata specifica non consolidata";"Idoneità clinica e amministrativa da valutare; non dedotta dal solo accreditamento";Profilo del gestore / modulo: vedi fonti. Non certifica disponibilità giornaliera.;"Indirizzo pubblicato; ingresso e coordinate non verificati";CapacitàACTA da riconfermare;Da distinguere;;Da distinguere;;Da comprovare/aggiornare;;;Da verificare;;;10;;10;Da verificare;Non documentato;;Privata / ente non ASL;Gestore identificato nel dossier V5;https://www.actalazio.it/exodus-cassino/;Ereditato V5;;Sì;Da completare / escluse;Accreditata: convenzione da comprovare;Conservato;Nessuna nuova verifica amministrativa/clinica introdotta dalla V7 strutturale.;Da verificare 2026;Coerente o compatibile;2026-09-20;"Exodus Cassino risulta operativa e accreditata; documentazione 2025 conferma 10 posti semiresidenziali accreditati, ma nessun rapporto 2026 sufficiente reperito.";"Resta da verificare 2026; confermati 10 posti semiresidenziali.";https://www.exodus.it/sedi-exodus/cassino.html | https://www.exodus.it/sedi-exodus/documenti/cassino_cs_2025.pdf;Accreditata: convenzione da comprovare;Da verificare 2026;2026-09-20;Seconda passata documentale: nessuna nuova evidenza 2026 sufficiente a modificare la classificazione.;Stato conservato in attesa di contratto, pagamento pubblico o altra evidenza amministrativa specifica.;https://www.exodus.it/sedi-exodus/cassino.html | https://www.exodus.it/sedi-exodus/documenti/cassino_cs_2025.pdf;Accreditata: convenzione da comprovare;Da verificare 2026;2026-09-20;Classificazione V7.2 conservata salvo nuove evidenze specifiche.;Nessuna modifica sostanziale.;https://www.exodus.it/sedi-exodus/cassino.html | https://www.exodus.it/sedi-exodus/documenti/cassino_cs_2025.pdf;Accreditata: convenzione da comprovare;Da verificare 2026
VT-QUER;Santa Maria della Quercia;CeIS San Crispino;Privata / ente non ASL;Viterbo;VT;Viterbo;Via Acquabianca,7;0761228128;comunita@ceis.viterbo.it;"AccreditamentoU00066/26.02.2014; contratto 2026 da acquisire";;Da completare;Non documentato;;VT-QUER | ACTA;Trattamento dipendenze | Psicoterapia e gruppi | Interventi familiari | Agricoltura e reinserimento lavorativo;Servizi invianti e valutazione comunità.;;;;Non documentata;2026-09-20;Non effettuata;Non rilevati: capacità autorizzata/accreditata non è disponibilità;https://www.google.com/maps/search/?api=1&query=Via%20Acquabianca%2C7%2C%20Viterbo%2C%20Italia;;Non certificata: vedere annualità e fonte;MOD-054;Comunità terapeutica;Dipendenze;Residenziale;40;Dotazione dichiarata dal gestore;Accreditata: convenzione da comprovare;;https://ceis.viterbo.it/comunita-terapeutica/ | https://www.actalazio.it/;;Da completare / escluse;;"Da concordare con servizio inviante e accettazione; non acquisiti sistematicamente";"Individualizzata; durata specifica non consolidata";"Idoneità clinica e amministrativa da valutare; non dedotta dal solo accreditamento";Profilo del gestore / modulo: vedi fonti. Non certifica disponibilità giornaliera.;"Indirizzo pubblicato; ingresso e coordinate non verificati";Dotazione dichiarata dal gestore;Da distinguere;;Documentato/indicato nel dossier V5;;Da comprovare/aggiornare;;;Da verificare;;;;;40;Da verificare;Non documentato;;Privata / ente non ASL;Gestore identificato nel dossier V5;https://ceis.viterbo.it/comunita-terapeutica/ | https://www.actalazio.it/;Ereditato V5;;Sì;Da completare / escluse;Accreditata: convenzione da comprovare;Conservato;Nessuna nuova verifica amministrativa/clinica introdotta dalla V7 strutturale.;Da verificare 2026;Coerente o compatibile;2026-09-20;Nessuna nuova prova 2026 sufficiente a modificare la classificazione nella ricognizione V7.1.;Resta da verificare 2026;https://ceis.viterbo.it/comunita-terapeutica/ | https://www.actalazio.it/;Accreditata: convenzione da comprovare;Da verificare 2026;2026-09-20;Seconda passata documentale: nessuna nuova evidenza 2026 sufficiente a modificare la classificazione.;Stato conservato in attesa di contratto, pagamento pubblico o altra evidenza amministrativa specifica.;https://ceis.viterbo.it/comunita-terapeutica/ | https://www.actalazio.it/;Accreditata: convenzione da comprovare;Da verificare 2026;2026-09-20;Classificazione V7.2 conservata salvo nuove evidenze specifiche.;Nessuna modifica sostanziale.;https://ceis.viterbo.it/comunita-terapeutica/ | https://www.actalazio.it/;Accreditata: convenzione da comprovare;Da verificare 2026
VT-PAL;Palanzana;CeIS San Crispino;Privata / ente non ASL;Viterbo;VT;Viterbo;Via Palanzana,15;;;Attività prima fase ricollocata a Santa Maria della Quercia;;Da completare;Non documentato;;VT-PAL;;;;;Il sito attuale descrive fusione della prima fase e diverso utilizzo degli spazi: non conteggiata come comunità dipendenze operativa autonoma.;Non documentata;2026-09-20;Non effettuata;Non rilevati: capacità autorizzata/accreditata non è disponibilità;https://www.google.com/maps/search/?api=1&query=Via%20Palanzana%2C15%2C%20Viterbo%2C%20Italia;;Non certificata: vedere annualità e fonte;MOD-055;Comunità prima fase storica;Dipendenze;Residenziale;;Non consolidata;Ricollocata / non contata attiva;;https://ceis.viterbo.it/strutture/;;Da completare / escluse;;"Da concordare con servizio inviante e accettazione; non acquisiti sistematicamente";"Individualizzata; durata specifica non consolidata";"Idoneità clinica e amministrativa da valutare; non dedotta dal solo accreditamento";Catalogo prestazioni non acquisito;"Indirizzo pubblicato; ingresso e coordinate non verificati";Capacità del modulo non consolidata;Da distinguere;;Da distinguere;;Da comprovare/aggiornare;;;Da verificare;;;;;;Da verificare;Non documentato;;Privata / ente non ASL;Gestore identificato nel dossier V5;https://ceis.viterbo.it/strutture/;Ereditato V5;;Sì;Da completare / escluse;Ricollocata / non contata attiva;Conservato;Nessuna nuova verifica amministrativa/clinica introdotta dalla V7 strutturale.;Da verificare 2026;Coerente o compatibile;2026-09-20;Nessuna nuova prova 2026 sufficiente a modificare la classificazione nella ricognizione V7.1.;Resta da verificare 2026;https://ceis.viterbo.it/strutture/;Ricollocata / non contata attiva;Da verificare 2026;2026-09-20;Seconda passata documentale: nessuna nuova evidenza 2026 sufficiente a modificare la classificazione.;Stato conservato in attesa di contratto, pagamento pubblico o altra evidenza amministrativa specifica.;https://ceis.viterbo.it/strutture/;Ricollocata / non contata attiva;Da verificare 2026;2026-09-20;Classificazione V7.2 conservata salvo nuove evidenze specifiche.;Nessuna modifica sostanziale.;https://ceis.viterbo.it/strutture/;Ricollocata / non contata attiva;Da verificare 2026
VT-CAMP;Campus Calisto Felli;CeIS San Crispino;Privata / ente non ASL;Viterbo;VT;Viterbo;Via Acquabianca,11/B;0761228127;info@ceis.viterbo.it;"AutorizzazioneG01491/13.02.2017; accreditamento/convenzione non consolidati";;Da completare;Non documentato;;VT-CAMP;Trattamento integrato psichiatria e dipendenze | Supporto psicologico e familiare | Riabilitazione;Valutazione integrata SerD/DSM.;;;Non incluso nell’elenco delle doppie diagnosi convenzionate finché manca evidenza SSN.;Non documentata;2026-09-20;Non effettuata;Non rilevati: capacità autorizzata/accreditata non è disponibilità;https://www.google.com/maps/search/?api=1&query=Via%20Acquabianca%2C11/B%2C%20Viterbo%2C%20Italia;;Non certificata: vedere annualità e fonte;MOD-056;Comunità doppia diagnosi;Doppia diagnosi;Residenziale;8;"8 accreditati; ulteriori 8 autorizzati";Accreditata: convenzione/contratto 2026 da comprovare;;https://ceis.viterbo.it/comunita-doppia-diagnosi/ | https://ceis.viterbo.it/wp-content/uploads/2022/09/carta-dei-servizi-rev-rev4-10-07-2023.pdf;"Psichiatria; Dipendenze";Da completare / escluse;;"Da concordare con servizio inviante e accettazione; non acquisiti sistematicamente";"Individualizzata; durata specifica non consolidata";"Idoneità clinica e amministrativa da valutare; non dedotta dal solo accreditamento";Profilo del gestore / modulo: vedi fonti. Non certifica disponibilità giornaliera.;"Indirizzo pubblicato; ingresso e coordinate non verificati";Capacità autorizzata dichiarata;8 posti accreditati + ulteriori 8 autorizzati secondo Carta servizi;https://ceis.viterbo.it/wp-content/uploads/2022/09/carta-dei-servizi-rev-rev4-10-07-2023.pdf;Accreditata per 8 posti (DGR 193/2023);https://ceis.viterbo.it/wp-content/uploads/2022/09/carta-dei-servizi-rev-rev4-10-07-2023.pdf;Da comprovare/aggiornare;;;Da verificare;;16;8;;8;Da verificare;Non documentato;;Privata / ente non ASL;Gestore identificato nel dossier V5;https://ceis.viterbo.it/comunita-doppia-diagnosi/;Ereditato V5;;Sì;Da completare / escluse;Solo autorizzazione / prova insufficiente;Conservato;Nessuna nuova verifica amministrativa/clinica introdotta dalla V7 strutturale.;Da verificare 2026;Coerente o compatibile;2026-09-20;"Carta servizi CEIS documenta 8 posti accreditati con DGR 193/2023 e ulteriori 8 autorizzati; rapporto SSN/contratto 2026 non acquisito.";"Corretto da “solo autorizzazione” ad “accreditata”; resta da verificare 2026.";https://ceis.viterbo.it/comunita-doppia-diagnosi/ | https://ceis.viterbo.it/wp-content/uploads/2022/09/carta-dei-servizi-rev-rev4-10-07-2023.pdf;Accreditata: convenzione/contratto 2026 da comprovare;Da verificare 2026;2026-09-20;Seconda passata documentale: nessuna nuova evidenza 2026 sufficiente a modificare la classificazione.;Stato conservato in attesa di contratto, pagamento pubblico o altra evidenza amministrativa specifica.;https://ceis.viterbo.it/comunita-doppia-diagnosi/ | https://ceis.viterbo.it/wp-content/uploads/2022/09/carta-dei-servizi-rev-rev4-10-07-2023.pdf;Accreditata: convenzione/contratto 2026 da comprovare;Da verificare 2026;2026-09-20;Classificazione V7.2 conservata salvo nuove evidenze specifiche.;Nessuna modifica sostanziale.;https://ceis.viterbo.it/comunita-doppia-diagnosi/ | https://ceis.viterbo.it/wp-content/uploads/2022/09/carta-dei-servizi-rev-rev4-10-07-2023.pdf;Accreditata: convenzione/contratto 2026 da comprovare;Da verificare 2026
CEIS-AMB;Comunità Ambrosini / PaoloVI;CeIS don Mario Picchi;Privata / ente non ASL;Roma;RM;Roma 2;Via Attilio Ambrosini,129;0654195283 / 3666370457;accoglienza@ceis.it;"Programma accreditato; il gestore dichiara convenzioni ASL e gratuità anche fuori rimborso. Contratto del singolo modulo da acquisire.";PARS 2026;Da completare;Non documentato;;CEIS-AMB-PARS | CEIS-TRASP | CEIS-CDS | CEIS-AMB-WEB | CEIS-FREE | CEIS-AMB-CDS;Percorso semiresidenziale dipendenze | Psicoterapia individuale e familiare | Psicoeducazione e reinserimento lavorativo;"Invio SerD e valutazione; adatto anche a persone con impegni lavorativi.";;Psicologi, psicoterapeuti, educatori, OSS e conduttori di laboratorio.; Convenzione a livello del gestore non trasferita automaticamente al singolo modulo: rimane nell’elenco da completare. Orari pubblicati: lun/mar/gio/ven 08:30–16:30, mer 08:30–17:00. Titolo pedagogico nella tabella trasparenza ma terapeutico nella pagina e Carta: verificare denominazione contrattuale.;Non documentata;2026-09-20;Non effettuata;Non rilevati: capacità autorizzata/accreditata non è disponibilità;https://www.google.com/maps/search/?api=1&query=Via%20Attilio%20Ambrosini%2C129%2C%20Roma%2C%20Italia;;Contratto 2025-2026 pubblicato;MOD-057;Terapeutico-riabilitativa semiresidenziale;Dipendenze;Semiresidenziale;90;Autorizzati e accreditati PARS 2026;Convenzionata documentata;;https://www.ceisroma.it/wp-content/uploads/2026/06/PARS-CEIS-AMBROSINI-2026.pdf | https://www.ceisroma.it/info-trasparenza/ | https://www.ceisroma.it/wp-content/uploads/2021/05/carta-servizi-2021.pdf | https://www.ceisroma.it/project/comunita-ambrosini-servizio-semiresidenziale-terapeutico-riabilitativo-per-persone-dipendenti/ | https://www.ceisroma.it/la-gratuita-di-tutti-i-servizi-e-il-nostro-personale/ | https://www.ceisroma.it/wp-content/uploads/2026/03/CARTA-SERVIZI-CT-AMBROSINI.pdf;;Da completare / escluse;;"Da concordare con servizio inviante e accettazione; non acquisiti sistematicamente";"Individualizzata; durata specifica non consolidata";"Adulti; Carta 2025 esclude gravi patologie psichiatriche e gravemente invalidanti. Non classificata come modulo doppia diagnosi.";Profilo del gestore / modulo: vedi fonti. Non certifica disponibilità giornaliera.;"Indirizzo pubblicato; ingresso e coordinate non verificati";Autorizzati e accreditati PARS 2026;Documentata/indicata nel dossier V5;;Documentato/indicato nel dossier V5;;Contratto 2025-2026 pubblicato dalla ASL Roma 2;2025-2026;https://aslroma2.it/index.php/62-cittadini/servizi/medicina-protesica/139-medicina-protesica;"Rapporto contrattuale 2025-2026 documentato; quota/capienza 2026 specifica da estrarre dal contratto";https://aslroma2.it/index.php/62-cittadini/servizi/medicina-protesica/139-medicina-protesica;90;90;;90;"Invio tramite rete SerD; appropriatezza e competenza da verificare per il singolo utente";Non documentato;;Privata / ente non ASL;Gestore identificato nel dossier V5;https://www.ceisroma.it/wp-content/uploads/2026/06/PARS-CEIS-AMBROSINI-2026.pdf | https://www.ceisroma.it/info-trasparenza/ | https://www.ceisroma.it/wp-content/uploads/2021/05/carta-servizi-2021.pdf | https://www.ceisroma.it/project/comunita-ambrosini-servizio-semiresidenziale-terapeutico-riabilitativo-per-persone-dipendenti/ | https://www.ceisroma.it/la-gratuita-di-tutti-i-servizi-e-il-nostro-personale/ | https://www.ceisroma.it/wp-content/uploads/2026/03/CARTA-SERVIZI-CT-AMBROSINI.pdf;Promossa al catalogo convenzionato V6;;Sì;Da completare / escluse;Accreditata: convenzione da comprovare;Promosso al catalogo convenzionato V6;Nessuna nuova verifica amministrativa/clinica introdotta dalla V7 strutturale.;Convenzionate;Da correggere / campo ereditato;;Non riesaminato in V7.1;Nessuna modifica sostanziale;;Convenzionata documentata;Convenzionate;2026-09-20;"Classificazione V7.1 conservata; nessuna regressione introdotta nella V7.2.";Nessuna modifica sostanziale.;;Convenzionata documentata;Convenzionate;2026-09-20;Classificazione V7.2 conservata salvo nuove evidenze specifiche.;Nessuna modifica sostanziale.;;Convenzionata documentata;Convenzionate
CEIS-CAP;Comunità Santa Maria / Capannelle;CeIS don Mario Picchi;Privata / ente non ASL;Roma;RM;Roma 2;Via Appia Nuova,1251;067187303;santa.maria@ceis.it;"Programma accreditato; il gestore dichiara convenzioni ASL e gratuità anche fuori rimborso. Contratto del singolo modulo da acquisire.";PARS 2026;Da completare;Non documentato;;CEIS-CAP-PARS | CEIS-TRASP | CEIS-CDS | CEIS-CAP-WEB | CEIS-FREE;Trattamento dipendenze | Psicoterapia e interventi familiari | Riabilitazione e attività di gruppo;Valutazione e autorizzazione SerD.;Adulti, uomini e donne;Psicologi, psicoterapeuti, educatori, psichiatra, OSS e conduttori di laboratorio.; Convenzione a livello del gestore non trasferita automaticamente al singolo modulo: rimane nell’elenco da completare.;Non documentata;2026-09-20;Non effettuata;Non rilevati: capacità autorizzata/accreditata non è disponibilità;https://www.google.com/maps/search/?api=1&query=Via%20Appia%20Nuova%2C1251%2C%20Roma%2C%20Italia;;Contratto 2025-2026 pubblicato;MOD-058;Terapeutico-riabilitativa residenziale;Dipendenze;Residenziale;;Non consolidata;Convenzionata documentata;;https://www.ceisroma.it/wp-content/uploads/2026/06/PARS-CEIS-CAPANNELLE-2026.pdf | https://www.ceisroma.it/info-trasparenza/ | https://www.ceisroma.it/wp-content/uploads/2021/05/carta-servizi-2021.pdf | https://www.ceisroma.it/project/comunita-santa-maria-servizio-residenziale-terapeutico-riabilitativo-per-persone-dipendenti/ | https://www.ceisroma.it/la-gratuita-di-tutti-i-servizi-e-il-nostro-personale/;;Da completare / escluse;;"Da concordare con servizio inviante e accettazione; non acquisiti sistematicamente";"Individualizzata; durata specifica non consolidata";"Idoneità clinica e amministrativa da valutare; non dedotta dal solo accreditamento";Profilo del gestore / modulo: vedi fonti. Non certifica disponibilità giornaliera.;"Indirizzo pubblicato; ingresso e coordinate non verificati";Capacità del modulo non consolidata;Da distinguere;;Documentato/indicato nel dossier V5;;Contratto 2025-2026 pubblicato dalla ASL Roma 2;2025-2026;https://aslroma2.it/index.php/62-cittadini/servizi/medicina-protesica/139-medicina-protesica;"Rapporto contrattuale 2025-2026 documentato; quota/capienza 2026 specifica da estrarre dal contratto";https://aslroma2.it/index.php/62-cittadini/servizi/medicina-protesica/139-medicina-protesica;;;;;"Invio tramite rete SerD; appropriatezza e competenza da verificare per il singolo utente";Non documentato;;Privata / ente non ASL;Gestore identificato nel dossier V5;https://www.ceisroma.it/wp-content/uploads/2026/06/PARS-CEIS-CAPANNELLE-2026.pdf | https://www.ceisroma.it/info-trasparenza/ | https://www.ceisroma.it/wp-content/uploads/2021/05/carta-servizi-2021.pdf | https://www.ceisroma.it/project/comunita-santa-maria-servizio-residenziale-terapeutico-riabilitativo-per-persone-dipendenti/ | https://www.ceisroma.it/la-gratuita-di-tutti-i-servizi-e-il-nostro-personale/;Promossa al catalogo convenzionato V6;;Sì;Da completare / escluse;Accreditata: convenzione da comprovare;Promosso al catalogo convenzionato V6;Nessuna nuova verifica amministrativa/clinica introdotta dalla V7 strutturale.;Convenzionate;Da correggere / campo ereditato;;Non riesaminato in V7.1;Nessuna modifica sostanziale;;Convenzionata documentata;Convenzionate;2026-09-20;"Classificazione V7.1 conservata; nessuna regressione introdotta nella V7.2.";Nessuna modifica sostanziale.;;Convenzionata documentata;Convenzionate;2026-09-20;Classificazione V7.2 conservata salvo nuove evidenze specifiche.;Nessuna modifica sostanziale.;;Convenzionata documentata;Convenzionate
CEIS-SC;San Carlo e Villa Santa Francesca Romana;CeIS don Mario Picchi;Privata / ente non ASL;Marino;RM;Roma 6;;0654195213;ceis@ceis.it;"Programma accreditato; il gestore dichiara convenzioni ASL e gratuità anche fuori rimborso. Contratto del singolo modulo da acquisire.";PARS 2026;Da completare;Non documentato;;CEIS-SC-PARS | CEIS-CDS | CEIS-TRASP | CEIS-SC-WEB | CEIS-FREE | CEIS-SC-CDS;Programma pedagogico-riabilitativo | Autonomie, formazione e reinserimento;Consenso SerD e colloqui di valutazione.;;;"Indirizzo operativo da validare; sede amministrativaRoma non usata come indirizzo della comunità. Convenzione a livello del gestore non trasferita automaticamente al singolo modulo: rimane nell’elenco da completare.";Non documentata;2026-09-20;Non effettuata;Non rilevati: capacità autorizzata/accreditata non è disponibilità;;;Non certificata: vedere annualità e fonte;MOD-059;Pedagogico-riabilitativa residenziale;Dipendenze;Residenziale;;Non consolidata;Accreditata: convenzione da comprovare;;https://www.ceisroma.it/wp-content/uploads/2026/06/PARS-CEIS-SAN-CARLO-2026.pdf | https://www.ceisroma.it/wp-content/uploads/2021/05/carta-servizi-2021.pdf | https://www.ceisroma.it/info-trasparenza/ | https://www.ceisroma.it/project/comunita-san-carlo-e-villa-santa-francesca-romana-servizio-residenziale-pedagogico-riabilitativo-per-persone-dipendenti/ | https://www.ceisroma.it/la-gratuita-di-tutti-i-servizi-e-il-nostro-personale/ | https://www.ceisroma.it/wp-content/uploads/2026/03/CARTA-SERVIZI-CT-SAN-CARLO.pdf | https://www.ceisroma.it/wp-content/uploads/2023/05/Bilancio-sociale-2021-al-14_05_21.pdf;;Da completare / escluse;;"Da concordare con servizio inviante e accettazione; non acquisiti sistematicamente";"Individualizzata; durata specifica non consolidata";"Idoneità clinica e amministrativa da valutare; non dedotta dal solo accreditamento";Profilo del gestore / modulo: vedi fonti. Non certifica disponibilità giornaliera.;Indirizzo operativo da completare;Capacità del modulo non consolidata;Da distinguere;;Documentato/indicato nel dossier V5;;Da comprovare/aggiornare;PARS 2026;;Da verificare;;;;;;Da verificare;Non documentato;;Privata / ente non ASL;Gestore identificato nel dossier V5;https://www.ceisroma.it/wp-content/uploads/2026/06/PARS-CEIS-SAN-CARLO-2026.pdf | https://www.ceisroma.it/wp-content/uploads/2021/05/carta-servizi-2021.pdf | https://www.ceisroma.it/info-trasparenza/ | https://www.ceisroma.it/project/comunita-san-carlo-e-villa-santa-francesca-romana-servizio-residenziale-pedagogico-riabilitativo-per-persone-dipendenti/ | https://www.ceisroma.it/la-gratuita-di-tutti-i-servizi-e-il-nostro-personale/ | https://www.ceisroma.it/wp-content/uploads/2026/03/CARTA-SERVIZI-CT-SAN-CARLO.pdf;Ereditato V5;;Sì;Da completare / escluse;Accreditata: convenzione da comprovare;Conservato;Nessuna nuova verifica amministrativa/clinica introdotta dalla V7 strutturale.;Da verificare 2026;Coerente o compatibile;2026-09-20;"Accreditamento storico del servizio San Carlo documentato; PARS 2026 già presente nel dataset, ma specifico rapporto/contratto 2026 non acquisito.";Resta da verificare 2026.;https://www.ceisroma.it/wp-content/uploads/2023/05/Bilancio-sociale-2021-al-14_05_21.pdf;Accreditata: convenzione da comprovare;Da verificare 2026;2026-09-20;Seconda passata documentale: nessuna nuova evidenza 2026 sufficiente a modificare la classificazione.;Stato conservato in attesa di contratto, pagamento pubblico o altra evidenza amministrativa specifica.;https://www.ceisroma.it/wp-content/uploads/2023/05/Bilancio-sociale-2021-al-14_05_21.pdf;Accreditata: convenzione da comprovare;Da verificare 2026;2026-09-20;Classificazione V7.2 conservata salvo nuove evidenze specifiche.;Nessuna modifica sostanziale.;https://www.ceisroma.it/wp-content/uploads/2023/05/Bilancio-sociale-2021-al-14_05_21.pdf;Accreditata: convenzione da comprovare;Da verificare 2026
APP;L’Approdo;Associazione L’Approdo;Privata / ente non ASL;Anzio;RM;Roma 6;Lungomare Enea,10 — Lido di Lavinio;0698116020 / 3806321213;;"AccreditamentoU00067/03.04.2013; percorso SerD documentato; finanziamento da comprovare";;Da completare;Non documentato;;APP-CHI | APP-ACC;Trattamento dipendenze con approccioMinnesota | Valutazione psicologica e psichiatrica | Percorso di gruppo;"Contatto iniziale; richiesta al SerD, colloquio psicologo/psichiatra; lista d’attesa dopo idoneità.";;;09–16lun/ven è orario di contatto pubblicato, non apertura residenza.;Non documentata;2026-09-20;Non effettuata;Non rilevati: capacità autorizzata/accreditata non è disponibilità;https://www.google.com/maps/search/?api=1&query=Lungomare%20Enea%2C10%20%E2%80%94%20Lido%20di%20Lavinio%2C%20Anzio%2C%20Italia;;Non certificata: vedere annualità e fonte;MOD-060;Comunità terapeutica;Dipendenze;Residenziale;;Non consolidata;Accreditata: convenzione da comprovare;;https://www.approdocomunita.org/chi-siamo/ | https://www.approdocomunita.org/come-accedere/ | https://www.approdocomunita.org/ | https://www.approdocomunita.org/contattaci/;;Da completare / escluse;;"Da concordare con servizio inviante e accettazione; non acquisiti sistematicamente";"Individualizzata; durata specifica non consolidata";"Idoneità clinica e amministrativa da valutare; non dedotta dal solo accreditamento";Profilo del gestore / modulo: vedi fonti. Non certifica disponibilità giornaliera.;"Indirizzo pubblicato; ingresso e coordinate non verificati";Capacità del modulo non consolidata;Da distinguere;;Documentato/indicato nel dossier V5;;Da comprovare/aggiornare;;;Da verificare;;;;;;Da verificare;Non documentato;;Privata / ente non ASL;Gestore identificato nel dossier V5;https://www.approdocomunita.org/chi-siamo/ | https://www.approdocomunita.org/come-accedere/;Ereditato V5;;Sì;Da completare / escluse;Accreditata: convenzione da comprovare;Conservato;Nessuna nuova verifica amministrativa/clinica introdotta dalla V7 strutturale.;Da verificare 2026;Coerente o compatibile;2026-09-20;"L’Approdo è attivo e dichiara accreditamento regionale; nessuna prova sufficiente di contratto/finanziamento 2026 reperita.";Resta da verificare 2026.;https://www.approdocomunita.org/ | https://www.approdocomunita.org/chi-siamo/ | https://www.approdocomunita.org/contattaci/;Accreditata: convenzione da comprovare;Da verificare 2026;2026-09-20;Seconda passata documentale: nessuna nuova evidenza 2026 sufficiente a modificare la classificazione.;Stato conservato in attesa di contratto, pagamento pubblico o altra evidenza amministrativa specifica.;https://www.approdocomunita.org/ | https://www.approdocomunita.org/chi-siamo/ | https://www.approdocomunita.org/contattaci/;Accreditata: convenzione da comprovare;Da verificare 2026;2026-09-20;Classificazione V7.2 conservata salvo nuove evidenze specifiche.;Nessuna modifica sostanziale.;https://www.approdocomunita.org/ | https://www.approdocomunita.org/chi-siamo/ | https://www.approdocomunita.org/contattaci/;Accreditata: convenzione da comprovare;Da verificare 2026
R5-ELI;Villa Elisa;3D s.r.l.;Privata / ente non ASL;Da consolidare;RM;Roma 5;;;;"Presente nell’allegato budget ASL; contratto firmato non acquisito";2025;Da completare;Non documentato;;R5-BUD | R5-INT;;;;;Non identificata automaticamente come convenzionata attuale. Verificare sede, gestore, contratto e servizi effettivi.;Non documentata;2026-09-20;Non effettuata;Non rilevati: capacità autorizzata/accreditata non è disponibilità;;;Contratto 2025-2026 pubblicato dalla ASL;MOD-061;SRTRe;Psichiatria;Residenziale;17;Posti finanziabili allegato 2025, non posti liberi;Convenzionata documentata;;https://www.aslroma5.it/wp-content/uploads/2026/07/Delibera-n.-110-del-30.01.2025-BUDGET-PSICHIATRICHE.pdf | https://www.aslroma5.it/wp-content/uploads/2026/07/Delibera-n.-404-del-10.03.2025-BUDGET-PSICHIATRICHE-INTEGRAZIONE.pdf;;Da completare / escluse;;"Da concordare con servizio inviante e accettazione; non acquisiti sistematicamente";"Individualizzata; durata specifica non consolidata";"Idoneità clinica e amministrativa da valutare; non dedotta dal solo accreditamento";Catalogo prestazioni non acquisito;Indirizzo operativo da completare;Posti finanziabili allegato 2025, non posti liberi;Da distinguere;;Da distinguere;;Accordo/contratto individuale pubblicato dalla ASL Roma 5;2025-2026;https://www.aslroma5.it/amministrazione-trasparente/strutture-sanitarie-private-accreditate/;"Pagina ASL aggiornata 16/07/2026 pubblica contratto e integrazioni; capienza/budget puntuale nel singolo allegato";https://www.aslroma5.it/amministrazione-trasparente/strutture-sanitarie-private-accreditate/;;;;17;Da verificare;Non documentato;;Privata / ente non ASL;Gestore identificato nel dossier V5;https://www.aslroma5.it/wp-content/uploads/2026/07/Delibera-n.-110-del-30.01.2025-BUDGET-PSICHIATRICHE.pdf | https://www.aslroma5.it/wp-content/uploads/2026/07/Delibera-n.-404-del-10.03.2025-BUDGET-PSICHIATRICHE-INTEGRAZIONE.pdf;Promossa al catalogo convenzionato V6;Contratto individuale pubblicato nella sezione 2025-2026. Posti indicati = capacità/finanziabilità, non disponibilità attuale.;Sì;Da completare / escluse;Budget: contratto da comprovare;Promosso al catalogo convenzionato V6;Nessuna nuova verifica amministrativa/clinica introdotta dalla V7 strutturale.;Convenzionate;Da correggere / campo ereditato;;Non riesaminato in V7.1;Nessuna modifica sostanziale;;Convenzionata documentata;Convenzionate;2026-09-20;"Classificazione V7.1 conservata; nessuna regressione introdotta nella V7.2.";Nessuna modifica sostanziale.;;Convenzionata documentata;Convenzionate;2026-09-20;Classificazione V7.2 conservata salvo nuove evidenze specifiche.;Nessuna modifica sostanziale.;;Convenzionata documentata;Convenzionate
R5-EGO;Villa Letizia — EGO;Associazione Ego ONLUS;Privata / ente non ASL;Da consolidare;RM;Roma 5;;;;"Presente nell’allegato budget ASL; contratto firmato non acquisito";2025;Da completare;Non documentato;;R5-BUD | R5-INT;;;;;Non identificata automaticamente come convenzionata attuale. Verificare sede, gestore, contratto e servizi effettivi.;Non documentata;2026-09-20;Non effettuata;Non rilevati: capacità autorizzata/accreditata non è disponibilità;;;Contratto 2025-2026 pubblicato dalla ASL;MOD-062;SRSR H12;Psichiatria;Residenziale;10;Posti finanziabili allegato 2025, non posti liberi;Convenzionata documentata;;https://www.aslroma5.it/wp-content/uploads/2026/07/Delibera-n.-110-del-30.01.2025-BUDGET-PSICHIATRICHE.pdf | https://www.aslroma5.it/wp-content/uploads/2026/07/Delibera-n.-404-del-10.03.2025-BUDGET-PSICHIATRICHE-INTEGRAZIONE.pdf;;Da completare / escluse;;"Da concordare con servizio inviante e accettazione; non acquisiti sistematicamente";"Individualizzata; durata specifica non consolidata";"Idoneità clinica e amministrativa da valutare; non dedotta dal solo accreditamento";Catalogo prestazioni non acquisito;Indirizzo operativo da completare;Posti finanziabili allegato 2025, non posti liberi;Da distinguere;;Da distinguere;;Accordo/contratto individuale pubblicato dalla ASL Roma 5;2025-2026;https://www.aslroma5.it/amministrazione-trasparente/strutture-sanitarie-private-accreditate/;"Pagina ASL aggiornata 16/07/2026 pubblica contratto e integrazioni; capienza/budget puntuale nel singolo allegato";https://www.aslroma5.it/amministrazione-trasparente/strutture-sanitarie-private-accreditate/;;;;10;Da verificare;Non documentato;;Privata / ente non ASL;Gestore identificato nel dossier V5;https://www.aslroma5.it/wp-content/uploads/2026/07/Delibera-n.-110-del-30.01.2025-BUDGET-PSICHIATRICHE.pdf | https://www.aslroma5.it/wp-content/uploads/2026/07/Delibera-n.-404-del-10.03.2025-BUDGET-PSICHIATRICHE-INTEGRAZIONE.pdf;Promossa al catalogo convenzionato V6;Contratto individuale pubblicato nella sezione 2025-2026. Posti indicati = capacità/finanziabilità, non disponibilità attuale.;Sì;Da completare / escluse;Budget: contratto da comprovare;Promosso al catalogo convenzionato V6;Nessuna nuova verifica amministrativa/clinica introdotta dalla V7 strutturale.;Convenzionate;Da correggere / campo ereditato;;Non riesaminato in V7.1;Nessuna modifica sostanziale;;Convenzionata documentata;Convenzionate;2026-09-20;"Classificazione V7.1 conservata; nessuna regressione introdotta nella V7.2.";Nessuna modifica sostanziale.;;Convenzionata documentata;Convenzionate;2026-09-20;Classificazione V7.2 conservata salvo nuove evidenze specifiche.;Nessuna modifica sostanziale.;;Convenzionata documentata;Convenzionate
R5-OP;Operiamo Insieme;Associazione Insieme ONLUS;Privata / ente non ASL;Da consolidare;RM;Roma 5;;;;"Presente nell’allegato budget ASL; contratto firmato non acquisito";2025;Da completare;Non documentato;;R5-BUD | R5-INT;;;;;Non identificata automaticamente come convenzionata attuale. Verificare sede, gestore, contratto e servizi effettivi.;Non documentata;2026-09-20;Non effettuata;Non rilevati: capacità autorizzata/accreditata non è disponibilità;;;Contratto 2025-2026 pubblicato dalla ASL;MOD-063;SRSR H12;Psichiatria;Residenziale;10;Posti finanziabili allegato 2025, non posti liberi;Convenzionata documentata;;https://www.aslroma5.it/wp-content/uploads/2026/07/Delibera-n.-110-del-30.01.2025-BUDGET-PSICHIATRICHE.pdf | https://www.aslroma5.it/wp-content/uploads/2026/07/Delibera-n.-404-del-10.03.2025-BUDGET-PSICHIATRICHE-INTEGRAZIONE.pdf;;Da completare / escluse;;"Da concordare con servizio inviante e accettazione; non acquisiti sistematicamente";"Individualizzata; durata specifica non consolidata";"Idoneità clinica e amministrativa da valutare; non dedotta dal solo accreditamento";Catalogo prestazioni non acquisito;Indirizzo operativo da completare;Posti finanziabili allegato 2025, non posti liberi;Da distinguere;;Da distinguere;;Accordo/contratto individuale pubblicato dalla ASL Roma 5;2025-2026;https://www.aslroma5.it/amministrazione-trasparente/strutture-sanitarie-private-accreditate/;"Pagina ASL aggiornata 16/07/2026 pubblica contratto e integrazioni; capienza/budget puntuale nel singolo allegato";https://www.aslroma5.it/amministrazione-trasparente/strutture-sanitarie-private-accreditate/;;;;10;Da verificare;Non documentato;;Privata / ente non ASL;Gestore identificato nel dossier V5;https://www.aslroma5.it/wp-content/uploads/2026/07/Delibera-n.-110-del-30.01.2025-BUDGET-PSICHIATRICHE.pdf | https://www.aslroma5.it/wp-content/uploads/2026/07/Delibera-n.-404-del-10.03.2025-BUDGET-PSICHIATRICHE-INTEGRAZIONE.pdf;Promossa al catalogo convenzionato V6;Contratto individuale pubblicato nella sezione 2025-2026. Posti indicati = capacità/finanziabilità, non disponibilità attuale.;Sì;Da completare / escluse;Budget: contratto da comprovare;Promosso al catalogo convenzionato V6;Nessuna nuova verifica amministrativa/clinica introdotta dalla V7 strutturale.;Convenzionate;Da correggere / campo ereditato;;Non riesaminato in V7.1;Nessuna modifica sostanziale;;Convenzionata documentata;Convenzionate;2026-09-20;"Classificazione V7.1 conservata; nessuna regressione introdotta nella V7.2.";Nessuna modifica sostanziale.;;Convenzionata documentata;Convenzionate;2026-09-20;Classificazione V7.2 conservata salvo nuove evidenze specifiche.;Nessuna modifica sostanziale.;;Convenzionata documentata;Convenzionate
R5-ALCOLLE;Al Colle;Associazione Insieme ONLUS;Privata / ente non ASL;Da consolidare;RM;Roma 5;;;;"Presente nell’allegato budget ASL; contratto firmato non acquisito";2025;Da completare;Non documentato;;R5-BUD | R5-INT;;;;;Non identificata automaticamente come convenzionata attuale. Verificare sede, gestore, contratto e servizi effettivi.;Non documentata;2026-09-20;Non effettuata;Non rilevati: capacità autorizzata/accreditata non è disponibilità;;;Contratto 2025-2026 pubblicato dalla ASL;MOD-064;SRSR H12;Psichiatria;Residenziale;5;Posti finanziabili allegato 2025, non posti liberi;Convenzionata documentata;;https://www.aslroma5.it/wp-content/uploads/2026/07/Delibera-n.-110-del-30.01.2025-BUDGET-PSICHIATRICHE.pdf | https://www.aslroma5.it/wp-content/uploads/2026/07/Delibera-n.-404-del-10.03.2025-BUDGET-PSICHIATRICHE-INTEGRAZIONE.pdf;;Da completare / escluse;;"Da concordare con servizio inviante e accettazione; non acquisiti sistematicamente";"Individualizzata; durata specifica non consolidata";"Idoneità clinica e amministrativa da valutare; non dedotta dal solo accreditamento";Catalogo prestazioni non acquisito;Indirizzo operativo da completare;Posti finanziabili allegato 2025, non posti liberi;Da distinguere;;Da distinguere;;Accordo/contratto individuale pubblicato dalla ASL Roma 5;2025-2026;https://www.aslroma5.it/amministrazione-trasparente/strutture-sanitarie-private-accreditate/;"Pagina ASL aggiornata 16/07/2026 pubblica contratto e integrazioni; capienza/budget puntuale nel singolo allegato";https://www.aslroma5.it/amministrazione-trasparente/strutture-sanitarie-private-accreditate/;;;;5;Da verificare;Non documentato;;Privata / ente non ASL;Gestore identificato nel dossier V5;https://www.aslroma5.it/wp-content/uploads/2026/07/Delibera-n.-110-del-30.01.2025-BUDGET-PSICHIATRICHE.pdf | https://www.aslroma5.it/wp-content/uploads/2026/07/Delibera-n.-404-del-10.03.2025-BUDGET-PSICHIATRICHE-INTEGRAZIONE.pdf;Promossa al catalogo convenzionato V6;Contratto individuale pubblicato nella sezione 2025-2026. Posti indicati = capacità/finanziabilità, non disponibilità attuale.;Sì;Da completare / escluse;Budget: contratto da comprovare;Promosso al catalogo convenzionato V6;Nessuna nuova verifica amministrativa/clinica introdotta dalla V7 strutturale.;Convenzionate;Da correggere / campo ereditato;;Non riesaminato in V7.1;Nessuna modifica sostanziale;;Convenzionata documentata;Convenzionate;2026-09-20;"Classificazione V7.1 conservata; nessuna regressione introdotta nella V7.2.";Nessuna modifica sostanziale.;;Convenzionata documentata;Convenzionate;2026-09-20;Classificazione V7.2 conservata salvo nuove evidenze specifiche.;Nessuna modifica sostanziale.;;Convenzionata documentata;Convenzionate
R5-INS;Insieme ONLUS;Associazione Insieme ONLUS;Privata / ente non ASL;Da consolidare;RM;Roma 5;;;;"Presente nell’allegato budget ASL; contratto firmato non acquisito";2025;Da completare;Non documentato;;R5-BUD | R5-INT;;;;;Non identificata automaticamente come convenzionata attuale. Verificare sede, gestore, contratto e servizi effettivi.;Non documentata;2026-09-20;Non effettuata;Non rilevati: capacità autorizzata/accreditata non è disponibilità;;;Contratto 2025-2026 pubblicato dalla ASL;MOD-065;SRSR H12;Psichiatria;Residenziale;10;Posti finanziabili allegato 2025, non posti liberi;Convenzionata documentata;;https://www.aslroma5.it/wp-content/uploads/2026/07/Delibera-n.-110-del-30.01.2025-BUDGET-PSICHIATRICHE.pdf | https://www.aslroma5.it/wp-content/uploads/2026/07/Delibera-n.-404-del-10.03.2025-BUDGET-PSICHIATRICHE-INTEGRAZIONE.pdf;;Da completare / escluse;;"Da concordare con servizio inviante e accettazione; non acquisiti sistematicamente";"Individualizzata; durata specifica non consolidata";"Idoneità clinica e amministrativa da valutare; non dedotta dal solo accreditamento";Catalogo prestazioni non acquisito;Indirizzo operativo da completare;Posti finanziabili allegato 2025, non posti liberi;Da distinguere;;Da distinguere;;Accordo/contratto individuale pubblicato dalla ASL Roma 5;2025-2026;https://www.aslroma5.it/amministrazione-trasparente/strutture-sanitarie-private-accreditate/;"Pagina ASL aggiornata 16/07/2026 pubblica contratto e integrazioni; capienza/budget puntuale nel singolo allegato";https://www.aslroma5.it/amministrazione-trasparente/strutture-sanitarie-private-accreditate/;;;;10;Da verificare;Non documentato;;Privata / ente non ASL;Gestore identificato nel dossier V5;https://www.aslroma5.it/wp-content/uploads/2026/07/Delibera-n.-110-del-30.01.2025-BUDGET-PSICHIATRICHE.pdf | https://www.aslroma5.it/wp-content/uploads/2026/07/Delibera-n.-404-del-10.03.2025-BUDGET-PSICHIATRICHE-INTEGRAZIONE.pdf;Promossa al catalogo convenzionato V6;Contratto individuale pubblicato nella sezione 2025-2026. Posti indicati = capacità/finanziabilità, non disponibilità attuale.;Sì;Da completare / escluse;Budget: contratto da comprovare;Promosso al catalogo convenzionato V6;Nessuna nuova verifica amministrativa/clinica introdotta dalla V7 strutturale.;Convenzionate;Da correggere / campo ereditato;;Non riesaminato in V7.1;Nessuna modifica sostanziale;;Convenzionata documentata;Convenzionate;2026-09-20;"Classificazione V7.1 conservata; nessuna regressione introdotta nella V7.2.";Nessuna modifica sostanziale.;;Convenzionata documentata;Convenzionate;2026-09-20;Classificazione V7.2 conservata salvo nuove evidenze specifiche.;Nessuna modifica sostanziale.;;Convenzionata documentata;Convenzionate
R5-MAD;Villa Maddalena;Gieffe Sanità;Privata / ente non ASL;Da consolidare;RM;Roma 5;;;;"Presente nell’allegato budget ASL; contratto firmato non acquisito";2025;Da completare;Non documentato;;R5-BUD | R5-INT;;;;;Non identificata automaticamente come convenzionata attuale. Verificare sede, gestore, contratto e servizi effettivi.;Non documentata;2026-09-20;Non effettuata;Non rilevati: capacità autorizzata/accreditata non è disponibilità;;;Contratto 2025-2026 pubblicato dalla ASL;MOD-066;SRTRe;Psichiatria;Residenziale;20;Posti finanziabili allegato 2025, non posti liberi;Convenzionata documentata;;https://www.aslroma5.it/wp-content/uploads/2026/07/Delibera-n.-110-del-30.01.2025-BUDGET-PSICHIATRICHE.pdf | https://www.aslroma5.it/wp-content/uploads/2026/07/Delibera-n.-404-del-10.03.2025-BUDGET-PSICHIATRICHE-INTEGRAZIONE.pdf;;Da completare / escluse;;"Da concordare con servizio inviante e accettazione; non acquisiti sistematicamente";"Individualizzata; durata specifica non consolidata";"Idoneità clinica e amministrativa da valutare; non dedotta dal solo accreditamento";Catalogo prestazioni non acquisito;Indirizzo operativo da completare;Posti finanziabili allegato 2025, non posti liberi;Da distinguere;;Da distinguere;;Accordo/contratto individuale pubblicato dalla ASL Roma 5;2025-2026;https://www.aslroma5.it/amministrazione-trasparente/strutture-sanitarie-private-accreditate/;"Pagina ASL aggiornata 16/07/2026 pubblica contratto e integrazioni; capienza/budget puntuale nel singolo allegato";https://www.aslroma5.it/amministrazione-trasparente/strutture-sanitarie-private-accreditate/;;;;20;Da verificare;Non documentato;;Privata / ente non ASL;Gestore identificato nel dossier V5;https://www.aslroma5.it/wp-content/uploads/2026/07/Delibera-n.-110-del-30.01.2025-BUDGET-PSICHIATRICHE.pdf | https://www.aslroma5.it/wp-content/uploads/2026/07/Delibera-n.-404-del-10.03.2025-BUDGET-PSICHIATRICHE-INTEGRAZIONE.pdf;Promossa al catalogo convenzionato V6;Contratto individuale pubblicato nella sezione 2025-2026. Posti indicati = capacità/finanziabilità, non disponibilità attuale.;Sì;Da completare / escluse;Budget: contratto da comprovare;Promosso al catalogo convenzionato V6;Nessuna nuova verifica amministrativa/clinica introdotta dalla V7 strutturale.;Convenzionate;Da correggere / campo ereditato;;Non riesaminato in V7.1;Nessuna modifica sostanziale;;Convenzionata documentata;Convenzionate;2026-09-20;"Classificazione V7.1 conservata; nessuna regressione introdotta nella V7.2.";Nessuna modifica sostanziale.;;Convenzionata documentata;Convenzionate;2026-09-20;Classificazione V7.2 conservata salvo nuove evidenze specifiche.;Nessuna modifica sostanziale.;;Convenzionata documentata;Convenzionate
R5-STA;La Staffa;La Margherita s.r.l.;Privata / ente non ASL;Da consolidare;RM;Roma 5;;;;"Presente nell’allegato budget ASL; contratto firmato non acquisito";2025;Da completare;Non documentato;;R5-BUD | R5-INT;;;;;Non identificata automaticamente come convenzionata attuale. Verificare sede, gestore, contratto e servizi effettivi.;Non documentata;2026-09-20;Non effettuata;Non rilevati: capacità autorizzata/accreditata non è disponibilità;;;Contratto 2025-2026 pubblicato dalla ASL;MOD-067;SRSR H24;Psichiatria;Residenziale;5;Posti finanziabili allegato 2025, non posti liberi;Convenzionata documentata;;https://www.aslroma5.it/wp-content/uploads/2026/07/Delibera-n.-110-del-30.01.2025-BUDGET-PSICHIATRICHE.pdf | https://www.aslroma5.it/wp-content/uploads/2026/07/Delibera-n.-404-del-10.03.2025-BUDGET-PSICHIATRICHE-INTEGRAZIONE.pdf;;Da completare / escluse;;"Da concordare con servizio inviante e accettazione; non acquisiti sistematicamente";"Individualizzata; durata specifica non consolidata";"Idoneità clinica e amministrativa da valutare; non dedotta dal solo accreditamento";Catalogo prestazioni non acquisito;Indirizzo operativo da completare;Posti finanziabili allegato 2025, non posti liberi;Da distinguere;;Da distinguere;;Accordo/contratto individuale pubblicato dalla ASL Roma 5;2025-2026;https://www.aslroma5.it/amministrazione-trasparente/strutture-sanitarie-private-accreditate/;"Pagina ASL aggiornata 16/07/2026 pubblica contratto e integrazioni; capienza/budget puntuale nel singolo allegato";https://www.aslroma5.it/amministrazione-trasparente/strutture-sanitarie-private-accreditate/;;;;5;Da verificare;Non documentato;;Privata / ente non ASL;Gestore identificato nel dossier V5;https://www.aslroma5.it/wp-content/uploads/2026/07/Delibera-n.-110-del-30.01.2025-BUDGET-PSICHIATRICHE.pdf | https://www.aslroma5.it/wp-content/uploads/2026/07/Delibera-n.-404-del-10.03.2025-BUDGET-PSICHIATRICHE-INTEGRAZIONE.pdf;Promossa al catalogo convenzionato V6;Contratto individuale pubblicato nella sezione 2025-2026. Posti indicati = capacità/finanziabilità, non disponibilità attuale.;Sì;Da completare / escluse;Budget: contratto da comprovare;Promosso al catalogo convenzionato V6;Nessuna nuova verifica amministrativa/clinica introdotta dalla V7 strutturale.;Convenzionate;Da correggere / campo ereditato;;Non riesaminato in V7.1;Nessuna modifica sostanziale;;Convenzionata documentata;Convenzionate;2026-09-20;"Classificazione V7.1 conservata; nessuna regressione introdotta nella V7.2.";Nessuna modifica sostanziale.;;Convenzionata documentata;Convenzionate;2026-09-20;Classificazione V7.2 conservata salvo nuove evidenze specifiche.;Nessuna modifica sostanziale.;;Convenzionata documentata;Convenzionate
R5-ROS;Rosaurora;Liberis s.a.s.;Privata / ente non ASL;Da consolidare;RM;Roma 5;;;;"Presente nell’allegato budget ASL; contratto firmato non acquisito";2025;Da completare;Non documentato;;R5-BUD | R5-INT;;;;;Non identificata automaticamente come convenzionata attuale. Verificare sede, gestore, contratto e servizi effettivi.;Non documentata;2026-09-20;Non effettuata;Non rilevati: capacità autorizzata/accreditata non è disponibilità;;;Contratto 2025-2026 pubblicato dalla ASL;MOD-068;SRSR H24;Psichiatria;Residenziale;10;Posti finanziabili allegato 2025, non posti liberi;Convenzionata documentata;;https://www.aslroma5.it/wp-content/uploads/2026/07/Delibera-n.-110-del-30.01.2025-BUDGET-PSICHIATRICHE.pdf | https://www.aslroma5.it/wp-content/uploads/2026/07/Delibera-n.-404-del-10.03.2025-BUDGET-PSICHIATRICHE-INTEGRAZIONE.pdf;;Da completare / escluse;;"Da concordare con servizio inviante e accettazione; non acquisiti sistematicamente";"Individualizzata; durata specifica non consolidata";"Idoneità clinica e amministrativa da valutare; non dedotta dal solo accreditamento";Catalogo prestazioni non acquisito;Indirizzo operativo da completare;Posti finanziabili allegato 2025, non posti liberi;Da distinguere;;Da distinguere;;Accordo/contratto individuale pubblicato dalla ASL Roma 5;2025-2026;https://www.aslroma5.it/amministrazione-trasparente/strutture-sanitarie-private-accreditate/;"Pagina ASL aggiornata 16/07/2026 pubblica contratto e integrazioni; capienza/budget puntuale nel singolo allegato";https://www.aslroma5.it/amministrazione-trasparente/strutture-sanitarie-private-accreditate/;;;;10;Da verificare;Non documentato;;Privata / ente non ASL;Gestore identificato nel dossier V5;https://www.aslroma5.it/wp-content/uploads/2026/07/Delibera-n.-110-del-30.01.2025-BUDGET-PSICHIATRICHE.pdf | https://www.aslroma5.it/wp-content/uploads/2026/07/Delibera-n.-404-del-10.03.2025-BUDGET-PSICHIATRICHE-INTEGRAZIONE.pdf;Promossa al catalogo convenzionato V6;Contratto individuale pubblicato nella sezione 2025-2026. Posti indicati = capacità/finanziabilità, non disponibilità attuale.;Sì;Da completare / escluse;Budget: contratto da comprovare;Promosso al catalogo convenzionato V6;Nessuna nuova verifica amministrativa/clinica introdotta dalla V7 strutturale.;Convenzionate;Da correggere / campo ereditato;;Non riesaminato in V7.1;Nessuna modifica sostanziale;;Convenzionata documentata;Convenzionate;2026-09-20;"Classificazione V7.1 conservata; nessuna regressione introdotta nella V7.2.";Nessuna modifica sostanziale.;;Convenzionata documentata;Convenzionate;2026-09-20;Classificazione V7.2 conservata salvo nuove evidenze specifiche.;Nessuna modifica sostanziale.;;Convenzionata documentata;Convenzionate
R5-FRA;Comunità Francesco;Comunità Francesco s.r.l.;Privata / ente non ASL;Da consolidare;RM;Roma 5;;;;"Presente nell’allegato budget ASL; contratto firmato non acquisito";2025;Da completare;Non documentato;;R5-BUD | R5-INT;;;;;Non identificata automaticamente come convenzionata attuale. Verificare sede, gestore, contratto e servizi effettivi.;Non documentata;2026-09-20;Non effettuata;Non rilevati: capacità autorizzata/accreditata non è disponibilità;;;Contratto 2025-2026 pubblicato dalla ASL;MOD-069;SRSR H24;Psichiatria;Residenziale;10;Posti finanziabili allegato 2025, non posti liberi;Convenzionata documentata;;https://www.aslroma5.it/wp-content/uploads/2026/07/Delibera-n.-110-del-30.01.2025-BUDGET-PSICHIATRICHE.pdf | https://www.aslroma5.it/wp-content/uploads/2026/07/Delibera-n.-404-del-10.03.2025-BUDGET-PSICHIATRICHE-INTEGRAZIONE.pdf;;Da completare / escluse;;"Da concordare con servizio inviante e accettazione; non acquisiti sistematicamente";"Individualizzata; durata specifica non consolidata";"Idoneità clinica e amministrativa da valutare; non dedotta dal solo accreditamento";Catalogo prestazioni non acquisito;Indirizzo operativo da completare;Posti finanziabili allegato 2025, non posti liberi;Da distinguere;;Da distinguere;;Accordo/contratto individuale pubblicato dalla ASL Roma 5;2025-2026;https://www.aslroma5.it/amministrazione-trasparente/strutture-sanitarie-private-accreditate/;"Pagina ASL aggiornata 16/07/2026 pubblica contratto e integrazioni; capienza/budget puntuale nel singolo allegato";https://www.aslroma5.it/amministrazione-trasparente/strutture-sanitarie-private-accreditate/;;;;10;Da verificare;Non documentato;;Privata / ente non ASL;Gestore identificato nel dossier V5;https://www.aslroma5.it/wp-content/uploads/2026/07/Delibera-n.-110-del-30.01.2025-BUDGET-PSICHIATRICHE.pdf | https://www.aslroma5.it/wp-content/uploads/2026/07/Delibera-n.-404-del-10.03.2025-BUDGET-PSICHIATRICHE-INTEGRAZIONE.pdf;Promossa al catalogo convenzionato V6;Contratto individuale pubblicato nella sezione 2025-2026. Posti indicati = capacità/finanziabilità, non disponibilità attuale.;Sì;Da completare / escluse;Budget: contratto da comprovare;Promosso al catalogo convenzionato V6;Nessuna nuova verifica amministrativa/clinica introdotta dalla V7 strutturale.;Convenzionate;Da correggere / campo ereditato;;Non riesaminato in V7.1;Nessuna modifica sostanziale;;Convenzionata documentata;Convenzionate;2026-09-20;"Classificazione V7.1 conservata; nessuna regressione introdotta nella V7.2.";Nessuna modifica sostanziale.;;Convenzionata documentata;Convenzionate;2026-09-20;Classificazione V7.2 conservata salvo nuove evidenze specifiche.;Nessuna modifica sostanziale.;;Convenzionata documentata;Convenzionate
R5-COL;Il Colle;GERESS s.r.l.;Privata / ente non ASL;Da consolidare;RM;Roma 5;;;;"Presente nell’allegato budget ASL; contratto firmato non acquisito";2025;Da completare;Non documentato;;R5-BUD | R5-INT;;;;;Non identificata automaticamente come convenzionata attuale. Verificare sede, gestore, contratto e servizi effettivi.;Non documentata;2026-09-20;Non effettuata;Non rilevati: capacità autorizzata/accreditata non è disponibilità;;;Contratto 2025-2026 pubblicato dalla ASL;MOD-070;SRSR H24;Psichiatria;Residenziale;10;Posti finanziabili allegato 2025, non posti liberi;Convenzionata documentata;;https://www.aslroma5.it/wp-content/uploads/2026/07/Delibera-n.-110-del-30.01.2025-BUDGET-PSICHIATRICHE.pdf | https://www.aslroma5.it/wp-content/uploads/2026/07/Delibera-n.-404-del-10.03.2025-BUDGET-PSICHIATRICHE-INTEGRAZIONE.pdf;;Da completare / escluse;;"Da concordare con servizio inviante e accettazione; non acquisiti sistematicamente";"Individualizzata; durata specifica non consolidata";"Idoneità clinica e amministrativa da valutare; non dedotta dal solo accreditamento";Catalogo prestazioni non acquisito;Indirizzo operativo da completare;Posti finanziabili allegato 2025, non posti liberi;Da distinguere;;Da distinguere;;Accordo/contratto individuale pubblicato dalla ASL Roma 5;2025-2026;https://www.aslroma5.it/amministrazione-trasparente/strutture-sanitarie-private-accreditate/;"Pagina ASL aggiornata 16/07/2026 pubblica contratto e integrazioni; capienza/budget puntuale nel singolo allegato";https://www.aslroma5.it/amministrazione-trasparente/strutture-sanitarie-private-accreditate/;;;;10;Da verificare;Non documentato;;Privata / ente non ASL;Gestore identificato nel dossier V5;https://www.aslroma5.it/wp-content/uploads/2026/07/Delibera-n.-110-del-30.01.2025-BUDGET-PSICHIATRICHE.pdf | https://www.aslroma5.it/wp-content/uploads/2026/07/Delibera-n.-404-del-10.03.2025-BUDGET-PSICHIATRICHE-INTEGRAZIONE.pdf;Promossa al catalogo convenzionato V6;Contratto individuale pubblicato nella sezione 2025-2026. Posti indicati = capacità/finanziabilità, non disponibilità attuale.;Sì;Da completare / escluse;Budget: contratto da comprovare;Promosso al catalogo convenzionato V6;Nessuna nuova verifica amministrativa/clinica introdotta dalla V7 strutturale.;Convenzionate;Da correggere / campo ereditato;;Non riesaminato in V7.1;Nessuna modifica sostanziale;;Convenzionata documentata;Convenzionate;2026-09-20;"Classificazione V7.1 conservata; nessuna regressione introdotta nella V7.2.";Nessuna modifica sostanziale.;;Convenzionata documentata;Convenzionate;2026-09-20;Classificazione V7.2 conservata salvo nuove evidenze specifiche.;Nessuna modifica sostanziale.;;Convenzionata documentata;Convenzionate
IHG-VILLA-ADRIANA;Villa Adriana;Italian Hospital Group S.p.A.;Privata / ente non ASL;Tivoli;RM;Roma 5;;;;"Moduli nominati nell’allegato budget ASL; contratto attuale non acquisito";2025;Da completare;Non documentato;;R5-BUD;;;;;"Comune orientativo dalla denominazione del presidio, non ingresso validato; indirizzo lasciato vuoto. Moduli mantenuti distinti senza duplicare una sede amministrativa.";Non documentata;2026-09-20;Non effettuata;Non rilevati: capacità autorizzata/accreditata non è disponibilità;;;Contratto 2025-2026 pubblicato dalla ASL;MOD-071;SRSR H24 — modulo1;Psichiatria;Residenziale;4;Posti finanziabili 2025;Convenzionata documentata;;https://www.aslroma5.it/wp-content/uploads/2026/07/Delibera-n.-110-del-30.01.2025-BUDGET-PSICHIATRICHE.pdf;;Da completare / escluse;;"Da concordare con servizio inviante e accettazione; non acquisiti sistematicamente";"Individualizzata; durata specifica non consolidata";"Idoneità clinica e amministrativa da valutare; non dedotta dal solo accreditamento";Catalogo prestazioni non acquisito;Indirizzo operativo da completare;Posti finanziabili 2025;Da distinguere;;Da distinguere;;Accordo/contratto individuale pubblicato dalla ASL Roma 5;2025-2026;https://www.aslroma5.it/amministrazione-trasparente/strutture-sanitarie-private-accreditate/;"Pagina ASL aggiornata 16/07/2026 pubblica contratto e integrazioni; capienza/budget puntuale nel singolo allegato";https://www.aslroma5.it/amministrazione-trasparente/strutture-sanitarie-private-accreditate/;;;;4;Da verificare;Non documentato;;Privata / ente non ASL;Gestore identificato nel dossier V5;https://www.aslroma5.it/wp-content/uploads/2026/07/Delibera-n.-110-del-30.01.2025-BUDGET-PSICHIATRICHE.pdf;Promossa al catalogo convenzionato V6;Contratto individuale pubblicato nella sezione 2025-2026. Posti indicati = capacità/finanziabilità, non disponibilità attuale.;Sì;Da completare / escluse;Budget: contratto da comprovare;Promosso al catalogo convenzionato V6;Nessuna nuova verifica amministrativa/clinica introdotta dalla V7 strutturale.;Convenzionate;Da correggere / campo ereditato;;Non riesaminato in V7.1;Nessuna modifica sostanziale;;Convenzionata documentata;Convenzionate;2026-09-20;"Classificazione V7.1 conservata; nessuna regressione introdotta nella V7.2.";Nessuna modifica sostanziale.;;Convenzionata documentata;Convenzionate;2026-09-20;Classificazione V7.2 conservata salvo nuove evidenze specifiche.;Nessuna modifica sostanziale.;;Convenzionata documentata;Convenzionate
IHG-VILLA-ADRIANA;Villa Adriana;Italian Hospital Group S.p.A.;Privata / ente non ASL;Tivoli;RM;Roma 5;;;;"Moduli nominati nell’allegato budget ASL; contratto attuale non acquisito";2025;Da completare;Non documentato;;R5-BUD;;;;;"Comune orientativo dalla denominazione del presidio, non ingresso validato; indirizzo lasciato vuoto. Moduli mantenuti distinti senza duplicare una sede amministrativa.";Non documentata;2026-09-20;Non effettuata;Non rilevati: capacità autorizzata/accreditata non è disponibilità;;;Contratto 2025-2026 pubblicato dalla ASL;MOD-072;SRSR H24 — modulo2;Psichiatria;Residenziale;6;Posti finanziabili 2025;Convenzionata documentata;;https://www.aslroma5.it/wp-content/uploads/2026/07/Delibera-n.-110-del-30.01.2025-BUDGET-PSICHIATRICHE.pdf;;Da completare / escluse;;"Da concordare con servizio inviante e accettazione; non acquisiti sistematicamente";"Individualizzata; durata specifica non consolidata";"Idoneità clinica e amministrativa da valutare; non dedotta dal solo accreditamento";Catalogo prestazioni non acquisito;Indirizzo operativo da completare;Posti finanziabili 2025;Da distinguere;;Da distinguere;;Accordo/contratto individuale pubblicato dalla ASL Roma 5;2025-2026;https://www.aslroma5.it/amministrazione-trasparente/strutture-sanitarie-private-accreditate/;"Pagina ASL aggiornata 16/07/2026 pubblica contratto e integrazioni; capienza/budget puntuale nel singolo allegato";https://www.aslroma5.it/amministrazione-trasparente/strutture-sanitarie-private-accreditate/;;;;6;Da verificare;Non documentato;;Privata / ente non ASL;Gestore identificato nel dossier V5;https://www.aslroma5.it/wp-content/uploads/2026/07/Delibera-n.-110-del-30.01.2025-BUDGET-PSICHIATRICHE.pdf;Promossa al catalogo convenzionato V6;Contratto individuale pubblicato nella sezione 2025-2026. Posti indicati = capacità/finanziabilità, non disponibilità attuale.;Sì;Da completare / escluse;Budget: contratto da comprovare;Promosso al catalogo convenzionato V6;Nessuna nuova verifica amministrativa/clinica introdotta dalla V7 strutturale.;Convenzionate;Da correggere / campo ereditato;;Non riesaminato in V7.1;Nessuna modifica sostanziale;;Convenzionata documentata;Convenzionate;2026-09-20;"Classificazione V7.1 conservata; nessuna regressione introdotta nella V7.2.";Nessuna modifica sostanziale.;;Convenzionata documentata;Convenzionate;2026-09-20;Classificazione V7.2 conservata salvo nuove evidenze specifiche.;Nessuna modifica sostanziale.;;Convenzionata documentata;Convenzionate
IHG-VILLA-ADRIANA;Villa Adriana;Italian Hospital Group S.p.A.;Privata / ente non ASL;Tivoli;RM;Roma 5;;;;"Moduli nominati nell’allegato budget ASL; contratto attuale non acquisito";2025;Da completare;Non documentato;;R5-BUD;;;;;"Comune orientativo dalla denominazione del presidio, non ingresso validato; indirizzo lasciato vuoto. Moduli mantenuti distinti senza duplicare una sede amministrativa.";Non documentata;2026-09-20;Non effettuata;Non rilevati: capacità autorizzata/accreditata non è disponibilità;;;Contratto 2025-2026 pubblicato dalla ASL;MOD-073;SRSR H24 — modulo3;Psichiatria;Residenziale;4;Posti finanziabili 2025;Convenzionata documentata;;https://www.aslroma5.it/wp-content/uploads/2026/07/Delibera-n.-110-del-30.01.2025-BUDGET-PSICHIATRICHE.pdf;;Da completare / escluse;;"Da concordare con servizio inviante e accettazione; non acquisiti sistematicamente";"Individualizzata; durata specifica non consolidata";"Idoneità clinica e amministrativa da valutare; non dedotta dal solo accreditamento";Catalogo prestazioni non acquisito;Indirizzo operativo da completare;Posti finanziabili 2025;Da distinguere;;Da distinguere;;Accordo/contratto individuale pubblicato dalla ASL Roma 5;2025-2026;https://www.aslroma5.it/amministrazione-trasparente/strutture-sanitarie-private-accreditate/;"Pagina ASL aggiornata 16/07/2026 pubblica contratto e integrazioni; capienza/budget puntuale nel singolo allegato";https://www.aslroma5.it/amministrazione-trasparente/strutture-sanitarie-private-accreditate/;;;;4;Da verificare;Non documentato;;Privata / ente non ASL;Gestore identificato nel dossier V5;https://www.aslroma5.it/wp-content/uploads/2026/07/Delibera-n.-110-del-30.01.2025-BUDGET-PSICHIATRICHE.pdf;Promossa al catalogo convenzionato V6;Contratto individuale pubblicato nella sezione 2025-2026. Posti indicati = capacità/finanziabilità, non disponibilità attuale.;Sì;Da completare / escluse;Budget: contratto da comprovare;Promosso al catalogo convenzionato V6;Nessuna nuova verifica amministrativa/clinica introdotta dalla V7 strutturale.;Convenzionate;Da correggere / campo ereditato;;Non riesaminato in V7.1;Nessuna modifica sostanziale;;Convenzionata documentata;Convenzionate;2026-09-20;"Classificazione V7.1 conservata; nessuna regressione introdotta nella V7.2.";Nessuna modifica sostanziale.;;Convenzionata documentata;Convenzionate;2026-09-20;Classificazione V7.2 conservata salvo nuove evidenze specifiche.;Nessuna modifica sostanziale.;;Convenzionata documentata;Convenzionate
IHG-VILLA-ADRIANA;Villa Adriana;Italian Hospital Group S.p.A.;Privata / ente non ASL;Tivoli;RM;Roma 5;;;;"Moduli nominati nell’allegato budget ASL; contratto attuale non acquisito";2025;Da completare;Non documentato;;R5-BUD;;;;;"Comune orientativo dalla denominazione del presidio, non ingresso validato; indirizzo lasciato vuoto. Moduli mantenuti distinti senza duplicare una sede amministrativa.";Non documentata;2026-09-20;Non effettuata;Non rilevati: capacità autorizzata/accreditata non è disponibilità;;;Contratto 2025-2026 pubblicato dalla ASL;MOD-074;SRSR H24 — modulo4;Psichiatria;Residenziale;6;Posti finanziabili 2025;Convenzionata documentata;;https://www.aslroma5.it/wp-content/uploads/2026/07/Delibera-n.-110-del-30.01.2025-BUDGET-PSICHIATRICHE.pdf;;Da completare / escluse;;"Da concordare con servizio inviante e accettazione; non acquisiti sistematicamente";"Individualizzata; durata specifica non consolidata";"Idoneità clinica e amministrativa da valutare; non dedotta dal solo accreditamento";Catalogo prestazioni non acquisito;Indirizzo operativo da completare;Posti finanziabili 2025;Da distinguere;;Da distinguere;;Accordo/contratto individuale pubblicato dalla ASL Roma 5;2025-2026;https://www.aslroma5.it/amministrazione-trasparente/strutture-sanitarie-private-accreditate/;"Pagina ASL aggiornata 16/07/2026 pubblica contratto e integrazioni; capienza/budget puntuale nel singolo allegato";https://www.aslroma5.it/amministrazione-trasparente/strutture-sanitarie-private-accreditate/;;;;6;Da verificare;Non documentato;;Privata / ente non ASL;Gestore identificato nel dossier V5;https://www.aslroma5.it/wp-content/uploads/2026/07/Delibera-n.-110-del-30.01.2025-BUDGET-PSICHIATRICHE.pdf;Promossa al catalogo convenzionato V6;Contratto individuale pubblicato nella sezione 2025-2026. Posti indicati = capacità/finanziabilità, non disponibilità attuale.;Sì;Da completare / escluse;Budget: contratto da comprovare;Promosso al catalogo convenzionato V6;Nessuna nuova verifica amministrativa/clinica introdotta dalla V7 strutturale.;Convenzionate;Da correggere / campo ereditato;;Non riesaminato in V7.1;Nessuna modifica sostanziale;;Convenzionata documentata;Convenzionate;2026-09-20;"Classificazione V7.1 conservata; nessuna regressione introdotta nella V7.2.";Nessuna modifica sostanziale.;;Convenzionata documentata;Convenzionate;2026-09-20;Classificazione V7.2 conservata salvo nuove evidenze specifiche.;Nessuna modifica sostanziale.;;Convenzionata documentata;Convenzionate
IHG-CASTEL-MADAMA;Castel Madama;Italian Hospital Group S.p.A.;Privata / ente non ASL;Castel Madama;RM;Roma 5;;;;"Moduli nominati nell’allegato budget ASL; contratto attuale non acquisito";2025;Da completare;Non documentato;;R5-BUD;;;;;"Comune orientativo dalla denominazione del presidio, non ingresso validato; indirizzo lasciato vuoto. Moduli mantenuti distinti senza duplicare una sede amministrativa.";Non documentata;2026-09-20;Non effettuata;Non rilevati: capacità autorizzata/accreditata non è disponibilità;;;Contratto 2025-2026 pubblicato dalla ASL;MOD-075;SRSR H24 — modulo1;Psichiatria;Residenziale;10;Posti finanziabili 2025;Convenzionata documentata;;https://www.aslroma5.it/wp-content/uploads/2026/07/Delibera-n.-110-del-30.01.2025-BUDGET-PSICHIATRICHE.pdf;;Da completare / escluse;;"Da concordare con servizio inviante e accettazione; non acquisiti sistematicamente";"Individualizzata; durata specifica non consolidata";"Idoneità clinica e amministrativa da valutare; non dedotta dal solo accreditamento";Catalogo prestazioni non acquisito;Indirizzo operativo da completare;Posti finanziabili 2025;Da distinguere;;Da distinguere;;Accordo/contratto individuale pubblicato dalla ASL Roma 5;2025-2026;https://www.aslroma5.it/amministrazione-trasparente/strutture-sanitarie-private-accreditate/;"Pagina ASL aggiornata 16/07/2026 pubblica contratto e integrazioni; capienza/budget puntuale nel singolo allegato";https://www.aslroma5.it/amministrazione-trasparente/strutture-sanitarie-private-accreditate/;;;;10;Da verificare;Non documentato;;Privata / ente non ASL;Gestore identificato nel dossier V5;https://www.aslroma5.it/wp-content/uploads/2026/07/Delibera-n.-110-del-30.01.2025-BUDGET-PSICHIATRICHE.pdf;Promossa al catalogo convenzionato V6;Contratto individuale pubblicato nella sezione 2025-2026. Posti indicati = capacità/finanziabilità, non disponibilità attuale.;Sì;Da completare / escluse;Budget: contratto da comprovare;Promosso al catalogo convenzionato V6;Nessuna nuova verifica amministrativa/clinica introdotta dalla V7 strutturale.;Convenzionate;Da correggere / campo ereditato;;Non riesaminato in V7.1;Nessuna modifica sostanziale;;Convenzionata documentata;Convenzionate;2026-09-20;"Classificazione V7.1 conservata; nessuna regressione introdotta nella V7.2.";Nessuna modifica sostanziale.;;Convenzionata documentata;Convenzionate;2026-09-20;Classificazione V7.2 conservata salvo nuove evidenze specifiche.;Nessuna modifica sostanziale.;;Convenzionata documentata;Convenzionate
IHG-CASTEL-MADAMA;Castel Madama;Italian Hospital Group S.p.A.;Privata / ente non ASL;Castel Madama;RM;Roma 5;;;;"Moduli nominati nell’allegato budget ASL; contratto attuale non acquisito";2025;Da completare;Non documentato;;R5-BUD;;;;;"Comune orientativo dalla denominazione del presidio, non ingresso validato; indirizzo lasciato vuoto. Moduli mantenuti distinti senza duplicare una sede amministrativa.";Non documentata;2026-09-20;Non effettuata;Non rilevati: capacità autorizzata/accreditata non è disponibilità;;;Contratto 2025-2026 pubblicato dalla ASL;MOD-076;SRSR H24 — modulo2;Psichiatria;Residenziale;10;Posti finanziabili 2025;Convenzionata documentata;;https://www.aslroma5.it/wp-content/uploads/2026/07/Delibera-n.-110-del-30.01.2025-BUDGET-PSICHIATRICHE.pdf;;Da completare / escluse;;"Da concordare con servizio inviante e accettazione; non acquisiti sistematicamente";"Individualizzata; durata specifica non consolidata";"Idoneità clinica e amministrativa da valutare; non dedotta dal solo accreditamento";Catalogo prestazioni non acquisito;Indirizzo operativo da completare;Posti finanziabili 2025;Da distinguere;;Da distinguere;;Accordo/contratto individuale pubblicato dalla ASL Roma 5;2025-2026;https://www.aslroma5.it/amministrazione-trasparente/strutture-sanitarie-private-accreditate/;"Pagina ASL aggiornata 16/07/2026 pubblica contratto e integrazioni; capienza/budget puntuale nel singolo allegato";https://www.aslroma5.it/amministrazione-trasparente/strutture-sanitarie-private-accreditate/;;;;10;Da verificare;Non documentato;;Privata / ente non ASL;Gestore identificato nel dossier V5;https://www.aslroma5.it/wp-content/uploads/2026/07/Delibera-n.-110-del-30.01.2025-BUDGET-PSICHIATRICHE.pdf;Promossa al catalogo convenzionato V6;Contratto individuale pubblicato nella sezione 2025-2026. Posti indicati = capacità/finanziabilità, non disponibilità attuale.;Sì;Da completare / escluse;Budget: contratto da comprovare;Promosso al catalogo convenzionato V6;Nessuna nuova verifica amministrativa/clinica introdotta dalla V7 strutturale.;Convenzionate;Da correggere / campo ereditato;;Non riesaminato in V7.1;Nessuna modifica sostanziale;;Convenzionata documentata;Convenzionate;2026-09-20;"Classificazione V7.1 conservata; nessuna regressione introdotta nella V7.2.";Nessuna modifica sostanziale.;;Convenzionata documentata;Convenzionate;2026-09-20;Classificazione V7.2 conservata salvo nuove evidenze specifiche.;Nessuna modifica sostanziale.;;Convenzionata documentata;Convenzionate
IHG-VILLANOVA;Villanova;Italian Hospital Group S.p.A.;Privata / ente non ASL;Guidonia Montecelio;RM;Roma 5;;;;"Moduli nominati nell’allegato budget ASL; contratto attuale non acquisito";2025;Da completare;Non documentato;;R5-BUD;;;;;"Comune orientativo dalla denominazione del presidio, non ingresso validato; indirizzo lasciato vuoto. Moduli mantenuti distinti senza duplicare una sede amministrativa.";Non documentata;2026-09-20;Non effettuata;Non rilevati: capacità autorizzata/accreditata non è disponibilità;;;Contratto 2025-2026 pubblicato dalla ASL;MOD-077;SRSR H24 — modulo1;Psichiatria;Residenziale;10;Posti finanziabili 2025;Convenzionata documentata;;https://www.aslroma5.it/wp-content/uploads/2026/07/Delibera-n.-110-del-30.01.2025-BUDGET-PSICHIATRICHE.pdf;;Da completare / escluse;;"Da concordare con servizio inviante e accettazione; non acquisiti sistematicamente";"Individualizzata; durata specifica non consolidata";"Idoneità clinica e amministrativa da valutare; non dedotta dal solo accreditamento";Catalogo prestazioni non acquisito;Indirizzo operativo da completare;Posti finanziabili 2025;Da distinguere;;Da distinguere;;Accordo/contratto individuale pubblicato dalla ASL Roma 5;2025-2026;https://www.aslroma5.it/amministrazione-trasparente/strutture-sanitarie-private-accreditate/;"Pagina ASL aggiornata 16/07/2026 pubblica contratto e integrazioni; capienza/budget puntuale nel singolo allegato";https://www.aslroma5.it/amministrazione-trasparente/strutture-sanitarie-private-accreditate/;;;;10;Da verificare;Non documentato;;Privata / ente non ASL;Gestore identificato nel dossier V5;https://www.aslroma5.it/wp-content/uploads/2026/07/Delibera-n.-110-del-30.01.2025-BUDGET-PSICHIATRICHE.pdf;Promossa al catalogo convenzionato V6;Contratto individuale pubblicato nella sezione 2025-2026. Posti indicati = capacità/finanziabilità, non disponibilità attuale.;Sì;Da completare / escluse;Budget: contratto da comprovare;Promosso al catalogo convenzionato V6;Nessuna nuova verifica amministrativa/clinica introdotta dalla V7 strutturale.;Convenzionate;Da correggere / campo ereditato;;Non riesaminato in V7.1;Nessuna modifica sostanziale;;Convenzionata documentata;Convenzionate;2026-09-20;"Classificazione V7.1 conservata; nessuna regressione introdotta nella V7.2.";Nessuna modifica sostanziale.;;Convenzionata documentata;Convenzionate;2026-09-20;Classificazione V7.2 conservata salvo nuove evidenze specifiche.;Nessuna modifica sostanziale.;;Convenzionata documentata;Convenzionate
IHG-VILLANOVA;Villanova;Italian Hospital Group S.p.A.;Privata / ente non ASL;Guidonia Montecelio;RM;Roma 5;;;;"Moduli nominati nell’allegato budget ASL; contratto attuale non acquisito";2025;Da completare;Non documentato;;R5-BUD;;;;;"Comune orientativo dalla denominazione del presidio, non ingresso validato; indirizzo lasciato vuoto. Moduli mantenuti distinti senza duplicare una sede amministrativa.";Non documentata;2026-09-20;Non effettuata;Non rilevati: capacità autorizzata/accreditata non è disponibilità;;;Contratto 2025-2026 pubblicato dalla ASL;MOD-078;SRSR H24 — modulo2;Psichiatria;Residenziale;6;Posti finanziabili 2025;Convenzionata documentata;;https://www.aslroma5.it/wp-content/uploads/2026/07/Delibera-n.-110-del-30.01.2025-BUDGET-PSICHIATRICHE.pdf;;Da completare / escluse;;"Da concordare con servizio inviante e accettazione; non acquisiti sistematicamente";"Individualizzata; durata specifica non consolidata";"Idoneità clinica e amministrativa da valutare; non dedotta dal solo accreditamento";Catalogo prestazioni non acquisito;Indirizzo operativo da completare;Posti finanziabili 2025;Da distinguere;;Da distinguere;;Accordo/contratto individuale pubblicato dalla ASL Roma 5;2025-2026;https://www.aslroma5.it/amministrazione-trasparente/strutture-sanitarie-private-accreditate/;"Pagina ASL aggiornata 16/07/2026 pubblica contratto e integrazioni; capienza/budget puntuale nel singolo allegato";https://www.aslroma5.it/amministrazione-trasparente/strutture-sanitarie-private-accreditate/;;;;6;Da verificare;Non documentato;;Privata / ente non ASL;Gestore identificato nel dossier V5;https://www.aslroma5.it/wp-content/uploads/2026/07/Delibera-n.-110-del-30.01.2025-BUDGET-PSICHIATRICHE.pdf;Promossa al catalogo convenzionato V6;Contratto individuale pubblicato nella sezione 2025-2026. Posti indicati = capacità/finanziabilità, non disponibilità attuale.;Sì;Da completare / escluse;Budget: contratto da comprovare;Promosso al catalogo convenzionato V6;Nessuna nuova verifica amministrativa/clinica introdotta dalla V7 strutturale.;Convenzionate;Da correggere / campo ereditato;;Non riesaminato in V7.1;Nessuna modifica sostanziale;;Convenzionata documentata;Convenzionate;2026-09-20;"Classificazione V7.1 conservata; nessuna regressione introdotta nella V7.2.";Nessuna modifica sostanziale.;;Convenzionata documentata;Convenzionate;2026-09-20;Classificazione V7.2 conservata salvo nuove evidenze specifiche.;Nessuna modifica sostanziale.;;Convenzionata documentata;Convenzionate
IHG-VILLAGGIO-ADRIANO;Villaggio Adriano;Italian Hospital Group S.p.A.;Privata / ente non ASL;Tivoli;RM;Roma 5;;;;"Moduli nominati nell’allegato budget ASL; contratto attuale non acquisito";2025;Da completare;Non documentato;;R5-BUD;;;;;"Comune orientativo dalla denominazione del presidio, non ingresso validato; indirizzo lasciato vuoto. Moduli mantenuti distinti senza duplicare una sede amministrativa.";Non documentata;2026-09-20;Non effettuata;Non rilevati: capacità autorizzata/accreditata non è disponibilità;;;Contratto 2025-2026 pubblicato dalla ASL;MOD-079;SRTRe — modulo1;Psichiatria;Residenziale;8;Posti finanziabili 2025;Convenzionata documentata;;https://www.aslroma5.it/wp-content/uploads/2026/07/Delibera-n.-110-del-30.01.2025-BUDGET-PSICHIATRICHE.pdf;;Da completare / escluse;;"Da concordare con servizio inviante e accettazione; non acquisiti sistematicamente";"Individualizzata; durata specifica non consolidata";"Idoneità clinica e amministrativa da valutare; non dedotta dal solo accreditamento";Catalogo prestazioni non acquisito;Indirizzo operativo da completare;Posti finanziabili 2025;Da distinguere;;Da distinguere;;Accordo/contratto individuale pubblicato dalla ASL Roma 5;2025-2026;https://www.aslroma5.it/amministrazione-trasparente/strutture-sanitarie-private-accreditate/;"Pagina ASL aggiornata 16/07/2026 pubblica contratto e integrazioni; capienza/budget puntuale nel singolo allegato";https://www.aslroma5.it/amministrazione-trasparente/strutture-sanitarie-private-accreditate/;;;;8;Da verificare;Non documentato;;Privata / ente non ASL;Gestore identificato nel dossier V5;https://www.aslroma5.it/wp-content/uploads/2026/07/Delibera-n.-110-del-30.01.2025-BUDGET-PSICHIATRICHE.pdf;Promossa al catalogo convenzionato V6;Contratto individuale pubblicato nella sezione 2025-2026. Posti indicati = capacità/finanziabilità, non disponibilità attuale.;Sì;Da completare / escluse;Budget: contratto da comprovare;Promosso al catalogo convenzionato V6;Nessuna nuova verifica amministrativa/clinica introdotta dalla V7 strutturale.;Convenzionate;Da correggere / campo ereditato;;Non riesaminato in V7.1;Nessuna modifica sostanziale;;Convenzionata documentata;Convenzionate;2026-09-20;"Classificazione V7.1 conservata; nessuna regressione introdotta nella V7.2.";Nessuna modifica sostanziale.;;Convenzionata documentata;Convenzionate;2026-09-20;Classificazione V7.2 conservata salvo nuove evidenze specifiche.;Nessuna modifica sostanziale.;;Convenzionata documentata;Convenzionate
IHG-VILLAGGIO-ADRIANO;Villaggio Adriano;Italian Hospital Group S.p.A.;Privata / ente non ASL;Tivoli;RM;Roma 5;;;;"Moduli nominati nell’allegato budget ASL; contratto attuale non acquisito";2025;Da completare;Non documentato;;R5-BUD;;;;;"Comune orientativo dalla denominazione del presidio, non ingresso validato; indirizzo lasciato vuoto. Moduli mantenuti distinti senza duplicare una sede amministrativa.";Non documentata;2026-09-20;Non effettuata;Non rilevati: capacità autorizzata/accreditata non è disponibilità;;;Contratto 2025-2026 pubblicato dalla ASL;MOD-080;SRTRe — modulo2;Psichiatria;Residenziale;8;Posti finanziabili 2025;Convenzionata documentata;;https://www.aslroma5.it/wp-content/uploads/2026/07/Delibera-n.-110-del-30.01.2025-BUDGET-PSICHIATRICHE.pdf;;Da completare / escluse;;"Da concordare con servizio inviante e accettazione; non acquisiti sistematicamente";"Individualizzata; durata specifica non consolidata";"Idoneità clinica e amministrativa da valutare; non dedotta dal solo accreditamento";Catalogo prestazioni non acquisito;Indirizzo operativo da completare;Posti finanziabili 2025;Da distinguere;;Da distinguere;;Accordo/contratto individuale pubblicato dalla ASL Roma 5;2025-2026;https://www.aslroma5.it/amministrazione-trasparente/strutture-sanitarie-private-accreditate/;"Pagina ASL aggiornata 16/07/2026 pubblica contratto e integrazioni; capienza/budget puntuale nel singolo allegato";https://www.aslroma5.it/amministrazione-trasparente/strutture-sanitarie-private-accreditate/;;;;8;Da verificare;Non documentato;;Privata / ente non ASL;Gestore identificato nel dossier V5;https://www.aslroma5.it/wp-content/uploads/2026/07/Delibera-n.-110-del-30.01.2025-BUDGET-PSICHIATRICHE.pdf;Promossa al catalogo convenzionato V6;Contratto individuale pubblicato nella sezione 2025-2026. Posti indicati = capacità/finanziabilità, non disponibilità attuale.;Sì;Da completare / escluse;Budget: contratto da comprovare;Promosso al catalogo convenzionato V6;Nessuna nuova verifica amministrativa/clinica introdotta dalla V7 strutturale.;Convenzionate;Da correggere / campo ereditato;;Non riesaminato in V7.1;Nessuna modifica sostanziale;;Convenzionata documentata;Convenzionate;2026-09-20;"Classificazione V7.1 conservata; nessuna regressione introdotta nella V7.2.";Nessuna modifica sostanziale.;;Convenzionata documentata;Convenzionate;2026-09-20;Classificazione V7.2 conservata salvo nuove evidenze specifiche.;Nessuna modifica sostanziale.;;Convenzionata documentata;Convenzionate
IHG-CANTERANO;Canterano;Italian Hospital Group S.p.A.;Privata / ente non ASL;Canterano;RM;Roma 5;;;;"Moduli nominati nell’allegato budget ASL; contratto attuale non acquisito";2025;Da completare;Non documentato;;R5-BUD;;;;;"Comune orientativo dalla denominazione del presidio, non ingresso validato; indirizzo lasciato vuoto. Moduli mantenuti distinti senza duplicare una sede amministrativa.";Non documentata;2026-09-20;Non effettuata;Non rilevati: capacità autorizzata/accreditata non è disponibilità;;;Contratto 2025-2026 pubblicato dalla ASL;MOD-081;SRTRe — modulo1;Psichiatria;Residenziale;10;Posti finanziabili 2025;Convenzionata documentata;;https://www.aslroma5.it/wp-content/uploads/2026/07/Delibera-n.-110-del-30.01.2025-BUDGET-PSICHIATRICHE.pdf;;Da completare / escluse;;"Da concordare con servizio inviante e accettazione; non acquisiti sistematicamente";"Individualizzata; durata specifica non consolidata";"Idoneità clinica e amministrativa da valutare; non dedotta dal solo accreditamento";Catalogo prestazioni non acquisito;Indirizzo operativo da completare;Posti finanziabili 2025;Da distinguere;;Da distinguere;;Accordo/contratto individuale pubblicato dalla ASL Roma 5;2025-2026;https://www.aslroma5.it/amministrazione-trasparente/strutture-sanitarie-private-accreditate/;"Pagina ASL aggiornata 16/07/2026 pubblica contratto e integrazioni; capienza/budget puntuale nel singolo allegato";https://www.aslroma5.it/amministrazione-trasparente/strutture-sanitarie-private-accreditate/;;;;10;Da verificare;Non documentato;;Privata / ente non ASL;Gestore identificato nel dossier V5;https://www.aslroma5.it/wp-content/uploads/2026/07/Delibera-n.-110-del-30.01.2025-BUDGET-PSICHIATRICHE.pdf;Promossa al catalogo convenzionato V6;Contratto individuale pubblicato nella sezione 2025-2026. Posti indicati = capacità/finanziabilità, non disponibilità attuale.;Sì;Da completare / escluse;Budget: contratto da comprovare;Promosso al catalogo convenzionato V6;Nessuna nuova verifica amministrativa/clinica introdotta dalla V7 strutturale.;Convenzionate;Da correggere / campo ereditato;;Non riesaminato in V7.1;Nessuna modifica sostanziale;;Convenzionata documentata;Convenzionate;2026-09-20;"Classificazione V7.1 conservata; nessuna regressione introdotta nella V7.2.";Nessuna modifica sostanziale.;;Convenzionata documentata;Convenzionate;2026-09-20;Classificazione V7.2 conservata salvo nuove evidenze specifiche.;Nessuna modifica sostanziale.;;Convenzionata documentata;Convenzionate
IHG-CANTERANO;Canterano;Italian Hospital Group S.p.A.;Privata / ente non ASL;Canterano;RM;Roma 5;;;;"Moduli nominati nell’allegato budget ASL; contratto attuale non acquisito";2025;Da completare;Non documentato;;R5-BUD;;;;;"Comune orientativo dalla denominazione del presidio, non ingresso validato; indirizzo lasciato vuoto. Moduli mantenuti distinti senza duplicare una sede amministrativa.";Non documentata;2026-09-20;Non effettuata;Non rilevati: capacità autorizzata/accreditata non è disponibilità;;;Contratto 2025-2026 pubblicato dalla ASL;MOD-082;SRTRe — modulo2;Psichiatria;Residenziale;10;Posti finanziabili 2025;Convenzionata documentata;;https://www.aslroma5.it/wp-content/uploads/2026/07/Delibera-n.-110-del-30.01.2025-BUDGET-PSICHIATRICHE.pdf;;Da completare / escluse;;"Da concordare con servizio inviante e accettazione; non acquisiti sistematicamente";"Individualizzata; durata specifica non consolidata";"Idoneità clinica e amministrativa da valutare; non dedotta dal solo accreditamento";Catalogo prestazioni non acquisito;Indirizzo operativo da completare;Posti finanziabili 2025;Da distinguere;;Da distinguere;;Accordo/contratto individuale pubblicato dalla ASL Roma 5;2025-2026;https://www.aslroma5.it/amministrazione-trasparente/strutture-sanitarie-private-accreditate/;"Pagina ASL aggiornata 16/07/2026 pubblica contratto e integrazioni; capienza/budget puntuale nel singolo allegato";https://www.aslroma5.it/amministrazione-trasparente/strutture-sanitarie-private-accreditate/;;;;10;Da verificare;Non documentato;;Privata / ente non ASL;Gestore identificato nel dossier V5;https://www.aslroma5.it/wp-content/uploads/2026/07/Delibera-n.-110-del-30.01.2025-BUDGET-PSICHIATRICHE.pdf;Promossa al catalogo convenzionato V6;Contratto individuale pubblicato nella sezione 2025-2026. Posti indicati = capacità/finanziabilità, non disponibilità attuale.;Sì;Da completare / escluse;Budget: contratto da comprovare;Promosso al catalogo convenzionato V6;Nessuna nuova verifica amministrativa/clinica introdotta dalla V7 strutturale.;Convenzionate;Da correggere / campo ereditato;;Non riesaminato in V7.1;Nessuna modifica sostanziale;;Convenzionata documentata;Convenzionate;2026-09-20;"Classificazione V7.1 conservata; nessuna regressione introdotta nella V7.2.";Nessuna modifica sostanziale.;;Convenzionata documentata;Convenzionate;2026-09-20;Classificazione V7.2 conservata salvo nuove evidenze specifiche.;Nessuna modifica sostanziale.;;Convenzionata documentata;Convenzionate
MAI-CT;Maieusis — Residenza terapeutica;Maieusis cooperativa sociale;Privata / ente non ASL;Capena;RM;Roma 4;Via Macchia Tonda, 8;0690389343 / 069085495;maieusis.ct@gmail.com;Convenzione / costi a carico SSR dichiarati nella Carta del gestore;"Carta pubblicata nel 2022; continuità contrattuale 2026 non acquisita";Dichiarazione gestore;Non documentato;;MAI-CDS | MAI-WEB | MAI-ACC;Psicoterapia e trattamento psichiatrico | Riabilitazione dell’autonomia | Interventi con i familiari | Attività di gruppo e reinserimento sociale;Valutazione preliminare di familiari e paziente, relazione del curante e accordo con il servizio inviante.;"Giovani adulti: sito 18–35 anni; Carta 18–32, da concordare";;Doppia diagnosi ammessa con limiti: nel sito l’uso di sostanze è iniziale/secondario rispetto alla patologia psichiatrica. Non adatta automaticamente alla dipendenza primaria. Telefono inserimenti 0636308629, fascia pubblicata da riconfermare.;Non documentata;2026-09-20;Non effettuata;Non rilevati: capacità autorizzata/accreditata non è disponibilità;https://www.google.com/maps/search/?api=1&query=Via%20Macchia%20Tonda%2C%208%2C%20Capena%2C%20Italia;MAI-CDS;Non certificata: vedere annualità e fonte;MOD-083;SRTRe;Doppia diagnosi;Residenziale;18;Convenzionati dichiarati nella Carta;Convenzionata documentata;;https://www.maieusis.org/wp-content/uploads/2022/11/maieusis-2022_carta_dei_servizi.pdf | https://www.maieusis.org/la-comunita-maieusis/ | https://www.maieusis.org/il-modello-maieusis/informazioni-per-linserimento/;"Psichiatria; Dipendenze";Convenzionate;https://www.maieusis.org/wp-content/uploads/2022/11/maieusis-2022_carta_dei_servizi.pdf;"Da concordare con servizio inviante e accettazione; non acquisiti sistematicamente";"Carta pubblicata 2022: circa 18 mesi residenziali / 2–3 anni semiresidenziali; non durata garantita individuale.";"Doppia diagnosi con uso di sostanze iniziale/secondario alla patologia psichiatrica; non automaticamente indicata per dipendenza primaria.";Profilo del gestore / modulo: vedi fonti. Non certifica disponibilità giornaliera.;"Indirizzo pubblicato; ingresso e coordinate non verificati";Convenzionati dichiarati nella Carta;Da distinguere;;Da distinguere;;Documentato in V5;"Carta pubblicata nel 2022; continuità contrattuale 2026 non acquisita";https://www.maieusis.org/wp-content/uploads/2022/11/maieusis-2022_carta_dei_servizi.pdf;Da verificare;;;;;18;Da verificare;Non documentato;;Privata / ente non ASL;Gestore identificato nel dossier V5;https://www.maieusis.org/wp-content/uploads/2022/11/maieusis-2022_carta_dei_servizi.pdf | https://www.maieusis.org/la-comunita-maieusis/ | https://www.maieusis.org/il-modello-maieusis/informazioni-per-linserimento/;Ereditato V5;;Sì;Convenzionate;Convenzionata documentata;Conservato;Nessuna nuova verifica amministrativa/clinica introdotta dalla V7 strutturale.;Convenzionate;Coerente o compatibile;;Non riesaminato in V7.1;Nessuna modifica sostanziale;;Convenzionata documentata;Convenzionate;2026-09-20;"Classificazione V7.1 conservata; nessuna regressione introdotta nella V7.2.";Nessuna modifica sostanziale.;;Convenzionata documentata;Convenzionate;2026-09-20;Classificazione V7.2 conservata salvo nuove evidenze specifiche.;Nessuna modifica sostanziale.;;Convenzionata documentata;Convenzionate
MAI-CD;Maieusis — Centro diurno;Maieusis cooperativa sociale;Privata / ente non ASL;Fiano Romano;RM;Roma 4;Via Filippo Turati, 2–4;0765389943;maieusis.ct@gmail.com;Convenzione / costi a carico SSR dichiarati nella Carta del gestore;"Carta pubblicata nel 2022; continuità contrattuale 2026 non acquisita";Dichiarazione gestore;Non documentato;;MAI-CDS | MAI-WEB | MAI-ACC;Psicoterapia e trattamento psichiatrico | Riabilitazione dell’autonomia | Interventi con i familiari | Attività di gruppo e reinserimento sociale;Valutazione preliminare di familiari e paziente, relazione del curante e accordo con il servizio inviante.;"Giovani adulti: sito 18–35 anni; Carta 18–32, da concordare";;Doppia diagnosi ammessa con limiti: nel sito l’uso di sostanze è iniziale/secondario rispetto alla patologia psichiatrica. Non adatta automaticamente alla dipendenza primaria. Telefono inserimenti 0636308629, fascia pubblicata da riconfermare.;Non documentata;2026-09-20;Non effettuata;Non rilevati: capacità autorizzata/accreditata non è disponibilità;https://www.google.com/maps/search/?api=1&query=Via%20Filippo%20Turati%2C%202%E2%80%934%2C%20Fiano%20Romano%2C%20Italia;MAI-CDS;Non certificata: vedere annualità e fonte;MOD-084;Centro diurno psichiatrico;Doppia diagnosi;Semiresidenziale;29;18 convenzionati / 29 accreditati dichiarati nella Carta;Convenzionata documentata;"CD: la dichiarazione sui costi SSR è generale della Carta; contratto specifico del CD e annualità 2026 non acquisiti.";https://www.maieusis.org/wp-content/uploads/2022/11/maieusis-2022_carta_dei_servizi.pdf | https://www.maieusis.org/la-comunita-maieusis/ | https://www.maieusis.org/il-modello-maieusis/informazioni-per-linserimento/;"Psichiatria; Dipendenze";Convenzionate;https://www.maieusis.org/wp-content/uploads/2022/11/maieusis-2022_carta_dei_servizi.pdf;"Da concordare con servizio inviante e accettazione; non acquisiti sistematicamente";"Carta pubblicata 2022: circa 18 mesi residenziali / 2–3 anni semiresidenziali; non durata garantita individuale.";"Doppia diagnosi con uso di sostanze iniziale/secondario alla patologia psichiatrica; non automaticamente indicata per dipendenza primaria.";Profilo del gestore / modulo: vedi fonti. Non certifica disponibilità giornaliera.;"Indirizzo pubblicato; ingresso e coordinate non verificati";18 convenzionati / 29 accreditati dichiarati nella Carta;Da distinguere;;Documentato/indicato nel dossier V5;;Documentato in V5;"Carta pubblicata nel 2022; continuità contrattuale 2026 non acquisita";https://www.maieusis.org/wp-content/uploads/2022/11/maieusis-2022_carta_dei_servizi.pdf;Da verificare;;;29;;29;Da verificare;Non documentato;;Privata / ente non ASL;Gestore identificato nel dossier V5;https://www.maieusis.org/wp-content/uploads/2022/11/maieusis-2022_carta_dei_servizi.pdf | https://www.maieusis.org/la-comunita-maieusis/ | https://www.maieusis.org/il-modello-maieusis/informazioni-per-linserimento/;Ereditato V5;;Sì;Convenzionate;Convenzionata documentata;Conservato;Nessuna nuova verifica amministrativa/clinica introdotta dalla V7 strutturale.;Convenzionate;Coerente o compatibile;;Non riesaminato in V7.1;Nessuna modifica sostanziale;;Convenzionata documentata;Convenzionate;2026-09-20;"Classificazione V7.1 conservata; nessuna regressione introdotta nella V7.2.";Nessuna modifica sostanziale.;;Convenzionata documentata;Convenzionate;2026-09-20;Classificazione V7.2 conservata salvo nuove evidenze specifiche.;Nessuna modifica sostanziale.;;Convenzionata documentata;Convenzionate
VBL;Villa Belvedere;Villa Belvedere S.r.l.;Privata / ente non ASL;Torricella in Sabina;RI;Rieti;Via Salaria km 64;0765 207763 / 338 8298943;info@strutturapsichiatricavillabelvedere.com;Contratto ASL Rieti 2025-2026;01/01/2025–31/12/2026;Contratto ufficiale / fonte istituzionale;"Dichiarata dal gestore; autorizzazione amministrativa/economica da provare";"Il sito dichiara pazienti adulti del territorio nazionale; non equivale ad autorizzazione automatica dell'ente di provenienza.";https://www.strutturapsichiatricavillabelvedere.com/ | https://www.asl.rieti.it/wp-content/uploads/2025/06/CONTRATTO_VILLA_BELVEDERE_ANNI_202502026.pdf | https://www.asl.rieti.it/trasparency-e-privacy/amministrazione-trasparente/strutture-sanitarie-private-accreditate;"Trattamento terapeutico-riabilitativo psichiatrico residenziale; progetto individualizzato; reinserimento sociale";"Invio/valutazione clinica; condizioni amministrative da concordare con servizio inviante";;;"Contratto vigente fino al 31/12/2026; corrispettivo 2026 demandato a specifico provvedimento/addendum di budget.";Non documentata;2026-09-20;Non effettuata;Non rilevati: capacità non equivale a disponibilità;https://www.google.com/maps/search/?api=1&query=Via%20Salaria%20km%2064%2C%20Torricella%20in%20Sabina%2C%20Italia;https://www.asl.rieti.it/wp-content/uploads/2025/06/CONTRATTO_VILLA_BELVEDERE_ANNI_202502026.pdf;01/01/2025–31/12/2026;MOD-085;SRTRe;Psichiatria;Residenziale;14;14 autorizzati e 14 accreditati (regolamento corrente);Convenzionata documentata;"Contratto vigente fino al 31/12/2026; corrispettivo 2026 demandato a specifico provvedimento/addendum di budget.";https://www.strutturapsichiatricavillabelvedere.com/ | https://www.asl.rieti.it/wp-content/uploads/2025/06/CONTRATTO_VILLA_BELVEDERE_ANNI_202502026.pdf | https://www.asl.rieti.it/trasparency-e-privacy/amministrazione-trasparente/strutture-sanitarie-private-accreditate;;Convenzionate V6;https://www.asl.rieti.it/wp-content/uploads/2025/06/CONTRATTO_VILLA_BELVEDERE_ANNI_202502026.pdf;;;;Fonte gestore/istituzionale;Indirizzo pubblicato;14 autorizzati e 14 accreditati (regolamento corrente);Autorizzazione documentata;https://www.strutturapsichiatricavillabelvedere.com/ | https://www.asl.rieti.it/wp-content/uploads/2025/06/CONTRATTO_VILLA_BELVEDERE_ANNI_202502026.pdf | https://www.asl.rieti.it/trasparency-e-privacy/amministrazione-trasparente/strutture-sanitarie-private-accreditate;Accreditamento definitivo DCA U00037/2020;https://www.strutturapsichiatricavillabelvedere.com/ | https://www.asl.rieti.it/wp-content/uploads/2025/06/CONTRATTO_VILLA_BELVEDERE_ANNI_202502026.pdf | https://www.asl.rieti.it/trasparency-e-privacy/amministrazione-trasparente/strutture-sanitarie-private-accreditate;Contratto ASL Rieti 2025-2026;01/01/2025–31/12/2026;https://www.asl.rieti.it/wp-content/uploads/2025/06/CONTRATTO_VILLA_BELVEDERE_ANNI_202502026.pdf;"Contratto vigente; importo 2026 demandato a provvedimento/addendum";https://www.asl.rieti.it/wp-content/uploads/2025/06/CONTRATTO_VILLA_BELVEDERE_ANNI_202502026.pdf;14;14;;14;"Il gestore dichiara utenza dal territorio nazionale; mobilità Lazio subordinata all'invio/autorizzazione.";"Dichiarato dal gestore; autorizzazione economica dell'inviante da provare";"Il sito dichiara pazienti adulti del territorio nazionale; non equivale ad autorizzazione automatica dell'ente di provenienza.";Privata / ente non ASL;Gestore identificato nelle fonti;https://www.strutturapsichiatricavillabelvedere.com/ | https://www.asl.rieti.it/wp-content/uploads/2025/06/CONTRATTO_VILLA_BELVEDERE_ANNI_202502026.pdf | https://www.asl.rieti.it/trasparency-e-privacy/amministrazione-trasparente/strutture-sanitarie-private-accreditate;Nuovo V6;"Contratto vigente fino al 31/12/2026; corrispettivo 2026 demandato a specifico provvedimento/addendum di budget.";No;;;Nuovo in V6;Nessuna nuova verifica amministrativa/clinica introdotta dalla V7 strutturale.;Convenzionate;Coerente o compatibile;;Non riesaminato in V7.1;Nessuna modifica sostanziale;;Convenzionata documentata;Convenzionate;2026-09-20;"Classificazione V7.1 conservata; nessuna regressione introdotta nella V7.2.";Nessuna modifica sostanziale.;;Convenzionata documentata;Convenzionate;2026-09-20;Classificazione V7.2 conservata salvo nuove evidenze specifiche.;Nessuna modifica sostanziale.;;Convenzionata documentata;Convenzionate
R2-LAT;Associazione La Tenda ETS;Associazione La Tenda ETS;Privata / ente non ASL;Roma;RM;Roma 2;Via del Frantoio, 58;;;Contratto 2025-2026 pubblicato dalla ASL Roma 2;2025-2026;Contratto ufficiale / fonte istituzionale;Non documentato;;https://aslroma2.it/index.php/62-cittadini/servizi/medicina-protesica/139-medicina-protesica | https://www.associazionelatenda.org/;Programma terapeutico-riabilitativo per dipendenze in regime semiresidenziale;Percorso con SerD / valutazione di idoneità;;;;Non documentata;2026-09-20;Non effettuata;Non rilevati: capacità non equivale a disponibilità;https://www.google.com/maps/search/?api=1&query=Via%20del%20Frantoio%2C%2058%2C%20Roma%2C%20Italia;https://aslroma2.it/index.php/62-cittadini/servizi/medicina-protesica/139-medicina-protesica;2025-2026;MOD-086;Comunità terapeutica semiresidenziale;Dipendenze;Semiresidenziale;;"Accreditata SSN; capacità da acquisire";Convenzionata documentata;;https://aslroma2.it/index.php/62-cittadini/servizi/medicina-protesica/139-medicina-protesica | https://www.associazionelatenda.org/;;Convenzionate V6;https://aslroma2.it/index.php/62-cittadini/servizi/medicina-protesica/139-medicina-protesica;;;;Fonte gestore/istituzionale;Indirizzo pubblicato;"Accreditata SSN; capacità da acquisire";Autorizzazione da decreto da acquisire;https://aslroma2.it/index.php/62-cittadini/servizi/medicina-protesica/139-medicina-protesica | https://www.associazionelatenda.org/;Accreditamento SSN dichiarato dal gestore;https://aslroma2.it/index.php/62-cittadini/servizi/medicina-protesica/139-medicina-protesica | https://www.associazionelatenda.org/;Contratto 2025-2026 pubblicato dalla ASL Roma 2;2025-2026;https://aslroma2.it/index.php/62-cittadini/servizi/medicina-protesica/139-medicina-protesica;Da verificare;;;;;;"Accesso tramite rete SerD; appropriatezza/competenza da verificare";Non documentato;;Privata / ente non ASL;Gestore identificato nelle fonti;https://aslroma2.it/index.php/62-cittadini/servizi/medicina-protesica/139-medicina-protesica | https://www.associazionelatenda.org/;Nuovo V6;;No;;;Nuovo in V6;Nessuna nuova verifica amministrativa/clinica introdotta dalla V7 strutturale.;Convenzionate;Coerente o compatibile;;Non riesaminato in V7.1;Nessuna modifica sostanziale;;Convenzionata documentata;Convenzionate;2026-09-20;"Classificazione V7.1 conservata; nessuna regressione introdotta nella V7.2.";Nessuna modifica sostanziale.;;Convenzionata documentata;Convenzionate;2026-09-20;Classificazione V7.2 conservata salvo nuove evidenze specifiche.;Nessuna modifica sostanziale.;;Convenzionata documentata;Convenzionate
R2-IO;IO Centro ETS;Centro Permanente Prevenzione alle Tossicodipendenze - IO Centro ETS;Privata / ente non ASL;Roma;RM;Roma 2;Roma - sede da confermare nel contratto;06 4382379;direzione@iocentro.it;Contratto 2025-2026 pubblicato dalla ASL Roma 2;2025-2026;Contratto ufficiale / fonte istituzionale;Non documentato;;https://aslroma2.it/index.php/62-cittadini/servizi/medicina-protesica/139-medicina-protesica | https://www.iocentro.it/index.php/2019/03/15/comunita-terapeutica/ | https://www.iocentro.it/index.php/2019/03/15/liste-di-attesa/;"PTI semiresidenziale per dipendenze patologiche; reinserimento; lavoro con SerD e magistratura";"Colloqui di accoglienza; certificazione SerD quando pertinente; valutazione idoneità";;;Lista 15/06/2026: 8 accreditati, 4 occupati, 2 disponibili, 2 in attesa di occupazione. Dato dinamico, non usato come disponibilità attuale.;Non documentata;2026-09-20;Non effettuata;Non rilevati: capacità non equivale a disponibilità;https://www.google.com/maps/search/?api=1&query=Roma%20-%20sede%20da%20confermare%20nel%20contratto%2C%20Roma%2C%20Italia;https://aslroma2.it/index.php/62-cittadini/servizi/medicina-protesica/139-medicina-protesica;2025-2026;MOD-087;Comunità terapeutica semiresidenziale;Dipendenze;Semiresidenziale;8;"8 posti autorizzati/accreditati; lista attesa aggiornata 15/06/2026";Convenzionata documentata;Lista 15/06/2026: 8 accreditati, 4 occupati, 2 disponibili, 2 in attesa di occupazione. Dato dinamico, non usato come disponibilità attuale.;https://aslroma2.it/index.php/62-cittadini/servizi/medicina-protesica/139-medicina-protesica | https://www.iocentro.it/index.php/2019/03/15/comunita-terapeutica/ | https://www.iocentro.it/index.php/2019/03/15/liste-di-attesa/;;Convenzionate V6;https://aslroma2.it/index.php/62-cittadini/servizi/medicina-protesica/139-medicina-protesica;;;;Fonte gestore/istituzionale;Indirizzo pubblicato;"8 posti autorizzati/accreditati; lista attesa aggiornata 15/06/2026";Autorizzata per 8 posti;https://aslroma2.it/index.php/62-cittadini/servizi/medicina-protesica/139-medicina-protesica | https://www.iocentro.it/index.php/2019/03/15/comunita-terapeutica/ | https://www.iocentro.it/index.php/2019/03/15/liste-di-attesa/;DCA U00411/2014 + integrazione U00169/2017, 8 posti;https://aslroma2.it/index.php/62-cittadini/servizi/medicina-protesica/139-medicina-protesica | https://www.iocentro.it/index.php/2019/03/15/comunita-terapeutica/ | https://www.iocentro.it/index.php/2019/03/15/liste-di-attesa/;Contratto 2025-2026 pubblicato dalla ASL Roma 2;2025-2026;https://aslroma2.it/index.php/62-cittadini/servizi/medicina-protesica/139-medicina-protesica;Da verificare;;8;8;;8;Prevalentemente utenti con SerD di riferimento;Non documentato;;Privata / ente non ASL;Gestore identificato nelle fonti;https://aslroma2.it/index.php/62-cittadini/servizi/medicina-protesica/139-medicina-protesica | https://www.iocentro.it/index.php/2019/03/15/comunita-terapeutica/ | https://www.iocentro.it/index.php/2019/03/15/liste-di-attesa/;Nuovo V6;Lista 15/06/2026: 8 accreditati, 4 occupati, 2 disponibili, 2 in attesa di occupazione. Dato dinamico, non usato come disponibilità attuale.;No;;;Nuovo in V6;Nessuna nuova verifica amministrativa/clinica introdotta dalla V7 strutturale.;Convenzionate;Coerente o compatibile;;Non riesaminato in V7.1;Nessuna modifica sostanziale;;Convenzionata documentata;Convenzionate;2026-09-20;"Classificazione V7.1 conservata; nessuna regressione introdotta nella V7.2.";Nessuna modifica sostanziale.;;Convenzionata documentata;Convenzionate;2026-09-20;Classificazione V7.2 conservata salvo nuove evidenze specifiche.;Nessuna modifica sostanziale.;;Convenzionata documentata;Convenzionate
R2-VMAR;Fondazione Villa Maraini ETS;Fondazione Villa Maraini ETS / Croce Rossa Italiana;Privata / ente non ASL;Roma;RM;Roma 2;Via Bernardino Ramazzini, 31;06 5587777 / 06 65753055;fondazione@villamaraini.it;Contratto 2025-2026 pubblicato dalla ASL Roma 2;2025-2026;Contratto ufficiale / fonte istituzionale;Non documentato;;https://aslroma2.it/index.php/62-cittadini/servizi/medicina-protesica/139-medicina-protesica | https://villamaraini.it/attivita/servizio-terapeutico-residenziale/ | https://villamaraini.it/;Comunità terapeutica residenziale H24 per dipendenze, anche alternativa alla detenzione;"Accoglienza e PTI; raccordo con SerD/giustizia quando pertinente";;;;Non documentata;2026-09-20;Non effettuata;Non rilevati: capacità non equivale a disponibilità;https://www.google.com/maps/search/?api=1&query=Via%20Bernardino%20Ramazzini%2C%2031%2C%20Roma%2C%20Italia;https://aslroma2.it/index.php/62-cittadini/servizi/medicina-protesica/139-medicina-protesica;2025-2026;MOD-088;Servizio Terapeutico Residenziale;Dipendenze;Residenziale;20;20 posti nel percorso di accreditamento regionale 2023;Convenzionata documentata;;https://aslroma2.it/index.php/62-cittadini/servizi/medicina-protesica/139-medicina-protesica | https://villamaraini.it/attivita/servizio-terapeutico-residenziale/ | https://villamaraini.it/;;Convenzionate V6;https://aslroma2.it/index.php/62-cittadini/servizi/medicina-protesica/139-medicina-protesica;;;;Fonte gestore/istituzionale;Indirizzo pubblicato;20 posti nel percorso di accreditamento regionale 2023;Autorizzazione documentata;https://aslroma2.it/index.php/62-cittadini/servizi/medicina-protesica/139-medicina-protesica | https://villamaraini.it/attivita/servizio-terapeutico-residenziale/ | https://villamaraini.it/;Accreditamento Regione Lazio deliberazione 24/2023;https://aslroma2.it/index.php/62-cittadini/servizi/medicina-protesica/139-medicina-protesica | https://villamaraini.it/attivita/servizio-terapeutico-residenziale/ | https://villamaraini.it/;Contratto 2025-2026 pubblicato dalla ASL Roma 2;2025-2026;https://aslroma2.it/index.php/62-cittadini/servizi/medicina-protesica/139-medicina-protesica;Da verificare;;;20;;20;Fonti regionali documentano utenza proveniente da diverse ASL del Lazio;Non documentato;;Privata / ente non ASL;Gestore identificato nelle fonti;https://aslroma2.it/index.php/62-cittadini/servizi/medicina-protesica/139-medicina-protesica | https://villamaraini.it/attivita/servizio-terapeutico-residenziale/ | https://villamaraini.it/;Nuovo V6;;No;;;Nuovo in V6;Nessuna nuova verifica amministrativa/clinica introdotta dalla V7 strutturale.;Convenzionate;Coerente o compatibile;;Non riesaminato in V7.1;Nessuna modifica sostanziale;;Convenzionata documentata;Convenzionate;2026-09-20;"Classificazione V7.1 conservata; nessuna regressione introdotta nella V7.2.";Nessuna modifica sostanziale.;;Convenzionata documentata;Convenzionate;2026-09-20;Classificazione V7.2 conservata salvo nuove evidenze specifiche.;Nessuna modifica sostanziale.;;Convenzionata documentata;Convenzionate
R2-VMAR;Fondazione Villa Maraini ETS;Fondazione Villa Maraini ETS / Croce Rossa Italiana;Privata / ente non ASL;Roma;RM;Roma 2;Via Bernardino Ramazzini, 31;06 65753057;ctdiurna@villamaraini.it;Contratto 2025-2026 pubblicato dalla ASL Roma 2;2025-2026;Contratto ufficiale / fonte istituzionale;Non documentato;;https://aslroma2.it/index.php/62-cittadini/servizi/medicina-protesica/139-medicina-protesica | https://villamaraini.it/attivita/comunita-terapeudica-semiresidenziale/ | https://villamaraini.it/;"Percorso terapeutico semiresidenziale diurno; attività cliniche, educative e riabilitative";"Percorso individualizzato; contatto e raccordo con SerD";;;Sito corrente: fase semiresidenziale circa 24 mesi + circa 1 anno ambulatoriale di verifica esterna.;Non documentata;2026-09-20;Non effettuata;Non rilevati: capacità non equivale a disponibilità;https://www.google.com/maps/search/?api=1&query=Via%20Bernardino%20Ramazzini%2C%2031%2C%20Roma%2C%20Italia;https://aslroma2.it/index.php/62-cittadini/servizi/medicina-protesica/139-medicina-protesica;2025-2026;MOD-089;Comunità terapeutica semiresidenziale diurna;Dipendenze;Semiresidenziale;30;30 posti autorizzati/accreditati nel percorso regionale;Convenzionata documentata;Sito corrente: fase semiresidenziale circa 24 mesi + circa 1 anno ambulatoriale di verifica esterna.;https://aslroma2.it/index.php/62-cittadini/servizi/medicina-protesica/139-medicina-protesica | https://villamaraini.it/attivita/comunita-terapeudica-semiresidenziale/ | https://villamaraini.it/;;Convenzionate V6;https://aslroma2.it/index.php/62-cittadini/servizi/medicina-protesica/139-medicina-protesica;;;;Fonte gestore/istituzionale;Indirizzo pubblicato;30 posti autorizzati/accreditati nel percorso regionale;Autorizzazione documentata;https://aslroma2.it/index.php/62-cittadini/servizi/medicina-protesica/139-medicina-protesica | https://villamaraini.it/attivita/comunita-terapeudica-semiresidenziale/ | https://villamaraini.it/;Accreditamento regionale del servizio;https://aslroma2.it/index.php/62-cittadini/servizi/medicina-protesica/139-medicina-protesica | https://villamaraini.it/attivita/comunita-terapeudica-semiresidenziale/ | https://villamaraini.it/;Contratto 2025-2026 pubblicato dalla ASL Roma 2;2025-2026;https://aslroma2.it/index.php/62-cittadini/servizi/medicina-protesica/139-medicina-protesica;Da verificare;;30;30;;30;Fabbisogno descritto su scala regionale Lazio;Non documentato;;Privata / ente non ASL;Gestore identificato nelle fonti;https://aslroma2.it/index.php/62-cittadini/servizi/medicina-protesica/139-medicina-protesica | https://villamaraini.it/attivita/comunita-terapeudica-semiresidenziale/ | https://villamaraini.it/;Nuovo V6;Sito corrente: fase semiresidenziale circa 24 mesi + circa 1 anno ambulatoriale di verifica esterna.;No;;;Nuovo in V6;Nessuna nuova verifica amministrativa/clinica introdotta dalla V7 strutturale.;Convenzionate;Coerente o compatibile;;Non riesaminato in V7.1;Nessuna modifica sostanziale;;Convenzionata documentata;Convenzionate;2026-09-20;"Classificazione V7.1 conservata; nessuna regressione introdotta nella V7.2.";Nessuna modifica sostanziale.;;Convenzionata documentata;Convenzionate;2026-09-20;Classificazione V7.2 conservata salvo nuove evidenze specifiche.;Nessuna modifica sostanziale.;;Convenzionata documentata;Convenzionate
R2-VMAR;Fondazione Villa Maraini ETS;Fondazione Villa Maraini ETS / Croce Rossa Italiana;Privata / ente non ASL;Roma;RM;Roma 2;Via Bernardino Ramazzini, 31;06 5587777 / 06 65753055;fondazione@villamaraini.it;Contratto 2025-2026 del provider pubblicato dalla ASL Roma 2;2025-2026;Contratto ufficiale / fonte istituzionale;Non documentato;;https://aslroma2.it/index.php/62-cittadini/servizi/medicina-protesica/139-medicina-protesica | https://villamaraini.it/;Accoglienza semiresidenziale notturna a bassa soglia per dipendenze;Dettagli da acquisire;;;;Non documentata;2026-09-20;Non effettuata;Non rilevati: capacità non equivale a disponibilità;https://www.google.com/maps/search/?api=1&query=Via%20Bernardino%20Ramazzini%2C%2031%2C%20Roma%2C%20Italia;https://aslroma2.it/index.php/62-cittadini/servizi/medicina-protesica/139-medicina-protesica;2025-2026;MOD-090;Accoglienza semiresidenziale notturna SRRD;Dipendenze;Semiresidenziale;15;15 posti autorizzati nel percorso regionale;Convenzionata documentata;;https://aslroma2.it/index.php/62-cittadini/servizi/medicina-protesica/139-medicina-protesica | https://villamaraini.it/;;Convenzionate V6;https://aslroma2.it/index.php/62-cittadini/servizi/medicina-protesica/139-medicina-protesica;;;;Fonte gestore/istituzionale;Indirizzo pubblicato;15 posti autorizzati nel percorso regionale;Autorizzazione documentata;https://aslroma2.it/index.php/62-cittadini/servizi/medicina-protesica/139-medicina-protesica | https://villamaraini.it/;Percorso di accreditamento regionale documentato;https://aslroma2.it/index.php/62-cittadini/servizi/medicina-protesica/139-medicina-protesica | https://villamaraini.it/;Contratto 2025-2026 del provider pubblicato dalla ASL Roma 2;2025-2026;https://aslroma2.it/index.php/62-cittadini/servizi/medicina-protesica/139-medicina-protesica;Da verificare;;15;;;15;Fabbisogno descritto su scala regionale Lazio;Non documentato;;Privata / ente non ASL;Gestore identificato nelle fonti;https://aslroma2.it/index.php/62-cittadini/servizi/medicina-protesica/139-medicina-protesica | https://villamaraini.it/;Nuovo V6;;No;;;Nuovo in V6;Nessuna nuova verifica amministrativa/clinica introdotta dalla V7 strutturale.;Convenzionate;Coerente o compatibile;;Non riesaminato in V7.1;Nessuna modifica sostanziale;;Convenzionata documentata;Convenzionate;2026-09-20;"Classificazione V7.1 conservata; nessuna regressione introdotta nella V7.2.";Nessuna modifica sostanziale.;;Convenzionata documentata;Convenzionate;2026-09-20;Classificazione V7.2 conservata salvo nuove evidenze specifiche.;Nessuna modifica sostanziale.;;Convenzionata documentata;Convenzionate
AGATOS;Agatos – Comunità Francesco Giugliarelli;Società Cooperativa Sociale Agatos ONLUS;Privata / ente non ASL;Viterbo;VT;Viterbo;Via Strada Cimina, 16/A;0761 398049;;Prestazioni psichiatriche extraregionali acquistate da ASL Benevento nel 2026;Inserimenti/progetti 2026 documentati da ASL Benevento;Atti ufficiali di acquisto/finanziamento extraregionale;Documentato: presa in carico extra Lazio;;https://asl.vt.it/strutture-private-accreditate | https://www.coopagatos.it/wp-content/uploads/2024/03/2023-PARS-.pdf;Riabilitazione psichiatrica terapeutico-riabilitativa estensiva;"Invio CSM / progetto terapeutico; modalità da concordare";;;"ASL Viterbo elenca Agatos fra le private accreditate di psichiatria; PARS gestore definisce SRTRe accreditata e convenzionata. V7.1: sede operativa documentata negli atti di invio: Comunità Alloggio Francesco Giugliarelli, Via Strada Cimina 16/A; Via Umberto Richiello 4 resta riferimento societario/storico da non usare automaticamente come ingresso.";Non documentata;2026-09-20;Non effettuata;Non rilevati: capacità non equivale a disponibilità;https://www.google.com/maps/search/?api=1&query=Via%20Umberto%20Richiello%2C%204%2C%20Viterbo%2C%20Italia;https://www.coopagatos.it/wp-content/uploads/2024/03/2023-PARS-.pdf;"Prestazioni 2026 extraregionali documentate; nuovo invio subordinato ad autorizzazione e idoneità";MOD-091;SRTRe;Psichiatria;Residenziale;10;10 posti accreditati;Convenzionata documentata – prestazioni extraregionali 2026;"ASL Viterbo elenca Agatos fra le private accreditate di psichiatria; PARS gestore definisce SRTRe accreditata e convenzionata.";https://asl.vt.it/strutture-private-accreditate | https://www.coopagatos.it/wp-content/uploads/2024/03/2023-PARS-.pdf | https://aslbenevento-appalti.maggiolicloud.it/PortaleAppalti/it/ppgare_esiti_lista.wp?actionPath=%2FExtStr2%2Fdo%2FFrontEnd%2FEsiti%2Fview.action&codice=G01544&currentFrame=7 | https://www.aslbenevento.it/en/albo-pretorio?page=9;;Censimento / da completare;https://www.coopagatos.it/wp-content/uploads/2024/03/2023-PARS-.pdf;;;;Fonte gestore/istituzionale;Indirizzo pubblicato;10 posti accreditati;Autorizzazione documentata;https://asl.vt.it/strutture-private-accreditate | https://www.coopagatos.it/wp-content/uploads/2024/03/2023-PARS-.pdf;"DCA U00424/2014; 10 posti SRTRe";https://asl.vt.it/strutture-private-accreditate | https://www.coopagatos.it/wp-content/uploads/2024/03/2023-PARS-.pdf;Rapporto pubblico 2026 documentato tramite acquisto extraregionale di prestazioni;2026 (atti/progetti individuali);https://aslbenevento-appalti.maggiolicloud.it/PortaleAppalti/it/ppgare_esiti_lista.wp?actionPath=%2FExtStr2%2Fdo%2FFrontEnd%2FEsiti%2Fview.action&codice=G01544&currentFrame=7 | https://www.aslbenevento.it/en/albo-pretorio?page=9;Spesa/acquisto prestazioni 2026 documentati da ASL Benevento;https://aslbenevento-appalti.maggiolicloud.it/PortaleAppalti/it/ppgare_esiti_lista.wp?actionPath=%2FExtStr2%2Fdo%2FFrontEnd%2FEsiti%2Fview.action&codice=G01544&currentFrame=7 | https://www.aslbenevento.it/en/albo-pretorio?page=9;;10;;10;;Documentato: ASL Benevento acquista prestazioni nel 2026;https://aslbenevento-appalti.maggiolicloud.it/PortaleAppalti/it/ppgare_esiti_lista.wp?actionPath=%2FExtStr2%2Fdo%2FFrontEnd%2FEsiti%2Fview.action&codice=G01544&currentFrame=7 | https://www.aslbenevento.it/en/albo-pretorio?page=9;Privata / ente non ASL;Gestore identificato nelle fonti;https://asl.vt.it/strutture-private-accreditate | https://www.coopagatos.it/wp-content/uploads/2024/03/2023-PARS-.pdf;Nuovo V6;"ASL Viterbo elenca Agatos fra le private accreditate di psichiatria; PARS gestore definisce SRTRe accreditata e convenzionata.";No;;;Nuovo in V6;Nessuna nuova verifica amministrativa/clinica introdotta dalla V7 strutturale.;Da verificare 2026;Coerente o compatibile;2026-09-20;Atti ASL Benevento 2026 documentano acquisto extraregionale di prestazioni psichiatriche presso Comunità Francesco Giugliarelli gestita da Agatos.;"Promosso tra le convenzionate documentate; aggiornata sede operativa e mobilità extraregionale.";https://aslbenevento-appalti.maggiolicloud.it/PortaleAppalti/it/ppgare_esiti_lista.wp?actionPath=%2FExtStr2%2Fdo%2FFrontEnd%2FEsiti%2Fview.action&codice=G01544&currentFrame=7 | https://www.aslbenevento.it/en/albo-pretorio?page=9;Convenzionata documentata – prestazioni extraregionali 2026;Convenzionate;2026-09-20;"Classificazione V7.1 conservata; nessuna regressione introdotta nella V7.2.";Nessuna modifica sostanziale.;https://aslbenevento-appalti.maggiolicloud.it/PortaleAppalti/it/ppgare_esiti_lista.wp?actionPath=%2FExtStr2%2Fdo%2FFrontEnd%2FEsiti%2Fview.action&codice=G01544&currentFrame=7 | https://www.aslbenevento.it/en/albo-pretorio?page=9;Convenzionata documentata – prestazioni extraregionali 2026;Convenzionate;2026-09-20;Classificazione V7.2 conservata salvo nuove evidenze specifiche.;Nessuna modifica sostanziale.;https://aslbenevento-appalti.maggiolicloud.it/PortaleAppalti/it/ppgare_esiti_lista.wp?actionPath=%2FExtStr2%2Fdo%2FFrontEnd%2FEsiti%2Fview.action&codice=G01544&currentFrame=7 | https://www.aslbenevento.it/en/albo-pretorio?page=9;Convenzionata documentata – prestazioni extraregionali 2026;Convenzionate
FR-OLE;Gli Oleandri;Gestore da consolidare;Privata / ente non ASL;Sant’Elia Fiumerapido;FR;Frosinone;Via Tascitara, 9;;;"Prestazioni remunerate/documentate in atti precedenti; contratto 2026 non acquisito";2024/2025 evidence;Gestore + fonte istituzionale;Non documentato;;https://www.asl.fr.it/wp-content/uploads/BUR-2025-64-0-117-475.pdf | https://www.asl.fr.it/wp-content/uploads/PDEL_1255_DEL_01.12.2022_ALL.1_PAP_FROSINONE-1.pdf;"Assistenza psichiatrica residenziale/semiresidenziale; dettaglio da acquisire";Invio CSM/UVM secondo appropriatezza;;;"Nuovo V6 per correggere sottocensimento Frosinone; non promosso al catalogo 2026.";Non documentata;2026-09-20;Non effettuata;Non rilevati: capacità non equivale a disponibilità;https://www.google.com/maps/search/?api=1&query=Italia;https://www.asl.fr.it/wp-content/uploads/BUR-2025-64-0-117-475.pdf;2024/2025 evidence;MOD-092;SRTRe;Psichiatria;Residenziale;20;Accreditati (documentazione societaria/DCA richiamato);Censita: convenzione 2026 da comprovare;"Nuovo V6 per correggere sottocensimento Frosinone; non promosso al catalogo 2026.";https://www.asl.fr.it/wp-content/uploads/BUR-2025-64-0-117-475.pdf | https://www.asl.fr.it/wp-content/uploads/PDEL_1255_DEL_01.12.2022_ALL.1_PAP_FROSINONE-1.pdf | https://irp.cdn-website.com/b4ea64a2/files/uploaded/MODELLO%20231%20SOGEPI%20SRL%202021%20.pdf | https://trasparenza.asl1abruzzo.it/page/9/details/188507/prestazioni-sanitarie-di-assistenza-psichiatrica-rete-privata-accreditata-insita-fuori-regione-liquidazione-fatture-maggio-giugno-2025-presidio-sanitario-srtr-le-palme-e-gli-oleandri-sogepi-srl-sant-elia-fiumerapido-fr.html;;Censimento / da completare;https://www.asl.fr.it/wp-content/uploads/BUR-2025-64-0-117-475.pdf;;;;Fonte gestore/istituzionale;Sede operativa consolidata: Via Tascitara 9, Sant’Elia Fiumerapido;Capacità da acquisire;Da acquisire;https://www.asl.fr.it/wp-content/uploads/BUR-2025-64-0-117-475.pdf | https://www.asl.fr.it/wp-content/uploads/PDEL_1255_DEL_01.12.2022_ALL.1_PAP_FROSINONE-1.pdf;"Accreditata; documentazione societaria richiama DCA U00345/2013";https://www.asl.fr.it/wp-content/uploads/BUR-2025-64-0-117-475.pdf | https://www.asl.fr.it/wp-content/uploads/PDEL_1255_DEL_01.12.2022_ALL.1_PAP_FROSINONE-1.pdf;"Prestazioni remunerate/documentate in atti precedenti; contratto 2026 non acquisito";2024/2025 evidence;https://www.asl.fr.it/wp-content/uploads/BUR-2025-64-0-117-475.pdf;Da verificare;;;20;;;;Non documentato;;Privata / ente non ASL;Gestore identificato nelle fonti;https://www.asl.fr.it/wp-content/uploads/BUR-2025-64-0-117-475.pdf | https://www.asl.fr.it/wp-content/uploads/PDEL_1255_DEL_01.12.2022_ALL.1_PAP_FROSINONE-1.pdf;Nuovo V6;"Nuovo V6 per correggere sottocensimento Frosinone; non promosso al catalogo 2026.";No;;;Nuovo in V6;Nessuna nuova verifica amministrativa/clinica introdotta dalla V7 strutturale.;Da verificare 2026;Coerente o compatibile;2026-09-20;"Sede, accreditamento/capienza e continuità della struttura documentati; trovato atto pubblicato nel 2026 ma riferito a prestazioni 2025. Nessuna prova sufficiente di prestazioni/contratto 2026.";"Resta da verificare 2026; corretti sede e posti.";https://irp.cdn-website.com/b4ea64a2/files/uploaded/MODELLO%20231%20SOGEPI%20SRL%202021%20.pdf | https://trasparenza.asl1abruzzo.it/page/9/details/188507/prestazioni-sanitarie-di-assistenza-psichiatrica-rete-privata-accreditata-insita-fuori-regione-liquidazione-fatture-maggio-giugno-2025-presidio-sanitario-srtr-le-palme-e-gli-oleandri-sogepi-srl-sant-elia-fiumerapido-fr.html;Accreditata: contratto/prestazioni 2026 da comprovare;Da verificare 2026;2026-09-20;"Il gestore continua a descrivere Le Oleandri come struttura in regime di accreditamento; non reperita prova economico-contrattuale riferita a prestazioni 2026.";Resta da verificare 2026.;https://irp.cdn-website.com/b4ea64a2/files/uploaded/MODELLO%20231%20SOGEPI%20SRL%202021%20.pdf | https://trasparenza.asl1abruzzo.it/page/9/details/188507/prestazioni-sanitarie-di-assistenza-psichiatrica-rete-privata-accreditata-insita-fuori-regione-liquidazione-fatture-maggio-giugno-2025-presidio-sanitario-srtr-le-palme-e-gli-oleandri-sogepi-srl-sant-elia-fiumerapido-fr.html;Accreditata: contratto/prestazioni 2026 da comprovare;Da verificare 2026;2026-09-20;Classificazione V7.2 conservata salvo nuove evidenze specifiche.;Nessuna modifica sostanziale.;https://irp.cdn-website.com/b4ea64a2/files/uploaded/MODELLO%20231%20SOGEPI%20SRL%202021%20.pdf | https://trasparenza.asl1abruzzo.it/page/9/details/188507/prestazioni-sanitarie-di-assistenza-psichiatrica-rete-privata-accreditata-insita-fuori-regione-liquidazione-fatture-maggio-giugno-2025-presidio-sanitario-srtr-le-palme-e-gli-oleandri-sogepi-srl-sant-elia-fiumerapido-fr.html;Accreditata: contratto/prestazioni 2026 da comprovare;Da verificare 2026
FR-PAL;Le Palme;Gestore da consolidare;Privata / ente non ASL;Sant’Elia Fiumerapido;FR;Frosinone;Via Tascitara, 9;;;"Prestazioni remunerate/documentate in atti precedenti; contratto 2026 non acquisito";2024/2025 evidence;Gestore + fonte istituzionale;Non documentato;;https://www.asl.fr.it/wp-content/uploads/BUR-2025-64-0-117-475.pdf | https://www.asl.fr.it/wp-content/uploads/PDEL_1255_DEL_01.12.2022_ALL.1_PAP_FROSINONE-1.pdf;"Assistenza psichiatrica residenziale/semiresidenziale; dettaglio da acquisire";Invio CSM/UVM secondo appropriatezza;;;"Nuovo V6 per correggere sottocensimento Frosinone; non promosso al catalogo 2026.";Non documentata;2026-09-20;Non effettuata;Non rilevati: capacità non equivale a disponibilità;https://www.google.com/maps/search/?api=1&query=Italia;https://www.asl.fr.it/wp-content/uploads/BUR-2025-64-0-117-475.pdf;2024/2025 evidence;MOD-093;SRTRe;Psichiatria;Residenziale;19;Accreditati (documentazione societaria/DCA richiamato);Censita: convenzione 2026 da comprovare;"Nuovo V6 per correggere sottocensimento Frosinone; non promosso al catalogo 2026.";https://www.asl.fr.it/wp-content/uploads/BUR-2025-64-0-117-475.pdf | https://www.asl.fr.it/wp-content/uploads/PDEL_1255_DEL_01.12.2022_ALL.1_PAP_FROSINONE-1.pdf | https://irp.cdn-website.com/b4ea64a2/files/uploaded/MODELLO%20231%20SOGEPI%20SRL%202021%20.pdf | https://trasparenza.asl1abruzzo.it/page/9/details/188507/prestazioni-sanitarie-di-assistenza-psichiatrica-rete-privata-accreditata-insita-fuori-regione-liquidazione-fatture-maggio-giugno-2025-presidio-sanitario-srtr-le-palme-e-gli-oleandri-sogepi-srl-sant-elia-fiumerapido-fr.html;;Censimento / da completare;https://www.asl.fr.it/wp-content/uploads/BUR-2025-64-0-117-475.pdf;;;;Fonte gestore/istituzionale;Sede operativa consolidata: Via Tascitara 9, Sant’Elia Fiumerapido;Capacità da acquisire;Da acquisire;https://www.asl.fr.it/wp-content/uploads/BUR-2025-64-0-117-475.pdf | https://www.asl.fr.it/wp-content/uploads/PDEL_1255_DEL_01.12.2022_ALL.1_PAP_FROSINONE-1.pdf;"Accreditata; documentazione societaria richiama DCA U00345/2013";https://www.asl.fr.it/wp-content/uploads/BUR-2025-64-0-117-475.pdf | https://www.asl.fr.it/wp-content/uploads/PDEL_1255_DEL_01.12.2022_ALL.1_PAP_FROSINONE-1.pdf;"Prestazioni remunerate/documentate in atti precedenti; contratto 2026 non acquisito";2024/2025 evidence;https://www.asl.fr.it/wp-content/uploads/BUR-2025-64-0-117-475.pdf;Da verificare;;;19;;;;Non documentato;;Privata / ente non ASL;Gestore identificato nelle fonti;https://www.asl.fr.it/wp-content/uploads/BUR-2025-64-0-117-475.pdf | https://www.asl.fr.it/wp-content/uploads/PDEL_1255_DEL_01.12.2022_ALL.1_PAP_FROSINONE-1.pdf;Nuovo V6;"Nuovo V6 per correggere sottocensimento Frosinone; non promosso al catalogo 2026.";No;;;Nuovo in V6;Nessuna nuova verifica amministrativa/clinica introdotta dalla V7 strutturale.;Da verificare 2026;Coerente o compatibile;2026-09-20;"Sede, accreditamento/capienza e continuità della struttura documentati; trovato atto pubblicato nel 2026 ma riferito a prestazioni 2025. Nessuna prova sufficiente di prestazioni/contratto 2026.";"Resta da verificare 2026; corretti sede e posti.";https://irp.cdn-website.com/b4ea64a2/files/uploaded/MODELLO%20231%20SOGEPI%20SRL%202021%20.pdf | https://trasparenza.asl1abruzzo.it/page/9/details/188507/prestazioni-sanitarie-di-assistenza-psichiatrica-rete-privata-accreditata-insita-fuori-regione-liquidazione-fatture-maggio-giugno-2025-presidio-sanitario-srtr-le-palme-e-gli-oleandri-sogepi-srl-sant-elia-fiumerapido-fr.html;Accreditata: contratto/prestazioni 2026 da comprovare;Da verificare 2026;2026-09-20;"Il gestore continua a descrivere Le Palme come struttura in regime di accreditamento; non reperita prova economico-contrattuale riferita a prestazioni 2026.";Resta da verificare 2026.;https://irp.cdn-website.com/b4ea64a2/files/uploaded/MODELLO%20231%20SOGEPI%20SRL%202021%20.pdf | https://trasparenza.asl1abruzzo.it/page/9/details/188507/prestazioni-sanitarie-di-assistenza-psichiatrica-rete-privata-accreditata-insita-fuori-regione-liquidazione-fatture-maggio-giugno-2025-presidio-sanitario-srtr-le-palme-e-gli-oleandri-sogepi-srl-sant-elia-fiumerapido-fr.html;Accreditata: contratto/prestazioni 2026 da comprovare;Da verificare 2026;2026-09-20;Classificazione V7.2 conservata salvo nuove evidenze specifiche.;Nessuna modifica sostanziale.;https://irp.cdn-website.com/b4ea64a2/files/uploaded/MODELLO%20231%20SOGEPI%20SRL%202021%20.pdf | https://trasparenza.asl1abruzzo.it/page/9/details/188507/prestazioni-sanitarie-di-assistenza-psichiatrica-rete-privata-accreditata-insita-fuori-regione-liquidazione-fatture-maggio-giugno-2025-presidio-sanitario-srtr-le-palme-e-gli-oleandri-sogepi-srl-sant-elia-fiumerapido-fr.html;Accreditata: contratto/prestazioni 2026 da comprovare;Da verificare 2026
FR-BST-E;Borgo San Tommaso;Gestore da consolidare;Privata / ente non ASL;Roccasecca;FR;Frosinone;Via San Francesco, 2/A;0776 567403;dir.san.borgosantommaso@gestivar.it;Prestazioni 2026 remunerate da ASL 1 Abruzzo;Liquidazioni marzo–giugno 2026;Atti ufficiali di liquidazione pubblica 2026;Documentato: prestazioni fuori Lazio;;https://www.asl.fr.it/wp-content/uploads/BUR-2025-64-0-117-475.pdf | https://www.asl.fr.it/wp-content/uploads/PDEL_1255_DEL_01.12.2022_ALL.1_PAP_FROSINONE-1.pdf;"Assistenza psichiatrica residenziale/semiresidenziale; dettaglio da acquisire";Invio CSM/UVM secondo appropriatezza;;;"Nuovo V6 per correggere sottocensimento Frosinone; non promosso al catalogo 2026.";Non documentata;2026-09-20;Non effettuata;Non rilevati: capacità non equivale a disponibilità;https://www.google.com/maps/search/?api=1&query=Italia;https://www.asl.fr.it/wp-content/uploads/BUR-2025-64-0-117-475.pdf;"Prestazioni 2026 documentate da liquidazioni pubbliche; non garanzia per ogni nuovo invio";MOD-094;SRTRe;Psichiatria;Residenziale;20;20 accreditati secondo gestore;Convenzionata documentata – prestazioni extraregionali 2026;"Nuovo V6 per correggere sottocensimento Frosinone; non promosso al catalogo 2026.";https://www.asl.fr.it/wp-content/uploads/BUR-2025-64-0-117-475.pdf | https://www.asl.fr.it/wp-content/uploads/PDEL_1255_DEL_01.12.2022_ALL.1_PAP_FROSINONE-1.pdf | https://gestivar.it/le-strutture/ | https://gestivar.it/contatti/ | https://trasparenza.asl1abruzzo.it/page/103/provvedimenti-organi-indirizzo-politico.html?p=20 | https://asl1abruzzo.patisweb.it/page/103/details/249395/prestazioni-di-assistenza-sanitaria-rete-privata-accreditata-insita-fuori-regione-liquidazione-fatture-maggiogiugno-2026-gesti-var-srl-srtr-estensiva-borgo-san-tommaso-roccasecca-fr.html;;Censimento / da completare;https://www.asl.fr.it/wp-content/uploads/BUR-2025-64-0-117-475.pdf;;;;Fonte gestore/istituzionale;Indirizzo pubblicato;Capacità da acquisire;Da acquisire;https://www.asl.fr.it/wp-content/uploads/BUR-2025-64-0-117-475.pdf | https://www.asl.fr.it/wp-content/uploads/PDEL_1255_DEL_01.12.2022_ALL.1_PAP_FROSINONE-1.pdf;"Presenza in contabilità/rete documentata; decreto specifico da acquisire";https://www.asl.fr.it/wp-content/uploads/BUR-2025-64-0-117-475.pdf | https://www.asl.fr.it/wp-content/uploads/PDEL_1255_DEL_01.12.2022_ALL.1_PAP_FROSINONE-1.pdf;Rapporto pubblico 2026 documentato tramite liquidazioni extraregionali;Marzo–giugno 2026 documentato;https://trasparenza.asl1abruzzo.it/page/103/provvedimenti-organi-indirizzo-politico.html?p=20 | https://asl1abruzzo.patisweb.it/page/103/details/249395/prestazioni-di-assistenza-sanitaria-rete-privata-accreditata-insita-fuori-regione-liquidazione-fatture-maggiogiugno-2026-gesti-var-srl-srtr-estensiva-borgo-san-tommaso-roccasecca-fr.html;Liquidazioni 2026 documentate;https://trasparenza.asl1abruzzo.it/page/103/provvedimenti-organi-indirizzo-politico.html?p=20 | https://asl1abruzzo.patisweb.it/page/103/details/249395/prestazioni-di-assistenza-sanitaria-rete-privata-accreditata-insita-fuori-regione-liquidazione-fatture-maggiogiugno-2026-gesti-var-srl-srtr-estensiva-borgo-san-tommaso-roccasecca-fr.html;;20;;;;Documentato: ASL 1 Abruzzo liquida prestazioni nel 2026;https://trasparenza.asl1abruzzo.it/page/103/provvedimenti-organi-indirizzo-politico.html?p=20 | https://asl1abruzzo.patisweb.it/page/103/details/249395/prestazioni-di-assistenza-sanitaria-rete-privata-accreditata-insita-fuori-regione-liquidazione-fatture-maggiogiugno-2026-gesti-var-srl-srtr-estensiva-borgo-san-tommaso-roccasecca-fr.html;Privata / ente non ASL;Gestore identificato nelle fonti;https://www.asl.fr.it/wp-content/uploads/BUR-2025-64-0-117-475.pdf | https://www.asl.fr.it/wp-content/uploads/PDEL_1255_DEL_01.12.2022_ALL.1_PAP_FROSINONE-1.pdf;Nuovo V6;"Nuovo V6 per correggere sottocensimento Frosinone; non promosso al catalogo 2026.";No;;;Nuovo in V6;Nessuna nuova verifica amministrativa/clinica introdotta dalla V7 strutturale.;Da verificare 2026;Coerente o compatibile;2026-09-20;ASL 1 Abruzzo documenta liquidazioni 2026 (marzo-aprile e maggio-giugno) per SRTRe Borgo San Tommaso fuori regione.;"Promosso tra le convenzionate documentate; aggiornata mobilità extraregionale.";https://gestivar.it/le-strutture/ | https://gestivar.it/contatti/ | https://trasparenza.asl1abruzzo.it/page/103/provvedimenti-organi-indirizzo-politico.html?p=20 | https://asl1abruzzo.patisweb.it/page/103/details/249395/prestazioni-di-assistenza-sanitaria-rete-privata-accreditata-insita-fuori-regione-liquidazione-fatture-maggiogiugno-2026-gesti-var-srl-srtr-estensiva-borgo-san-tommaso-roccasecca-fr.html;Convenzionata documentata – prestazioni extraregionali 2026;Convenzionate;2026-09-20;"Classificazione V7.1 conservata; nessuna regressione introdotta nella V7.2.";Nessuna modifica sostanziale.;https://gestivar.it/le-strutture/ | https://gestivar.it/contatti/ | https://trasparenza.asl1abruzzo.it/page/103/provvedimenti-organi-indirizzo-politico.html?p=20 | https://asl1abruzzo.patisweb.it/page/103/details/249395/prestazioni-di-assistenza-sanitaria-rete-privata-accreditata-insita-fuori-regione-liquidazione-fatture-maggiogiugno-2026-gesti-var-srl-srtr-estensiva-borgo-san-tommaso-roccasecca-fr.html;Convenzionata documentata – prestazioni extraregionali 2026;Convenzionate;2026-09-20;Classificazione V7.2 conservata salvo nuove evidenze specifiche.;Nessuna modifica sostanziale.;https://gestivar.it/le-strutture/ | https://gestivar.it/contatti/ | https://trasparenza.asl1abruzzo.it/page/103/provvedimenti-organi-indirizzo-politico.html?p=20 | https://asl1abruzzo.patisweb.it/page/103/details/249395/prestazioni-di-assistenza-sanitaria-rete-privata-accreditata-insita-fuori-regione-liquidazione-fatture-maggiogiugno-2026-gesti-var-srl-srtr-estensiva-borgo-san-tommaso-roccasecca-fr.html;Convenzionata documentata – prestazioni extraregionali 2026;Convenzionate
FR-BST-H;Borgo San Tommaso;Gestore da consolidare;Privata / ente non ASL;Roccasecca;FR;Frosinone;Via San Francesco, 2/A;0776 567403;dir.san.borgosantommaso@gestivar.it;"Prestazioni remunerate/documentate in atti precedenti; contratto 2026 non acquisito";2024/2025 evidence;Gestore + fonte istituzionale;Non documentato;;https://www.asl.fr.it/wp-content/uploads/BUR-2025-64-0-117-475.pdf | https://www.asl.fr.it/wp-content/uploads/PDEL_1255_DEL_01.12.2022_ALL.1_PAP_FROSINONE-1.pdf;"Assistenza psichiatrica residenziale/semiresidenziale; dettaglio da acquisire";Invio CSM/UVM secondo appropriatezza;;;"Nuovo V6 per correggere sottocensimento Frosinone; non promosso al catalogo 2026.";Non documentata;2026-09-20;Non effettuata;Non rilevati: capacità non equivale a disponibilità;https://www.google.com/maps/search/?api=1&query=Italia;https://www.asl.fr.it/wp-content/uploads/BUR-2025-64-0-117-475.pdf;2024/2025 evidence;MOD-095;SRSR H24;Psichiatria;Residenziale;10;10 accreditati secondo gestore;Censita: convenzione 2026 da comprovare;"Nuovo V6 per correggere sottocensimento Frosinone; non promosso al catalogo 2026.";https://www.asl.fr.it/wp-content/uploads/BUR-2025-64-0-117-475.pdf | https://www.asl.fr.it/wp-content/uploads/PDEL_1255_DEL_01.12.2022_ALL.1_PAP_FROSINONE-1.pdf | https://gestivar.it/le-strutture/ | https://gestivar.it/contatti/;;Censimento / da completare;https://www.asl.fr.it/wp-content/uploads/BUR-2025-64-0-117-475.pdf;;;;Fonte gestore/istituzionale;Indirizzo pubblicato;Capacità da acquisire;Da acquisire;https://www.asl.fr.it/wp-content/uploads/BUR-2025-64-0-117-475.pdf | https://www.asl.fr.it/wp-content/uploads/PDEL_1255_DEL_01.12.2022_ALL.1_PAP_FROSINONE-1.pdf;Accreditata secondo gestore;https://www.asl.fr.it/wp-content/uploads/BUR-2025-64-0-117-475.pdf | https://www.asl.fr.it/wp-content/uploads/PDEL_1255_DEL_01.12.2022_ALL.1_PAP_FROSINONE-1.pdf;"Prestazioni remunerate/documentate in atti precedenti; contratto 2026 non acquisito";2024/2025 evidence;https://www.asl.fr.it/wp-content/uploads/BUR-2025-64-0-117-475.pdf;Da verificare;;;10;;;;Non documentato;;Privata / ente non ASL;Gestore identificato nelle fonti;https://www.asl.fr.it/wp-content/uploads/BUR-2025-64-0-117-475.pdf | https://www.asl.fr.it/wp-content/uploads/PDEL_1255_DEL_01.12.2022_ALL.1_PAP_FROSINONE-1.pdf;Nuovo V6;"Nuovo V6 per correggere sottocensimento Frosinone; non promosso al catalogo 2026.";No;;;Nuovo in V6;Nessuna nuova verifica amministrativa/clinica introdotta dalla V7 strutturale.;Da verificare 2026;Coerente o compatibile;2026-09-20;"Sede e capienza SRSR H24 corrente documentate dal gestore; le liquidazioni 2026 reperite sono riferite alla SRTRe e non vengono estese automaticamente alla SRSR H24.";"Resta da verificare 2026; aggiornati sede e posti.";https://gestivar.it/le-strutture/ | https://gestivar.it/contatti/;Accreditata: specifico rapporto 2026 SRSR H24 da comprovare;Da verificare 2026;2026-09-20;"La documentazione del gestore descrive il modulo SRSR H24 di Borgo San Tommaso come accreditato; la prova pubblica 2026 reperita riguarda invece il modulo SRTRe.";Resta da verificare 2026 il rapporto pubblico specifico SRSR H24.;https://gestivar.it/le-strutture/ | https://gestivar.it/contatti/;Accreditata: specifico rapporto 2026 SRSR H24 da comprovare;Da verificare 2026;2026-09-20;Classificazione V7.2 conservata salvo nuove evidenze specifiche.;Nessuna modifica sostanziale.;https://gestivar.it/le-strutture/ | https://gestivar.it/contatti/;Accreditata: specifico rapporto 2026 SRSR H24 da comprovare;Da verificare 2026
FR-SNIC;San Nicola – Belmonte;Gestore da consolidare;Privata / ente non ASL;Belmonte Castello;FR;Frosinone;Via Pozzi, 20;;;"Prestazioni remunerate/documentate in atti precedenti; contratto 2026 non acquisito";2024/2025 evidence;Gestore + fonte istituzionale;Non documentato;;https://www.asl.fr.it/wp-content/uploads/BUR-2025-64-0-117-475.pdf | https://www.asl.fr.it/wp-content/uploads/PDEL_1255_DEL_01.12.2022_ALL.1_PAP_FROSINONE-1.pdf;"Assistenza psichiatrica residenziale/semiresidenziale; dettaglio da acquisire";Invio CSM/UVM secondo appropriatezza;;;"Nuovo V6 per correggere sottocensimento Frosinone; non promosso al catalogo 2026.";Non documentata;2026-09-20;Non effettuata;Non rilevati: capacità non equivale a disponibilità;https://www.google.com/maps/search/?api=1&query=Italia;https://www.asl.fr.it/wp-content/uploads/BUR-2025-64-0-117-475.pdf;2024/2025 evidence;MOD-096;SRSR;Psichiatria;Residenziale;10;10 autorizzati e accreditati da decreto regionale;Censita: convenzione 2026 da comprovare;"Nuovo V6 per correggere sottocensimento Frosinone; non promosso al catalogo 2026.";https://www.asl.fr.it/wp-content/uploads/BUR-2025-64-0-117-475.pdf | https://www.asl.fr.it/wp-content/uploads/PDEL_1255_DEL_01.12.2022_ALL.1_PAP_FROSINONE-1.pdf | https://www.regione.lazio.it/sites/default/files/decreti-commissario-ad-acta/Decr_U00006_21_1_13_Revoca_DCA_U00127_2013_BELMONTE.pdf;;Censimento / da completare;https://www.asl.fr.it/wp-content/uploads/BUR-2025-64-0-117-475.pdf;;;;Fonte gestore/istituzionale;Indirizzo pubblicato;Capacità da acquisire;Autorizzata per 10 posti;https://www.asl.fr.it/wp-content/uploads/BUR-2025-64-0-117-475.pdf | https://www.asl.fr.it/wp-content/uploads/PDEL_1255_DEL_01.12.2022_ALL.1_PAP_FROSINONE-1.pdf;Accreditata per 10 posti;https://www.asl.fr.it/wp-content/uploads/BUR-2025-64-0-117-475.pdf | https://www.asl.fr.it/wp-content/uploads/PDEL_1255_DEL_01.12.2022_ALL.1_PAP_FROSINONE-1.pdf;"Prestazioni remunerate/documentate in atti precedenti; contratto 2026 non acquisito";2024/2025 evidence;https://www.asl.fr.it/wp-content/uploads/BUR-2025-64-0-117-475.pdf;Da verificare;;10;10;;;;Non documentato;;Privata / ente non ASL;Gestore identificato nelle fonti;https://www.asl.fr.it/wp-content/uploads/BUR-2025-64-0-117-475.pdf | https://www.asl.fr.it/wp-content/uploads/PDEL_1255_DEL_01.12.2022_ALL.1_PAP_FROSINONE-1.pdf;Nuovo V6;"Nuovo V6 per correggere sottocensimento Frosinone; non promosso al catalogo 2026.";No;;;Nuovo in V6;Nessuna nuova verifica amministrativa/clinica introdotta dalla V7 strutturale.;Da verificare 2026;Coerente o compatibile;2026-09-20;"Decreto regionale consolida sede operativa e 10 posti autorizzati/accreditati; non reperita prova sufficiente di rapporto SSN 2026.";"Resta da verificare 2026; corretti sede e capienza.";https://www.regione.lazio.it/sites/default/files/decreti-commissario-ad-acta/Decr_U00006_21_1_13_Revoca_DCA_U00127_2013_BELMONTE.pdf;Accreditata: rapporto SSN 2026 da comprovare;Da verificare 2026;2026-09-20;Seconda passata documentale: nessuna nuova evidenza 2026 sufficiente a modificare la classificazione.;Stato conservato in attesa di contratto, pagamento pubblico o altra evidenza amministrativa specifica.;https://www.regione.lazio.it/sites/default/files/decreti-commissario-ad-acta/Decr_U00006_21_1_13_Revoca_DCA_U00127_2013_BELMONTE.pdf;Accreditata: rapporto SSN 2026 da comprovare;Da verificare 2026;2026-09-20;Classificazione V7.2 conservata salvo nuove evidenze specifiche.;Nessuna modifica sostanziale.;https://www.regione.lazio.it/sites/default/files/decreti-commissario-ad-acta/Decr_U00006_21_1_13_Revoca_DCA_U00127_2013_BELMONTE.pdf;Accreditata: rapporto SSN 2026 da comprovare;Da verificare 2026
FR-MONT;Montello / Gesti-Var;Gestore da consolidare;Privata / ente non ASL;Roccasecca;FR;Frosinone;Via Montello, 22;0776 567264;dir.san.montello@gestivar.it;"Prestazioni remunerate/documentate in atti precedenti; contratto 2026 non acquisito";2024/2025 evidence;Gestore + fonte istituzionale;Non documentato;;https://www.asl.fr.it/wp-content/uploads/BUR-2025-64-0-117-475.pdf | https://www.asl.fr.it/wp-content/uploads/PDEL_1255_DEL_01.12.2022_ALL.1_PAP_FROSINONE-1.pdf;"Assistenza psichiatrica residenziale/semiresidenziale; dettaglio da acquisire";Invio CSM/UVM secondo appropriatezza;;;"Nuovo V6 per correggere sottocensimento Frosinone; non promosso al catalogo 2026.";Non documentata;2026-09-20;Non effettuata;Non rilevati: capacità non equivale a disponibilità;https://www.google.com/maps/search/?api=1&query=Italia;https://www.asl.fr.it/wp-content/uploads/BUR-2025-64-0-117-475.pdf;2024/2025 evidence;MOD-097;SRTRe;Psichiatria;Residenziale;14;14 accreditati secondo gestore;Censita: convenzione 2026 da comprovare;"Nuovo V6 per correggere sottocensimento Frosinone; non promosso al catalogo 2026.";https://www.asl.fr.it/wp-content/uploads/BUR-2025-64-0-117-475.pdf | https://www.asl.fr.it/wp-content/uploads/PDEL_1255_DEL_01.12.2022_ALL.1_PAP_FROSINONE-1.pdf | https://gestivar.it/le-strutture/ | https://gestivar.it/contatti/;;Censimento / da completare;https://www.asl.fr.it/wp-content/uploads/BUR-2025-64-0-117-475.pdf;;;;Fonte gestore/istituzionale;Indirizzo pubblicato;Capacità da acquisire;Da acquisire;https://www.asl.fr.it/wp-content/uploads/BUR-2025-64-0-117-475.pdf | https://www.asl.fr.it/wp-content/uploads/PDEL_1255_DEL_01.12.2022_ALL.1_PAP_FROSINONE-1.pdf;Accreditata secondo gestore;https://www.asl.fr.it/wp-content/uploads/BUR-2025-64-0-117-475.pdf | https://www.asl.fr.it/wp-content/uploads/PDEL_1255_DEL_01.12.2022_ALL.1_PAP_FROSINONE-1.pdf;"Prestazioni remunerate/documentate in atti precedenti; contratto 2026 non acquisito";2024/2025 evidence;https://www.asl.fr.it/wp-content/uploads/BUR-2025-64-0-117-475.pdf;Da verificare;;;14;;;;Non documentato;;Privata / ente non ASL;Gestore identificato nelle fonti;https://www.asl.fr.it/wp-content/uploads/BUR-2025-64-0-117-475.pdf | https://www.asl.fr.it/wp-content/uploads/PDEL_1255_DEL_01.12.2022_ALL.1_PAP_FROSINONE-1.pdf;Nuovo V6;"Nuovo V6 per correggere sottocensimento Frosinone; non promosso al catalogo 2026.";No;;;Nuovo in V6;Nessuna nuova verifica amministrativa/clinica introdotta dalla V7 strutturale.;Da verificare 2026;Coerente o compatibile;2026-09-20;"Sede, contatti e 14 posti accreditati SRTRe documentati dal gestore; non reperita prova sufficiente di rapporto SSN 2026 riferito specificamente a Montello.";"Resta da verificare 2026; aggiornati sede, contatti e posti.";https://gestivar.it/le-strutture/ | https://gestivar.it/contatti/;Accreditata: rapporto SSN 2026 da comprovare;Da verificare 2026;2026-09-20;"La documentazione del gestore descrive Montello/Gesti-Var come struttura accreditata; non reperita prova pubblica 2026 specifica del modulo.";Resta da verificare 2026.;https://gestivar.it/le-strutture/ | https://gestivar.it/contatti/;Accreditata: rapporto SSN 2026 da comprovare;Da verificare 2026;2026-09-20;Classificazione V7.2 conservata salvo nuove evidenze specifiche.;Nessuna modifica sostanziale.;https://gestivar.it/le-strutture/ | https://gestivar.it/contatti/;Accreditata: rapporto SSN 2026 da comprovare;Da verificare 2026
FR-LUCR;Villa Lucrezia – Il Castello Incantato;Gestore da consolidare;Privata / ente non ASL;Castrocielo;FR;Frosinone;Via Casilina, 35;0776 1493425;info@residenzavillalucrezia.it;"Prestazioni remunerate/documentate in atti precedenti; contratto 2026 non acquisito";2024/2025 evidence;Gestore + fonte istituzionale;Non documentato;;https://www.asl.fr.it/wp-content/uploads/BUR-2025-64-0-117-475.pdf | https://www.asl.fr.it/wp-content/uploads/PDEL_1255_DEL_01.12.2022_ALL.1_PAP_FROSINONE-1.pdf;"Assistenza psichiatrica residenziale/semiresidenziale; dettaglio da acquisire";Invio CSM/UVM secondo appropriatezza;;;"Nuovo V6 per correggere sottocensimento Frosinone; non promosso al catalogo 2026.";Non documentata;2026-09-20;Non effettuata;Non rilevati: capacità non equivale a disponibilità;https://www.google.com/maps/search/?api=1&query=Italia;https://www.asl.fr.it/wp-content/uploads/BUR-2025-64-0-117-475.pdf;2024/2025 evidence;MOD-098;SRSR H12;Psichiatria;Residenziale;18;18 accreditati secondo trasparenza corrente;Censita: convenzione 2026 da comprovare;"Nuovo V6 per correggere sottocensimento Frosinone; non promosso al catalogo 2026.";https://www.asl.fr.it/wp-content/uploads/BUR-2025-64-0-117-475.pdf | https://www.asl.fr.it/wp-content/uploads/PDEL_1255_DEL_01.12.2022_ALL.1_PAP_FROSINONE-1.pdf | https://www.cooperativailcastelloincantato.it/la-cooperativa/amministrazione-trasparente/ | https://www.cooperativailcastelloincantato.it/portfolio_category/strutture/ | https://www.cooperativailcastelloincantato.it/contatti/;;Censimento / da completare;https://www.asl.fr.it/wp-content/uploads/BUR-2025-64-0-117-475.pdf;;;;Fonte gestore/istituzionale;Indirizzo pubblicato;Capacità da acquisire;Da acquisire;https://www.asl.fr.it/wp-content/uploads/BUR-2025-64-0-117-475.pdf | https://www.asl.fr.it/wp-content/uploads/PDEL_1255_DEL_01.12.2022_ALL.1_PAP_FROSINONE-1.pdf;Accreditata per 18 posti SRSR H12;https://www.asl.fr.it/wp-content/uploads/BUR-2025-64-0-117-475.pdf | https://www.asl.fr.it/wp-content/uploads/PDEL_1255_DEL_01.12.2022_ALL.1_PAP_FROSINONE-1.pdf;"Prestazioni remunerate/documentate in atti precedenti; contratto 2026 non acquisito";2024/2025 evidence;https://www.asl.fr.it/wp-content/uploads/BUR-2025-64-0-117-475.pdf;Da verificare;;;18;;;;Non documentato;;Privata / ente non ASL;Gestore identificato nelle fonti;https://www.asl.fr.it/wp-content/uploads/BUR-2025-64-0-117-475.pdf | https://www.asl.fr.it/wp-content/uploads/PDEL_1255_DEL_01.12.2022_ALL.1_PAP_FROSINONE-1.pdf;Nuovo V6;"Nuovo V6 per correggere sottocensimento Frosinone; non promosso al catalogo 2026.";No;;;Nuovo in V6;Nessuna nuova verifica amministrativa/clinica introdotta dalla V7 strutturale.;Da verificare 2026;Coerente o compatibile;2026-09-20;"Villa Lucrezia risulta corrente, con 18 posti SRSR H12 accreditati; nessuna prova sufficiente di contratto/budget 2026 reperita.";"Resta da verificare 2026; aggiornati sede, contatti e posti.";https://www.cooperativailcastelloincantato.it/la-cooperativa/amministrazione-trasparente/ | https://www.cooperativailcastelloincantato.it/portfolio_category/strutture/ | https://www.cooperativailcastelloincantato.it/contatti/;Accreditata: contratto/budget 2026 da comprovare;Da verificare 2026;2026-09-20;"Villa Lucrezia risulta attiva e accreditata nelle fonti correnti del gestore; non reperito contratto/budget SSR 2026 specifico.";Resta da verificare 2026.;https://www.cooperativailcastelloincantato.it/la-cooperativa/amministrazione-trasparente/ | https://www.cooperativailcastelloincantato.it/portfolio_category/strutture/ | https://www.cooperativailcastelloincantato.it/contatti/;Accreditata: contratto/budget 2026 da comprovare;Da verificare 2026;2026-09-20;Classificazione V7.2 conservata salvo nuove evidenze specifiche.;Nessuna modifica sostanziale.;https://www.cooperativailcastelloincantato.it/la-cooperativa/amministrazione-trasparente/ | https://www.cooperativailcastelloincantato.it/portfolio_category/strutture/ | https://www.cooperativailcastelloincantato.it/contatti/;Accreditata: contratto/budget 2026 da comprovare;Da verificare 2026
SANVAL;Struttura Residenziale Psichiatrica San Valentino;S.I.GE.C.C. S.r.l.;Privata / ente non ASL;Roma;RM;Roma 1;Via della Cappelletta della Giustiniana, 119;0630310821;info@srpsanvalentino.it;"Autorizzata e accreditata; attività corrente documentata. Contratto/budget SSR 2026 non acquisito.";"Sito corrente 2026; Modello 231 rev. 18/01/2024; DCA regionale";Gestore corrente + decreto regionale;Non documentato;;;Trattamenti psichiatrici, farmacologici, psicologici e riabilitativi;"Inserimenti concordati con servizi territoriali; modalità e idoneità da verificare con la struttura.";"Adulti; idoneità clinica da valutare";;Struttura attiva nel 2026. Non trovato specifico contratto/budget SSR 2026 nella ricognizione V7.1.;Non documentata;2026-09-20;Non effettuata;Non rilevati: capacità autorizzata/accreditata non è disponibilità;;;"Attività corrente documentata; contratto 2026 non acquisito";MOD-099;STPIT;Psichiatria;Intensivo territoriale STPIT;30;30 accreditati secondo documentazione gestore/decreti;Accreditata: convenzione/contratto 2026 da comprovare;;https://www.srpsanvalentino.it/ | https://www.srpsanvalentino.it/dove-siamo/ | https://www.srpsanvalentino.it/area-medico-psichiatrica/ | https://www.srpsanvalentino.it/wp-content/uploads/2024/03/Modello-Organizzativo-231-S.-Valentino-Rev-08-del-18.1.24.pdf | https://www.regione.lazio.it/sites/default/files/decreti-commissario-ad-acta/SAN_DCA_U00006_12_01_2017.pdf;;Nuovo V7.1;;Da concordare con servizio inviante e accettazione;"Individualizzata; non consolidata";Idoneità clinica e amministrativa da valutare;Sito corrente del gestore;Indirizzo e contatti correnti documentati;30 accreditati secondo documentazione gestore/decreti;Autorizzata;;Accreditata per 30 posti;;Contratto/budget SSR 2026 non acquisito;;;Da verificare;;;30;;30;"Prevista tramite servizi territoriali; da consolidare";Non documentato;;Privata / ente non ASL;Gestore corrente;;Non presente;;No;;;Non applicabile – nuovo V7.1;Nuovo modulo individuato nella ricognizione sostanziale V7.1;;Non applicabile – nuovo V7.1;2026-09-20;"Nuovo modulo individuato; operatività/accreditamento documentati, contratto 2026 non acquisito.";Aggiunto al censimento V7.1;https://www.srpsanvalentino.it/ | https://www.srpsanvalentino.it/wp-content/uploads/2024/03/Modello-Organizzativo-231-S.-Valentino-Rev-08-del-18.1.24.pdf | https://www.regione.lazio.it/sites/default/files/decreti-commissario-ad-acta/SAN_DCA_U00006_12_01_2017.pdf;Accreditata: convenzione/contratto 2026 da comprovare;STPIT;2026-09-20;"Classificazione V7.1 conservata; nessuna regressione introdotta nella V7.2.";Nessuna modifica sostanziale.;https://www.srpsanvalentino.it/ | https://www.srpsanvalentino.it/wp-content/uploads/2024/03/Modello-Organizzativo-231-S.-Valentino-Rev-08-del-18.1.24.pdf | https://www.regione.lazio.it/sites/default/files/decreti-commissario-ad-acta/SAN_DCA_U00006_12_01_2017.pdf;Accreditata: convenzione/contratto 2026 da comprovare;STPIT;2026-09-20;Classificazione V7.2 conservata salvo nuove evidenze specifiche.;Nessuna modifica sostanziale.;https://www.srpsanvalentino.it/ | https://www.srpsanvalentino.it/wp-content/uploads/2024/03/Modello-Organizzativo-231-S.-Valentino-Rev-08-del-18.1.24.pdf | https://www.regione.lazio.it/sites/default/files/decreti-commissario-ad-acta/SAN_DCA_U00006_12_01_2017.pdf;Accreditata: convenzione/contratto 2026 da comprovare;STPIT
SANVAL;Struttura Residenziale Psichiatrica San Valentino;S.I.GE.C.C. S.r.l.;Privata / ente non ASL;Roma;RM;Roma 1;Via della Cappelletta della Giustiniana, 119;0630310821;info@srpsanvalentino.it;"Autorizzata e accreditata; attività corrente documentata. Contratto/budget SSR 2026 non acquisito.";"Sito corrente 2026; Modello 231 rev. 18/01/2024; DCA regionale";Gestore corrente + decreto regionale;Non documentato;;;Trattamenti psichiatrici, farmacologici, psicologici e riabilitativi;"Inserimenti concordati con servizi territoriali; modalità e idoneità da verificare con la struttura.";"Adulti; idoneità clinica da valutare";;Struttura attiva nel 2026. Non trovato specifico contratto/budget SSR 2026 nella ricognizione V7.1.;Non documentata;2026-09-20;Non effettuata;Non rilevati: capacità autorizzata/accreditata non è disponibilità;;;"Attività corrente documentata; contratto 2026 non acquisito";MOD-100;SRSR H24;Psichiatria;Residenziale;18;18 accreditati secondo documentazione gestore/decreti;Accreditata: convenzione/contratto 2026 da comprovare;;https://www.srpsanvalentino.it/ | https://www.srpsanvalentino.it/dove-siamo/ | https://www.srpsanvalentino.it/area-medico-psichiatrica/ | https://www.srpsanvalentino.it/wp-content/uploads/2024/03/Modello-Organizzativo-231-S.-Valentino-Rev-08-del-18.1.24.pdf | https://www.regione.lazio.it/sites/default/files/decreti-commissario-ad-acta/SAN_DCA_U00006_12_01_2017.pdf;;Nuovo V7.1;;Da concordare con servizio inviante e accettazione;"Individualizzata; non consolidata";Idoneità clinica e amministrativa da valutare;Sito corrente del gestore;Indirizzo e contatti correnti documentati;18 accreditati secondo documentazione gestore/decreti;Autorizzata;;Accreditata per 18 posti;;Contratto/budget SSR 2026 non acquisito;;;Da verificare;;;18;;18;"Prevista tramite servizi territoriali; da consolidare";Non documentato;;Privata / ente non ASL;Gestore corrente;;Non presente;;No;;;Non applicabile – nuovo V7.1;Nuovo modulo individuato nella ricognizione sostanziale V7.1;;Non applicabile – nuovo V7.1;2026-09-20;"Nuovo modulo individuato; operatività/accreditamento documentati, contratto 2026 non acquisito.";Aggiunto al censimento V7.1;https://www.srpsanvalentino.it/ | https://www.srpsanvalentino.it/wp-content/uploads/2024/03/Modello-Organizzativo-231-S.-Valentino-Rev-08-del-18.1.24.pdf | https://www.regione.lazio.it/sites/default/files/decreti-commissario-ad-acta/SAN_DCA_U00006_12_01_2017.pdf;Accreditata: convenzione/contratto 2026 da comprovare;Da verificare 2026;2026-09-20;"San Valentino risulta struttura psichiatrica accreditata/operativa; per il modulo SRSR H24 non è stata acquisita prova contrattuale 2026.";Resta da verificare 2026.;https://www.srpsanvalentino.it/ | https://www.srpsanvalentino.it/wp-content/uploads/2024/03/Modello-Organizzativo-231-S.-Valentino-Rev-08-del-18.1.24.pdf | https://www.regione.lazio.it/sites/default/files/decreti-commissario-ad-acta/SAN_DCA_U00006_12_01_2017.pdf;Accreditata: convenzione/contratto 2026 da comprovare;Da verificare 2026;2026-09-20;Classificazione V7.2 conservata salvo nuove evidenze specifiche.;Nessuna modifica sostanziale.;https://www.srpsanvalentino.it/ | https://www.srpsanvalentino.it/wp-content/uploads/2024/03/Modello-Organizzativo-231-S.-Valentino-Rev-08-del-18.1.24.pdf | https://www.regione.lazio.it/sites/default/files/decreti-commissario-ad-acta/SAN_DCA_U00006_12_01_2017.pdf;Accreditata: convenzione/contratto 2026 da comprovare;Da verificare 2026
CASTELLO-101;Villa Daniela;Il Castello Incantato cooperativa sociale;Privata / ente non ASL;Castrocielo;FR;Frosinone;Via per la Stazione d’Aquino;0776 1493425;info@residenza-villadaniela.it;"Prestazione corrente documentata in regime di autorizzazione; accreditamento/convenzione non documentati nella trasparenza corrente.";Pagina trasparenza/strutture corrente consultata 20/09/2026;Dichiarazione gestore corrente;Non documentato;;;Riabilitazione psichiatrica residenziale;Da verificare con servizio inviante e struttura;;;V7.1: inserita per completezza del censimento, non nel catalogo convenzionato.;Non documentata;2026-09-20;Non effettuata;Non rilevati: capacità autorizzata/accreditata non è disponibilità;;;"Struttura corrente documentata; solo autorizzazione nella trasparenza corrente";MOD-101;SRSR H24;Psichiatria;Residenziale;10;"10 autorizzati; non accreditati nella trasparenza corrente";Solo autorizzazione / non inclusa nel convenzionato;;https://www.cooperativailcastelloincantato.it/la-cooperativa/amministrazione-trasparente/ | https://www.cooperativailcastelloincantato.it/portfolio_category/strutture/ | https://www.cooperativailcastelloincantato.it/contatti/;;Nuovo V7.1;;;;;;;;Autorizzata per 10 posti secondo trasparenza corrente;https://www.cooperativailcastelloincantato.it/la-cooperativa/amministrazione-trasparente/;Non documentato nella trasparenza corrente;;Non documentato;;;Non documentato;;10;;;10;;;;Privata / ente non ASL;Sito gestore;;Non presente;;No;;;Non applicabile – nuovo V7.1;Nuovo modulo individuato nella ricognizione sostanziale V7.1;;Non applicabile – nuovo V7.1;2026-09-20;"Nuova struttura corrente individuata; solo autorizzazione documentata.";Aggiunta tra i moduli da verificare, non tra le convenzionate.;https://www.cooperativailcastelloincantato.it/la-cooperativa/amministrazione-trasparente/ | https://www.cooperativailcastelloincantato.it/portfolio_category/strutture/;Solo autorizzazione / rapporto SSN da comprovare;Da verificare 2026;2026-09-20;"Villa Daniela è censita come SRSR H24 autorizzata; non acquisita prova di accreditamento/contratto SSR 2026.";Resta da verificare 2026.;https://www.cooperativailcastelloincantato.it/la-cooperativa/amministrazione-trasparente/ | https://www.cooperativailcastelloincantato.it/portfolio_category/strutture/;Solo autorizzazione / rapporto SSN da comprovare;Da verificare 2026;2026-09-20;Classificazione V7.2 conservata salvo nuove evidenze specifiche.;Nessuna modifica sostanziale.;https://www.cooperativailcastelloincantato.it/la-cooperativa/amministrazione-trasparente/ | https://www.cooperativailcastelloincantato.it/portfolio_category/strutture/;Solo autorizzazione / rapporto SSN da comprovare;Da verificare 2026
CASTELLO-102;Villa Simona;Il Castello Incantato cooperativa sociale;Privata / ente non ASL;Castrocielo;FR;Frosinone;Via per la Stazione d’Aquino;0776 1493425;info@residenza-villasimona.it;"Prestazione corrente documentata in regime di autorizzazione; accreditamento/convenzione non documentati nella trasparenza corrente.";Pagina trasparenza/strutture corrente consultata 20/09/2026;Dichiarazione gestore corrente;Non documentato;;;Riabilitazione psichiatrica residenziale;Da verificare con servizio inviante e struttura;;;V7.1: inserita per completezza del censimento, non nel catalogo convenzionato.;Non documentata;2026-09-20;Non effettuata;Non rilevati: capacità autorizzata/accreditata non è disponibilità;;;"Struttura corrente documentata; solo autorizzazione nella trasparenza corrente";MOD-102;SRTRi;Psichiatria;Residenziale;10;"10 autorizzati; non accreditati nella trasparenza corrente";Solo autorizzazione / non inclusa nel convenzionato;;https://www.cooperativailcastelloincantato.it/la-cooperativa/amministrazione-trasparente/ | https://www.cooperativailcastelloincantato.it/portfolio_category/strutture/ | https://www.cooperativailcastelloincantato.it/contatti/;;Nuovo V7.1;;;;;;;;Autorizzata per 10 posti secondo trasparenza corrente;https://www.cooperativailcastelloincantato.it/la-cooperativa/amministrazione-trasparente/;Non documentato nella trasparenza corrente;;Non documentato;;;Non documentato;;10;;;10;;;;Privata / ente non ASL;Sito gestore;;Non presente;;No;;;Non applicabile – nuovo V7.1;Nuovo modulo individuato nella ricognizione sostanziale V7.1;;Non applicabile – nuovo V7.1;2026-09-20;"Nuova struttura corrente individuata; solo autorizzazione documentata.";Aggiunta tra i moduli da verificare, non tra le convenzionate.;https://www.cooperativailcastelloincantato.it/la-cooperativa/amministrazione-trasparente/ | https://www.cooperativailcastelloincantato.it/portfolio_category/strutture/;Solo autorizzazione / rapporto SSN da comprovare;Da verificare 2026;2026-09-20;"Villa Simona è censita come SRTRi autorizzata; non acquisita prova di accreditamento/contratto SSR 2026.";Resta da verificare 2026.;https://www.cooperativailcastelloincantato.it/la-cooperativa/amministrazione-trasparente/ | https://www.cooperativailcastelloincantato.it/portfolio_category/strutture/;Solo autorizzazione / rapporto SSN da comprovare;Da verificare 2026;2026-09-20;Classificazione V7.2 conservata salvo nuove evidenze specifiche.;Nessuna modifica sostanziale.;https://www.cooperativailcastelloincantato.it/la-cooperativa/amministrazione-trasparente/ | https://www.cooperativailcastelloincantato.it/portfolio_category/strutture/;Solo autorizzazione / rapporto SSN da comprovare;Da verificare 2026
CAL-ALB;Opera Don Calabria – Centro Diurno L’Alberoblu;Istituto Don Calabria / Opera Don Calabria;Privata / ente non ASL;Roma;RM;Roma 1;Via Giambattista Soria, 13;06 61 93 129;alberoblu@operadoncalabria.it;Il gestore corrente dichiara i servizi diurni e residenziali accreditati e convenzionati con Regione Lazio, Comune e ASL.;Pagine gestore correnti consultate 20/09/2026;Dichiarazione corrente del gestore + accreditamento del servizio;Non documentato;;;"Centro diurno psicoriabilitativo; interventi terapeutico-riabilitativi e di autonomia";"Percorso tramite servizi territoriali/progetto individualizzato; dettagli amministrativi da confermare.";;;"V7.1: nuovo modulo. La dichiarazione corrente di convenzione soddisfa il criterio catalogo; contratto/budget nominativo 2026 non acquisito.";Non documentata;2026-09-20;Non effettuata;Non rilevati: capacità autorizzata/accreditata non è disponibilità;;;"Convenzionamento corrente dichiarato dal gestore; contratto/budget 2026 specifico non acquisito";MOD-103;Centro diurno psicoriabilitativo;Psichiatria;Semiresidenziale;20;20 autorizzati/accreditati secondo gestore;Convenzionata documentata – dichiarazione corrente del gestore;;https://www.operadoncalabria.it/servizi | https://www.operadoncalabria.it/alberoblu | https://www.alberoblu.org/carta-dei-servizi;;Nuovo V7.1;;;;;;;;Autorizzata;;Accreditata per 20 posti secondo gestore;;"Convenzione corrente dichiarata dal gestore; contratto/budget 2026 nominativo non acquisito";;;Da verificare;;20;20;;20;;;;Privata / ente non ASL;Sito gestore corrente;;Non presente;;No;;;Non applicabile – nuovo V7.1;Nuovo modulo individuato nella ricognizione sostanziale V7.1;;Non applicabile – nuovo V7.1;2026-09-20;"Nuovo centro diurno corrente individuato; accreditamento e convenzione dichiarati dal gestore.";Aggiunto tra le convenzionate documentate, con livello di prova esplicito.;https://www.operadoncalabria.it/servizi | https://www.operadoncalabria.it/alberoblu | https://www.alberoblu.org/carta-dei-servizi;Convenzionata documentata – dichiarazione corrente del gestore;Convenzionate;2026-09-20;"Classificazione V7.1 conservata; nessuna regressione introdotta nella V7.2.";Nessuna modifica sostanziale.;https://www.operadoncalabria.it/servizi | https://www.operadoncalabria.it/alberoblu | https://www.alberoblu.org/carta-dei-servizi;Convenzionata documentata – dichiarazione corrente del gestore;Convenzionate;2026-09-20;Classificazione V7.2 conservata salvo nuove evidenze specifiche.;Nessuna modifica sostanziale.;https://www.operadoncalabria.it/servizi | https://www.operadoncalabria.it/alberoblu | https://www.alberoblu.org/carta-dei-servizi;Convenzionata documentata – dichiarazione corrente del gestore;Convenzionate
AA-GER;Aquilone Azzurro – Via Germanico;Cooperativa Sociale Aquilone Azzurro;Privata / ente non ASL;Roma;RM;Roma 1;Via Germanico, 198;063234613;info@cooperativasocialeaquiloneazzurro.it;"Accreditamento corrente documentato; il PARS descrive origine/convenzione storica con ASL. Specifico contratto/budget 2026 non acquisito.";Sito/PARS corrente consultati 20/09/2026;"Gestore corrente + PARS; contratto 2026 da completare";Non documentato;;;Riabilitazione psichiatrica residenziale;"Invio CSM/UVM/SIPC secondo struttura; verificare autorizzazione e disponibilità.";;;V7.1: nuova struttura individuata. Non trasferita automaticamente al 2026 la convenzione storica.;Non documentata;2026-09-20;Non effettuata;Non rilevati: capacità autorizzata/accreditata non è disponibilità;;;"Struttura/accreditamento correnti documentati; contratto 2026 non acquisito";MOD-104;SRSR H12;Psichiatria;Residenziale;10;10 accreditati secondo gestore;Accreditata: contratto/convenzione 2026 da comprovare;;https://www.cooperativasocialeaquiloneazzurro.it/ | https://www.cooperativasocialeaquiloneazzurro.it/strutture/ | https://www.cooperativasocialeaquiloneazzurro.it/DOCPDF/PARS%20Aquilone%20Azzurro.pdf;;Nuovo V7.1;;;;;;;;Autorizzata/accreditata secondo gestore;;Accreditata;;"Convenzione storica richiamata; specifico rapporto 2026 non acquisito";;;Da verificare;;;10;;10;;;;Privata / ente non ASL;Sito gestore;;Non presente;;No;;;Non applicabile – nuovo V7.1;Nuovo modulo individuato nella ricognizione sostanziale V7.1;;Non applicabile – nuovo V7.1;2026-09-20;"Nuova struttura corrente individuata; accreditamento documentato, contratto 2026 da comprovare.";Aggiunta tra i moduli da verificare.;https://www.cooperativasocialeaquiloneazzurro.it/ | https://www.cooperativasocialeaquiloneazzurro.it/DOCPDF/PARS%20Aquilone%20Azzurro.pdf;Accreditata: contratto/convenzione 2026 da comprovare;Da verificare 2026;2026-09-20;"Aquilone Azzurro Via Germanico è struttura attiva; le fonti reperite documentano rapporti storici con ASL ma non un contratto 2026 specifico.";Resta da verificare 2026.;https://www.cooperativasocialeaquiloneazzurro.it/ | https://www.cooperativasocialeaquiloneazzurro.it/DOCPDF/PARS%20Aquilone%20Azzurro.pdf;Accreditata: contratto/convenzione 2026 da comprovare;Da verificare 2026;2026-09-20;Classificazione V7.2 conservata salvo nuove evidenze specifiche.;Nessuna modifica sostanziale.;https://www.cooperativasocialeaquiloneazzurro.it/ | https://www.cooperativasocialeaquiloneazzurro.it/DOCPDF/PARS%20Aquilone%20Azzurro.pdf;Accreditata: contratto/convenzione 2026 da comprovare;Da verificare 2026
AA-GAT;Aquilone Azzurro – La Gatta;Cooperativa Sociale Aquilone Azzurro;Privata / ente non ASL;Santa Marinella;RM;Roma 4;Lungomare G. Marconi, 96;0766533786;info@cooperativasocialeaquiloneazzurro.it;"Accreditamento corrente documentato; il PARS descrive origine/convenzione storica con ASL. Specifico contratto/budget 2026 non acquisito.";Sito/PARS corrente consultati 20/09/2026;"Gestore corrente + PARS; contratto 2026 da completare";Non documentato;;;Riabilitazione psichiatrica residenziale;"Invio CSM/UVM/SIPC secondo struttura; verificare autorizzazione e disponibilità.";;;V7.1: nuova struttura individuata. Non trasferita automaticamente al 2026 la convenzione storica.;Non documentata;2026-09-20;Non effettuata;Non rilevati: capacità autorizzata/accreditata non è disponibilità;;;"Struttura/accreditamento correnti documentati; contratto 2026 non acquisito";MOD-105;SRSR H24;Psichiatria;Residenziale;;Capienza corrente da consolidare;Accreditata: contratto/convenzione 2026 da comprovare;;https://www.cooperativasocialeaquiloneazzurro.it/ | https://www.cooperativasocialeaquiloneazzurro.it/strutture/ | https://www.cooperativasocialeaquiloneazzurro.it/DOCPDF/PARS%20Aquilone%20Azzurro.pdf;;Nuovo V7.1;;;;;;;;Autorizzata/accreditata secondo gestore;;Accreditata;;"Convenzione storica richiamata; specifico rapporto 2026 non acquisito";;;Da verificare;;;;;;;;;Privata / ente non ASL;Sito gestore;;Non presente;;No;;;Non applicabile – nuovo V7.1;Nuovo modulo individuato nella ricognizione sostanziale V7.1;;Non applicabile – nuovo V7.1;2026-09-20;"Nuova struttura corrente individuata; accreditamento documentato, contratto 2026 da comprovare.";Aggiunta tra i moduli da verificare.;https://www.cooperativasocialeaquiloneazzurro.it/ | https://www.cooperativasocialeaquiloneazzurro.it/DOCPDF/PARS%20Aquilone%20Azzurro.pdf;Accreditata: contratto/convenzione 2026 da comprovare;Da verificare 2026;2026-09-20;"Aquilone Azzurro La Gatta è struttura attiva; non acquisita prova di contratto/finanziamento SSR 2026 specifico.";Resta da verificare 2026.;https://www.cooperativasocialeaquiloneazzurro.it/ | https://www.cooperativasocialeaquiloneazzurro.it/DOCPDF/PARS%20Aquilone%20Azzurro.pdf;Accreditata: contratto/convenzione 2026 da comprovare;Da verificare 2026;2026-09-20;Classificazione V7.2 conservata salvo nuove evidenze specifiche.;Nessuna modifica sostanziale.;https://www.cooperativasocialeaquiloneazzurro.it/ | https://www.cooperativasocialeaquiloneazzurro.it/DOCPDF/PARS%20Aquilone%20Azzurro.pdf;Accreditata: contratto/convenzione 2026 da comprovare;Da verificare 2026
REV-ROMA;Reverie – Comunità terapeutica romana;Associazione Reverie Comunità 1;Privata / ente non ASL;Roma;RM;Roma 1;Via Moncenisio, 20;06 8177417 / 3939608784;ctrreverieroma@gmail.com;"Gestore corrente dichiara comunità da 10 posti accreditata con SSN; specifico contratto/budget 2026 non acquisito.";Sito e trasparenza correnti 2026;"Dichiarazione gestore corrente; contratto 2026 da completare";Non documentato;;;Comunità terapeutica psichiatrica SRTR-e;Da concordare con servizio territoriale e struttura;;;"V7.1: nuova struttura individuata; accreditamento corrente dichiarato dal gestore.";Non documentata;2026-09-20;Non effettuata;Non rilevati: capacità autorizzata/accreditata non è disponibilità;;;"Operatività/accreditamento correnti documentati; contratto 2026 non acquisito";MOD-106;SRTR-e;Psichiatria;Residenziale;10;10 autorizzati/accreditati dichiarati dal gestore;Accreditata: contratto/convenzione 2026 da comprovare;;https://reverie.it/strutture/comunita-terapeutica-romana/ | https://reverie.it/ | https://reverie.it/amministrazione-trasparente/;;Nuovo V7.1;;;;;;;;Autorizzata per massimo 10 posti secondo gestore;;Accreditata con SSN secondo gestore;;Specifico contratto/budget 2026 non acquisito;;;Da verificare;;10;10;;10;;;;Privata / ente non ASL;Sito gestore;;Non presente;;No;;;Non applicabile – nuovo V7.1;Nuovo modulo individuato nella ricognizione sostanziale V7.1;;Non applicabile – nuovo V7.1;2026-09-20;"Nuova SRTR-e corrente individuata; accreditamento SSN dichiarato, contratto 2026 da comprovare.";Aggiunta tra i moduli da verificare.;https://reverie.it/strutture/comunita-terapeutica-romana/ | https://reverie.it/ | https://reverie.it/amministrazione-trasparente/;Accreditata: contratto/convenzione 2026 da comprovare;Da verificare 2026;2026-09-20;"Reverie Roma risulta SRTR-e accreditata nelle fonti di struttura; gli atti economici 2026 reperiti riguardano altra sede/modulo Reverie.";Resta da verificare 2026.;https://reverie.it/strutture/comunita-terapeutica-romana/ | https://reverie.it/ | https://reverie.it/amministrazione-trasparente/;Accreditata: contratto/convenzione 2026 da comprovare;Da verificare 2026;2026-09-20;Classificazione V7.2 conservata salvo nuove evidenze specifiche.;Nessuna modifica sostanziale.;https://reverie.it/strutture/comunita-terapeutica-romana/ | https://reverie.it/ | https://reverie.it/amministrazione-trasparente/;Accreditata: contratto/convenzione 2026 da comprovare;Da verificare 2026
NO-PIG;Nuovi Orizzonti – Comunità di Piglio;Associazione di volontariato Nuovi Orizzonti;Privata / ente non ASL;Piglio;FR;Frosinone;Via Prenestina, 95;0775 502353 / 392 9040842;info@nuoviorizzonti.org;ASL 1 Abruzzo ha liquidato fatture gennaio–maggio 2026 per prestazioni dell’area dipendenze presso la Comunità di Piglio.;Verifica web 20/09/2026;Atto ufficiale di liquidazione ASL 2026;Non documentato;;;"Cura e riabilitazione delle dipendenze; percorso residenziale";Invio SerD/servizio competente e valutazione della struttura.;"Adulti; verificare criteri specifici";;;Non documentata;2026-09-20;Non effettuata;Non rilevati: capacità documentata non equivale a disponibilità;https://www.google.com/maps/search/?api=1&query=Via%20Prenestina%2C%2095%2C%20Piglio%2C%20Italia;;Vedi prova e annualità indicate;MOD-107;Pedagogico-riabilitativa residenziale;Dipendenze;Residenziale;24;Accreditati/documentati secondo fonte;Convenzionata documentata – liquidazioni pubbliche 2026;Aggiunto in V7.3 dopo confronto indipendente con elenchi/atti esterni.;https://asl1abruzzo.patisweb.it/page/103/details/248940/prestazioni-sanitarie-relative-allarea-delle-dipendenze-patologiche-rete-privata-accreditata-liquidazione-fatture-periodo-gennaiomaggio-2026-associazione-di-volontariato-onlus-nuovi-orizzonti-comunita-di-piglio-fr.html | https://www.nuoviorizzonti.org/;;;;Da concordare con servizio inviante e struttura;Individualizzata;Idoneità clinica e amministrativa da valutare;Fonte gestore/istituzionale corrente;Indirizzo pubblicato;Accreditamento documentato;Documentata;;Accreditata (elenco nazionale/regionale storico + pagamento pubblico 2026);;Rapporto pubblico 2026 documentato;;;Impegno/liquidazione 2026 documentati;;;24;;24;Documentata/prevista tramite SerD;Non documentato;;Privata / ente non ASL;Gestore identificato da fonti correnti;https://asl1abruzzo.patisweb.it/page/103/details/248940/prestazioni-sanitarie-relative-allarea-delle-dipendenze-patologiche-rete-privata-accreditata-liquidazione-fatture-periodo-gennaiomaggio-2026-associazione-di-volontariato-onlus-nuovi-orizzonti-comunita-di-piglio-fr.html | https://www.nuoviorizzonti.org/;Non presente;;No;;;Nuovo in V7.3;"Assente nelle versioni precedenti; aggiunto in V7.3.";Non censito;N/A;;;;;Non censito;Non censito;;;;;Non censito;Non censito;2026-09-20;ASL 1 Abruzzo ha liquidato fatture gennaio–maggio 2026 per prestazioni dell’area dipendenze presso la Comunità di Piglio.;Aggiunto al censimento V7.3.;https://asl1abruzzo.patisweb.it/page/103/details/248940/prestazioni-sanitarie-relative-allarea-delle-dipendenze-patologiche-rete-privata-accreditata-liquidazione-fatture-periodo-gennaiomaggio-2026-associazione-di-volontariato-onlus-nuovi-orizzonti-comunita-di-piglio-fr.html | https://www.nuoviorizzonti.org/;Convenzionata documentata – liquidazioni pubbliche 2026;Convenzionate
FRAT-SOL;Fratello Sole – Santa Severa;Cooperate Soc. Coop. Sociale;Privata / ente non ASL;Santa Marinella;RM;Roma 4;Via dei Normanni, 8-10 – Santa Severa;0766 571392 / 0766 570859;amministrazione@cooperate.it;ASL Latina ha prorogato un inserimento e integrato l’impegno di spesa nel 2026 presso Fratello Sole.;Verifica web 20/09/2026;Determine ufficiali ASL Latina 2026;Non documentato;;;"Cura e riabilitazione delle dipendenze; percorso residenziale";Invio SerD/servizio competente e valutazione della struttura.;"Adulti; verificare criteri specifici";;;Non documentata;2026-09-20;Non effettuata;Non rilevati: capacità documentata non equivale a disponibilità;https://www.google.com/maps/search/?api=1&query=Via%20dei%20Normanni%2C%208-10%20%E2%80%93%20Santa%20Severa%2C%20Santa%20Marinella%2C%20Italia;;Vedi prova e annualità indicate;MOD-108;Terapeutico-riabilitativa residenziale;Dipendenze;Residenziale;28;Accreditati/documentati secondo fonte;Convenzionata documentata – inserimento e impegno di spesa 2026;Aggiunto in V7.3 dopo confronto indipendente con elenchi/atti esterni.;https://www.ausl.latina.it/AlboOnLine/miu7.do?link=ln4&miu7.icp1=15442&miu7.icp2=15445&pwu2.sortCriteria=att6%3AA&sp=page2 | https://www.ausl.latina.it/AlboOnLine/miu2.do?link=ln38&miu2.icp1=16220&miu2.icp2=16221&pwu1md.sortCriteria=att7md%3AD&sp=page2md | https://www.cooperate.it/servizi/santa_severa/comunita_psicoterapeutica_residenziale.html;;;;Da concordare con servizio inviante e struttura;Individualizzata;Idoneità clinica e amministrativa da valutare;Fonte gestore/istituzionale corrente;Indirizzo pubblicato;Accreditamento documentato;Documentata;;Accreditata DCA U00527/2013;;Rapporto pubblico 2026 documentato;;;Impegno/liquidazione 2026 documentati;;;28;;28;Documentata/prevista tramite SerD;Non documentato;;Privata / ente non ASL;Gestore identificato da fonti correnti;https://www.ausl.latina.it/AlboOnLine/miu7.do?link=ln4&miu7.icp1=15442&miu7.icp2=15445&pwu2.sortCriteria=att6%3AA&sp=page2 | https://www.ausl.latina.it/AlboOnLine/miu2.do?link=ln38&miu2.icp1=16220&miu2.icp2=16221&pwu1md.sortCriteria=att7md%3AD&sp=page2md | https://www.cooperate.it/servizi/santa_severa/comunita_psicoterapeutica_residenziale.html;Non presente;;No;;;Nuovo in V7.3;"Assente nelle versioni precedenti; aggiunto in V7.3.";Non censito;N/A;;;;;Non censito;Non censito;;;;;Non censito;Non censito;2026-09-20;ASL Latina ha prorogato un inserimento e integrato l’impegno di spesa nel 2026 presso Fratello Sole.;Aggiunto al censimento V7.3.;https://www.ausl.latina.it/AlboOnLine/miu7.do?link=ln4&miu7.icp1=15442&miu7.icp2=15445&pwu2.sortCriteria=att6%3AA&sp=page2 | https://www.ausl.latina.it/AlboOnLine/miu2.do?link=ln38&miu2.icp1=16220&miu2.icp2=16221&pwu1md.sortCriteria=att7md%3AD&sp=page2md | https://www.cooperate.it/servizi/santa_severa/comunita_psicoterapeutica_residenziale.html;Convenzionata documentata – inserimento e impegno di spesa 2026;Convenzionate
PONTE-CV;Il Ponte – Centro di Solidarietà;Il Ponte – Centro di Solidarietà Onlus;Privata / ente non ASL;Civitavecchia;RM;Roma 4;Via Amba Aradam, 25;0766 35780;segreteria@ilpontecivitavecchia.it;ASL Latina ha rettificato nel 2026 un impegno di spesa per paziente ospite della comunità terapeutica Il Ponte di Civitavecchia.;Verifica web 20/09/2026;Determina ufficiale ASL Latina 2026;Non documentato;;;"Cura e riabilitazione delle dipendenze; percorso residenziale";Invio SerD/servizio competente e valutazione della struttura.;"Adulti; verificare criteri specifici";;;Non documentata;2026-09-20;Non effettuata;Non rilevati: capacità documentata non equivale a disponibilità;https://www.google.com/maps/search/?api=1&query=Via%20Amba%20Aradam%2C%2025%2C%20Civitavecchia%2C%20Italia;;Vedi prova e annualità indicate;MOD-109;Terapeutico-riabilitativa residenziale;Dipendenze;Residenziale;24;Accreditati/documentati secondo fonte;Convenzionata documentata – impegno di spesa 2026;Aggiunto in V7.3 dopo confronto indipendente con elenchi/atti esterni.;https://www.ausl.latina.it/AlboOnLine/miu8.do?acond15=2&inu1.current.att1=2&link=ln36&miu8.icp11=15671&miu8.icp12=15669&mssu1.shownMessages=Unable+to+execute+service&pwu1md.sortCriteria=att17md%3AA&sp=page2md | https://www.ilpontecivitavecchia.it/;;;;Da concordare con servizio inviante e struttura;Individualizzata;Idoneità clinica e amministrativa da valutare;Fonte gestore/istituzionale corrente;Indirizzo pubblicato;Accreditamento documentato;Documentata;;Accreditata DCA U00121/2015;;Rapporto pubblico 2026 documentato;;;Impegno/liquidazione 2026 documentati;;;24;;24;Documentata/prevista tramite SerD;Non documentato;;Privata / ente non ASL;Gestore identificato da fonti correnti;https://www.ausl.latina.it/AlboOnLine/miu8.do?acond15=2&inu1.current.att1=2&link=ln36&miu8.icp11=15671&miu8.icp12=15669&mssu1.shownMessages=Unable+to+execute+service&pwu1md.sortCriteria=att17md%3AA&sp=page2md | https://www.ilpontecivitavecchia.it/;Non presente;;No;;;Nuovo in V7.3;"Assente nelle versioni precedenti; aggiunto in V7.3.";Non censito;N/A;;;;;Non censito;Non censito;;;;;Non censito;Non censito;2026-09-20;ASL Latina ha rettificato nel 2026 un impegno di spesa per paziente ospite della comunità terapeutica Il Ponte di Civitavecchia.;Aggiunto al censimento V7.3.;https://www.ausl.latina.it/AlboOnLine/miu8.do?acond15=2&inu1.current.att1=2&link=ln36&miu8.icp11=15671&miu8.icp12=15669&mssu1.shownMessages=Unable+to+execute+service&pwu1md.sortCriteria=att17md%3AA&sp=page2md | https://www.ilpontecivitavecchia.it/;Convenzionata documentata – impegno di spesa 2026;Convenzionate
CUS;Comunità Psicoterapeutica Giacomo Cusmano;Comunità Psicoterapeutica Giacomo Cusmano;Privata / ente non ASL;Anguillara Sabazia;RM;Roma 4;Via Giacomo Cusmano, 28;06 99900353;progettocusmano@gmail.com;"Struttura corrente e accreditata; accesso tramite SerD. Non reperito atto economico 2026 specifico.";Verifica web 20/09/2026;Gestore corrente + elenco ASL Roma 4;Non documentato;;;"Cura e riabilitazione delle dipendenze; percorso residenziale";Invio SerD/servizio competente e valutazione della struttura.;"Adulti; verificare criteri specifici";;;Non documentata;2026-09-20;Non effettuata;Non rilevati: capacità documentata non equivale a disponibilità;https://www.google.com/maps/search/?api=1&query=Via%20Giacomo%20Cusmano%2C%2028%2C%20Anguillara%20Sabazia%2C%20Italia;;Vedi prova e annualità indicate;MOD-110;Terapeutico-riabilitativa residenziale;Dipendenze;Residenziale;48;Accreditati/documentati secondo fonte;Accreditata: rapporto SSN 2026 da comprovare;Aggiunto in V7.3 dopo confronto indipendente con elenchi/atti esterni.;https://www.comunitacusmano.com/chi-siamo/cosa-facciamo | https://www.pa33.it/ASLROMA4/DocDownload/132812/IDDOCUMENTO;;;;Da concordare con servizio inviante e struttura;Individualizzata;Idoneità clinica e amministrativa da valutare;Fonte gestore/istituzionale corrente;Indirizzo pubblicato;Accreditamento documentato;Documentata;;Accreditata DCA U00379/2017;;Rapporto SSN 2026 da comprovare;;;Da verificare;;;48;;48;Da verificare;Non documentato;;Privata / ente non ASL;Gestore identificato da fonti correnti;https://www.comunitacusmano.com/chi-siamo/cosa-facciamo | https://www.pa33.it/ASLROMA4/DocDownload/132812/IDDOCUMENTO;Non presente;;No;;;Nuovo in V7.3;"Assente nelle versioni precedenti; aggiunto in V7.3.";Non censito;N/A;;;;;Non censito;Non censito;;;;;Non censito;Non censito;2026-09-20;"Struttura corrente e accreditata; accesso tramite SerD. Non reperito atto economico 2026 specifico.";Aggiunto al censimento V7.3.;https://www.comunitacusmano.com/chi-siamo/cosa-facciamo | https://www.pa33.it/ASLROMA4/DocDownload/132812/IDDOCUMENTO;Accreditata: rapporto SSN 2026 da comprovare;Da verificare 2026
MN-SER;Mondo Nuovo – Villa Sergetto;Associazione Comunità Mondo Nuovo ODV;Privata / ente non ASL;Civitavecchia;RM;Roma 4;S.P. Braccianese Claudia Km 69,300;0766 31818;villasergetto@mondonuovo.org;"Centro residenziale accreditato riportato nella Carta dei servizi corrente del gestore; non reperita prova economica 2026 specifica.";Verifica web 20/09/2026;Carta servizi/gestore corrente;Non documentato;;;"Cura e riabilitazione delle dipendenze; percorso residenziale";Invio SerD/servizio competente e valutazione della struttura.;"Adulti; verificare criteri specifici";;;Non documentata;2026-09-20;Non effettuata;Non rilevati: capacità documentata non equivale a disponibilità;https://www.google.com/maps/search/?api=1&query=S.P.%20Braccianese%20Claudia%20Km%2069%2C300%2C%20Civitavecchia%2C%20Italia;;Vedi prova e annualità indicate;MOD-111;Pedagogico-riabilitativa residenziale;Dipendenze;Residenziale;8;Accreditati/documentati secondo fonte;Accreditata: rapporto SSN 2026 da comprovare;Aggiunto in V7.3 dopo confronto indipendente con elenchi/atti esterni.;https://comunitamondonuovo.it/wp-content/uploads/2024/07/Carta-Servizi.pdf | https://comunitamondonuovo.it/;;;;Da concordare con servizio inviante e struttura;Individualizzata;Idoneità clinica e amministrativa da valutare;Fonte gestore/istituzionale corrente;Indirizzo pubblicato;Accreditamento documentato;Documentata;;Accreditata Regione Lazio;;Rapporto SSN 2026 da comprovare;;;Da verificare;;;8;;8;Da verificare;Non documentato;;Privata / ente non ASL;Gestore identificato da fonti correnti;https://comunitamondonuovo.it/wp-content/uploads/2024/07/Carta-Servizi.pdf | https://comunitamondonuovo.it/;Non presente;;No;;;Nuovo in V7.3;"Assente nelle versioni precedenti; aggiunto in V7.3.";Non censito;N/A;;;;;Non censito;Non censito;;;;;Non censito;Non censito;2026-09-20;"Centro residenziale accreditato riportato nella Carta dei servizi corrente del gestore; non reperita prova economica 2026 specifica.";Aggiunto al censimento V7.3.;https://comunitamondonuovo.it/wp-content/uploads/2024/07/Carta-Servizi.pdf | https://comunitamondonuovo.it/;Accreditata: rapporto SSN 2026 da comprovare;Da verificare 2026
MN-PAR;Mondo Nuovo – Villa Paradiso;Associazione Comunità Mondo Nuovo ODV;Privata / ente non ASL;Tarquinia;VT;Viterbo;S.P. Litoranea Km 1,750;0766 31818;villaparadiso@mondonuovo.org;"Centro residenziale accreditato riportato nella Carta dei servizi corrente del gestore; non reperita prova economica 2026 specifica.";Verifica web 20/09/2026;Carta servizi/gestore corrente;Non documentato;;;"Cura e riabilitazione delle dipendenze; percorso residenziale";Invio SerD/servizio competente e valutazione della struttura.;"Adulti; verificare criteri specifici";;;Non documentata;2026-09-20;Non effettuata;Non rilevati: capacità documentata non equivale a disponibilità;https://www.google.com/maps/search/?api=1&query=S.P.%20Litoranea%20Km%201%2C750%2C%20Tarquinia%2C%20Italia;;Vedi prova e annualità indicate;MOD-112;Pedagogico-riabilitativa residenziale;Dipendenze;Residenziale;27;Accreditati/documentati secondo fonte;Accreditata: rapporto SSN 2026 da comprovare;Aggiunto in V7.3 dopo confronto indipendente con elenchi/atti esterni.;https://comunitamondonuovo.it/wp-content/uploads/2024/07/Carta-Servizi.pdf | https://comunitamondonuovo.it/;;;;Da concordare con servizio inviante e struttura;Individualizzata;Idoneità clinica e amministrativa da valutare;Fonte gestore/istituzionale corrente;Indirizzo pubblicato;Accreditamento documentato;Documentata;;Accreditata Regione Lazio;;Rapporto SSN 2026 da comprovare;;;Da verificare;;;27;;27;Da verificare;Non documentato;;Privata / ente non ASL;Gestore identificato da fonti correnti;https://comunitamondonuovo.it/wp-content/uploads/2024/07/Carta-Servizi.pdf | https://comunitamondonuovo.it/;Non presente;;No;;;Nuovo in V7.3;"Assente nelle versioni precedenti; aggiunto in V7.3.";Non censito;N/A;;;;;Non censito;Non censito;;;;;Non censito;Non censito;2026-09-20;"Centro residenziale accreditato riportato nella Carta dei servizi corrente del gestore; non reperita prova economica 2026 specifica.";Aggiunto al censimento V7.3.;https://comunitamondonuovo.it/wp-content/uploads/2024/07/Carta-Servizi.pdf | https://comunitamondonuovo.it/;Accreditata: rapporto SSN 2026 da comprovare;Da verificare 2026
MN-CIU;Mondo Nuovo – Villa Ciulepi;Associazione Comunità Mondo Nuovo ODV;Privata / ente non ASL;Monte Romano;VT;Viterbo;S.S. Aurelia bis Km 10,900;0766 31818;villaciulepi@mondonuovo.org;"Centro residenziale accreditato riportato nella Carta dei servizi corrente del gestore; non reperita prova economica 2026 specifica.";Verifica web 20/09/2026;Carta servizi/gestore corrente;Non documentato;;;"Cura e riabilitazione delle dipendenze; percorso residenziale";Invio SerD/servizio competente e valutazione della struttura.;"Adulti; verificare criteri specifici";;;Non documentata;2026-09-20;Non effettuata;Non rilevati: capacità documentata non equivale a disponibilità;https://www.google.com/maps/search/?api=1&query=S.S.%20Aurelia%20bis%20Km%2010%2C900%2C%20Monte%20Romano%2C%20Italia;;Vedi prova e annualità indicate;MOD-113;Pedagogico-riabilitativa residenziale;Dipendenze;Residenziale;8;Accreditati/documentati secondo fonte;Accreditata: rapporto SSN 2026 da comprovare;Aggiunto in V7.3 dopo confronto indipendente con elenchi/atti esterni.;https://comunitamondonuovo.it/wp-content/uploads/2024/07/Carta-Servizi.pdf | https://comunitamondonuovo.it/;;;;Da concordare con servizio inviante e struttura;Individualizzata;Idoneità clinica e amministrativa da valutare;Fonte gestore/istituzionale corrente;Indirizzo pubblicato;Accreditamento documentato;Documentata;;Accreditata Regione Lazio;;Rapporto SSN 2026 da comprovare;;;Da verificare;;;8;;8;Da verificare;Non documentato;;Privata / ente non ASL;Gestore identificato da fonti correnti;https://comunitamondonuovo.it/wp-content/uploads/2024/07/Carta-Servizi.pdf | https://comunitamondonuovo.it/;Non presente;;No;;;Nuovo in V7.3;"Assente nelle versioni precedenti; aggiunto in V7.3.";Non censito;N/A;;;;;Non censito;Non censito;;;;;Non censito;Non censito;2026-09-20;"Centro residenziale accreditato riportato nella Carta dei servizi corrente del gestore; non reperita prova economica 2026 specifica.";Aggiunto al censimento V7.3.;https://comunitamondonuovo.it/wp-content/uploads/2024/07/Carta-Servizi.pdf | https://comunitamondonuovo.it/;Accreditata: rapporto SSN 2026 da comprovare;Da verificare 2026
MN-COL;Mondo Nuovo – Colle Speranza;Associazione Comunità Mondo Nuovo ODV;Privata / ente non ASL;Tarquinia;VT;Viterbo;S.S. Aurelia bis Km 3,841;0766 31818;collesperanza@mondonuovo.org;"Centro residenziale accreditato riportato nella Carta dei servizi corrente del gestore; non reperita prova economica 2026 specifica.";Verifica web 20/09/2026;Carta servizi/gestore corrente;Non documentato;;;"Cura e riabilitazione delle dipendenze; percorso residenziale";Invio SerD/servizio competente e valutazione della struttura.;"Adulti; verificare criteri specifici";;;Non documentata;2026-09-20;Non effettuata;Non rilevati: capacità documentata non equivale a disponibilità;https://www.google.com/maps/search/?api=1&query=S.S.%20Aurelia%20bis%20Km%203%2C841%2C%20Tarquinia%2C%20Italia;;Vedi prova e annualità indicate;MOD-114;Pedagogico-riabilitativa residenziale;Dipendenze;Residenziale;8;Accreditati/documentati secondo fonte;Accreditata: rapporto SSN 2026 da comprovare;Aggiunto in V7.3 dopo confronto indipendente con elenchi/atti esterni.;https://comunitamondonuovo.it/wp-content/uploads/2024/07/Carta-Servizi.pdf | https://comunitamondonuovo.it/;;;;Da concordare con servizio inviante e struttura;Individualizzata;Idoneità clinica e amministrativa da valutare;Fonte gestore/istituzionale corrente;Indirizzo pubblicato;Accreditamento documentato;Documentata;;Accreditata Regione Lazio;;Rapporto SSN 2026 da comprovare;;;Da verificare;;;8;;8;Da verificare;Non documentato;;Privata / ente non ASL;Gestore identificato da fonti correnti;https://comunitamondonuovo.it/wp-content/uploads/2024/07/Carta-Servizi.pdf | https://comunitamondonuovo.it/;Non presente;;No;;;Nuovo in V7.3;"Assente nelle versioni precedenti; aggiunto in V7.3.";Non censito;N/A;;;;;Non censito;Non censito;;;;;Non censito;Non censito;2026-09-20;"Centro residenziale accreditato riportato nella Carta dei servizi corrente del gestore; non reperita prova economica 2026 specifica.";Aggiunto al censimento V7.3.;https://comunitamondonuovo.it/wp-content/uploads/2024/07/Carta-Servizi.pdf | https://comunitamondonuovo.it/;Accreditata: rapporto SSN 2026 da comprovare;Da verificare 2026
EMM-RI;Comunità Emmanuel – Centro Riccardo Blasetti;Associazione Comunità Emmanuel ETS;Privata / ente non ASL;Rieti;RI;Rieti;Via Cese, 12;0746 755261;info@comunita-emmanuelrieti.org;"Centro operativo ancora documentato nel 2025-2026; il vecchio elenco regionale lo censisce come residenziale. Titolo amministrativo corrente da riconfermare.";Verifica web 20/09/2026;Fonti correnti di attività + elenco regionale storico;Non documentato;;;"Cura e riabilitazione delle dipendenze; percorso residenziale";Invio SerD/servizio competente e valutazione della struttura.;"Adulti; verificare criteri specifici";;;Non documentata;2026-09-20;Non effettuata;Non rilevati: capacità documentata non equivale a disponibilità;https://www.google.com/maps/search/?api=1&query=Via%20Cese%2C%2012%2C%20Rieti%2C%20Italia;;Vedi prova e annualità indicate;MOD-115;Pedagogico-riabilitativa residenziale;Dipendenze;Residenziale;13;Accreditati/documentati secondo fonte;Struttura attiva: accreditamento/rapporto SSN 2026 da ricontrollare;Aggiunto in V7.3 dopo confronto indipendente con elenchi/atti esterni.;https://www.asl.rieti.it/associazioni-asl-rieti | https://dipendenze-emmanuel.org/ | https://www.regione.lazio.it/sites/default/files/decreti-commissario-ad-acta/SAN_DCA_U00011_11_01_2018.pdf;;;;Da concordare con servizio inviante e struttura;Individualizzata;Idoneità clinica e amministrativa da valutare;Fonte gestore/istituzionale corrente;Indirizzo pubblicato;Accreditamento documentato;Da riconfermare;;Da riconfermare;;Rapporto SSN 2026 da comprovare;;;Da verificare;;;13;;13;Da verificare;Non documentato;;Privata / ente non ASL;Gestore identificato da fonti correnti;https://www.asl.rieti.it/associazioni-asl-rieti | https://dipendenze-emmanuel.org/ | https://www.regione.lazio.it/sites/default/files/decreti-commissario-ad-acta/SAN_DCA_U00011_11_01_2018.pdf;Non presente;;No;;;Nuovo in V7.3;"Assente nelle versioni precedenti; aggiunto in V7.3.";Non censito;N/A;;;;;Non censito;Non censito;;;;;Non censito;Non censito;2026-09-20;"Centro operativo ancora documentato nel 2025-2026; il vecchio elenco regionale lo censisce come residenziale. Titolo amministrativo corrente da riconfermare.";Aggiunto al censimento V7.3.;https://www.asl.rieti.it/associazioni-asl-rieti | https://dipendenze-emmanuel.org/ | https://www.regione.lazio.it/sites/default/files/decreti-commissario-ad-acta/SAN_DCA_U00011_11_01_2018.pdf;Struttura attiva: accreditamento/rapporto SSN 2026 da ricontrollare;Da verificare 2026
