"dataset";"record_id";"nome";"campo";"precedente";"valore_v7_6";"data_riesame";"stato_riesame";"fonti";"metodi";"nota"
"rete";"R1-02";"CSM Plinio";"telefono";"0660105840";"06 6010 5840";"2026-09-21";"riesame_parziale";"https://www.aslroma1.it/salute-mentale | https://www.aslroma1.it/presidi-territoriali/centro-di-salute-mentale-plinio";"pagina_ufficiale | pagina_ufficiale";"Contatti e orari riscontrati; altre informazioni del record non riesaminate. Eventuali calendari alternati non sono proiettati automaticamente al 2026/27."
"rete";"R1-02";"CSM Plinio";"orari";"Lun–mar 08–20; mer–ven 08–14; ven pomeriggio e sab alternanza con Palestro";"Lun e mar 08–20; mer–ven 08–14; ven pomeriggio e sab mattina in alternanza con Palestro. Chiusura nei pomeriggi prefestivi.";"2026-09-21";"riesame_parziale";"https://www.aslroma1.it/salute-mentale | https://www.aslroma1.it/presidi-territoriali/centro-di-salute-mentale-plinio";"pagina_ufficiale | pagina_ufficiale";"Contatti e orari riscontrati; altre informazioni del record non riesaminate. Eventuali calendari alternati non sono proiettati automaticamente al 2026/27."
"rete";"R1-03";"CSM Palestro";"telefono";"0660106050";"06 6010 6050";"2026-09-21";"riesame_parziale";"https://www.aslroma1.it/salute-mentale";"pagina_ufficiale";"Contatti e orari riscontrati; altre informazioni del record non riesaminate. Eventuali calendari alternati non sono proiettati automaticamente al 2026/27."
"rete";"R1-03";"CSM Palestro";"orari";"Lun–mar e ven 08–14; mer–gio 08–20; ven pomeriggio e sab alternanza con Plinio";"Lun, mar, ven 08–14; mer e gio 08–20; ven pomeriggio e sab mattina in alternanza con Plinio.";"2026-09-21";"riesame_parziale";"https://www.aslroma1.it/salute-mentale";"pagina_ufficiale";"Contatti e orari riscontrati; altre informazioni del record non riesaminate. Eventuali calendari alternati non sono proiettati automaticamente al 2026/27."
"rete";"R1-04";"CSM Sabrata";"telefono";"0660105919";"06 6010 5919";"2026-09-21";"riesame_parziale";"https://www.aslroma1.it/salute-mentale";"pagina_ufficiale";"Contatti e orari riscontrati; altre informazioni del record non riesaminate. Eventuali calendari alternati non sono proiettati automaticamente al 2026/27."
"rete";"R1-04";"CSM Sabrata";"orari";"Lun–ven 08:00–20:00; sab e prefestivi 08:00–14:00";"Lun–ven 08–20; sab 08–14.";"2026-09-21";"riesame_parziale";"https://www.aslroma1.it/salute-mentale";"pagina_ufficiale";"Contatti e orari riscontrati; altre informazioni del record non riesaminate. Eventuali calendari alternati non sono proiettati automaticamente al 2026/27."
"rete";"R1-05";"Presidio Boemondo";"telefono";"0660106030";"06 6010 6030";"2026-09-21";"riesame_parziale";"https://www.aslroma1.it/salute-mentale";"pagina_ufficiale";"Contatti e orari riscontrati; altre informazioni del record non riesaminate. Eventuali calendari alternati non sono proiettati automaticamente al 2026/27."
"rete";"R1-05";"Presidio Boemondo";"orari";"Lun–ven 08:00–14:30; Polo ADHD adulti: mar 08:00–14:00 su appuntamento";"Lun–ven 08–15.";"2026-09-21";"riesame_parziale";"https://www.aslroma1.it/salute-mentale";"pagina_ufficiale";"Contatti e orari riscontrati; altre informazioni del record non riesaminate. Eventuali calendari alternati non sono proiettati automaticamente al 2026/27."
"rete";"R1-06";"CSM Monte Tomatico";"telefono";"0660105291 / 0660105292";"06 6010 5291 / 06 6010 5292";"2026-09-21";"riesame_parziale";"https://www.aslroma1.it/salute-mentale";"pagina_ufficiale";"Contatti e orari riscontrati; altre informazioni del record non riesaminate. Eventuali calendari alternati non sono proiettati automaticamente al 2026/27."
"rete";"R1-06";"CSM Monte Tomatico";"orari";"Mattine feriali 08–14; rientri e sabati secondo calendario alternato, da confermare";"Lun–ven 08–14; lun e mer anche 14–20. Alternanza con Farulli il ven pomeriggio e sab mattina: calendario da confermare.";"2026-09-21";"riesame_parziale";"https://www.aslroma1.it/salute-mentale";"pagina_ufficiale";"Contatti e orari riscontrati; altre informazioni del record non riesaminate. Eventuali calendari alternati non sono proiettati automaticamente al 2026/27."
"rete";"R1-07";"CSM Farulli";"telefono";"0660105624";"06 6010 5624";"2026-09-21";"riesame_parziale";"https://www.aslroma1.it/salute-mentale";"pagina_ufficiale";"Contatti e orari riscontrati; altre informazioni del record non riesaminate. Eventuali calendari alternati non sono proiettati automaticamente al 2026/27."
"rete";"R1-07";"CSM Farulli";"orari";"Mattine feriali 08–14; rientri e sabati secondo calendario alternato, da confermare";"Lun–ven 08–14; lun e mer anche 14–20. Alternanza con Monte Tomatico il ven pomeriggio e sab mattina: calendario da confermare.";"2026-09-21";"riesame_parziale";"https://www.aslroma1.it/salute-mentale";"pagina_ufficiale";"Contatti e orari riscontrati; altre informazioni del record non riesaminate. Eventuali calendari alternati non sono proiettati automaticamente al 2026/27."
"rete";"R1-09";"CSM Innocenzo IV";"telefono";"0660106090";"06 6010 6090";"2026-09-21";"riesame_parziale";"https://www.aslroma1.it/salute-mentale";"pagina_ufficiale";"Contatti e orari riscontrati; altre informazioni del record non riesaminate. Eventuali calendari alternati non sono proiettati automaticamente al 2026/27."
"rete";"R1-09";"CSM Innocenzo IV";"orari";"Lun–ven 08:00–20:00; sab e prefestivi 08:00–14:00";"Lun–ven 08–20; sab 08–14 secondo pagina rete. Distinguere apertura e accesso libero/programmato.";"2026-09-21";"riesame_parziale";"https://www.aslroma1.it/salute-mentale";"pagina_ufficiale";"Contatti e orari riscontrati; altre informazioni del record non riesaminate. Eventuali calendari alternati non sono proiettati automaticamente al 2026/27."
"rete";"R1-10";"CSM Gasparri";"telefono";"0660106140";"06 6010 6140";"2026-09-21";"riesame_parziale";"https://www.aslroma1.it/salute-mentale";"pagina_ufficiale";"Contatti e orari riscontrati; altre informazioni del record non riesaminate. Eventuali calendari alternati non sono proiettati automaticamente al 2026/27."
"rete";"R1-10";"CSM Gasparri";"orari";"Lun–ven 08:00–20:00; sab e prefestivi 08:00–14:00";"Lun–ven 08–20; sab 08–14.";"2026-09-21";"riesame_parziale";"https://www.aslroma1.it/salute-mentale";"pagina_ufficiale";"Contatti e orari riscontrati; altre informazioni del record non riesaminate. Eventuali calendari alternati non sono proiettati automaticamente al 2026/27."
"rete";"R1-11";"CSM Ventura";"telefono";"0660106040";"06 6010 6040";"2026-09-21";"riesame_parziale";"https://www.aslroma1.it/salute-mentale";"pagina_ufficiale";"Contatti e orari riscontrati; altre informazioni del record non riesaminate. Eventuali calendari alternati non sono proiettati automaticamente al 2026/27."
"rete";"R1-11";"CSM Ventura";"orari";"Lun–ven 08:00–20:00; sab e prefestivi 08:00–14:00";"Lun–ven 08–20; sab e prefestivi 08–14.";"2026-09-21";"riesame_parziale";"https://www.aslroma1.it/salute-mentale";"pagina_ufficiale";"Contatti e orari riscontrati; altre informazioni del record non riesaminate. Eventuali calendari alternati non sono proiettati automaticamente al 2026/27."
"rete";"R1-12";"CSM Antonino Di Giorgio";"telefono";"0660105090";"06 6010 5090";"2026-09-21";"riesame_parziale";"https://www.aslroma1.it/salute-mentale";"pagina_ufficiale";"Contatti e orari riscontrati; altre informazioni del record non riesaminate. Eventuali calendari alternati non sono proiettati automaticamente al 2026/27."
"rete";"R1-12";"CSM Antonino Di Giorgio";"orari";"Lun–ven 08:00–20:00; sab e prefestivi 08:00–14:00";"Lun–ven 08–20; sab e prefestivi 08–14.";"2026-09-21";"riesame_parziale";"https://www.aslroma1.it/salute-mentale";"pagina_ufficiale";"Contatti e orari riscontrati; altre informazioni del record non riesaminate. Eventuali calendari alternati non sono proiettati automaticamente al 2026/27."
"rete";"R1-08";"CSM Boccea";"telefono";"0660105125";"06 6010 5125";"2026-09-21";"incongruenza_fonti";"https://www.aslroma1.it/salute-mentale | https://www.aslroma1.it/presidi-territoriali/centro-salute-mentale-boccea";"pagina_ufficiale | pagina_ufficiale";"Incongruenza tra due fonti istituzionali. Nessuna apertura del sabato certificata dal progetto."
"rete";"R1-08";"CSM Boccea";"orari";"Lun–ven 08:00–20:00; sab e prefestivi 08:00–14:00";"Da confermare: pagina rete indica sabato 08–14; pagina della sede indica sabato 08–20. Le fonti concordano su lun–ven 08–20.";"2026-09-21";"incongruenza_fonti";"https://www.aslroma1.it/salute-mentale | https://www.aslroma1.it/presidi-territoriali/centro-salute-mentale-boccea";"pagina_ufficiale | pagina_ufficiale";"Incongruenza tra due fonti istituzionali. Nessuna apertura del sabato certificata dal progetto."
"rete";"R3-01";"Direzione DSM Roma 3";"indirizzo";"Via Raffaello Giovagnoli, 29";"Via Raffaello Giovagnoli 29, Roma";"2026-09-21";"riesame_parziale";"https://www.aslroma3.it/dipartimenti/dipartimento-di-salute-mentale/";"pagina_ufficiale";""
"rete";"R3-01";"Direzione DSM Roma 3";"telefono";"0656486152 / 0656486154 / 0656486155";"06 56486152 / 06 56486154 / 06 56486155";"2026-09-21";"riesame_parziale";"https://www.aslroma3.it/dipartimenti/dipartimento-di-salute-mentale/";"pagina_ufficiale";""
"rete";"R3-01";"Direzione DSM Roma 3";"email";"dsmdir@aslroma3.it";"dsmdir@aslroma3.it";"2026-09-21";"riesame_parziale";"https://www.aslroma3.it/dipartimenti/dipartimento-di-salute-mentale/";"pagina_ufficiale";""
"rete";"R5-02";"CSM Guidonia";"indirizzo";"Via Colleferro, 71";"Via Colleferro 71, Guidonia";"2026-09-21";"riesame_parziale";"https://www.aslroma5.it/dsmdp-dipartimento-di-salute-mentale-e-delle-dipendenze-patologiche/uos-csm-di-guidonia/";"pagina_ufficiale";""
"rete";"R5-02";"CSM Guidonia";"telefono";"0774779186";"0774 779186";"2026-09-21";"riesame_parziale";"https://www.aslroma5.it/dsmdp-dipartimento-di-salute-mentale-e-delle-dipendenze-patologiche/uos-csm-di-guidonia/";"pagina_ufficiale";""
"rete";"R5-02";"CSM Guidonia";"email";"csm.guidonia@aslroma5.it";"csm.guidonia@aslroma5.it";"2026-09-21";"riesame_parziale";"https://www.aslroma5.it/dsmdp-dipartimento-di-salute-mentale-e-delle-dipendenze-patologiche/uos-csm-di-guidonia/";"pagina_ufficiale";""
"rete";"R5-02";"CSM Guidonia";"orari";"Lun–ven 08:00–20:00; sab e prefestivi 08:00–14:00";"Lun–ven 08–20; sab e prefestivi 08–14";"2026-09-21";"riesame_parziale";"https://www.aslroma5.it/dsmdp-dipartimento-di-salute-mentale-e-delle-dipendenze-patologiche/uos-csm-di-guidonia/";"pagina_ufficiale";""
"rete";"R5-03";"CSM Monterotondo";"indirizzo";"Viale dell’Aeronautica, 53";"Viale dell’Aeronautica 53, Monterotondo";"2026-09-21";"riesame_parziale";"https://www.aslroma5.it/dsmdp-dipartimento-di-salute-mentale-e-delle-dipendenze-patologiche/uos-csm-di-monterotondo/";"pagina_ufficiale";""
"rete";"R5-03";"CSM Monterotondo";"telefono";"0690093556";"06 90093556";"2026-09-21";"riesame_parziale";"https://www.aslroma5.it/dsmdp-dipartimento-di-salute-mentale-e-delle-dipendenze-patologiche/uos-csm-di-monterotondo/";"pagina_ufficiale";""
"rete";"R5-03";"CSM Monterotondo";"email";"csm.monterotondo@aslroma5.it";"csm.monterotondo@aslroma5.it";"2026-09-21";"riesame_parziale";"https://www.aslroma5.it/dsmdp-dipartimento-di-salute-mentale-e-delle-dipendenze-patologiche/uos-csm-di-monterotondo/";"pagina_ufficiale";""
"rete";"R5-03";"CSM Monterotondo";"orari";"Lun–ven 08:00–20:00; sab e prefestivi 08:00–14:00";"Lun–ven 08–20; sab e prefestivi 08–14";"2026-09-21";"riesame_parziale";"https://www.aslroma5.it/dsmdp-dipartimento-di-salute-mentale-e-delle-dipendenze-patologiche/uos-csm-di-monterotondo/";"pagina_ufficiale";""
"rete";"R5-04";"CSM Subiaco";"indirizzo";"Via della Repubblica, 28";"Via della Repubblica 28, Subiaco";"2026-09-21";"riesame_parziale";"https://www.aslroma5.it/dsmdp-dipartimento-di-salute-mentale-e-delle-dipendenze-patologiche/uoc-csm-subiaco-e-tivoli/uos-csm-di-subiaco/";"pagina_ufficiale";""
"rete";"R5-04";"CSM Subiaco";"telefono";"077485156 / 07748115014";"0774 85156 / 0774 8115014";"2026-09-21";"riesame_parziale";"https://www.aslroma5.it/dsmdp-dipartimento-di-salute-mentale-e-delle-dipendenze-patologiche/uoc-csm-subiaco-e-tivoli/uos-csm-di-subiaco/";"pagina_ufficiale";""
"rete";"R5-04";"CSM Subiaco";"email";"csm.subiaco@aslroma5.it";"csm.subiaco@aslroma5.it";"2026-09-21";"riesame_parziale";"https://www.aslroma5.it/dsmdp-dipartimento-di-salute-mentale-e-delle-dipendenze-patologiche/uoc-csm-subiaco-e-tivoli/uos-csm-di-subiaco/";"pagina_ufficiale";""
"rete";"R5-04";"CSM Subiaco";"orari";"Lun–ven 08–20; sabato non indicato";"Lun–ven 08–20";"2026-09-21";"riesame_parziale";"https://www.aslroma5.it/dsmdp-dipartimento-di-salute-mentale-e-delle-dipendenze-patologiche/uoc-csm-subiaco-e-tivoli/uos-csm-di-subiaco/";"pagina_ufficiale";""
"rete";"R5-05";"CSM Tivoli";"indirizzo";"Via Domenico Giuliani, 4";"Via Domenico Giuliani 4, Tivoli";"2026-09-21";"riesame_parziale";"https://www.aslroma5.it/dsmdp-dipartimento-di-salute-mentale-e-delle-dipendenze-patologiche/uoc-csm-subiaco-e-tivoli/uos-csm-di-tivoli/";"pagina_ufficiale";""
"rete";"R5-05";"CSM Tivoli";"telefono";"0774318218";"0774 318218";"2026-09-21";"riesame_parziale";"https://www.aslroma5.it/dsmdp-dipartimento-di-salute-mentale-e-delle-dipendenze-patologiche/uoc-csm-subiaco-e-tivoli/uos-csm-di-tivoli/";"pagina_ufficiale";""
"rete";"R5-05";"CSM Tivoli";"email";"csm.tivoli@aslroma5.it";"csm.tivoli@aslroma5.it";"2026-09-21";"riesame_parziale";"https://www.aslroma5.it/dsmdp-dipartimento-di-salute-mentale-e-delle-dipendenze-patologiche/uoc-csm-subiaco-e-tivoli/uos-csm-di-tivoli/";"pagina_ufficiale";""
"rete";"R5-05";"CSM Tivoli";"orari";"Lun–ven 08:00–20:00; sab e prefestivi 08:00–14:00";"Lun–ven 08–20; sab 08–14";"2026-09-21";"riesame_parziale";"https://www.aslroma5.it/dsmdp-dipartimento-di-salute-mentale-e-delle-dipendenze-patologiche/uoc-csm-subiaco-e-tivoli/uos-csm-di-tivoli/";"pagina_ufficiale";""
"rete";"R5-06";"CSM Colleferro";"indirizzo";"Via degli Esplosivi, 9/b";"Via degli Esplosivi 9/b, Colleferro";"2026-09-21";"riesame_parziale";"https://www.aslroma5.it/dsmdp-dipartimento-di-salute-mentale-e-delle-dipendenze-patologiche/uoc-csm-di-colleferro-e-palestrina/uos-csm-di-colleferro/";"pagina_ufficiale";""
"rete";"R5-06";"CSM Colleferro";"telefono";"0697097705";"06 97097705";"2026-09-21";"riesame_parziale";"https://www.aslroma5.it/dsmdp-dipartimento-di-salute-mentale-e-delle-dipendenze-patologiche/uoc-csm-di-colleferro-e-palestrina/uos-csm-di-colleferro/";"pagina_ufficiale";""
"rete";"R5-06";"CSM Colleferro";"email";"csm.colleferro@aslroma5.it";"csm.colleferro@aslroma5.it";"2026-09-21";"riesame_parziale";"https://www.aslroma5.it/dsmdp-dipartimento-di-salute-mentale-e-delle-dipendenze-patologiche/uoc-csm-di-colleferro-e-palestrina/uos-csm-di-colleferro/";"pagina_ufficiale";""
"rete";"R5-06";"CSM Colleferro";"orari";"Lun–ven 08:00–20:00; sab e prefestivi 08:00–14:00";"Lun–ven 08–20; sab e prefestivi 08–14";"2026-09-21";"riesame_parziale";"https://www.aslroma5.it/dsmdp-dipartimento-di-salute-mentale-e-delle-dipendenze-patologiche/uoc-csm-di-colleferro-e-palestrina/uos-csm-di-colleferro/";"pagina_ufficiale";""
"rete";"R5-07";"CSM Palestrina";"indirizzo";"Via Porta San Martino, 36";"Via Porta San Martino 36, Palestrina";"2026-09-21";"riesame_parziale";"https://www.aslroma5.it/dsmdp-dipartimento-di-salute-mentale-e-delle-dipendenze-patologiche/uoc-csm-di-colleferro-e-palestrina/uos-csm-di-palestrina/";"pagina_ufficiale";""
"rete";"R5-07";"CSM Palestrina";"telefono";"0695322489 / 0695322492 / 0695322493 / 0695322494 / 0695322497";"06 95322489";"2026-09-21";"riesame_parziale";"https://www.aslroma5.it/dsmdp-dipartimento-di-salute-mentale-e-delle-dipendenze-patologiche/uoc-csm-di-colleferro-e-palestrina/uos-csm-di-palestrina/";"pagina_ufficiale";""
"rete";"R5-07";"CSM Palestrina";"email";"csm.palestrina@aslroma5.it";"csm.palestrina@aslroma5.it";"2026-09-21";"riesame_parziale";"https://www.aslroma5.it/dsmdp-dipartimento-di-salute-mentale-e-delle-dipendenze-patologiche/uoc-csm-di-colleferro-e-palestrina/uos-csm-di-palestrina/";"pagina_ufficiale";""
"rete";"R5-07";"CSM Palestrina";"orari";"Lun–ven 08:00–20:00; sab e prefestivi 08:00–14:00";"Lun–ven 08–20; sab e prefestivi 08–14";"2026-09-21";"riesame_parziale";"https://www.aslroma5.it/dsmdp-dipartimento-di-salute-mentale-e-delle-dipendenze-patologiche/uoc-csm-di-colleferro-e-palestrina/uos-csm-di-palestrina/";"pagina_ufficiale";""
"rete";"R4-02";"CSM Distretto 1 — Civitavecchia";"indirizzo";"Via delle Azalee, traversa viale G. Bianconi";"Via delle Azalee, traversa Viale G. Bianconi, Civitavecchia";"2026-09-21";"riesame_parziale";"https://www.aslroma4.it/strutture-sanitarie/strutture-di-salute-mentale";"pagina_ufficiale";"Requisiti di accesso dichiarati per tutti i CSM Roma 4. Non estesi automaticamente ad altre ASL."
"rete";"R4-02";"CSM Distretto 1 — Civitavecchia";"telefono";"0696669820 / 0696669821";"06 96669820 / 06 96669821";"2026-09-21";"riesame_parziale";"https://www.aslroma4.it/strutture-sanitarie/strutture-di-salute-mentale";"pagina_ufficiale";"Requisiti di accesso dichiarati per tutti i CSM Roma 4. Non estesi automaticamente ad altre ASL."
"rete";"R4-02";"CSM Distretto 1 — Civitavecchia";"email";"csm.f1@aslroma4.it";"csm.f1@aslroma4.it";"2026-09-21";"riesame_parziale";"https://www.aslroma4.it/strutture-sanitarie/strutture-di-salute-mentale";"pagina_ufficiale";"Requisiti di accesso dichiarati per tutti i CSM Roma 4. Non estesi automaticamente ad altre ASL."
"rete";"R4-02";"CSM Distretto 1 — Civitavecchia";"orari";"Lun–ven 08:00–20:00; sab e prefestivi 08:00–14:00";"Lun–ven 08–20; sab 08–14";"2026-09-21";"riesame_parziale";"https://www.aslroma4.it/strutture-sanitarie/strutture-di-salute-mentale";"pagina_ufficiale";"Requisiti di accesso dichiarati per tutti i CSM Roma 4. Non estesi automaticamente ad altre ASL."
"rete";"R4-02";"CSM Distretto 1 — Civitavecchia";"destinatari";"";"Persone di età maggiore di 18 anni; CSM competente per territorio di residenza.";"2026-09-21";"riesame_parziale";"https://www.aslroma4.it/strutture-sanitarie/strutture-di-salute-mentale";"pagina_ufficiale";"Requisiti di accesso dichiarati per tutti i CSM Roma 4. Non estesi automaticamente ad altre ASL."
"rete";"R4-02";"CSM Distretto 1 — Civitavecchia";"accesso";"CSM competente per residenza; accesso diretto all'accoglienza, preferibilmente con richiesta MMG; urgenze su richiesta motivata di sanitario";"Diretto all’accoglienza, preferibilmente con richiesta MMG; successiva definizione del percorso.";"2026-09-21";"riesame_parziale";"https://www.aslroma4.it/strutture-sanitarie/strutture-di-salute-mentale";"pagina_ufficiale";"Requisiti di accesso dichiarati per tutti i CSM Roma 4. Non estesi automaticamente ad altre ASL."
"rete";"R4-03";"CSM Distretto 2 — Ladispoli";"indirizzo";"Via Berna, 6";"Via Berna 6, zona Cerreto, Ladispoli";"2026-09-21";"riesame_parziale";"https://www.aslroma4.it/strutture-sanitarie/strutture-di-salute-mentale";"pagina_ufficiale";"Requisiti di accesso dichiarati per tutti i CSM Roma 4. Non estesi automaticamente ad altre ASL."
"rete";"R4-03";"CSM Distretto 2 — Ladispoli";"telefono";"0696669979";"06 96669979";"2026-09-21";"riesame_parziale";"https://www.aslroma4.it/strutture-sanitarie/strutture-di-salute-mentale";"pagina_ufficiale";"Requisiti di accesso dichiarati per tutti i CSM Roma 4. Non estesi automaticamente ad altre ASL."
"rete";"R4-03";"CSM Distretto 2 — Ladispoli";"email";"csm.ladispoli@aslroma4.it";"csm.ladispoli@aslroma4.it";"2026-09-21";"riesame_parziale";"https://www.aslroma4.it/strutture-sanitarie/strutture-di-salute-mentale";"pagina_ufficiale";"Requisiti di accesso dichiarati per tutti i CSM Roma 4. Non estesi automaticamente ad altre ASL."
"rete";"R4-03";"CSM Distretto 2 — Ladispoli";"orari";"Lun–ven 08:00–20:00; sab e prefestivi 08:00–14:00";"Lun–ven 08–20; sab 08–14";"2026-09-21";"riesame_parziale";"https://www.aslroma4.it/strutture-sanitarie/strutture-di-salute-mentale";"pagina_ufficiale";"Requisiti di accesso dichiarati per tutti i CSM Roma 4. Non estesi automaticamente ad altre ASL."
"rete";"R4-03";"CSM Distretto 2 — Ladispoli";"destinatari";"";"Persone di età maggiore di 18 anni; CSM competente per territorio di residenza.";"2026-09-21";"riesame_parziale";"https://www.aslroma4.it/strutture-sanitarie/strutture-di-salute-mentale";"pagina_ufficiale";"Requisiti di accesso dichiarati per tutti i CSM Roma 4. Non estesi automaticamente ad altre ASL."
"rete";"R4-03";"CSM Distretto 2 — Ladispoli";"accesso";"CSM competente per residenza; accesso diretto all'accoglienza, preferibilmente con richiesta MMG; urgenze su richiesta motivata di sanitario";"Diretto all’accoglienza, preferibilmente con richiesta MMG; successiva definizione del percorso.";"2026-09-21";"riesame_parziale";"https://www.aslroma4.it/strutture-sanitarie/strutture-di-salute-mentale";"pagina_ufficiale";"Requisiti di accesso dichiarati per tutti i CSM Roma 4. Non estesi automaticamente ad altre ASL."
"rete";"R4-04";"CSM Distretto 3 — Bracciano";"indirizzo";"Via Trento, 18";"Via Trento 18, Bracciano";"2026-09-21";"riesame_parziale";"https://www.aslroma4.it/strutture-sanitarie/strutture-di-salute-mentale";"pagina_ufficiale";"Requisiti di accesso dichiarati per tutti i CSM Roma 4. Non estesi automaticamente ad altre ASL."
"rete";"R4-04";"CSM Distretto 3 — Bracciano";"telefono";"0696669204 / 0696669205 / 0696669208";"06 96669204 / 06 96669205 / 06 96669208";"2026-09-21";"riesame_parziale";"https://www.aslroma4.it/strutture-sanitarie/strutture-di-salute-mentale";"pagina_ufficiale";"Requisiti di accesso dichiarati per tutti i CSM Roma 4. Non estesi automaticamente ad altre ASL."
"rete";"R4-04";"CSM Distretto 3 — Bracciano";"email";"csm.bracciano@aslroma4.it";"csm.bracciano@aslroma4.it";"2026-09-21";"riesame_parziale";"https://www.aslroma4.it/strutture-sanitarie/strutture-di-salute-mentale";"pagina_ufficiale";"Requisiti di accesso dichiarati per tutti i CSM Roma 4. Non estesi automaticamente ad altre ASL."
"rete";"R4-04";"CSM Distretto 3 — Bracciano";"orari";"Lun–ven 08:00–20:00; sab e prefestivi 08:00–14:00";"Lun–ven 08–20; sab 08–14";"2026-09-21";"riesame_parziale";"https://www.aslroma4.it/strutture-sanitarie/strutture-di-salute-mentale";"pagina_ufficiale";"Requisiti di accesso dichiarati per tutti i CSM Roma 4. Non estesi automaticamente ad altre ASL."
"rete";"R4-04";"CSM Distretto 3 — Bracciano";"destinatari";"";"Persone di età maggiore di 18 anni; CSM competente per territorio di residenza.";"2026-09-21";"riesame_parziale";"https://www.aslroma4.it/strutture-sanitarie/strutture-di-salute-mentale";"pagina_ufficiale";"Requisiti di accesso dichiarati per tutti i CSM Roma 4. Non estesi automaticamente ad altre ASL."
"rete";"R4-04";"CSM Distretto 3 — Bracciano";"accesso";"CSM competente per residenza; accesso diretto all'accoglienza, preferibilmente con richiesta MMG; urgenze su richiesta motivata di sanitario";"Diretto all’accoglienza, preferibilmente con richiesta MMG; successiva definizione del percorso.";"2026-09-21";"riesame_parziale";"https://www.aslroma4.it/strutture-sanitarie/strutture-di-salute-mentale";"pagina_ufficiale";"Requisiti di accesso dichiarati per tutti i CSM Roma 4. Non estesi automaticamente ad altre ASL."
"rete";"R4-05";"CSM Distretto 4 — Morlupo";"indirizzo";"Via Roncacci, 78";"Via Roncacci 78, Morlupo";"2026-09-21";"riesame_parziale";"https://www.aslroma4.it/strutture-sanitarie/strutture-di-salute-mentale";"pagina_ufficiale";"Requisiti di accesso dichiarati per tutti i CSM Roma 4. Non estesi automaticamente ad altre ASL."
"rete";"R4-05";"CSM Distretto 4 — Morlupo";"telefono";"0696669917 / 0696669907";"06 96669917 / 06 96669907";"2026-09-21";"riesame_parziale";"https://www.aslroma4.it/strutture-sanitarie/strutture-di-salute-mentale";"pagina_ufficiale";"Requisiti di accesso dichiarati per tutti i CSM Roma 4. Non estesi automaticamente ad altre ASL."
"rete";"R4-05";"CSM Distretto 4 — Morlupo";"email";"csm.f4@aslroma4.it";"csm.f4@aslroma4.it";"2026-09-21";"riesame_parziale";"https://www.aslroma4.it/strutture-sanitarie/strutture-di-salute-mentale";"pagina_ufficiale";"Requisiti di accesso dichiarati per tutti i CSM Roma 4. Non estesi automaticamente ad altre ASL."
"rete";"R4-05";"CSM Distretto 4 — Morlupo";"orari";"Lun–ven 08:00–20:00; sab e prefestivi 08:00–14:00";"Lun–ven 08–20; sab 08–14";"2026-09-21";"riesame_parziale";"https://www.aslroma4.it/strutture-sanitarie/strutture-di-salute-mentale";"pagina_ufficiale";"Requisiti di accesso dichiarati per tutti i CSM Roma 4. Non estesi automaticamente ad altre ASL."
"rete";"R4-05";"CSM Distretto 4 — Morlupo";"destinatari";"";"Persone di età maggiore di 18 anni; CSM competente per territorio di residenza.";"2026-09-21";"riesame_parziale";"https://www.aslroma4.it/strutture-sanitarie/strutture-di-salute-mentale";"pagina_ufficiale";"Requisiti di accesso dichiarati per tutti i CSM Roma 4. Non estesi automaticamente ad altre ASL."
"rete";"R4-05";"CSM Distretto 4 — Morlupo";"accesso";"CSM competente per residenza; accesso diretto all'accoglienza, preferibilmente con richiesta MMG; urgenze su richiesta motivata di sanitario";"Diretto all’accoglienza, preferibilmente con richiesta MMG; successiva definizione del percorso.";"2026-09-21";"riesame_parziale";"https://www.aslroma4.it/strutture-sanitarie/strutture-di-salute-mentale";"pagina_ufficiale";"Requisiti di accesso dichiarati per tutti i CSM Roma 4. Non estesi automaticamente ad altre ASL."
"rete";"NET-034";"Centro Diurno Riabilitativo Distretto 1";"indirizzo";"Via Toscana, 25";"Via Toscana 25, Civitavecchia";"2026-09-21";"riesame_parziale";"https://www.aslroma4.it/strutture-sanitarie/strutture-di-salute-mentale";"pagina_ufficiale";""
"rete";"NET-034";"Centro Diurno Riabilitativo Distretto 1";"telefono";"06 96669748 / 0766 22727";"06 96669748 / 0766 22727";"2026-09-21";"riesame_parziale";"https://www.aslroma4.it/strutture-sanitarie/strutture-di-salute-mentale";"pagina_ufficiale";""
"rete";"NET-034";"Centro Diurno Riabilitativo Distretto 1";"email";"";"centrodiurno.f1@aslroma4.it / centrodiurno1@aslroma4.it";"2026-09-21";"riesame_parziale";"https://www.aslroma4.it/strutture-sanitarie/strutture-di-salute-mentale";"pagina_ufficiale";""
"rete";"NET-034";"Centro Diurno Riabilitativo Distretto 1";"orari";"Lun-ven 08:00-20:00; sab 08:00-14:00";"Lun–ven 08–20; sab 08–14";"2026-09-21";"riesame_parziale";"https://www.aslroma4.it/strutture-sanitarie/strutture-di-salute-mentale";"pagina_ufficiale";""
"rete";"NET-034";"Centro Diurno Riabilitativo Distretto 1";"accesso";"Su progetto terapeutico DSM";"Progetto personalizzato concordato con l’équipe curante del CSM di residenza.";"2026-09-21";"riesame_parziale";"https://www.aslroma4.it/strutture-sanitarie/strutture-di-salute-mentale";"pagina_ufficiale";""
"rete";"NET-035";"Centro Diurno Riabilitativo Distretto 2";"indirizzo";"Viale Mediterraneo, 35";"Viale Mediterraneo 35, Ladispoli";"2026-09-21";"riesame_parziale";"https://www.aslroma4.it/strutture-sanitarie/strutture-di-salute-mentale";"pagina_ufficiale";""
"rete";"NET-035";"Centro Diurno Riabilitativo Distretto 2";"telefono";"06 96669985/6";"06 96669985 / 06 96669986";"2026-09-21";"riesame_parziale";"https://www.aslroma4.it/strutture-sanitarie/strutture-di-salute-mentale";"pagina_ufficiale";""
"rete";"NET-035";"Centro Diurno Riabilitativo Distretto 2";"email";"";"cdr.f2@aslroma4.it / centrodiurno2@aslroma4.it";"2026-09-21";"riesame_parziale";"https://www.aslroma4.it/strutture-sanitarie/strutture-di-salute-mentale";"pagina_ufficiale";""
"rete";"NET-035";"Centro Diurno Riabilitativo Distretto 2";"orari";"Lun/ven 08:00-14:00; mar-mer-gio 08:00-17:30";"Lun e ven 08–14; mar, mer e gio 08–17:30";"2026-09-21";"riesame_parziale";"https://www.aslroma4.it/strutture-sanitarie/strutture-di-salute-mentale";"pagina_ufficiale";""
"rete";"NET-035";"Centro Diurno Riabilitativo Distretto 2";"accesso";"Su progetto terapeutico DSM";"Progetto personalizzato concordato con l’équipe curante del CSM di residenza.";"2026-09-21";"riesame_parziale";"https://www.aslroma4.it/strutture-sanitarie/strutture-di-salute-mentale";"pagina_ufficiale";""
"rete";"NET-036";"Centro Diurno Riabilitativo Distretto 3";"indirizzo";"Via Trento, 18";"Via Trento 18, Bracciano";"2026-09-21";"riesame_parziale";"https://www.aslroma4.it/strutture-sanitarie/strutture-di-salute-mentale";"pagina_ufficiale";""
"rete";"NET-036";"Centro Diurno Riabilitativo Distretto 3";"telefono";"06 96669211 / 209 / 212";"06 96669211 / 06 96669209 / 06 96669212";"2026-09-21";"riesame_parziale";"https://www.aslroma4.it/strutture-sanitarie/strutture-di-salute-mentale";"pagina_ufficiale";""
"rete";"NET-036";"Centro Diurno Riabilitativo Distretto 3";"email";"";"centrodiurno.f3@aslroma4.it / centrodiurno3@aslroma4.it";"2026-09-21";"riesame_parziale";"https://www.aslroma4.it/strutture-sanitarie/strutture-di-salute-mentale";"pagina_ufficiale";""
"rete";"NET-036";"Centro Diurno Riabilitativo Distretto 3";"orari";"Lun-gio 08:00-17:30; ven 08:00-14:00";"Lun–gio 08–17:30; ven 08–14";"2026-09-21";"riesame_parziale";"https://www.aslroma4.it/strutture-sanitarie/strutture-di-salute-mentale";"pagina_ufficiale";""
"rete";"NET-036";"Centro Diurno Riabilitativo Distretto 3";"accesso";"Su progetto terapeutico DSM";"Progetto personalizzato concordato con l’équipe curante del CSM di residenza.";"2026-09-21";"riesame_parziale";"https://www.aslroma4.it/strutture-sanitarie/strutture-di-salute-mentale";"pagina_ufficiale";""
"rete";"NET-037";"Centro Diurno Riabilitativo Distretto 4";"indirizzo";"Via B. Lesen, 9-11";"Via B. Lesen 9–11, Campagnano di Roma";"2026-09-21";"riesame_parziale";"https://www.aslroma4.it/strutture-sanitarie/strutture-di-salute-mentale";"pagina_ufficiale";""
"rete";"NET-037";"Centro Diurno Riabilitativo Distretto 4";"telefono";"06 96669248";"06 96669248";"2026-09-21";"riesame_parziale";"https://www.aslroma4.it/strutture-sanitarie/strutture-di-salute-mentale";"pagina_ufficiale";""
"rete";"NET-037";"Centro Diurno Riabilitativo Distretto 4";"email";"";"centrodiurno4@aslroma4.it";"2026-09-21";"riesame_parziale";"https://www.aslroma4.it/strutture-sanitarie/strutture-di-salute-mentale";"pagina_ufficiale";""
"rete";"NET-037";"Centro Diurno Riabilitativo Distretto 4";"orari";"Lun/gio 08:00-17:30; mar/mer/ven 08:00-14:00";"Lun e gio 08–17:30; mar, mer e ven 08–14";"2026-09-21";"riesame_parziale";"https://www.aslroma4.it/strutture-sanitarie/strutture-di-salute-mentale";"pagina_ufficiale";""
"rete";"NET-037";"Centro Diurno Riabilitativo Distretto 4";"accesso";"Su progetto terapeutico DSM";"Progetto personalizzato concordato con l’équipe curante del CSM di residenza.";"2026-09-21";"riesame_parziale";"https://www.aslroma4.it/strutture-sanitarie/strutture-di-salute-mentale";"pagina_ufficiale";""
"rete";"NET-038";"SRTRe Il Melograno";"indirizzo";"";"Via Fra Giovanni 38, Bracciano";"2026-09-21";"riesame_parziale";"https://www.aslroma4.it/strutture-sanitarie/strutture-di-salute-mentale";"pagina_ufficiale";"Dieci posti sono una dotazione indicata dalla pagina: non sono posti liberi né una quantificazione di posti contrattualizzati."
"rete";"NET-038";"SRTRe Il Melograno";"telefono";"";"06 99890300";"2026-09-21";"riesame_parziale";"https://www.aslroma4.it/strutture-sanitarie/strutture-di-salute-mentale";"pagina_ufficiale";"Dieci posti sono una dotazione indicata dalla pagina: non sono posti liberi né una quantificazione di posti contrattualizzati."
"rete";"NET-038";"SRTRe Il Melograno";"email";"";"ctr@aslroma4.it";"2026-09-21";"riesame_parziale";"https://www.aslroma4.it/strutture-sanitarie/strutture-di-salute-mentale";"pagina_ufficiale";"Dieci posti sono una dotazione indicata dalla pagina: non sono posti liberi né una quantificazione di posti contrattualizzati."
"rete";"NET-038";"SRTRe Il Melograno";"orari";"";"Struttura aperta H24; orari di segreteria non documentati separatamente.";"2026-09-21";"riesame_parziale";"https://www.aslroma4.it/strutture-sanitarie/strutture-di-salute-mentale";"pagina_ufficiale";"Dieci posti sono una dotazione indicata dalla pagina: non sono posti liberi né una quantificazione di posti contrattualizzati."
"rete";"NET-038";"SRTRe Il Melograno";"posti_dichiarati";"";"10";"2026-09-21";"riesame_parziale";"https://www.aslroma4.it/strutture-sanitarie/strutture-di-salute-mentale";"pagina_ufficiale";"Dieci posti sono una dotazione indicata dalla pagina: non sono posti liberi né una quantificazione di posti contrattualizzati."
"rete";"NET-038";"SRTRe Il Melograno";"accesso";"Su invio/progetto DSM";"Esclusivamente su proposta del CSM territorialmente competente.";"2026-09-21";"riesame_parziale";"https://www.aslroma4.it/strutture-sanitarie/strutture-di-salute-mentale";"pagina_ufficiale";"Dieci posti sono una dotazione indicata dalla pagina: non sono posti liberi né una quantificazione di posti contrattualizzati."
"rete";"NET-038";"SRTRe Il Melograno";"destinatari";"";"Persone con gravi disturbi mentali residenti nel territorio ASL Roma 4.";"2026-09-21";"riesame_parziale";"https://www.aslroma4.it/strutture-sanitarie/strutture-di-salute-mentale";"pagina_ufficiale";"Dieci posti sono una dotazione indicata dalla pagina: non sono posti liberi né una quantificazione di posti contrattualizzati."
"rete";"NET-038";"SRTRe Il Melograno";"servizi";"Trattamento residenziale terapeutico-riabilitativo estensivo";"Progetto terapeutico-riabilitativo individualizzato; riabilitazione, interventi individuali e di gruppo, trattamento farmacologico e incontri familiari.";"2026-09-21";"riesame_parziale";"https://www.aslroma4.it/strutture-sanitarie/strutture-di-salute-mentale";"pagina_ufficiale";"Dieci posti sono una dotazione indicata dalla pagina: non sono posti liberi né una quantificazione di posti contrattualizzati."
"rete";"VT-02";"CSM / ambulatorio Acquapendente";"indirizzo";"Via Palmiro Togliatti, 14";"Via Palmiro Togliatti 14, Acquapendente";"2026-09-21";"riesame_parziale";"https://asl.vt.it/csm-centro-di-salute-mentale";"pagina_ufficiale";"Informazioni di sede riscontrate nella pagina pubblica ASL con aggiornamento dichiarato 16/04/2025; disponibilità attuale non confermata telefonicamente."
"rete";"VT-02";"CSM / ambulatorio Acquapendente";"telefono";"0763711205";"0763 711205";"2026-09-21";"riesame_parziale";"https://asl.vt.it/csm-centro-di-salute-mentale";"pagina_ufficiale";"Informazioni di sede riscontrate nella pagina pubblica ASL con aggiornamento dichiarato 16/04/2025; disponibilità attuale non confermata telefonicamente."
"rete";"VT-02";"CSM / ambulatorio Acquapendente";"orari";"Mer/ven 09–13:30";"Mer e ven 09–13:30";"2026-09-21";"riesame_parziale";"https://asl.vt.it/csm-centro-di-salute-mentale";"pagina_ufficiale";"Informazioni di sede riscontrate nella pagina pubblica ASL con aggiornamento dichiarato 16/04/2025; disponibilità attuale non confermata telefonicamente."
"rete";"VT-03";"CSM / ambulatorio Bagnoregio";"indirizzo";"Via Fratelli Agosti, 6";"Via Fratelli Agosti 6, Bagnoregio";"2026-09-21";"riesame_parziale";"https://asl.vt.it/csm-centro-di-salute-mentale";"pagina_ufficiale";"Informazioni di sede riscontrate nella pagina pubblica ASL con aggiornamento dichiarato 16/04/2025; disponibilità attuale non confermata telefonicamente."
"rete";"VT-03";"CSM / ambulatorio Bagnoregio";"telefono";"07611860426";"0761 1860426";"2026-09-21";"riesame_parziale";"https://asl.vt.it/csm-centro-di-salute-mentale";"pagina_ufficiale";"Informazioni di sede riscontrate nella pagina pubblica ASL con aggiornamento dichiarato 16/04/2025; disponibilità attuale non confermata telefonicamente."
"rete";"VT-03";"CSM / ambulatorio Bagnoregio";"orari";"Lun/ven 09–13:30";"Lun e ven 09–13:30";"2026-09-21";"riesame_parziale";"https://asl.vt.it/csm-centro-di-salute-mentale";"pagina_ufficiale";"Informazioni di sede riscontrate nella pagina pubblica ASL con aggiornamento dichiarato 16/04/2025; disponibilità attuale non confermata telefonicamente."
"rete";"VT-04";"CSM / ambulatorio Canino";"indirizzo";"Via Bachelet";"Via Bachelet, Canino";"2026-09-21";"riesame_parziale";"https://asl.vt.it/csm-centro-di-salute-mentale";"pagina_ufficiale";"Informazioni di sede riscontrate nella pagina pubblica ASL con aggiornamento dichiarato 16/04/2025; disponibilità attuale non confermata telefonicamente."
"rete";"VT-04";"CSM / ambulatorio Canino";"telefono";"0761338594";"0761 338594";"2026-09-21";"riesame_parziale";"https://asl.vt.it/csm-centro-di-salute-mentale";"pagina_ufficiale";"Informazioni di sede riscontrate nella pagina pubblica ASL con aggiornamento dichiarato 16/04/2025; disponibilità attuale non confermata telefonicamente."
"rete";"VT-04";"CSM / ambulatorio Canino";"orari";"Gio 09–13";"Gio 09–13";"2026-09-21";"riesame_parziale";"https://asl.vt.it/csm-centro-di-salute-mentale";"pagina_ufficiale";"Informazioni di sede riscontrate nella pagina pubblica ASL con aggiornamento dichiarato 16/04/2025; disponibilità attuale non confermata telefonicamente."
"rete";"VT-05";"CSM / ambulatorio Montalto di Castro";"indirizzo";"Via della Stazione, 1";"Strada Castrense snc, Villa Ilvana, Montalto di Castro";"2026-09-21";"incongruenza_fonti";"https://asl.vt.it/csm-centro-di-salute-mentale";"pagina_ufficiale";"Informazioni di sede riscontrate nella pagina pubblica ASL con aggiornamento dichiarato 16/04/2025; disponibilità attuale non confermata telefonicamente. La pagina acquisita riporta strada Castrense; altra versione indicizzata riporta Via della Stazione. Confermare la sede prima di recarsi: non attestato un trasferimento nel 2026."
"rete";"VT-05";"CSM / ambulatorio Montalto di Castro";"telefono";"0766846502";"0766 846502";"2026-09-21";"incongruenza_fonti";"https://asl.vt.it/csm-centro-di-salute-mentale";"pagina_ufficiale";"Informazioni di sede riscontrate nella pagina pubblica ASL con aggiornamento dichiarato 16/04/2025; disponibilità attuale non confermata telefonicamente. La pagina acquisita riporta strada Castrense; altra versione indicizzata riporta Via della Stazione. Confermare la sede prima di recarsi: non attestato un trasferimento nel 2026."
"rete";"VT-05";"CSM / ambulatorio Montalto di Castro";"orari";"Mer/ven 09–13:30";"Mer e ven 09–13:30";"2026-09-21";"incongruenza_fonti";"https://asl.vt.it/csm-centro-di-salute-mentale";"pagina_ufficiale";"Informazioni di sede riscontrate nella pagina pubblica ASL con aggiornamento dichiarato 16/04/2025; disponibilità attuale non confermata telefonicamente. La pagina acquisita riporta strada Castrense; altra versione indicizzata riporta Via della Stazione. Confermare la sede prima di recarsi: non attestato un trasferimento nel 2026."
"rete";"VT-06";"CSM / ambulatorio Montefiascone";"indirizzo";"Via Dante Alighieri, 100";"Via Dante Alighieri 100, Montefiascone";"2026-09-21";"riesame_parziale";"https://asl.vt.it/csm-centro-di-salute-mentale";"pagina_ufficiale";"Informazioni di sede riscontrate nella pagina pubblica ASL con aggiornamento dichiarato 16/04/2025; disponibilità attuale non confermata telefonicamente."
"rete";"VT-06";"CSM / ambulatorio Montefiascone";"telefono";"07611860337 / 0761825716";"0761 1860337 / 0761 825716";"2026-09-21";"riesame_parziale";"https://asl.vt.it/csm-centro-di-salute-mentale";"pagina_ufficiale";"Informazioni di sede riscontrate nella pagina pubblica ASL con aggiornamento dichiarato 16/04/2025; disponibilità attuale non confermata telefonicamente."
"rete";"VT-06";"CSM / ambulatorio Montefiascone";"orari";"Lun–ven 08:00–20:00; sab e prefestivi 08:00–14:00";"Lun–ven 08–20; sab e prefestivi 08–14";"2026-09-21";"riesame_parziale";"https://asl.vt.it/csm-centro-di-salute-mentale";"pagina_ufficiale";"Informazioni di sede riscontrate nella pagina pubblica ASL con aggiornamento dichiarato 16/04/2025; disponibilità attuale non confermata telefonicamente."
"rete";"VT-07";"CSM / ambulatorio Tarquinia";"indirizzo";"Via Suor Serafina Giudici";"Via Suor Serafina Giudici, Tarquinia";"2026-09-21";"riesame_parziale";"https://asl.vt.it/csm-centro-di-salute-mentale";"pagina_ufficiale";"Informazioni di sede riscontrate nella pagina pubblica ASL con aggiornamento dichiarato 16/04/2025; disponibilità attuale non confermata telefonicamente."
"rete";"VT-07";"CSM / ambulatorio Tarquinia";"telefono";"0766840664";"0766 840664";"2026-09-21";"riesame_parziale";"https://asl.vt.it/csm-centro-di-salute-mentale";"pagina_ufficiale";"Informazioni di sede riscontrate nella pagina pubblica ASL con aggiornamento dichiarato 16/04/2025; disponibilità attuale non confermata telefonicamente."
"rete";"VT-07";"CSM / ambulatorio Tarquinia";"orari";"Lun–ven 08:00–20:00; sab e prefestivi 08:00–14:00";"Lun–ven 08–20; sab e prefestivi 08–14";"2026-09-21";"riesame_parziale";"https://asl.vt.it/csm-centro-di-salute-mentale";"pagina_ufficiale";"Informazioni di sede riscontrate nella pagina pubblica ASL con aggiornamento dichiarato 16/04/2025; disponibilità attuale non confermata telefonicamente."
"rete";"VT-08";"CSM / ambulatorio Tuscania";"indirizzo";"Piazza F. Basile";"Piazza F. Basile, Tuscania";"2026-09-21";"riesame_parziale";"https://asl.vt.it/csm-centro-di-salute-mentale";"pagina_ufficiale";"Informazioni di sede riscontrate nella pagina pubblica ASL con aggiornamento dichiarato 16/04/2025; disponibilità attuale non confermata telefonicamente."
"rete";"VT-08";"CSM / ambulatorio Tuscania";"telefono";"0761338817";"0761 338817";"2026-09-21";"riesame_parziale";"https://asl.vt.it/csm-centro-di-salute-mentale";"pagina_ufficiale";"Informazioni di sede riscontrate nella pagina pubblica ASL con aggiornamento dichiarato 16/04/2025; disponibilità attuale non confermata telefonicamente."
"rete";"VT-08";"CSM / ambulatorio Tuscania";"orari";"Lun/gio 09–13:30";"Lun e gio 09–13:30";"2026-09-21";"riesame_parziale";"https://asl.vt.it/csm-centro-di-salute-mentale";"pagina_ufficiale";"Informazioni di sede riscontrate nella pagina pubblica ASL con aggiornamento dichiarato 16/04/2025; disponibilità attuale non confermata telefonicamente."
"rete";"VT-09";"CSM / ambulatorio Valentano";"indirizzo";"Via delle Mura Castellane, 28";"Via delle Mura Castellane 28, Valentano";"2026-09-21";"riesame_parziale";"https://asl.vt.it/csm-centro-di-salute-mentale";"pagina_ufficiale";"Informazioni di sede riscontrate nella pagina pubblica ASL con aggiornamento dichiarato 16/04/2025; disponibilità attuale non confermata telefonicamente."
"rete";"VT-09";"CSM / ambulatorio Valentano";"telefono";"0763711205 / 07611860450";"0763 711205 / 0761 1860450";"2026-09-21";"riesame_parziale";"https://asl.vt.it/csm-centro-di-salute-mentale";"pagina_ufficiale";"Informazioni di sede riscontrate nella pagina pubblica ASL con aggiornamento dichiarato 16/04/2025; disponibilità attuale non confermata telefonicamente."
"rete";"VT-09";"CSM / ambulatorio Valentano";"orari";"Lun/mer 09–13:30";"Lun e mer 09–13:30";"2026-09-21";"riesame_parziale";"https://asl.vt.it/csm-centro-di-salute-mentale";"pagina_ufficiale";"Informazioni di sede riscontrate nella pagina pubblica ASL con aggiornamento dichiarato 16/04/2025; disponibilità attuale non confermata telefonicamente."
"rete";"VT-10";"CSM / ambulatorio Orte";"indirizzo";"Via A. Gramsci, 41";"Via A. Gramsci 41, Orte";"2026-09-21";"riesame_parziale";"https://asl.vt.it/csm-centro-di-salute-mentale";"pagina_ufficiale";"Informazioni di sede riscontrate nella pagina pubblica ASL con aggiornamento dichiarato 16/04/2025; disponibilità attuale non confermata telefonicamente."
"rete";"VT-10";"CSM / ambulatorio Orte";"telefono";"0761338214";"0761 338214";"2026-09-21";"riesame_parziale";"https://asl.vt.it/csm-centro-di-salute-mentale";"pagina_ufficiale";"Informazioni di sede riscontrate nella pagina pubblica ASL con aggiornamento dichiarato 16/04/2025; disponibilità attuale non confermata telefonicamente."
"rete";"VT-10";"CSM / ambulatorio Orte";"orari";"Mar 08–14";"Mar 08–14";"2026-09-21";"riesame_parziale";"https://asl.vt.it/csm-centro-di-salute-mentale";"pagina_ufficiale";"Informazioni di sede riscontrate nella pagina pubblica ASL con aggiornamento dichiarato 16/04/2025; disponibilità attuale non confermata telefonicamente."
"rete";"VT-11";"CSM / ambulatorio Soriano nel Cimino";"indirizzo";"Via Innocenzo VIII";"Via Innocenzo VIII, Soriano nel Cimino";"2026-09-21";"riesame_parziale";"https://asl.vt.it/csm-centro-di-salute-mentale";"pagina_ufficiale";"Informazioni di sede riscontrate nella pagina pubblica ASL con aggiornamento dichiarato 16/04/2025; disponibilità attuale non confermata telefonicamente."
"rete";"VT-11";"CSM / ambulatorio Soriano nel Cimino";"telefono";"0761745777";"0761 745777";"2026-09-21";"riesame_parziale";"https://asl.vt.it/csm-centro-di-salute-mentale";"pagina_ufficiale";"Informazioni di sede riscontrate nella pagina pubblica ASL con aggiornamento dichiarato 16/04/2025; disponibilità attuale non confermata telefonicamente."
"rete";"VT-11";"CSM / ambulatorio Soriano nel Cimino";"orari";"Lun 09–13";"Lun 09–13";"2026-09-21";"riesame_parziale";"https://asl.vt.it/csm-centro-di-salute-mentale";"pagina_ufficiale";"Informazioni di sede riscontrate nella pagina pubblica ASL con aggiornamento dichiarato 16/04/2025; disponibilità attuale non confermata telefonicamente."
"rete";"VT-12";"CSM / ambulatorio Viterbo";"indirizzo";"Via Enrico Fermi, 15";"Via E. Fermi 15, Viterbo";"2026-09-21";"riesame_parziale";"https://asl.vt.it/csm-centro-di-salute-mentale";"pagina_ufficiale";"Informazioni di sede riscontrate nella pagina pubblica ASL con aggiornamento dichiarato 16/04/2025; disponibilità attuale non confermata telefonicamente."
"rete";"VT-12";"CSM / ambulatorio Viterbo";"telefono";"0761236833";"0761 236833";"2026-09-21";"riesame_parziale";"https://asl.vt.it/csm-centro-di-salute-mentale";"pagina_ufficiale";"Informazioni di sede riscontrate nella pagina pubblica ASL con aggiornamento dichiarato 16/04/2025; disponibilità attuale non confermata telefonicamente."
"rete";"VT-12";"CSM / ambulatorio Viterbo";"orari";"Lun–ven 08:00–20:00; sab e prefestivi 08:00–14:00";"Lun–ven 08–20; sab e prefestivi 08–14";"2026-09-21";"riesame_parziale";"https://asl.vt.it/csm-centro-di-salute-mentale";"pagina_ufficiale";"Informazioni di sede riscontrate nella pagina pubblica ASL con aggiornamento dichiarato 16/04/2025; disponibilità attuale non confermata telefonicamente."
"rete";"VT-13";"CSM / ambulatorio Capranica";"indirizzo";"Strada Cassia, km 53.900";"Strada Cassia km 53.900, Capranica";"2026-09-21";"riesame_parziale";"https://asl.vt.it/csm-centro-di-salute-mentale";"pagina_ufficiale";"Informazioni di sede riscontrate nella pagina pubblica ASL con aggiornamento dichiarato 16/04/2025; disponibilità attuale non confermata telefonicamente."
"rete";"VT-13";"CSM / ambulatorio Capranica";"telefono";"0761678555 / 0761678591";"0761 678555 / 0761 678591";"2026-09-21";"riesame_parziale";"https://asl.vt.it/csm-centro-di-salute-mentale";"pagina_ufficiale";"Informazioni di sede riscontrate nella pagina pubblica ASL con aggiornamento dichiarato 16/04/2025; disponibilità attuale non confermata telefonicamente."
"rete";"VT-13";"CSM / ambulatorio Capranica";"orari";"Mar/gio 09–13:30";"Mar e gio 09–13:30";"2026-09-21";"riesame_parziale";"https://asl.vt.it/csm-centro-di-salute-mentale";"pagina_ufficiale";"Informazioni di sede riscontrate nella pagina pubblica ASL con aggiornamento dichiarato 16/04/2025; disponibilità attuale non confermata telefonicamente."
"rete";"VT-14";"CSM / ambulatorio Civita Castellana";"indirizzo";"Via Francesco Petrarca, snc";"Via Francesco Petrarca snc, Civita Castellana";"2026-09-21";"riesame_parziale";"https://asl.vt.it/csm-centro-di-salute-mentale";"pagina_ufficiale";"Informazioni di sede riscontrate nella pagina pubblica ASL con aggiornamento dichiarato 16/04/2025; disponibilità attuale non confermata telefonicamente."
"rete";"VT-14";"CSM / ambulatorio Civita Castellana";"telefono";"0761592331";"0761 592331";"2026-09-21";"riesame_parziale";"https://asl.vt.it/csm-centro-di-salute-mentale";"pagina_ufficiale";"Informazioni di sede riscontrate nella pagina pubblica ASL con aggiornamento dichiarato 16/04/2025; disponibilità attuale non confermata telefonicamente."
"rete";"VT-14";"CSM / ambulatorio Civita Castellana";"orari";"Lun–ven 08:00–20:00; sab e prefestivi 08:00–14:00";"Lun–ven 08–20; sab e prefestivi 08–14";"2026-09-21";"riesame_parziale";"https://asl.vt.it/csm-centro-di-salute-mentale";"pagina_ufficiale";"Informazioni di sede riscontrate nella pagina pubblica ASL con aggiornamento dichiarato 16/04/2025; disponibilità attuale non confermata telefonicamente."
"rete";"VT-15";"CSM / ambulatorio Fabrica di Roma";"indirizzo";"Vicolo della Pace, 2";"Vicolo della Pace 2, Fabrica di Roma";"2026-09-21";"riesame_parziale";"https://asl.vt.it/csm-centro-di-salute-mentale";"pagina_ufficiale";"Informazioni di sede riscontrate nella pagina pubblica ASL con aggiornamento dichiarato 16/04/2025; disponibilità attuale non confermata telefonicamente."
"rete";"VT-15";"CSM / ambulatorio Fabrica di Roma";"telefono";"0761569089";"0761 569089";"2026-09-21";"riesame_parziale";"https://asl.vt.it/csm-centro-di-salute-mentale";"pagina_ufficiale";"Informazioni di sede riscontrate nella pagina pubblica ASL con aggiornamento dichiarato 16/04/2025; disponibilità attuale non confermata telefonicamente."
"rete";"VT-15";"CSM / ambulatorio Fabrica di Roma";"orari";"Gio 09–13:30";"Gio 09–13:30";"2026-09-21";"riesame_parziale";"https://asl.vt.it/csm-centro-di-salute-mentale";"pagina_ufficiale";"Informazioni di sede riscontrate nella pagina pubblica ASL con aggiornamento dichiarato 16/04/2025; disponibilità attuale non confermata telefonicamente."
"rete";"VT-16";"CSM / ambulatorio Nepi";"indirizzo";"Via Tre Portoni, 2";"Via Tre Portoni 2, Nepi";"2026-09-21";"riesame_parziale";"https://asl.vt.it/csm-centro-di-salute-mentale";"pagina_ufficiale";"Informazioni di sede riscontrate nella pagina pubblica ASL con aggiornamento dichiarato 16/04/2025; disponibilità attuale non confermata telefonicamente."
"rete";"VT-16";"CSM / ambulatorio Nepi";"telefono";"0761570394";"0761 570394";"2026-09-21";"riesame_parziale";"https://asl.vt.it/csm-centro-di-salute-mentale";"pagina_ufficiale";"Informazioni di sede riscontrate nella pagina pubblica ASL con aggiornamento dichiarato 16/04/2025; disponibilità attuale non confermata telefonicamente."
"rete";"VT-16";"CSM / ambulatorio Nepi";"orari";"Lun 09–13:30";"Lun 09–13:30";"2026-09-21";"riesame_parziale";"https://asl.vt.it/csm-centro-di-salute-mentale";"pagina_ufficiale";"Informazioni di sede riscontrate nella pagina pubblica ASL con aggiornamento dichiarato 16/04/2025; disponibilità attuale non confermata telefonicamente."
"rete";"VT-17";"CSM / ambulatorio Ronciglione";"indirizzo";"Via Ospedale Sant’Anna, 17";"Via Ospedale Sant’Anna 17, Ronciglione";"2026-09-21";"riesame_parziale";"https://asl.vt.it/csm-centro-di-salute-mentale";"pagina_ufficiale";"Informazioni di sede riscontrate nella pagina pubblica ASL con aggiornamento dichiarato 16/04/2025; disponibilità attuale non confermata telefonicamente."
"rete";"VT-17";"CSM / ambulatorio Ronciglione";"telefono";"0761651298";"0761 651298";"2026-09-21";"riesame_parziale";"https://asl.vt.it/csm-centro-di-salute-mentale";"pagina_ufficiale";"Informazioni di sede riscontrate nella pagina pubblica ASL con aggiornamento dichiarato 16/04/2025; disponibilità attuale non confermata telefonicamente."
"rete";"VT-17";"CSM / ambulatorio Ronciglione";"orari";"Lun/mer 09–13:30";"Lun e mer 09–13:30";"2026-09-21";"riesame_parziale";"https://asl.vt.it/csm-centro-di-salute-mentale";"pagina_ufficiale";"Informazioni di sede riscontrate nella pagina pubblica ASL con aggiornamento dichiarato 16/04/2025; disponibilità attuale non confermata telefonicamente."
"rete";"VT-18";"CSM / ambulatorio Vetralla";"indirizzo";"Via Gilberto Pietrella, 5";"Via Gilberto Pietrella 5, Vetralla";"2026-09-21";"riesame_parziale";"https://asl.vt.it/csm-centro-di-salute-mentale";"pagina_ufficiale";"Informazioni di sede riscontrate nella pagina pubblica ASL con aggiornamento dichiarato 16/04/2025; disponibilità attuale non confermata telefonicamente."
"rete";"VT-18";"CSM / ambulatorio Vetralla";"telefono";"0761338806";"0761 338806";"2026-09-21";"riesame_parziale";"https://asl.vt.it/csm-centro-di-salute-mentale";"pagina_ufficiale";"Informazioni di sede riscontrate nella pagina pubblica ASL con aggiornamento dichiarato 16/04/2025; disponibilità attuale non confermata telefonicamente."
"rete";"VT-18";"CSM / ambulatorio Vetralla";"orari";"Lun–ven 08:00–20:00; sab e prefestivi 08:00–14:00";"Lun–ven 08–20; sab 08–14";"2026-09-21";"riesame_parziale";"https://asl.vt.it/csm-centro-di-salute-mentale";"pagina_ufficiale";"Informazioni di sede riscontrate nella pagina pubblica ASL con aggiornamento dichiarato 16/04/2025; disponibilità attuale non confermata telefonicamente."
"rete";"VT-19";"CSM / ambulatorio Vignanello";"indirizzo";"Via Donatori di Sangue, snc";"Via Donatori di Sangue snc, Vignanello";"2026-09-21";"riesame_parziale";"https://asl.vt.it/csm-centro-di-salute-mentale";"pagina_ufficiale";"Informazioni di sede riscontrate nella pagina pubblica ASL con aggiornamento dichiarato 16/04/2025; disponibilità attuale non confermata telefonicamente."
"rete";"VT-19";"CSM / ambulatorio Vignanello";"telefono";"0761592462";"0761 592462";"2026-09-21";"riesame_parziale";"https://asl.vt.it/csm-centro-di-salute-mentale";"pagina_ufficiale";"Informazioni di sede riscontrate nella pagina pubblica ASL con aggiornamento dichiarato 16/04/2025; disponibilità attuale non confermata telefonicamente."
"rete";"VT-19";"CSM / ambulatorio Vignanello";"orari";"Lun/gio/ven 09–13:30";"Lun, gio e ven 09–13:30";"2026-09-21";"riesame_parziale";"https://asl.vt.it/csm-centro-di-salute-mentale";"pagina_ufficiale";"Informazioni di sede riscontrate nella pagina pubblica ASL con aggiornamento dichiarato 16/04/2025; disponibilità attuale non confermata telefonicamente."
"rete";"RI-02";"CSM Rieti — Distretto 1";"indirizzo";"Via Salaria per Roma, 36";"Via Salaria per Roma 36, Rieti";"2026-09-21";"riscontro_indice_da_confermare";"https://www.asl.rieti.it/organizzazione-aziendale/dipartimenti/dipartimento-promozione-e-tutela-della-salute-mentale/uosd-csm/csm-distretto-1";"indice_ufficiale";"Riscontro limitato al contenuto indicizzato del dominio ASL; pagina integrale non acquisibile. Non equivale a verifica operativa 2026."
"rete";"RI-02";"CSM Rieti — Distretto 1";"telefono";"0746278901 / 0746278903 / 0746278904 / 0746278905 / 0746278906 / 0746278918";"0746 278901 / 0746 278903 / 0746 278904";"2026-09-21";"riscontro_indice_da_confermare";"https://www.asl.rieti.it/organizzazione-aziendale/dipartimenti/dipartimento-promozione-e-tutela-della-salute-mentale/uosd-csm/csm-distretto-1";"indice_ufficiale";"Riscontro limitato al contenuto indicizzato del dominio ASL; pagina integrale non acquisibile. Non equivale a verifica operativa 2026."
"rete";"RI-02";"CSM Rieti — Distretto 1";"orari";"Lun–ven 07:30–20:30; sab 08:00–14:00 (attività ambulatoriale; attività programmate anche sabato)";"Attività ambulatoriale: lun–ven 07:30–20:30; sab 08–14. Confermare con il servizio.";"2026-09-21";"riscontro_indice_da_confermare";"https://www.asl.rieti.it/organizzazione-aziendale/dipartimenti/dipartimento-promozione-e-tutela-della-salute-mentale/uosd-csm/csm-distretto-1";"indice_ufficiale";"Riscontro limitato al contenuto indicizzato del dominio ASL; pagina integrale non acquisibile. Non equivale a verifica operativa 2026."
"rete";"RI-04";"CSM Cicolano — Peschieta di Fiamignano";"indirizzo";"Via Don Agostino Gismondi, 2";"Via Don Agostino Gismondi 2, Peschieta di Fiamignano";"2026-09-21";"riscontro_indice_da_confermare";"https://www.asl.rieti.it/organizzazione-aziendale/dipartimenti/dipartimento-promozione-e-tutela-della-salute-mentale/uosd-csm/csm-distretto-1";"indice_ufficiale";"Riscontro limitato al contenuto indicizzato del dominio ASL; pagina integrale non acquisibile. Non equivale a verifica operativa 2026."
"rete";"RI-04";"CSM Cicolano — Peschieta di Fiamignano";"telefono";"074654801";"0746 54801";"2026-09-21";"riscontro_indice_da_confermare";"https://www.asl.rieti.it/organizzazione-aziendale/dipartimenti/dipartimento-promozione-e-tutela-della-salute-mentale/uosd-csm/csm-distretto-1";"indice_ufficiale";"Riscontro limitato al contenuto indicizzato del dominio ASL; pagina integrale non acquisibile. Non equivale a verifica operativa 2026."
"rete";"RI-04";"CSM Cicolano — Peschieta di Fiamignano";"orari";"Lun–ven 08:00–14:00";"CSM lun–ven 08–14; ambulatorio mar, mer e ven 10–13.";"2026-09-21";"riscontro_indice_da_confermare";"https://www.asl.rieti.it/organizzazione-aziendale/dipartimenti/dipartimento-promozione-e-tutela-della-salute-mentale/uosd-csm/csm-distretto-1";"indice_ufficiale";"Riscontro limitato al contenuto indicizzato del dominio ASL; pagina integrale non acquisibile. Non equivale a verifica operativa 2026."
"rete";"RI-08";"Ambulatorio CSM Leonessa";"indirizzo";"Via del Corso, snc";"Via del Corso snc, Leonessa";"2026-09-21";"riscontro_indice_da_confermare";"https://www.asl.rieti.it/organizzazione-aziendale/dipartimenti/dipartimento-promozione-e-tutela-della-salute-mentale/uosd-csm/csm-distretto-1";"indice_ufficiale";"Riscontro limitato al contenuto indicizzato del dominio ASL; pagina integrale non acquisibile. Non equivale a verifica operativa 2026."
"rete";"RI-08";"Ambulatorio CSM Leonessa";"telefono";"074692351";"0746 92351";"2026-09-21";"riscontro_indice_da_confermare";"https://www.asl.rieti.it/organizzazione-aziendale/dipartimenti/dipartimento-promozione-e-tutela-della-salute-mentale/uosd-csm/csm-distretto-1";"indice_ufficiale";"Riscontro limitato al contenuto indicizzato del dominio ASL; pagina integrale non acquisibile. Non equivale a verifica operativa 2026."
"rete";"RI-08";"Ambulatorio CSM Leonessa";"orari";"1° e 3° mercoledì del mese 10:30–13:00";"Primo e terzo mercoledì del mese 10:30–13; calendario da riconfermare.";"2026-09-21";"riscontro_indice_da_confermare";"https://www.asl.rieti.it/organizzazione-aziendale/dipartimenti/dipartimento-promozione-e-tutela-della-salute-mentale/uosd-csm/csm-distretto-1";"indice_ufficiale";"Riscontro limitato al contenuto indicizzato del dominio ASL; pagina integrale non acquisibile. Non equivale a verifica operativa 2026."
"rete";"RI-09";"Ambulatorio CSM Antrodoco";"indirizzo";"Piazza Martiri della Libertà";"Piazza Martiri della Libertà, Antrodoco";"2026-09-21";"riscontro_indice_da_confermare";"https://www.asl.rieti.it/organizzazione-aziendale/dipartimenti/dipartimento-promozione-e-tutela-della-salute-mentale/uosd-csm/csm-distretto-1";"indice_ufficiale";"Riscontro limitato al contenuto indicizzato del dominio ASL; pagina integrale non acquisibile. Non equivale a verifica operativa 2026."
"rete";"RI-09";"Ambulatorio CSM Antrodoco";"telefono";"074658201";"0746 58201";"2026-09-21";"riscontro_indice_da_confermare";"https://www.asl.rieti.it/organizzazione-aziendale/dipartimenti/dipartimento-promozione-e-tutela-della-salute-mentale/uosd-csm/csm-distretto-1";"indice_ufficiale";"Riscontro limitato al contenuto indicizzato del dominio ASL; pagina integrale non acquisibile. Non equivale a verifica operativa 2026."
"rete";"RI-09";"Ambulatorio CSM Antrodoco";"orari";"2° e 4° mercoledì del mese 11:00–14:00";"Secondo e quarto mercoledì del mese 11–14; calendario da riconfermare.";"2026-09-21";"riscontro_indice_da_confermare";"https://www.asl.rieti.it/organizzazione-aziendale/dipartimenti/dipartimento-promozione-e-tutela-della-salute-mentale/uosd-csm/csm-distretto-1";"indice_ufficiale";"Riscontro limitato al contenuto indicizzato del dominio ASL; pagina integrale non acquisibile. Non equivale a verifica operativa 2026."
"rete";"NET-063";"Centro Diurno Rieti";"indirizzo";"Via Tavola d'Argento, 19";"Via Tavola d’Argento 19, Rieti";"2026-09-21";"riscontro_indice_da_confermare";"https://www.asl.rieti.it/organizzazione-aziendale/dipartimenti/dipartimento-promozione-e-tutela-della-salute-mentale/uosd-csm/csm-distretto-1";"indice_ufficiale";"Riscontro limitato al contenuto indicizzato del dominio ASL; pagina integrale non acquisibile. Non equivale a verifica operativa 2026."
"rete";"NET-063";"Centro Diurno Rieti";"telefono";"0746 278579";"0746 278579";"2026-09-21";"riscontro_indice_da_confermare";"https://www.asl.rieti.it/organizzazione-aziendale/dipartimenti/dipartimento-promozione-e-tutela-della-salute-mentale/uosd-csm/csm-distretto-1";"indice_ufficiale";"Riscontro limitato al contenuto indicizzato del dominio ASL; pagina integrale non acquisibile. Non equivale a verifica operativa 2026."
"rete";"NET-063";"Centro Diurno Rieti";"orari";"Lun/mer 08:00-17:00; mar/gio/ven 08:00-14:00";"Lun e mer 08–17; mar, gio e ven 08–14";"2026-09-21";"riscontro_indice_da_confermare";"https://www.asl.rieti.it/organizzazione-aziendale/dipartimenti/dipartimento-promozione-e-tutela-della-salute-mentale/uosd-csm/csm-distretto-1";"indice_ufficiale";"Riscontro limitato al contenuto indicizzato del dominio ASL; pagina integrale non acquisibile. Non equivale a verifica operativa 2026."
"rete";"NET-064";"Centro Diurno Cicolano";"indirizzo";"Via Don Agostino Gismondi, 2";"Via Don Agostino Gismondi 2, Peschieta di Fiamignano";"2026-09-21";"riscontro_indice_da_confermare";"https://www.asl.rieti.it/organizzazione-aziendale/dipartimenti/dipartimento-promozione-e-tutela-della-salute-mentale/uosd-csm/csm-distretto-1";"indice_ufficiale";"Riscontro limitato al contenuto indicizzato del dominio ASL; pagina integrale non acquisibile. Non equivale a verifica operativa 2026."
"rete";"NET-064";"Centro Diurno Cicolano";"telefono";"0746 54801";"0746 54801";"2026-09-21";"riscontro_indice_da_confermare";"https://www.asl.rieti.it/organizzazione-aziendale/dipartimenti/dipartimento-promozione-e-tutela-della-salute-mentale/uosd-csm/csm-distretto-1";"indice_ufficiale";"Riscontro limitato al contenuto indicizzato del dominio ASL; pagina integrale non acquisibile. Non equivale a verifica operativa 2026."
"rete";"NET-064";"Centro Diurno Cicolano";"orari";"Lun/mer/ven 08:00-17:30";"Lun, mer e ven 08–17:30";"2026-09-21";"riscontro_indice_da_confermare";"https://www.asl.rieti.it/organizzazione-aziendale/dipartimenti/dipartimento-promozione-e-tutela-della-salute-mentale/uosd-csm/csm-distretto-1";"indice_ufficiale";"Riscontro limitato al contenuto indicizzato del dominio ASL; pagina integrale non acquisibile. Non equivale a verifica operativa 2026."
"rete";"NET-077";"Centro Diurno Orizzonti Aperti";"orari";"";"Lun, mar e gio 08–16; mer e ven 08–14; chiuso sabato. Da riconfermare.";"2026-09-21";"riscontro_indice_da_confermare";"https://www.asl.fr.it/strutture/dipartimenti/dipartimento-di-salute-mentale-e-delle-patologie-da-dipendenza/uoc-residenzialita-e-semiresidenzialita/uos-centri-diurni/";"indice_ufficiale";"Solo riscontro del testo indicizzato della pagina ASL; modalità relative a Orizzonti Aperti, non a tutti i centri."
"rete";"NET-077";"Centro Diurno Orizzonti Aperti";"accesso";"Invio CSM/SPDC; in alcuni casi richiesta diretta con valutazione UVM";"Scheda di invio del servizio curante; incontro con équipe inviante e presentazione con persona/famiglia, seguiti dai colloqui previsti dal centro.";"2026-09-21";"riscontro_indice_da_confermare";"https://www.asl.fr.it/strutture/dipartimenti/dipartimento-di-salute-mentale-e-delle-patologie-da-dipendenza/uoc-residenzialita-e-semiresidenzialita/uos-centri-diurni/";"indice_ufficiale";"Solo riscontro del testo indicizzato della pagina ASL; modalità relative a Orizzonti Aperti, non a tutti i centri."
"rete";"NET-078";"Centro Diurno Oltre il Muro";"orari";"";"Lun–gio 08–17; ven 08–16; da riconfermare.";"2026-09-21";"riscontro_indice_da_confermare";"https://www.asl.fr.it/strutture/dipartimenti/dipartimento-di-salute-mentale-e-delle-patologie-da-dipendenza/uoc-residenzialita-e-semiresidenzialita/uos-centri-diurni/";"indice_ufficiale";"Solo riscontro del testo indicizzato; modalità riferite a Oltre il Muro."
"rete";"NET-078";"Centro Diurno Oltre il Muro";"accesso";"Invio CSM/SPDC; in alcuni casi richiesta diretta con valutazione UVM";"Invio CSM; periodo di osservazione e progetto condiviso con la persona, familiari e CSM. Eventuali richieste dirette vengono raccordate ai servizi competenti.";"2026-09-21";"riscontro_indice_da_confermare";"https://www.asl.fr.it/strutture/dipartimenti/dipartimento-di-salute-mentale-e-delle-patologie-da-dipendenza/uoc-residenzialita-e-semiresidenzialita/uos-centri-diurni/";"indice_ufficiale";"Solo riscontro del testo indicizzato; modalità riferite a Oltre il Muro."
"moduli";"MOD-001";"Villa Armonia Nuova";"telefono";"";"06 66419000";"2026-09-21";"riesame_parziale";"https://kosgroup.com/it/centri/villa-armonia";"pagina_gestore";"Recapiti generali della struttura; non una nuova prova del singolo modulo."
"moduli";"MOD-001";"Villa Armonia Nuova";"email";"";"villaarmonia@kosgroup.com";"2026-09-21";"riesame_parziale";"https://kosgroup.com/it/centri/villa-armonia";"pagina_gestore";"Recapiti generali della struttura; non una nuova prova del singolo modulo."
"moduli";"MOD-001";"Villa Armonia Nuova";"contratto_periodo";"Contratto triennale + addendum 2026";"Art. 6: dal 01/01/2025 al 31/12/2026; budget esaminato relativo al 2025.";"2026-09-21";"riesame_parziale";"https://www.aslroma3.it/wp-content/uploads/2025/05/contratto_budget_15593_villa-armonia-nuova.pdf | https://www.aslroma3.it/amministrazione-trasparente/strutture-sanitarie-private-accreditate/";"pdf_testo_estratto_screenshot_non_disponibile | pagina_ufficiale";"Distinguere durata del rapporto da annualità del budget. Le voci valorizzate riguardano i cinque moduli del baseline, non l’intero formulario."
"moduli";"MOD-001";"Villa Armonia Nuova";"contratto_ssn_stato";"Contratto SRP Villa Armonia + addendum 2026 disponibili";"Contratto sottoscritto 29/04/2025 acquisito; addendum economico 2026 non acquisito.";"2026-09-21";"riesame_parziale";"https://www.aslroma3.it/wp-content/uploads/2025/05/contratto_budget_15593_villa-armonia-nuova.pdf | https://www.aslroma3.it/amministrazione-trasparente/strutture-sanitarie-private-accreditate/";"pdf_testo_estratto_screenshot_non_disponibile | pagina_ufficiale";"Distinguere durata del rapporto da annualità del budget. Le voci valorizzate riguardano i cinque moduli del baseline, non l’intero formulario."
"moduli";"MOD-001";"Villa Armonia Nuova";"budget_2026_stato";"Da verificare";"Da verificare: il portale ASL indica addendum 2026, non esaminato il contenuto.";"2026-09-21";"riesame_parziale";"https://www.aslroma3.it/wp-content/uploads/2025/05/contratto_budget_15593_villa-armonia-nuova.pdf | https://www.aslroma3.it/amministrazione-trasparente/strutture-sanitarie-private-accreditate/";"pdf_testo_estratto_screenshot_non_disponibile | pagina_ufficiale";"Distinguere durata del rapporto da annualità del budget. Le voci valorizzate riguardano i cinque moduli del baseline, non l’intero formulario."
"moduli";"MOD-001";"Villa Armonia Nuova";"contratto_fonte";"https://www.aslroma3.it/amministrazione-trasparente/strutture-sanitarie-private-accreditate/";"https://www.aslroma3.it/wp-content/uploads/2025/05/contratto_budget_15593_villa-armonia-nuova.pdf";"2026-09-21";"riesame_parziale";"https://www.aslroma3.it/wp-content/uploads/2025/05/contratto_budget_15593_villa-armonia-nuova.pdf | https://www.aslroma3.it/amministrazione-trasparente/strutture-sanitarie-private-accreditate/";"pdf_testo_estratto_screenshot_non_disponibile | pagina_ufficiale";"Distinguere durata del rapporto da annualità del budget. Le voci valorizzate riguardano i cinque moduli del baseline, non l’intero formulario."
"moduli";"MOD-002";"Villa Armonia Nuova";"telefono";"";"06 66419000";"2026-09-21";"riesame_parziale";"https://kosgroup.com/it/centri/villa-armonia";"pagina_gestore";"Recapiti generali della struttura; non una nuova prova del singolo modulo."
"moduli";"MOD-002";"Villa Armonia Nuova";"email";"";"villaarmonia@kosgroup.com";"2026-09-21";"riesame_parziale";"https://kosgroup.com/it/centri/villa-armonia";"pagina_gestore";"Recapiti generali della struttura; non una nuova prova del singolo modulo."
"moduli";"MOD-002";"Villa Armonia Nuova";"contratto_periodo";"01/01–31/12/2025; continuità 2026 da riconfermare";"Art. 6: dal 01/01/2025 al 31/12/2026; budget esaminato relativo al 2025.";"2026-09-21";"riesame_parziale";"https://www.aslroma3.it/wp-content/uploads/2025/05/contratto_budget_15593_villa-armonia-nuova.pdf | https://www.aslroma3.it/amministrazione-trasparente/strutture-sanitarie-private-accreditate/";"pdf_testo_estratto_screenshot_non_disponibile | pagina_ufficiale";"Distinguere durata del rapporto da annualità del budget. Le voci valorizzate riguardano i cinque moduli del baseline, non l’intero formulario."
"moduli";"MOD-002";"Villa Armonia Nuova";"contratto_ssn_stato";"Documentato in V5";"Contratto sottoscritto 29/04/2025 acquisito; addendum economico 2026 non acquisito.";"2026-09-21";"riesame_parziale";"https://www.aslroma3.it/wp-content/uploads/2025/05/contratto_budget_15593_villa-armonia-nuova.pdf | https://www.aslroma3.it/amministrazione-trasparente/strutture-sanitarie-private-accreditate/";"pdf_testo_estratto_screenshot_non_disponibile | pagina_ufficiale";"Distinguere durata del rapporto da annualità del budget. Le voci valorizzate riguardano i cinque moduli del baseline, non l’intero formulario."
"moduli";"MOD-002";"Villa Armonia Nuova";"budget_2026_stato";"Da verificare";"Da verificare: il portale ASL indica addendum 2026, non esaminato il contenuto.";"2026-09-21";"riesame_parziale";"https://www.aslroma3.it/wp-content/uploads/2025/05/contratto_budget_15593_villa-armonia-nuova.pdf | https://www.aslroma3.it/amministrazione-trasparente/strutture-sanitarie-private-accreditate/";"pdf_testo_estratto_screenshot_non_disponibile | pagina_ufficiale";"Distinguere durata del rapporto da annualità del budget. Le voci valorizzate riguardano i cinque moduli del baseline, non l’intero formulario."
"moduli";"MOD-002";"Villa Armonia Nuova";"contratto_fonte";"https://www.aslroma3.it/wp-content/uploads/2025/05/contratto_budget_15593_villa-armonia-nuova.pdf";"https://www.aslroma3.it/wp-content/uploads/2025/05/contratto_budget_15593_villa-armonia-nuova.pdf";"2026-09-21";"riesame_parziale";"https://www.aslroma3.it/wp-content/uploads/2025/05/contratto_budget_15593_villa-armonia-nuova.pdf | https://www.aslroma3.it/amministrazione-trasparente/strutture-sanitarie-private-accreditate/";"pdf_testo_estratto_screenshot_non_disponibile | pagina_ufficiale";"Distinguere durata del rapporto da annualità del budget. Le voci valorizzate riguardano i cinque moduli del baseline, non l’intero formulario."
"moduli";"MOD-003";"Villa Armonia Nuova";"telefono";"";"06 66419000";"2026-09-21";"riesame_parziale";"https://kosgroup.com/it/centri/villa-armonia";"pagina_gestore";"Recapiti generali della struttura; non una nuova prova del singolo modulo."
"moduli";"MOD-003";"Villa Armonia Nuova";"email";"";"villaarmonia@kosgroup.com";"2026-09-21";"riesame_parziale";"https://kosgroup.com/it/centri/villa-armonia";"pagina_gestore";"Recapiti generali della struttura; non una nuova prova del singolo modulo."
"moduli";"MOD-003";"Villa Armonia Nuova";"contratto_periodo";"01/01–31/12/2025; continuità 2026 da riconfermare";"Art. 6: dal 01/01/2025 al 31/12/2026; budget esaminato relativo al 2025.";"2026-09-21";"riesame_parziale";"https://www.aslroma3.it/wp-content/uploads/2025/05/contratto_budget_15593_villa-armonia-nuova.pdf | https://www.aslroma3.it/amministrazione-trasparente/strutture-sanitarie-private-accreditate/";"pdf_testo_estratto_screenshot_non_disponibile | pagina_ufficiale";"Distinguere durata del rapporto da annualità del budget. Le voci valorizzate riguardano i cinque moduli del baseline, non l’intero formulario."
"moduli";"MOD-003";"Villa Armonia Nuova";"contratto_ssn_stato";"Documentato in V5";"Contratto sottoscritto 29/04/2025 acquisito; addendum economico 2026 non acquisito.";"2026-09-21";"riesame_parziale";"https://www.aslroma3.it/wp-content/uploads/2025/05/contratto_budget_15593_villa-armonia-nuova.pdf | https://www.aslroma3.it/amministrazione-trasparente/strutture-sanitarie-private-accreditate/";"pdf_testo_estratto_screenshot_non_disponibile | pagina_ufficiale";"Distinguere durata del rapporto da annualità del budget. Le voci valorizzate riguardano i cinque moduli del baseline, non l’intero formulario."
"moduli";"MOD-003";"Villa Armonia Nuova";"budget_2026_stato";"Da verificare";"Da verificare: il portale ASL indica addendum 2026, non esaminato il contenuto.";"2026-09-21";"riesame_parziale";"https://www.aslroma3.it/wp-content/uploads/2025/05/contratto_budget_15593_villa-armonia-nuova.pdf | https://www.aslroma3.it/amministrazione-trasparente/strutture-sanitarie-private-accreditate/";"pdf_testo_estratto_screenshot_non_disponibile | pagina_ufficiale";"Distinguere durata del rapporto da annualità del budget. Le voci valorizzate riguardano i cinque moduli del baseline, non l’intero formulario."
"moduli";"MOD-003";"Villa Armonia Nuova";"contratto_fonte";"https://www.aslroma3.it/wp-content/uploads/2025/05/contratto_budget_15593_villa-armonia-nuova.pdf";"https://www.aslroma3.it/wp-content/uploads/2025/05/contratto_budget_15593_villa-armonia-nuova.pdf";"2026-09-21";"riesame_parziale";"https://www.aslroma3.it/wp-content/uploads/2025/05/contratto_budget_15593_villa-armonia-nuova.pdf | https://www.aslroma3.it/amministrazione-trasparente/strutture-sanitarie-private-accreditate/";"pdf_testo_estratto_screenshot_non_disponibile | pagina_ufficiale";"Distinguere durata del rapporto da annualità del budget. Le voci valorizzate riguardano i cinque moduli del baseline, non l’intero formulario."
"moduli";"MOD-004";"Villa Armonia Nuova";"telefono";"";"06 66419000";"2026-09-21";"riesame_parziale";"https://kosgroup.com/it/centri/villa-armonia";"pagina_gestore";"Recapiti generali della struttura; non una nuova prova del singolo modulo."
"moduli";"MOD-004";"Villa Armonia Nuova";"email";"";"villaarmonia@kosgroup.com";"2026-09-21";"riesame_parziale";"https://kosgroup.com/it/centri/villa-armonia";"pagina_gestore";"Recapiti generali della struttura; non una nuova prova del singolo modulo."
"moduli";"MOD-004";"Villa Armonia Nuova";"contratto_periodo";"01/01–31/12/2025; continuità 2026 da riconfermare";"Art. 6: dal 01/01/2025 al 31/12/2026; budget esaminato relativo al 2025.";"2026-09-21";"riesame_parziale";"https://www.aslroma3.it/wp-content/uploads/2025/05/contratto_budget_15593_villa-armonia-nuova.pdf | https://www.aslroma3.it/amministrazione-trasparente/strutture-sanitarie-private-accreditate/";"pdf_testo_estratto_screenshot_non_disponibile | pagina_ufficiale";"Distinguere durata del rapporto da annualità del budget. Le voci valorizzate riguardano i cinque moduli del baseline, non l’intero formulario."
"moduli";"MOD-004";"Villa Armonia Nuova";"contratto_ssn_stato";"Documentato in V5";"Contratto sottoscritto 29/04/2025 acquisito; addendum economico 2026 non acquisito.";"2026-09-21";"riesame_parziale";"https://www.aslroma3.it/wp-content/uploads/2025/05/contratto_budget_15593_villa-armonia-nuova.pdf | https://www.aslroma3.it/amministrazione-trasparente/strutture-sanitarie-private-accreditate/";"pdf_testo_estratto_screenshot_non_disponibile | pagina_ufficiale";"Distinguere durata del rapporto da annualità del budget. Le voci valorizzate riguardano i cinque moduli del baseline, non l’intero formulario."
"moduli";"MOD-004";"Villa Armonia Nuova";"budget_2026_stato";"Da verificare";"Da verificare: il portale ASL indica addendum 2026, non esaminato il contenuto.";"2026-09-21";"riesame_parziale";"https://www.aslroma3.it/wp-content/uploads/2025/05/contratto_budget_15593_villa-armonia-nuova.pdf | https://www.aslroma3.it/amministrazione-trasparente/strutture-sanitarie-private-accreditate/";"pdf_testo_estratto_screenshot_non_disponibile | pagina_ufficiale";"Distinguere durata del rapporto da annualità del budget. Le voci valorizzate riguardano i cinque moduli del baseline, non l’intero formulario."
"moduli";"MOD-004";"Villa Armonia Nuova";"contratto_fonte";"https://www.aslroma3.it/wp-content/uploads/2025/05/contratto_budget_15593_villa-armonia-nuova.pdf";"https://www.aslroma3.it/wp-content/uploads/2025/05/contratto_budget_15593_villa-armonia-nuova.pdf";"2026-09-21";"riesame_parziale";"https://www.aslroma3.it/wp-content/uploads/2025/05/contratto_budget_15593_villa-armonia-nuova.pdf | https://www.aslroma3.it/amministrazione-trasparente/strutture-sanitarie-private-accreditate/";"pdf_testo_estratto_screenshot_non_disponibile | pagina_ufficiale";"Distinguere durata del rapporto da annualità del budget. Le voci valorizzate riguardano i cinque moduli del baseline, non l’intero formulario."
"moduli";"MOD-005";"Villa Armonia Nuova";"telefono";"";"06 66419000";"2026-09-21";"riesame_parziale";"https://kosgroup.com/it/centri/villa-armonia";"pagina_gestore";"Recapiti generali della struttura; non una nuova prova del singolo modulo."
"moduli";"MOD-005";"Villa Armonia Nuova";"email";"";"villaarmonia@kosgroup.com";"2026-09-21";"riesame_parziale";"https://kosgroup.com/it/centri/villa-armonia";"pagina_gestore";"Recapiti generali della struttura; non una nuova prova del singolo modulo."
"moduli";"MOD-005";"Villa Armonia Nuova";"contratto_periodo";"01/01–31/12/2025; continuità 2026 da riconfermare";"Art. 6: dal 01/01/2025 al 31/12/2026; budget esaminato relativo al 2025.";"2026-09-21";"riesame_parziale";"https://www.aslroma3.it/wp-content/uploads/2025/05/contratto_budget_15593_villa-armonia-nuova.pdf | https://www.aslroma3.it/amministrazione-trasparente/strutture-sanitarie-private-accreditate/";"pdf_testo_estratto_screenshot_non_disponibile | pagina_ufficiale";"Distinguere durata del rapporto da annualità del budget. Le voci valorizzate riguardano i cinque moduli del baseline, non l’intero formulario."
"moduli";"MOD-005";"Villa Armonia Nuova";"contratto_ssn_stato";"Documentato in V5";"Contratto sottoscritto 29/04/2025 acquisito; addendum economico 2026 non acquisito.";"2026-09-21";"riesame_parziale";"https://www.aslroma3.it/wp-content/uploads/2025/05/contratto_budget_15593_villa-armonia-nuova.pdf | https://www.aslroma3.it/amministrazione-trasparente/strutture-sanitarie-private-accreditate/";"pdf_testo_estratto_screenshot_non_disponibile | pagina_ufficiale";"Distinguere durata del rapporto da annualità del budget. Le voci valorizzate riguardano i cinque moduli del baseline, non l’intero formulario."
"moduli";"MOD-005";"Villa Armonia Nuova";"budget_2026_stato";"Da verificare";"Da verificare: il portale ASL indica addendum 2026, non esaminato il contenuto.";"2026-09-21";"riesame_parziale";"https://www.aslroma3.it/wp-content/uploads/2025/05/contratto_budget_15593_villa-armonia-nuova.pdf | https://www.aslroma3.it/amministrazione-trasparente/strutture-sanitarie-private-accreditate/";"pdf_testo_estratto_screenshot_non_disponibile | pagina_ufficiale";"Distinguere durata del rapporto da annualità del budget. Le voci valorizzate riguardano i cinque moduli del baseline, non l’intero formulario."
"moduli";"MOD-005";"Villa Armonia Nuova";"contratto_fonte";"https://www.aslroma3.it/wp-content/uploads/2025/05/contratto_budget_15593_villa-armonia-nuova.pdf";"https://www.aslroma3.it/wp-content/uploads/2025/05/contratto_budget_15593_villa-armonia-nuova.pdf";"2026-09-21";"riesame_parziale";"https://www.aslroma3.it/wp-content/uploads/2025/05/contratto_budget_15593_villa-armonia-nuova.pdf | https://www.aslroma3.it/amministrazione-trasparente/strutture-sanitarie-private-accreditate/";"pdf_testo_estratto_screenshot_non_disponibile | pagina_ufficiale";"Distinguere durata del rapporto da annualità del budget. Le voci valorizzate riguardano i cinque moduli del baseline, non l’intero formulario."
"moduli";"MOD-014";"Villa Von Siebenthal";"posti_dichiarati";"30";"30";"2026-09-21";"riesame_parziale";"https://www.ghcspa.com/villavonsiebenthal/attivita/struttura-per-trattamenti-psichiatrici-intensivi-territoriali";"pagina_gestore";"Composizione descritta dal gestore; turni e copertura oraria non documentati. Il termine tecnici della riabilitazione non è automaticamente espanso a TeRP."
"moduli";"MOD-014";"Villa Von Siebenthal";"equipe";"Psichiatri, psicologi, riabilitatori, infermieri, OSS; consulenza internistica/cardiologica per STPIT.";"Psichiatri, consulenza internistica/cardiologica, psicologi, tecnici della riabilitazione, infermieri e OSS dichiarati per STPIT.";"2026-09-21";"riesame_parziale";"https://www.ghcspa.com/villavonsiebenthal/attivita/struttura-per-trattamenti-psichiatrici-intensivi-territoriali";"pagina_gestore";"Composizione descritta dal gestore; turni e copertura oraria non documentati. Il termine tecnici della riabilitazione non è automaticamente espanso a TeRP."
"moduli";"MOD-014";"Villa Von Siebenthal";"ammissione";"Invio CSM e PTI; STPIT anche trasferimento da SPDC/ospedale o domicilio con valutazione clinica.";"Trasferimento da SPDC/ospedale o ingresso dal domicilio; PTI e impegnativa CSM. Richiesta alla lista di attesa via email.";"2026-09-21";"riesame_parziale";"https://www.ghcspa.com/villavonsiebenthal/attivita/struttura-per-trattamenti-psichiatrici-intensivi-territoriali";"pagina_gestore";"Composizione descritta dal gestore; turni e copertura oraria non documentati. Il termine tecnici della riabilitazione non è automaticamente espanso a TeRP."
"moduli";"MOD-014";"Villa Von Siebenthal";"documenti_ingresso";"Da concordare con servizio inviante e accettazione; non acquisiti sistematicamente";"Documento d’identità, impegnativa, tessera sanitaria/codice fiscale e documentazione clinica precedente.";"2026-09-21";"riesame_parziale";"https://www.ghcspa.com/villavonsiebenthal/attivita/struttura-per-trattamenti-psichiatrici-intensivi-territoriali";"pagina_gestore";"Composizione descritta dal gestore; turni e copertura oraria non documentati. Il termine tecnici della riabilitazione non è automaticamente espanso a TeRP."
"moduli";"MOD-014";"Villa Von Siebenthal";"email";"listaattesa@villavonsiebenthal.it";"listaattesa@villavonsiebenthal.it";"2026-09-21";"riesame_parziale";"https://www.ghcspa.com/villavonsiebenthal/attivita/struttura-per-trattamenti-psichiatrici-intensivi-territoriali";"pagina_gestore";"Composizione descritta dal gestore; turni e copertura oraria non documentati. Il termine tecnici della riabilitazione non è automaticamente espanso a TeRP."
"moduli";"MOD-017";"Villa Von Siebenthal";"posti_dichiarati";"10";"10";"2026-09-21";"riesame_parziale";"https://www.ghcspa.com/villavonsiebenthal/accoglienza/ricoveri-per-adolescenti";"pagina_gestore";"Dati esplicitamente riferiti ai due moduli per adolescenti; non attestano un modulo amministrativo di doppia diagnosi."
"moduli";"MOD-017";"Villa Von Siebenthal";"destinatari";"Adolescenti";"Minori 12–17 anni con patologie psichiatriche all’esordio, anche associate a uso di sostanze.";"2026-09-21";"riesame_parziale";"https://www.ghcspa.com/villavonsiebenthal/accoglienza/ricoveri-per-adolescenti";"pagina_gestore";"Dati esplicitamente riferiti ai due moduli per adolescenti; non attestano un modulo amministrativo di doppia diagnosi."
"moduli";"MOD-017";"Villa Von Siebenthal";"ammissione";"Invio CSM e PTI; STPIT anche trasferimento da SPDC/ospedale o domicilio con valutazione clinica.";"Richiesta UONPI/TSMREE o neuropsichiatria infantile; segnalazioni familiari/sociali raccordate con i servizi territoriali invianti.";"2026-09-21";"riesame_parziale";"https://www.ghcspa.com/villavonsiebenthal/accoglienza/ricoveri-per-adolescenti";"pagina_gestore";"Dati esplicitamente riferiti ai due moduli per adolescenti; non attestano un modulo amministrativo di doppia diagnosi."
"moduli";"MOD-018";"Villa Von Siebenthal";"posti_dichiarati";"10";"10";"2026-09-21";"riesame_parziale";"https://www.ghcspa.com/villavonsiebenthal/accoglienza/ricoveri-per-adolescenti";"pagina_gestore";"Dati esplicitamente riferiti ai due moduli per adolescenti; non attestano un modulo amministrativo di doppia diagnosi."
"moduli";"MOD-018";"Villa Von Siebenthal";"destinatari";"Adolescenti";"Minori 12–17 anni con patologie psichiatriche all’esordio, anche associate a uso di sostanze.";"2026-09-21";"riesame_parziale";"https://www.ghcspa.com/villavonsiebenthal/accoglienza/ricoveri-per-adolescenti";"pagina_gestore";"Dati esplicitamente riferiti ai due moduli per adolescenti; non attestano un modulo amministrativo di doppia diagnosi."
"moduli";"MOD-018";"Villa Von Siebenthal";"ammissione";"Invio CSM e PTI; STPIT anche trasferimento da SPDC/ospedale o domicilio con valutazione clinica.";"Richiesta UONPI/TSMREE o neuropsichiatria infantile; segnalazioni familiari/sociali raccordate con i servizi territoriali invianti.";"2026-09-21";"riesame_parziale";"https://www.ghcspa.com/villavonsiebenthal/accoglienza/ricoveri-per-adolescenti";"pagina_gestore";"Dati esplicitamente riferiti ai due moduli per adolescenti; non attestano un modulo amministrativo di doppia diagnosi."
"moduli";"MOD-016";"Villa Von Siebenthal";"posti_dichiarati";"20";"Da confermare: 19 nella pagina del modulo; 20 nella pagina aziendale.";"2026-09-21";"incongruenza_fonti";"https://www.ghcspa.com/villavonsiebenthal/attivita/struttura-residenziale-terapeutico-riabilitativa-estensiva-per-adulti | https://www.ghcspa.com/villavonsiebenthal/la-struttura/l-azienda";"pagina_gestore | pagina_gestore";"Contrasto interno alle pagine del gestore; non modificati posti autorizzati/accreditati."
"moduli";"MOD-016";"Villa Von Siebenthal";"servizi";"Valutazione psichiatrica e psicologica | Terapia farmacologica | Riabilitazione psicosociale | Interventi con familiari";"Interventi psicoterapeutici, psicoeducazione, psicodiagnostica e trattamento farmacologico integrati al progetto riabilitativo.";"2026-09-21";"incongruenza_fonti";"https://www.ghcspa.com/villavonsiebenthal/attivita/struttura-residenziale-terapeutico-riabilitativa-estensiva-per-adulti | https://www.ghcspa.com/villavonsiebenthal/la-struttura/l-azienda";"pagina_gestore | pagina_gestore";"Contrasto interno alle pagine del gestore; non modificati posti autorizzati/accreditati."
"moduli";"MOD-019";"Villa Maria Pia";"durata_percorso";"Individualizzata; durata specifica non consolidata";"30 giorni; nei casi indicati dal gestore prolungamento fino a 60 giorni.";"2026-09-21";"riesame_parziale";"https://villamariapia.com/ricoveri/";"pagina_gestore";"Durata riferita a questo modulo, non regola universale per tutte le STPIT."
"moduli";"MOD-019";"Villa Maria Pia";"destinatari";"";"Adulti; modulo intensivo per post-acuzie.";"2026-09-21";"riesame_parziale";"https://villamariapia.com/ricoveri/";"pagina_gestore";"Durata riferita a questo modulo, non regola universale per tutte le STPIT."
"moduli";"MOD-019";"Villa Maria Pia";"posti_dichiarati";"30";"30";"2026-09-21";"riesame_parziale";"https://villamariapia.com/ricoveri/";"pagina_gestore";"Durata riferita a questo modulo, non regola universale per tutte le STPIT."
"moduli";"MOD-020";"Villa Maria Pia";"posti_dichiarati";"15";"15";"2026-09-21";"riesame_parziale";"https://villamariapia.com/ricoveri/";"pagina_gestore";"Quindici posti dichiarati non significano quindici posti SSN. Canale privato collegato a questo modulo, senza nuova struttura fittizia."
"moduli";"MOD-020";"Villa Maria Pia";"rapporto_ssn";"Tipologie convenzionate dichiarate dal gestore";"Il gestore dichiara accesso SSN con autorizzazione CSM e anche un canale privato SRSR H24; condizioni e quote da verificare.";"2026-09-21";"riesame_parziale";"https://villamariapia.com/ricoveri/";"pagina_gestore";"Quindici posti dichiarati non significano quindici posti SSN. Canale privato collegato a questo modulo, senza nuova struttura fittizia."
"moduli";"MOD-021";"Villa Maria Pia";"posti_dichiarati";"8";"8";"2026-09-21";"riesame_parziale";"https://villamariapia.com/ricoveri/";"pagina_gestore";""
"moduli";"MOD-022";"Colle Cesarano";"durata_percorso";"Individualizzata; durata specifica non consolidata";"30 giorni indicati dal gestore per STPIT.";"2026-09-21";"riesame_parziale";"https://www.collecesarano.com/stpit/";"pagina_gestore";""
"moduli";"MOD-022";"Colle Cesarano";"posti_dichiarati";"30";"30";"2026-09-21";"riesame_parziale";"https://www.collecesarano.com/stpit/";"pagina_gestore";""
"moduli";"MOD-022";"Colle Cesarano";"destinatari";"";"Persone in continuità post-SPDC oppure su indicazione DSM per trattamento intensivo territoriale; ammesse comorbidità con sostanze, alcol o gioco dichiarate dal gestore.";"2026-09-21";"riesame_parziale";"https://www.collecesarano.com/stpit/";"pagina_gestore";""
"moduli";"MOD-022";"Colle Cesarano";"ammissione";"Contatto accettazione e servizio inviante; idoneità al setting e autorizzazione da concordare.";"Indicazione e autorizzazione DSM secondo idoneità; non accesso libero.";"2026-09-21";"riesame_parziale";"https://www.collecesarano.com/stpit/";"pagina_gestore";""
"moduli";"MOD-030";"Samadi";"posti_dichiarati";"30";"30";"2026-09-21";"riesame_parziale";"https://www.ghcspa.com/samadi/accoglienza/modalita-di-accettazione-e-ricovero";"pagina_gestore";"Non riportati tempi medi di attesa come disponibilità attuale. Il requisito di tampone presente nella pagina non è assunto come obbligo vigente: da riconfermare."
"moduli";"MOD-030";"Samadi";"email";"accettazione@samadi.it";"accettazione@samadi.it";"2026-09-21";"riesame_parziale";"https://www.ghcspa.com/samadi/accoglienza/modalita-di-accettazione-e-ricovero";"pagina_gestore";"Non riportati tempi medi di attesa come disponibilità attuale. Il requisito di tampone presente nella pagina non è assunto come obbligo vigente: da riconfermare."
"moduli";"MOD-030";"Samadi";"orari";"";"Accettazione: lun–ven 09:30–13 e 14–16:30.";"2026-09-21";"riesame_parziale";"https://www.ghcspa.com/samadi/accoglienza/modalita-di-accettazione-e-ricovero";"pagina_gestore";"Non riportati tempi medi di attesa come disponibilità attuale. Il requisito di tampone presente nella pagina non è assunto come obbligo vigente: da riconfermare."
"moduli";"MOD-030";"Samadi";"presenza_medica";"";"Medico di guardia H24 dichiarato per la struttura; non pronto soccorso.";"2026-09-21";"riesame_parziale";"https://www.ghcspa.com/samadi/accoglienza/modalita-di-accettazione-e-ricovero";"pagina_gestore";"Non riportati tempi medi di attesa come disponibilità attuale. Il requisito di tampone presente nella pagina non è assunto come obbligo vigente: da riconfermare."
"moduli";"MOD-030";"Samadi";"documenti_ingresso";"Da concordare con servizio inviante e accettazione; non acquisiti sistematicamente";"Richiesta CSM con scheda farmacologica, documento, tessera sanitaria, ECG ed esami ematochimici; elenco corrente da confermare con accettazione.";"2026-09-21";"riesame_parziale";"https://www.ghcspa.com/samadi/accoglienza/modalita-di-accettazione-e-ricovero";"pagina_gestore";"Non riportati tempi medi di attesa come disponibilità attuale. Il requisito di tampone presente nella pagina non è assunto come obbligo vigente: da riconfermare."
"moduli";"MOD-031";"Samadi";"posti_dichiarati";"10";"10";"2026-09-21";"riesame_parziale";"https://www.ghcspa.com/samadi/accoglienza/modalita-di-accettazione-e-ricovero";"pagina_gestore";"Non riportati tempi medi di attesa come disponibilità attuale. Il requisito di tampone presente nella pagina non è assunto come obbligo vigente: da riconfermare."
"moduli";"MOD-031";"Samadi";"email";"accettazione@samadi.it";"accettazione@samadi.it";"2026-09-21";"riesame_parziale";"https://www.ghcspa.com/samadi/accoglienza/modalita-di-accettazione-e-ricovero";"pagina_gestore";"Non riportati tempi medi di attesa come disponibilità attuale. Il requisito di tampone presente nella pagina non è assunto come obbligo vigente: da riconfermare."
"moduli";"MOD-031";"Samadi";"orari";"";"Accettazione: lun–ven 09:30–13 e 14–16:30.";"2026-09-21";"riesame_parziale";"https://www.ghcspa.com/samadi/accoglienza/modalita-di-accettazione-e-ricovero";"pagina_gestore";"Non riportati tempi medi di attesa come disponibilità attuale. Il requisito di tampone presente nella pagina non è assunto come obbligo vigente: da riconfermare."
"moduli";"MOD-031";"Samadi";"presenza_medica";"";"Medico di guardia H24 dichiarato per la struttura; non pronto soccorso.";"2026-09-21";"riesame_parziale";"https://www.ghcspa.com/samadi/accoglienza/modalita-di-accettazione-e-ricovero";"pagina_gestore";"Non riportati tempi medi di attesa come disponibilità attuale. Il requisito di tampone presente nella pagina non è assunto come obbligo vigente: da riconfermare."
"moduli";"MOD-031";"Samadi";"documenti_ingresso";"Da concordare con servizio inviante e accettazione; non acquisiti sistematicamente";"Richiesta CSM con scheda farmacologica, documento, tessera sanitaria, ECG ed esami ematochimici; elenco corrente da confermare con accettazione.";"2026-09-21";"riesame_parziale";"https://www.ghcspa.com/samadi/accoglienza/modalita-di-accettazione-e-ricovero";"pagina_gestore";"Non riportati tempi medi di attesa come disponibilità attuale. Il requisito di tampone presente nella pagina non è assunto come obbligo vigente: da riconfermare."
"moduli";"MOD-031";"Samadi";"ammissione";"Richiesta CSM; autorizzazione UVM per moduli riabilitativi; valutazione di idoneità.";"Richiesta CSM del territorio e parere UVM del DSM per il modulo riabilitativo.";"2026-09-21";"riesame_parziale";"https://www.ghcspa.com/samadi/accoglienza/modalita-di-accettazione-e-ricovero";"pagina_gestore";"Non riportati tempi medi di attesa come disponibilità attuale. Il requisito di tampone presente nella pagina non è assunto come obbligo vigente: da riconfermare."
"moduli";"MOD-032";"Samadi";"posti_dichiarati";"10";"10";"2026-09-21";"riesame_parziale";"https://www.ghcspa.com/samadi/accoglienza/modalita-di-accettazione-e-ricovero";"pagina_gestore";"Non riportati tempi medi di attesa come disponibilità attuale. Il requisito di tampone presente nella pagina non è assunto come obbligo vigente: da riconfermare."
"moduli";"MOD-032";"Samadi";"email";"accettazione@samadi.it";"accettazione@samadi.it";"2026-09-21";"riesame_parziale";"https://www.ghcspa.com/samadi/accoglienza/modalita-di-accettazione-e-ricovero";"pagina_gestore";"Non riportati tempi medi di attesa come disponibilità attuale. Il requisito di tampone presente nella pagina non è assunto come obbligo vigente: da riconfermare."
"moduli";"MOD-032";"Samadi";"orari";"";"Accettazione: lun–ven 09:30–13 e 14–16:30.";"2026-09-21";"riesame_parziale";"https://www.ghcspa.com/samadi/accoglienza/modalita-di-accettazione-e-ricovero";"pagina_gestore";"Non riportati tempi medi di attesa come disponibilità attuale. Il requisito di tampone presente nella pagina non è assunto come obbligo vigente: da riconfermare."
"moduli";"MOD-032";"Samadi";"presenza_medica";"";"Medico di guardia H24 dichiarato per la struttura; non pronto soccorso.";"2026-09-21";"riesame_parziale";"https://www.ghcspa.com/samadi/accoglienza/modalita-di-accettazione-e-ricovero";"pagina_gestore";"Non riportati tempi medi di attesa come disponibilità attuale. Il requisito di tampone presente nella pagina non è assunto come obbligo vigente: da riconfermare."
"moduli";"MOD-032";"Samadi";"documenti_ingresso";"Da concordare con servizio inviante e accettazione; non acquisiti sistematicamente";"Richiesta CSM con scheda farmacologica, documento, tessera sanitaria, ECG ed esami ematochimici; elenco corrente da confermare con accettazione.";"2026-09-21";"riesame_parziale";"https://www.ghcspa.com/samadi/accoglienza/modalita-di-accettazione-e-ricovero";"pagina_gestore";"Non riportati tempi medi di attesa come disponibilità attuale. Il requisito di tampone presente nella pagina non è assunto come obbligo vigente: da riconfermare."
"moduli";"MOD-032";"Samadi";"ammissione";"Richiesta CSM; autorizzazione UVM per moduli riabilitativi; valutazione di idoneità.";"Richiesta CSM del territorio e parere UVM del DSM per il modulo riabilitativo.";"2026-09-21";"riesame_parziale";"https://www.ghcspa.com/samadi/accoglienza/modalita-di-accettazione-e-ricovero";"pagina_gestore";"Non riportati tempi medi di attesa come disponibilità attuale. Il requisito di tampone presente nella pagina non è assunto come obbligo vigente: da riconfermare."
"moduli";"MOD-033";"Samadi";"posti_dichiarati";"18";"18";"2026-09-21";"riesame_parziale";"https://www.ghcspa.com/samadi/accoglienza/modalita-di-accettazione-e-ricovero";"pagina_gestore";"Non riportati tempi medi di attesa come disponibilità attuale. Il requisito di tampone presente nella pagina non è assunto come obbligo vigente: da riconfermare."
"moduli";"MOD-033";"Samadi";"email";"accettazione@samadi.it";"accettazione@samadi.it";"2026-09-21";"riesame_parziale";"https://www.ghcspa.com/samadi/accoglienza/modalita-di-accettazione-e-ricovero";"pagina_gestore";"Non riportati tempi medi di attesa come disponibilità attuale. Il requisito di tampone presente nella pagina non è assunto come obbligo vigente: da riconfermare."
"moduli";"MOD-033";"Samadi";"orari";"";"Accettazione: lun–ven 09:30–13 e 14–16:30.";"2026-09-21";"riesame_parziale";"https://www.ghcspa.com/samadi/accoglienza/modalita-di-accettazione-e-ricovero";"pagina_gestore";"Non riportati tempi medi di attesa come disponibilità attuale. Il requisito di tampone presente nella pagina non è assunto come obbligo vigente: da riconfermare."
"moduli";"MOD-033";"Samadi";"presenza_medica";"";"Medico di guardia H24 dichiarato per la struttura; non pronto soccorso.";"2026-09-21";"riesame_parziale";"https://www.ghcspa.com/samadi/accoglienza/modalita-di-accettazione-e-ricovero";"pagina_gestore";"Non riportati tempi medi di attesa come disponibilità attuale. Il requisito di tampone presente nella pagina non è assunto come obbligo vigente: da riconfermare."
"moduli";"MOD-033";"Samadi";"documenti_ingresso";"Da concordare con servizio inviante e accettazione; non acquisiti sistematicamente";"Richiesta CSM con scheda farmacologica, documento, tessera sanitaria, ECG ed esami ematochimici; elenco corrente da confermare con accettazione.";"2026-09-21";"riesame_parziale";"https://www.ghcspa.com/samadi/accoglienza/modalita-di-accettazione-e-ricovero";"pagina_gestore";"Non riportati tempi medi di attesa come disponibilità attuale. Il requisito di tampone presente nella pagina non è assunto come obbligo vigente: da riconfermare."
"moduli";"MOD-033";"Samadi";"ammissione";"Richiesta CSM; autorizzazione UVM per moduli riabilitativi; valutazione di idoneità.";"Richiesta CSM del territorio e parere UVM del DSM per il modulo riabilitativo.";"2026-09-21";"riesame_parziale";"https://www.ghcspa.com/samadi/accoglienza/modalita-di-accettazione-e-ricovero";"pagina_gestore";"Non riportati tempi medi di attesa come disponibilità attuale. Il requisito di tampone presente nella pagina non è assunto come obbligo vigente: da riconfermare."
"moduli";"MOD-034";"Villa Rosa";"ammissione";"Proposta dello specialista DSM; richiesta di ricovero, tessera sanitaria, codice fiscale e documento. Idoneità valutata dalla struttura.";"Prescrizione DSM di Viterbo o di altre ASL del Lazio; possibile trasferimento diretto da SPDC.";"2026-09-21";"riesame_parziale";"https://viterbo.ospedaliere.it/servizi-per-il-paziente/stpit-struttura-per-trattamenti-psichiatrici-intensivi-territoriali/";"pagina_gestore";"La possibilità intraregionale descritta non è prova di mobilità extraregionale."
"moduli";"MOD-034";"Villa Rosa";"mobilita_intraregionale";"Documentata/descritta per pazienti provenienti da altre ASL del Lazio";"Descritta per DSM/ASL di Viterbo e del Lazio.";"2026-09-21";"riesame_parziale";"https://viterbo.ospedaliere.it/servizi-per-il-paziente/stpit-struttura-per-trattamenti-psichiatrici-intensivi-territoriali/";"pagina_gestore";"La possibilità intraregionale descritta non è prova di mobilità extraregionale."
"moduli";"MOD-034";"Villa Rosa";"documenti_ingresso";"Richiesta specialista DSM, tessera sanitaria, codice fiscale, documento; documentazione clinica precedente.";"Autorizzazione DSM o foglio di dimissione SPDC; tessera sanitaria, codice fiscale e documento. Documentazione clinica e terapie in uso consigliate.";"2026-09-21";"riesame_parziale";"https://viterbo.ospedaliere.it/servizi-per-il-paziente/stpit-struttura-per-trattamenti-psichiatrici-intensivi-territoriali/";"pagina_gestore";"La possibilità intraregionale descritta non è prova di mobilità extraregionale."
"rete";"NET-077";"Centro Diurno Orizzonti Aperti";"indirizzo";"Viale Mazzini - Distretto Sanitario";"Viale Mazzini, Distretto Sanitario, Frosinone";"2026-09-21";"riscontro_indice_da_confermare";"https://www.asl.fr.it/strutture/dipartimenti/dipartimento-di-salute-mentale-e-delle-patologie-da-dipendenza/uoc-residenzialita-e-semiresidenzialita/uos-centri-diurni/";"indice_ufficiale";"Fonte ufficiale datata 04/12/2025; riscontro dal contenuto indicizzato, contatti non provati."
"rete";"NET-077";"Centro Diurno Orizzonti Aperti";"telefono";"0775 2072592";"0775 2072592";"2026-09-21";"riscontro_indice_da_confermare";"https://www.asl.fr.it/strutture/dipartimenti/dipartimento-di-salute-mentale-e-delle-patologie-da-dipendenza/uoc-residenzialita-e-semiresidenzialita/uos-centri-diurni/";"indice_ufficiale";"Fonte ufficiale datata 04/12/2025; riscontro dal contenuto indicizzato, contatti non provati."
"rete";"NET-077";"Centro Diurno Orizzonti Aperti";"email";"cdorizzontiaperti@aslfrosinone.it";"cdorizzontiaperti@aslfrosinone.it";"2026-09-21";"riscontro_indice_da_confermare";"https://www.asl.fr.it/strutture/dipartimenti/dipartimento-di-salute-mentale-e-delle-patologie-da-dipendenza/uoc-residenzialita-e-semiresidenzialita/uos-centri-diurni/";"indice_ufficiale";"Fonte ufficiale datata 04/12/2025; riscontro dal contenuto indicizzato, contatti non provati."
"rete";"NET-078";"Centro Diurno Oltre il Muro";"indirizzo";"Via Marano, snc";"Via Marano snc, Ceccano";"2026-09-21";"riscontro_indice_da_confermare";"https://www.asl.fr.it/strutture/dipartimenti/dipartimento-di-salute-mentale-e-delle-patologie-da-dipendenza/uoc-residenzialita-e-semiresidenzialita/uos-centri-diurni/";"indice_ufficiale";"Fonte ufficiale datata 04/12/2025; riscontro dal contenuto indicizzato, contatti non provati."
"rete";"NET-078";"Centro Diurno Oltre il Muro";"telefono";"0775 6262841";"0775 6262841";"2026-09-21";"riscontro_indice_da_confermare";"https://www.asl.fr.it/strutture/dipartimenti/dipartimento-di-salute-mentale-e-delle-patologie-da-dipendenza/uoc-residenzialita-e-semiresidenzialita/uos-centri-diurni/";"indice_ufficiale";"Fonte ufficiale datata 04/12/2025; riscontro dal contenuto indicizzato, contatti non provati."
"rete";"NET-078";"Centro Diurno Oltre il Muro";"email";"centrodiurnoceccano@aslfrosinone.it";"centrodiurnoceccano@aslfrosinone.it";"2026-09-21";"riscontro_indice_da_confermare";"https://www.asl.fr.it/strutture/dipartimenti/dipartimento-di-salute-mentale-e-delle-patologie-da-dipendenza/uoc-residenzialita-e-semiresidenzialita/uos-centri-diurni/";"indice_ufficiale";"Fonte ufficiale datata 04/12/2025; riscontro dal contenuto indicizzato, contatti non provati."
"rete";"NET-079";"Centro Diurno La Bussola";"indirizzo";"Via Casilina Nord km 71.800";"Via Casilina Nord km 71.800, Ferentino";"2026-09-21";"riscontro_indice_da_confermare";"https://www.asl.fr.it/strutture/dipartimenti/dipartimento-di-salute-mentale-e-delle-patologie-da-dipendenza/uoc-residenzialita-e-semiresidenzialita/uos-centri-diurni/";"indice_ufficiale";"Fonte ufficiale datata 04/12/2025; riscontro dal contenuto indicizzato, contatti non provati."
"rete";"NET-079";"Centro Diurno La Bussola";"telefono";"0775 246066";"0775 246066";"2026-09-21";"riscontro_indice_da_confermare";"https://www.asl.fr.it/strutture/dipartimenti/dipartimento-di-salute-mentale-e-delle-patologie-da-dipendenza/uoc-residenzialita-e-semiresidenzialita/uos-centri-diurni/";"indice_ufficiale";"Fonte ufficiale datata 04/12/2025; riscontro dal contenuto indicizzato, contatti non provati."
"rete";"NET-079";"Centro Diurno La Bussola";"email";"centrodiurnoferentino@aslfrosinone.it";"centrodiurnoferentino@aslfrosinone.it";"2026-09-21";"riscontro_indice_da_confermare";"https://www.asl.fr.it/strutture/dipartimenti/dipartimento-di-salute-mentale-e-delle-patologie-da-dipendenza/uoc-residenzialita-e-semiresidenzialita/uos-centri-diurni/";"indice_ufficiale";"Fonte ufficiale datata 04/12/2025; riscontro dal contenuto indicizzato, contatti non provati."
"rete";"NET-080";"Centro Diurno Isola del Liri";"indirizzo";"Via Ospedale";"Via Ospedale, Isola del Liri";"2026-09-21";"riscontro_indice_da_confermare";"https://www.asl.fr.it/strutture/dipartimenti/dipartimento-di-salute-mentale-e-delle-patologie-da-dipendenza/uoc-residenzialita-e-semiresidenzialita/uos-centri-diurni/";"indice_ufficiale";"Fonte ufficiale datata 04/12/2025; riscontro dal contenuto indicizzato, contatti non provati."
"rete";"NET-080";"Centro Diurno Isola del Liri";"telefono";"0776 814848";"0776 814848";"2026-09-21";"riscontro_indice_da_confermare";"https://www.asl.fr.it/strutture/dipartimenti/dipartimento-di-salute-mentale-e-delle-patologie-da-dipendenza/uoc-residenzialita-e-semiresidenzialita/uos-centri-diurni/";"indice_ufficiale";"Fonte ufficiale datata 04/12/2025; riscontro dal contenuto indicizzato, contatti non provati."
"rete";"NET-080";"Centro Diurno Isola del Liri";"email";"cdsora@aslfrosinone.it";"cdsora@aslfrosinone.it";"2026-09-21";"riscontro_indice_da_confermare";"https://www.asl.fr.it/strutture/dipartimenti/dipartimento-di-salute-mentale-e-delle-patologie-da-dipendenza/uoc-residenzialita-e-semiresidenzialita/uos-centri-diurni/";"indice_ufficiale";"Fonte ufficiale datata 04/12/2025; riscontro dal contenuto indicizzato, contatti non provati."
"rete";"NET-081";"Centro Diurno Il Sentiero";"indirizzo";"Via E. De Nicola, 265";"Via E. De Nicola 265, Cassino";"2026-09-21";"riscontro_indice_da_confermare";"https://www.asl.fr.it/strutture/dipartimenti/dipartimento-di-salute-mentale-e-delle-patologie-da-dipendenza/uoc-residenzialita-e-semiresidenzialita/uos-centri-diurni/";"indice_ufficiale";"Fonte ufficiale datata 04/12/2025; riscontro dal contenuto indicizzato, contatti non provati."
"rete";"NET-081";"Centro Diurno Il Sentiero";"telefono";"0776 311665";"0776 311665";"2026-09-21";"riscontro_indice_da_confermare";"https://www.asl.fr.it/strutture/dipartimenti/dipartimento-di-salute-mentale-e-delle-patologie-da-dipendenza/uoc-residenzialita-e-semiresidenzialita/uos-centri-diurni/";"indice_ufficiale";"Fonte ufficiale datata 04/12/2025; riscontro dal contenuto indicizzato, contatti non provati."
"rete";"NET-081";"Centro Diurno Il Sentiero";"email";"centrodiurnocassino@aslfrosinone.it";"centrodiurnocassino@aslfrosinone.it";"2026-09-21";"riscontro_indice_da_confermare";"https://www.asl.fr.it/strutture/dipartimenti/dipartimento-di-salute-mentale-e-delle-patologie-da-dipendenza/uoc-residenzialita-e-semiresidenzialita/uos-centri-diurni/";"indice_ufficiale";"Fonte ufficiale datata 04/12/2025; riscontro dal contenuto indicizzato, contatti non provati."
"rete";"LT-01";"Direzione DSM Latina";"indirizzo";"Viale Le Corbusier";"Viale Le Corbusier, Centro commerciale, scala C, Latina";"2026-09-21";"riesame_parziale";"https://www.ausl.latina.it/problemi-psicologici/31-azienda/449-dsm";"pagina_ufficiale";""
"rete";"LT-01";"Direzione DSM Latina";"telefono";"07736556890";"0773 6556890";"2026-09-21";"riesame_parziale";"https://www.ausl.latina.it/problemi-psicologici/31-azienda/449-dsm";"pagina_ufficiale";""
"rete";"LT-01";"Direzione DSM Latina";"email";"dipartimentoareasalutementale@ausl.latina.it";"dipartimentoareasalutementale@ausl.latina.it";"2026-09-21";"riesame_parziale";"https://www.ausl.latina.it/problemi-psicologici/31-azienda/449-dsm";"pagina_ufficiale";""
"rete";"LT-02";"CSM Aprilia";"indirizzo";"Via Giustiniano, snc";"Via Giustiniano snc, Aprilia";"2026-09-21";"riesame_parziale";"https://www.ausl.latina.it/problemi-psicologici/31-azienda/449-dsm";"pagina_ufficiale";"Date e condizioni sono quelle della pagina istituzionale; non confermata disponibilità del singolo appuntamento."
"rete";"LT-02";"CSM Aprilia";"telefono";"06928634051";"06 928634051";"2026-09-21";"riesame_parziale";"https://www.ausl.latina.it/problemi-psicologici/31-azienda/449-dsm";"pagina_ufficiale";"Date e condizioni sono quelle della pagina istituzionale; non confermata disponibilità del singolo appuntamento."
"rete";"LT-02";"CSM Aprilia";"email";"csm.aprilia@ausl.latina.it";"csm.aprilia@ausl.latina.it";"2026-09-21";"riesame_parziale";"https://www.ausl.latina.it/problemi-psicologici/31-azienda/449-dsm";"pagina_ufficiale";"Date e condizioni sono quelle della pagina istituzionale; non confermata disponibilità del singolo appuntamento."
"rete";"LT-02";"CSM Aprilia";"orari";"Lun–ven 08:00–20:00; sab 08:00–14:00";"Lun–ven 08–20; sab 08–14";"2026-09-21";"riesame_parziale";"https://www.ausl.latina.it/problemi-psicologici/31-azienda/449-dsm";"pagina_ufficiale";"Date e condizioni sono quelle della pagina istituzionale; non confermata disponibilità del singolo appuntamento."
"rete";"LT-03";"CSM Cisterna di Latina";"indirizzo";"Via G. Falcone, snc";"Via G. Falcone snc, Cisterna di Latina";"2026-09-21";"riesame_parziale";"https://www.ausl.latina.it/problemi-psicologici/31-azienda/449-dsm";"pagina_ufficiale";"Date e condizioni sono quelle della pagina istituzionale; non confermata disponibilità del singolo appuntamento."
"rete";"LT-03";"CSM Cisterna di Latina";"telefono";"0686812092";"06 86812092";"2026-09-21";"riesame_parziale";"https://www.ausl.latina.it/problemi-psicologici/31-azienda/449-dsm";"pagina_ufficiale";"Date e condizioni sono quelle della pagina istituzionale; non confermata disponibilità del singolo appuntamento."
"rete";"LT-03";"CSM Cisterna di Latina";"email";"csm.cisterna@ausl.latina.it; csm.latina@ausl.latina.it";"Non documentata in modo univoco: la fonte concatena due indirizzi email.";"2026-09-21";"riesame_parziale";"https://www.ausl.latina.it/problemi-psicologici/31-azienda/449-dsm";"pagina_ufficiale";"Date e condizioni sono quelle della pagina istituzionale; non confermata disponibilità del singolo appuntamento."
"rete";"LT-03";"CSM Cisterna di Latina";"orari";"Lun–ven 08:00–20:00; sab 08:00–14:00";"Lun–ven 08–20; sab 08–14";"2026-09-21";"riesame_parziale";"https://www.ausl.latina.it/problemi-psicologici/31-azienda/449-dsm";"pagina_ufficiale";"Date e condizioni sono quelle della pagina istituzionale; non confermata disponibilità del singolo appuntamento."
"rete";"LT-06";"CSM Monti Lepini — Sezze";"indirizzo";"Via San Bartolomeo, 1";"Via S. Bartolomeo 1, Sezze";"2026-09-21";"riesame_parziale";"https://www.ausl.latina.it/problemi-psicologici/31-azienda/449-dsm";"pagina_ufficiale";"Date e condizioni sono quelle della pagina istituzionale; non confermata disponibilità del singolo appuntamento."
"rete";"LT-06";"CSM Monti Lepini — Sezze";"telefono";"0773801097 / 0773801879";"0773 801097 / 0773 801879";"2026-09-21";"riesame_parziale";"https://www.ausl.latina.it/problemi-psicologici/31-azienda/449-dsm";"pagina_ufficiale";"Date e condizioni sono quelle della pagina istituzionale; non confermata disponibilità del singolo appuntamento."
"rete";"LT-06";"CSM Monti Lepini — Sezze";"email";"csm.montilepini@ausl.latina.it; csm.sezze@ausl.latina.it";"csm.montilepini@ausl.latina.it";"2026-09-21";"riesame_parziale";"https://www.ausl.latina.it/problemi-psicologici/31-azienda/449-dsm";"pagina_ufficiale";"Date e condizioni sono quelle della pagina istituzionale; non confermata disponibilità del singolo appuntamento."
"rete";"LT-06";"CSM Monti Lepini — Sezze";"orari";"Lun/mer/ven 08:00–14:00; mar/gio 08:00–17:30; sab alternato con Priverno";"Lun, mer, ven 08–14; mar e gio 08–17:30; sab alternati con Priverno, da confermare.";"2026-09-21";"riesame_parziale";"https://www.ausl.latina.it/problemi-psicologici/31-azienda/449-dsm";"pagina_ufficiale";"Date e condizioni sono quelle della pagina istituzionale; non confermata disponibilità del singolo appuntamento."
"rete";"LT-08";"CSM Terracina";"indirizzo";"Via Don Orione, 8";"Via Don Orione 8, Terracina";"2026-09-21";"riesame_parziale";"https://www.ausl.latina.it/problemi-psicologici/31-azienda/449-dsm";"pagina_ufficiale";"Date e condizioni sono quelle della pagina istituzionale; non confermata disponibilità del singolo appuntamento."
"rete";"LT-08";"CSM Terracina";"telefono";"0773708931";"0773 708931";"2026-09-21";"riesame_parziale";"https://www.ausl.latina.it/problemi-psicologici/31-azienda/449-dsm";"pagina_ufficiale";"Date e condizioni sono quelle della pagina istituzionale; non confermata disponibilità del singolo appuntamento."
"rete";"LT-08";"CSM Terracina";"email";"csm.terracina@ausl.latina.it";"csm.terracina@ausl.latina.it";"2026-09-21";"riesame_parziale";"https://www.ausl.latina.it/problemi-psicologici/31-azienda/449-dsm";"pagina_ufficiale";"Date e condizioni sono quelle della pagina istituzionale; non confermata disponibilità del singolo appuntamento."
"rete";"LT-08";"CSM Terracina";"orari";"Lun/gio 08:00–20:00; ven apertura lunga in alternanza con Formia; mar/ven 08:00–14:00; sab in alternanza";"Da confermare il calendario corrente: la fonte riporta pomeriggi e sabati alternati con Formia/Fondi.";"2026-09-21";"riesame_parziale";"https://www.ausl.latina.it/problemi-psicologici/31-azienda/449-dsm";"pagina_ufficiale";"Date e condizioni sono quelle della pagina istituzionale; non confermata disponibilità del singolo appuntamento."
"rete";"LT-09";"CSM Fondi";"indirizzo";"Via San Magno, 4";"Via San Magno 4, Fondi";"2026-09-21";"riesame_parziale";"https://www.ausl.latina.it/problemi-psicologici/31-azienda/449-dsm";"pagina_ufficiale";"Date e condizioni sono quelle della pagina istituzionale; non confermata disponibilità del singolo appuntamento."
"rete";"LT-09";"CSM Fondi";"telefono";"0771505290";"0771 505290";"2026-09-21";"riesame_parziale";"https://www.ausl.latina.it/problemi-psicologici/31-azienda/449-dsm";"pagina_ufficiale";"Date e condizioni sono quelle della pagina istituzionale; non confermata disponibilità del singolo appuntamento."
"rete";"LT-09";"CSM Fondi";"email";"csm.fondi@ausl.latina.it; csm.fonditerracina@ausl.latina.it";"csm.fondi@ausl.latina.it / csm.fonditerracina@ausl.latina.it";"2026-09-21";"riesame_parziale";"https://www.ausl.latina.it/problemi-psicologici/31-azienda/449-dsm";"pagina_ufficiale";"Date e condizioni sono quelle della pagina istituzionale; non confermata disponibilità del singolo appuntamento."
"rete";"LT-09";"CSM Fondi";"orari";"Lun/gio 08:00–20:00; ven apertura lunga in alternanza con Formia; mar/mer/ven 08:00–14:00; sab in alternanza";"Lun e gio 08–20; mar e mer 08–14; ven pomeriggio e sab secondo alternanza, da confermare.";"2026-09-21";"riesame_parziale";"https://www.ausl.latina.it/problemi-psicologici/31-azienda/449-dsm";"pagina_ufficiale";"Date e condizioni sono quelle della pagina istituzionale; non confermata disponibilità del singolo appuntamento."
"rete";"LT-10";"CSM Formia";"indirizzo";"Via Lavagna, 43";"Via Lavagna 43, Formia";"2026-09-21";"riesame_parziale";"https://www.ausl.latina.it/problemi-psicologici/31-azienda/449-dsm";"pagina_ufficiale";"Date e condizioni sono quelle della pagina istituzionale; non confermata disponibilità del singolo appuntamento."
"rete";"LT-10";"CSM Formia";"telefono";"0771779414 / 0771779404";"0771 779414 (segreteria) / 0771 779404 (appuntamenti)";"2026-09-21";"riesame_parziale";"https://www.ausl.latina.it/problemi-psicologici/31-azienda/449-dsm";"pagina_ufficiale";"Date e condizioni sono quelle della pagina istituzionale; non confermata disponibilità del singolo appuntamento."
"rete";"LT-10";"CSM Formia";"email";"csm.formiagaeta@ausl.latina.it";"csm.formiagaeta@ausl.latina.it";"2026-09-21";"riesame_parziale";"https://www.ausl.latina.it/problemi-psicologici/31-azienda/449-dsm";"pagina_ufficiale";"Date e condizioni sono quelle della pagina istituzionale; non confermata disponibilità del singolo appuntamento."
"rete";"LT-10";"CSM Formia";"orari";"Lun/gio 08:00–14:00; mar/mer 08:00–20:00; ven apertura lunga in alternanza; sab alternato con Fondi/Terracina";"Lun e gio 08–14; mar e mer 08–20; ven pomeriggio e sab secondo alternanza con Fondi/Terracina, da confermare.";"2026-09-21";"riesame_parziale";"https://www.ausl.latina.it/problemi-psicologici/31-azienda/449-dsm";"pagina_ufficiale";"Date e condizioni sono quelle della pagina istituzionale; non confermata disponibilità del singolo appuntamento."
"rete";"LT-04";"CSM Latina";"indirizzo";"Centro Commerciale Le Corbusier, Viale Le Corbusier, Scala F, 2° piano n. 36";"Viale Le Corbusier, scala F, Latina. Piano/interno da confermare: nel testo n. 23, nella tabella secondo piano n. 36.";"2026-09-21";"incongruenza_fonti";"https://www.ausl.latina.it/problemi-psicologici/31-azienda/449-dsm";"pagina_ufficiale";"La stessa pagina contiene due recapiti/sedi interne: nessuna scelta arbitraria della versione vigente."
"rete";"LT-04";"CSM Latina";"telefono";"07736556826";"Da confermare: nel testo 0773 6556505; nella tabella 0773 6556826.";"2026-09-21";"incongruenza_fonti";"https://www.ausl.latina.it/problemi-psicologici/31-azienda/449-dsm";"pagina_ufficiale";"La stessa pagina contiene due recapiti/sedi interne: nessuna scelta arbitraria della versione vigente."
"rete";"LT-04";"CSM Latina";"email";"csm.latina@ausl.latina.it; uocsalutementale.areano@ausl.latina.it";"csm.latina@ausl.latina.it";"2026-09-21";"incongruenza_fonti";"https://www.ausl.latina.it/problemi-psicologici/31-azienda/449-dsm";"pagina_ufficiale";"La stessa pagina contiene due recapiti/sedi interne: nessuna scelta arbitraria della versione vigente."
"rete";"LT-04";"CSM Latina";"orari";"Lun–ven 08:00–20:00; sab 08:00–14:00";"Lun–ven 08–20; sab 08–14.";"2026-09-21";"incongruenza_fonti";"https://www.ausl.latina.it/problemi-psicologici/31-azienda/449-dsm";"pagina_ufficiale";"La stessa pagina contiene due recapiti/sedi interne: nessuna scelta arbitraria della versione vigente."
"rete";"LT-05";"CSM Sabaudia";"telefono";"0773520891";"0773 520891";"2026-09-21";"incongruenza_fonti";"https://www.ausl.latina.it/problemi-psicologici/31-azienda/449-dsm";"pagina_ufficiale";"Orari discordanti nella stessa fonte."
"rete";"LT-05";"CSM Sabaudia";"email";"csm.sabaudia@ausl.latina.it";"csm.sabaudia@ausl.latina.it";"2026-09-21";"incongruenza_fonti";"https://www.ausl.latina.it/problemi-psicologici/31-azienda/449-dsm";"pagina_ufficiale";"Orari discordanti nella stessa fonte."
"rete";"LT-05";"CSM Sabaudia";"orari";"Lun/mer 08:00–17:30; mar/gio/ven 08:00–14:00";"Da confermare: testo descrittivo 08–14; tabella lun/mer 08–17:30 e mar/gio/ven 08–14.";"2026-09-21";"incongruenza_fonti";"https://www.ausl.latina.it/problemi-psicologici/31-azienda/449-dsm";"pagina_ufficiale";"Orari discordanti nella stessa fonte."
"rete";"LT-07";"CSM Monti Lepini — Priverno";"telefono";"0773856833";"0773 856833";"2026-09-21";"incongruenza_fonti";"https://www.ausl.latina.it/problemi-psicologici/31-azienda/449-dsm";"pagina_ufficiale";"Incongruenza della tabella, non rielaborata in un calendario presunto."
"rete";"LT-07";"CSM Monti Lepini — Priverno";"email";"csm.montilepini@ausl.latina.it; csm.priverno@ausl.latina.it";"csm.montilepini@ausl.latina.it";"2026-09-21";"incongruenza_fonti";"https://www.ausl.latina.it/problemi-psicologici/31-azienda/449-dsm";"pagina_ufficiale";"Incongruenza della tabella, non rielaborata in un calendario presunto."
"rete";"LT-07";"CSM Monti Lepini — Priverno";"orari";"Orari discordanti nella fonte; sab 08–14 alternato con Sezze";"Da confermare: il martedì compare in due fasce nella tabella e il sabato è alternato con Sezze.";"2026-09-21";"incongruenza_fonti";"https://www.ausl.latina.it/problemi-psicologici/31-azienda/449-dsm";"pagina_ufficiale";"Incongruenza della tabella, non rielaborata in un calendario presunto."
"rete";"LT-11";"SerD Aprilia";"indirizzo";"Via Giustiniano";"Via Giustiniano, Aprilia";"2026-09-21";"riesame_parziale";"https://www.ausl.latina.it/problemi-psicologici/31-azienda/449-dsm";"pagina_ufficiale";"La pagina distingue le sedi: nessuna estensione automatica di servizi o posti da un nodo all’altro."
"rete";"LT-11";"SerD Aprilia";"telefono";"06928634053";"06 928634053";"2026-09-21";"riesame_parziale";"https://www.ausl.latina.it/problemi-psicologici/31-azienda/449-dsm";"pagina_ufficiale";"La pagina distingue le sedi: nessuna estensione automatica di servizi o posti da un nodo all’altro."
"rete";"LT-11";"SerD Aprilia";"email";"sertapriliacisterna@ausl.latina.it";"sertapriliacisterna@ausl.latina.it";"2026-09-21";"riesame_parziale";"https://www.ausl.latina.it/problemi-psicologici/31-azienda/449-dsm";"pagina_ufficiale";"La pagina distingue le sedi: nessuna estensione automatica di servizi o posti da un nodo all’altro."
"rete";"LT-13";"SerD Priverno";"indirizzo";"Via Torretta Rocchigiana";"Via Torretta Rocchigiana, Priverno";"2026-09-21";"riesame_parziale";"https://www.ausl.latina.it/problemi-psicologici/31-azienda/449-dsm";"pagina_ufficiale";"La pagina distingue le sedi: nessuna estensione automatica di servizi o posti da un nodo all’altro."
"rete";"LT-13";"SerD Priverno";"telefono";"0773910818";"0773 910818";"2026-09-21";"riesame_parziale";"https://www.ausl.latina.it/problemi-psicologici/31-azienda/449-dsm";"pagina_ufficiale";"La pagina distingue le sedi: nessuna estensione automatica di servizi o posti da un nodo all’altro."
"rete";"LT-13";"SerD Priverno";"email";"sert.priverno@ausl.latina.it";"sert.priverno@ausl.latina.it";"2026-09-21";"riesame_parziale";"https://www.ausl.latina.it/problemi-psicologici/31-azienda/449-dsm";"pagina_ufficiale";"La pagina distingue le sedi: nessuna estensione automatica di servizi o posti da un nodo all’altro."
"rete";"LT-14";"SerD Terracina";"indirizzo";"Via Fratelli Bandiera, 15";"Via Fratelli Bandiera 15, Terracina";"2026-09-21";"riesame_parziale";"https://www.ausl.latina.it/problemi-psicologici/31-azienda/449-dsm";"pagina_ufficiale";"La pagina distingue le sedi: nessuna estensione automatica di servizi o posti da un nodo all’altro."
"rete";"LT-14";"SerD Terracina";"telefono";"0773708215";"0773 708215";"2026-09-21";"riesame_parziale";"https://www.ausl.latina.it/problemi-psicologici/31-azienda/449-dsm";"pagina_ufficiale";"La pagina distingue le sedi: nessuna estensione automatica di servizi o posti da un nodo all’altro."
"rete";"LT-14";"SerD Terracina";"email";"serd.terracina@ausl.latina.it";"serd.terracina@ausl.latina.it";"2026-09-21";"riesame_parziale";"https://www.ausl.latina.it/problemi-psicologici/31-azienda/449-dsm";"pagina_ufficiale";"La pagina distingue le sedi: nessuna estensione automatica di servizi o posti da un nodo all’altro."
"rete";"LT-15";"SerD Formia";"indirizzo";"Via Appia Lato Napoli";"Via Appia lato Napoli, Formia";"2026-09-21";"riesame_parziale";"https://www.ausl.latina.it/problemi-psicologici/31-azienda/449-dsm";"pagina_ufficiale";"La pagina distingue le sedi: nessuna estensione automatica di servizi o posti da un nodo all’altro."
"rete";"LT-15";"SerD Formia";"telefono";"0771779394";"0771 779394";"2026-09-21";"riesame_parziale";"https://www.ausl.latina.it/problemi-psicologici/31-azienda/449-dsm";"pagina_ufficiale";"La pagina distingue le sedi: nessuna estensione automatica di servizi o posti da un nodo all’altro."
"rete";"LT-15";"SerD Formia";"email";"sertformia@ausl.latina.it";"sertformia@ausl.latina.it";"2026-09-21";"riesame_parziale";"https://www.ausl.latina.it/problemi-psicologici/31-azienda/449-dsm";"pagina_ufficiale";"La pagina distingue le sedi: nessuna estensione automatica di servizi o posti da un nodo all’altro."
"rete";"NET-084";"SPDC Latina - Ospedale S.M. Goretti";"indirizzo";"Via Guido Reni, 6";"Ospedale Santa Maria Goretti, Latina";"2026-09-21";"riesame_parziale";"https://www.ausl.latina.it/problemi-psicologici/31-azienda/449-dsm";"pagina_ufficiale";"La pagina distingue le sedi: nessuna estensione automatica di servizi o posti da un nodo all’altro."
"rete";"NET-084";"SPDC Latina - Ospedale S.M. Goretti";"telefono";"0773 6553090";"0773 6553091 / 0773 6553092";"2026-09-21";"riesame_parziale";"https://www.ausl.latina.it/problemi-psicologici/31-azienda/449-dsm";"pagina_ufficiale";"La pagina distingue le sedi: nessuna estensione automatica di servizi o posti da un nodo all’altro."
"rete";"NET-084";"SPDC Latina - Ospedale S.M. Goretti";"email";"spdc.latina@ausl.latina.it";"spdc.latina@ausl.latina.it";"2026-09-21";"riesame_parziale";"https://www.ausl.latina.it/problemi-psicologici/31-azienda/449-dsm";"pagina_ufficiale";"La pagina distingue le sedi: nessuna estensione automatica di servizi o posti da un nodo all’altro."
"rete";"NET-085";"SPDC Formia - Ospedale Dono Svizzero";"indirizzo";"Via Appia, lato Napoli";"Ospedale Dono Svizzero, Formia";"2026-09-21";"riesame_parziale";"https://www.ausl.latina.it/problemi-psicologici/31-azienda/449-dsm";"pagina_ufficiale";"La pagina distingue le sedi: nessuna estensione automatica di servizi o posti da un nodo all’altro."
"rete";"NET-085";"SPDC Formia - Ospedale Dono Svizzero";"telefono";"0771 779090 / 85";"0771 779090 / 0771 779085";"2026-09-21";"riesame_parziale";"https://www.ausl.latina.it/problemi-psicologici/31-azienda/449-dsm";"pagina_ufficiale";"La pagina distingue le sedi: nessuna estensione automatica di servizi o posti da un nodo all’altro."
"rete";"NET-085";"SPDC Formia - Ospedale Dono Svizzero";"email";"spdc.formia@ausl.latina.it";"spdc.formia@ausl.latina.it";"2026-09-21";"riesame_parziale";"https://www.ausl.latina.it/problemi-psicologici/31-azienda/449-dsm";"pagina_ufficiale";"La pagina distingue le sedi: nessuna estensione automatica di servizi o posti da un nodo all’altro."
"rete";"NET-086";"Centro Diurno Latina";"indirizzo";"Area DSM Latina";"Via Alfieri 34, Latina";"2026-09-21";"riesame_parziale";"https://www.ausl.latina.it/problemi-psicologici/31-azienda/449-dsm";"pagina_ufficiale";"La pagina distingue le sedi: nessuna estensione automatica di servizi o posti da un nodo all’altro."
"rete";"NET-086";"Centro Diurno Latina";"telefono";"";"0773 6556670 / 0773 6556673";"2026-09-21";"riesame_parziale";"https://www.ausl.latina.it/problemi-psicologici/31-azienda/449-dsm";"pagina_ufficiale";"La pagina distingue le sedi: nessuna estensione automatica di servizi o posti da un nodo all’altro."
"rete";"NET-086";"Centro Diurno Latina";"email";"";"centrodiurno@ausl.latina.it";"2026-09-21";"riesame_parziale";"https://www.ausl.latina.it/problemi-psicologici/31-azienda/449-dsm";"pagina_ufficiale";"La pagina distingue le sedi: nessuna estensione automatica di servizi o posti da un nodo all’altro."
"rete";"NET-093";"Comunità Terapeutica Santa Fecitola";"indirizzo";"";"Via Tor Tre Ponti, Latina";"2026-09-21";"riesame_parziale";"https://www.ausl.latina.it/problemi-psicologici/31-azienda/449-dsm";"pagina_ufficiale";"La pagina distingue le sedi: nessuna estensione automatica di servizi o posti da un nodo all’altro."
"rete";"NET-093";"Comunità Terapeutica Santa Fecitola";"telefono";"";"0773 6556756 / 0773 6556752";"2026-09-21";"riesame_parziale";"https://www.ausl.latina.it/problemi-psicologici/31-azienda/449-dsm";"pagina_ufficiale";"La pagina distingue le sedi: nessuna estensione automatica di servizi o posti da un nodo all’altro."
"rete";"NET-093";"Comunità Terapeutica Santa Fecitola";"email";"";"comunitasantafecitola@ausl.latina.it";"2026-09-21";"riesame_parziale";"https://www.ausl.latina.it/problemi-psicologici/31-azienda/449-dsm";"pagina_ufficiale";"La pagina distingue le sedi: nessuna estensione automatica di servizi o posti da un nodo all’altro."
"rete";"LT-12";"SerD Latina";"telefono";"07736553018";"0773 6553018";"2026-09-21";"incongruenza_fonti";"https://www.ausl.latina.it/problemi-psicologici/31-azienda/449-dsm";"pagina_ufficiale";"Il possibile refuso non viene corretto in un recapito mai verificato."
"rete";"LT-12";"SerD Latina";"email";"serd.latina@ausl.latina.it";"Da verificare: la fonte scrive serd.latina@ausl.latna.it (dominio apparentemente incompleto).";"2026-09-21";"incongruenza_fonti";"https://www.ausl.latina.it/problemi-psicologici/31-azienda/449-dsm";"pagina_ufficiale";"Il possibile refuso non viene corretto in un recapito mai verificato."
"rete";"R2-02";"CSM Bardanzellu";"indirizzo";"Viale Battista Bardanzellu, 8";"Viale Battista Bardanzellu 8, Roma";"2026-09-21";"fonte_2025_da_riconfermare";"https://www.aslroma2.it/attachements/j4/com_content.article/Guida-Servizi-DSM-FINALE-21-11-2025.pdf";"pdf_testo_e_screenshot";"Rilettura documentale della Carta 2025: non attestazione del rinnovo operativo 2026. Orario di apertura distinto dall’accesso diretto."
"rete";"R2-02";"CSM Bardanzellu";"telefono";"0641434992 / 0641434994";"06 41434992 / 06 41434994";"2026-09-21";"fonte_2025_da_riconfermare";"https://www.aslroma2.it/attachements/j4/com_content.article/Guida-Servizi-DSM-FINALE-21-11-2025.pdf";"pdf_testo_e_screenshot";"Rilettura documentale della Carta 2025: non attestazione del rinnovo operativo 2026. Orario di apertura distinto dall’accesso diretto."
"rete";"R2-02";"CSM Bardanzellu";"email";"uoc.csmd4@aslroma2.it";"uoc.csmd4@aslroma2.it";"2026-09-21";"fonte_2025_da_riconfermare";"https://www.aslroma2.it/attachements/j4/com_content.article/Guida-Servizi-DSM-FINALE-21-11-2025.pdf";"pdf_testo_e_screenshot";"Rilettura documentale della Carta 2025: non attestazione del rinnovo operativo 2026. Orario di apertura distinto dall’accesso diretto."
"rete";"R2-02";"CSM Bardanzellu";"orari";"Lun–ven 08:00–20:00; sab e prefestivi 08:00–14:00";"Lun–ven 08–20; sab 08–14";"2026-09-21";"fonte_2025_da_riconfermare";"https://www.aslroma2.it/attachements/j4/com_content.article/Guida-Servizi-DSM-FINALE-21-11-2025.pdf";"pdf_testo_e_screenshot";"Rilettura documentale della Carta 2025: non attestazione del rinnovo operativo 2026. Orario di apertura distinto dall’accesso diretto."
"rete";"R2-02";"CSM Bardanzellu";"accesso";"Primo accesso diretto dell’interessato/familiare, senza ricetta salvo prestazioni medico-legali";"Accesso diretto lun–ven 09:30–13 e 14:30–18:30; sab 09–12. Fonte 2025: confermare condizioni attuali.";"2026-09-21";"fonte_2025_da_riconfermare";"https://www.aslroma2.it/attachements/j4/com_content.article/Guida-Servizi-DSM-FINALE-21-11-2025.pdf";"pdf_testo_e_screenshot";"Rilettura documentale della Carta 2025: non attestazione del rinnovo operativo 2026. Orario di apertura distinto dall’accesso diretto."
"rete";"R2-03";"CSM Casilina";"indirizzo";"Via Casilina, 395";"Via Casilina 395, Roma";"2026-09-21";"fonte_2025_da_riconfermare";"https://www.aslroma2.it/attachements/j4/com_content.article/Guida-Servizi-DSM-FINALE-21-11-2025.pdf";"pdf_testo_e_screenshot";"Rilettura documentale della Carta 2025: non attestazione del rinnovo operativo 2026. Orario di apertura distinto dall’accesso diretto."
"rete";"R2-03";"CSM Casilina";"telefono";"0651006227";"06 51006227";"2026-09-21";"fonte_2025_da_riconfermare";"https://www.aslroma2.it/attachements/j4/com_content.article/Guida-Servizi-DSM-FINALE-21-11-2025.pdf";"pdf_testo_e_screenshot";"Rilettura documentale della Carta 2025: non attestazione del rinnovo operativo 2026. Orario di apertura distinto dall’accesso diretto."
"rete";"R2-03";"CSM Casilina";"email";"uoc.csmd5@aslroma2.it";"uoc.csmd5@aslroma2.it";"2026-09-21";"fonte_2025_da_riconfermare";"https://www.aslroma2.it/attachements/j4/com_content.article/Guida-Servizi-DSM-FINALE-21-11-2025.pdf";"pdf_testo_e_screenshot";"Rilettura documentale della Carta 2025: non attestazione del rinnovo operativo 2026. Orario di apertura distinto dall’accesso diretto."
"rete";"R2-03";"CSM Casilina";"orari";"Lun–ven 08:00–20:00; sab e prefestivi 08:00–14:00";"Lun–ven 08–20; sab 08–14";"2026-09-21";"fonte_2025_da_riconfermare";"https://www.aslroma2.it/attachements/j4/com_content.article/Guida-Servizi-DSM-FINALE-21-11-2025.pdf";"pdf_testo_e_screenshot";"Rilettura documentale della Carta 2025: non attestazione del rinnovo operativo 2026. Orario di apertura distinto dall’accesso diretto."
"rete";"R2-03";"CSM Casilina";"accesso";"Primo accesso diretto dell’interessato/familiare, senza ricetta salvo prestazioni medico-legali";"Diretto lun–ven 09–12 e 15–18; sab 09–12; da confermare.";"2026-09-21";"fonte_2025_da_riconfermare";"https://www.aslroma2.it/attachements/j4/com_content.article/Guida-Servizi-DSM-FINALE-21-11-2025.pdf";"pdf_testo_e_screenshot";"Rilettura documentale della Carta 2025: non attestazione del rinnovo operativo 2026. Orario di apertura distinto dall’accesso diretto."
"rete";"R2-04";"CSM Eucalipti";"indirizzo";"Via degli Eucalipti, 20";"Via degli Eucalipti 20, Roma";"2026-09-21";"fonte_2025_da_riconfermare";"https://www.aslroma2.it/attachements/j4/com_content.article/Guida-Servizi-DSM-FINALE-21-11-2025.pdf";"pdf_testo_e_screenshot";"Rilettura documentale della Carta 2025: non attestazione del rinnovo operativo 2026. Orario di apertura distinto dall’accesso diretto."
"rete";"R2-04";"CSM Eucalipti";"telefono";"0641436241";"06 41436241";"2026-09-21";"fonte_2025_da_riconfermare";"https://www.aslroma2.it/attachements/j4/com_content.article/Guida-Servizi-DSM-FINALE-21-11-2025.pdf";"pdf_testo_e_screenshot";"Rilettura documentale della Carta 2025: non attestazione del rinnovo operativo 2026. Orario di apertura distinto dall’accesso diretto."
"rete";"R2-04";"CSM Eucalipti";"email";"uos.eucalipti@aslroma2.it";"uos.eucalipti@aslroma2.it";"2026-09-21";"fonte_2025_da_riconfermare";"https://www.aslroma2.it/attachements/j4/com_content.article/Guida-Servizi-DSM-FINALE-21-11-2025.pdf";"pdf_testo_e_screenshot";"Rilettura documentale della Carta 2025: non attestazione del rinnovo operativo 2026. Orario di apertura distinto dall’accesso diretto."
"rete";"R2-04";"CSM Eucalipti";"orari";"Lun–ven 08:00–20:00; sab e prefestivi 08:00–14:00";"Lun–ven 08–20; sab 08–14";"2026-09-21";"fonte_2025_da_riconfermare";"https://www.aslroma2.it/attachements/j4/com_content.article/Guida-Servizi-DSM-FINALE-21-11-2025.pdf";"pdf_testo_e_screenshot";"Rilettura documentale della Carta 2025: non attestazione del rinnovo operativo 2026. Orario di apertura distinto dall’accesso diretto."
"rete";"R2-04";"CSM Eucalipti";"accesso";"Primo accesso diretto dell’interessato/familiare, senza ricetta salvo prestazioni medico-legali";"Diretto mattine lun–gio e sab 09:30–11:30; pomeriggi lun–ven 15:30–18:30; da confermare.";"2026-09-21";"fonte_2025_da_riconfermare";"https://www.aslroma2.it/attachements/j4/com_content.article/Guida-Servizi-DSM-FINALE-21-11-2025.pdf";"pdf_testo_e_screenshot";"Rilettura documentale della Carta 2025: non attestazione del rinnovo operativo 2026. Orario di apertura distinto dall’accesso diretto."
"rete";"R2-05";"CSM Torre Spaccata";"indirizzo";"Via di Torre Spaccata, 157";"Via di Torre Spaccata 157, Roma";"2026-09-21";"fonte_2025_da_riconfermare";"https://www.aslroma2.it/attachements/j4/com_content.article/Guida-Servizi-DSM-FINALE-21-11-2025.pdf";"pdf_testo_e_screenshot";"Rilettura documentale della Carta 2025: non attestazione del rinnovo operativo 2026. Orario di apertura distinto dall’accesso diretto."
"rete";"R2-05";"CSM Torre Spaccata";"telefono";"0641435210";"06 41435210";"2026-09-21";"fonte_2025_da_riconfermare";"https://www.aslroma2.it/attachements/j4/com_content.article/Guida-Servizi-DSM-FINALE-21-11-2025.pdf";"pdf_testo_e_screenshot";"Rilettura documentale della Carta 2025: non attestazione del rinnovo operativo 2026. Orario di apertura distinto dall’accesso diretto."
"rete";"R2-05";"CSM Torre Spaccata";"email";"uoc.csmd6@aslroma2.it";"uoc.csmd6@aslroma2.it";"2026-09-21";"fonte_2025_da_riconfermare";"https://www.aslroma2.it/attachements/j4/com_content.article/Guida-Servizi-DSM-FINALE-21-11-2025.pdf";"pdf_testo_e_screenshot";"Rilettura documentale della Carta 2025: non attestazione del rinnovo operativo 2026. Orario di apertura distinto dall’accesso diretto."
"rete";"R2-05";"CSM Torre Spaccata";"orari";"Lun–ven 08:00–20:00; sab e prefestivi 08:00–14:00";"Lun–ven 08–20; sab 08–14";"2026-09-21";"fonte_2025_da_riconfermare";"https://www.aslroma2.it/attachements/j4/com_content.article/Guida-Servizi-DSM-FINALE-21-11-2025.pdf";"pdf_testo_e_screenshot";"Rilettura documentale della Carta 2025: non attestazione del rinnovo operativo 2026. Orario di apertura distinto dall’accesso diretto."
"rete";"R2-05";"CSM Torre Spaccata";"accesso";"Primo accesso diretto dell’interessato/familiare, senza ricetta salvo prestazioni medico-legali";"Accesso diretto lun–ven 09:30–13 e 14:30–18:30; sab 09–12. Fonte 2025: confermare condizioni attuali.";"2026-09-21";"fonte_2025_da_riconfermare";"https://www.aslroma2.it/attachements/j4/com_content.article/Guida-Servizi-DSM-FINALE-21-11-2025.pdf";"pdf_testo_e_screenshot";"Rilettura documentale della Carta 2025: non attestazione del rinnovo operativo 2026. Orario di apertura distinto dall’accesso diretto."
"rete";"R2-06";"CSM Monza";"indirizzo";"Via Monza, 2";"Via Monza 2, Roma";"2026-09-21";"fonte_2025_da_riconfermare";"https://www.aslroma2.it/attachements/j4/com_content.article/Guida-Servizi-DSM-FINALE-21-11-2025.pdf";"pdf_testo_e_screenshot";"Rilettura documentale della Carta 2025: non attestazione del rinnovo operativo 2026. Orario di apertura distinto dall’accesso diretto."
"rete";"R2-06";"CSM Monza";"telefono";"0651006513 / 0651007711";"06 51006513 / 06 51007211";"2026-09-21";"fonte_2025_da_riconfermare";"https://www.aslroma2.it/attachements/j4/com_content.article/Guida-Servizi-DSM-FINALE-21-11-2025.pdf";"pdf_testo_e_screenshot";"Rilettura documentale della Carta 2025: non attestazione del rinnovo operativo 2026. Orario di apertura distinto dall’accesso diretto."
"rete";"R2-06";"CSM Monza";"email";"csm.monza@aslroma2.it";"csm.monza@aslroma2.it";"2026-09-21";"fonte_2025_da_riconfermare";"https://www.aslroma2.it/attachements/j4/com_content.article/Guida-Servizi-DSM-FINALE-21-11-2025.pdf";"pdf_testo_e_screenshot";"Rilettura documentale della Carta 2025: non attestazione del rinnovo operativo 2026. Orario di apertura distinto dall’accesso diretto."
"rete";"R2-06";"CSM Monza";"orari";"Lun–ven 08:00–20:00; sab e prefestivi 08:00–14:00";"Lun–ven 08–20; sab 08–14";"2026-09-21";"fonte_2025_da_riconfermare";"https://www.aslroma2.it/attachements/j4/com_content.article/Guida-Servizi-DSM-FINALE-21-11-2025.pdf";"pdf_testo_e_screenshot";"Rilettura documentale della Carta 2025: non attestazione del rinnovo operativo 2026. Orario di apertura distinto dall’accesso diretto."
"rete";"R2-06";"CSM Monza";"accesso";"Primo accesso diretto dell’interessato/familiare, senza ricetta salvo prestazioni medico-legali";"Accesso diretto lun–ven 09:30–13 e 14:30–18:30; sab 09–12. Fonte 2025: confermare condizioni attuali.";"2026-09-21";"fonte_2025_da_riconfermare";"https://www.aslroma2.it/attachements/j4/com_content.article/Guida-Servizi-DSM-FINALE-21-11-2025.pdf";"pdf_testo_e_screenshot";"Rilettura documentale della Carta 2025: non attestazione del rinnovo operativo 2026. Orario di apertura distinto dall’accesso diretto."
"rete";"R2-07";"CSM Cinecittà";"indirizzo";"Piazza di Cinecittà, 11";"Piazza di Cinecittà 11, terzo piano, Roma";"2026-09-21";"fonte_2025_da_riconfermare";"https://www.aslroma2.it/attachements/j4/com_content.article/Guida-Servizi-DSM-FINALE-21-11-2025.pdf";"pdf_testo_e_screenshot";"Rilettura documentale della Carta 2025: non attestazione del rinnovo operativo 2026. Orario di apertura distinto dall’accesso diretto."
"rete";"R2-07";"CSM Cinecittà";"telefono";"0641436200";"06 41436200 / 06 51009111";"2026-09-21";"fonte_2025_da_riconfermare";"https://www.aslroma2.it/attachements/j4/com_content.article/Guida-Servizi-DSM-FINALE-21-11-2025.pdf";"pdf_testo_e_screenshot";"Rilettura documentale della Carta 2025: non attestazione del rinnovo operativo 2026. Orario di apertura distinto dall’accesso diretto."
"rete";"R2-07";"CSM Cinecittà";"email";"uos.cinecitta@aslroma2.it";"uos.cinecitta@aslroma2.it";"2026-09-21";"fonte_2025_da_riconfermare";"https://www.aslroma2.it/attachements/j4/com_content.article/Guida-Servizi-DSM-FINALE-21-11-2025.pdf";"pdf_testo_e_screenshot";"Rilettura documentale della Carta 2025: non attestazione del rinnovo operativo 2026. Orario di apertura distinto dall’accesso diretto."
"rete";"R2-07";"CSM Cinecittà";"orari";"Lun–ven 08:00–20:00; sab e prefestivi 08:00–14:00";"Lun–ven 08–20; sab 08–14";"2026-09-21";"fonte_2025_da_riconfermare";"https://www.aslroma2.it/attachements/j4/com_content.article/Guida-Servizi-DSM-FINALE-21-11-2025.pdf";"pdf_testo_e_screenshot";"Rilettura documentale della Carta 2025: non attestazione del rinnovo operativo 2026. Orario di apertura distinto dall’accesso diretto."
"rete";"R2-07";"CSM Cinecittà";"accesso";"Primo accesso diretto dell’interessato/familiare, senza ricetta salvo prestazioni medico-legali";"Diretto lun–gio 09–12 e 15–18; ven 09–12; da confermare.";"2026-09-21";"fonte_2025_da_riconfermare";"https://www.aslroma2.it/attachements/j4/com_content.article/Guida-Servizi-DSM-FINALE-21-11-2025.pdf";"pdf_testo_e_screenshot";"Rilettura documentale della Carta 2025: non attestazione del rinnovo operativo 2026. Orario di apertura distinto dall’accesso diretto."
"rete";"R2-08";"CSM Tosti";"indirizzo";"Piazzale Antonio Tosti, 4";"Piazzale Antonio Tosti 4, Roma";"2026-09-21";"fonte_2025_da_riconfermare";"https://www.aslroma2.it/attachements/j4/com_content.article/Guida-Servizi-DSM-FINALE-21-11-2025.pdf";"pdf_testo_e_screenshot";"Rilettura documentale della Carta 2025: non attestazione del rinnovo operativo 2026. Orario di apertura distinto dall’accesso diretto."
"rete";"R2-08";"CSM Tosti";"telefono";"0651004299";"06 51004299";"2026-09-21";"fonte_2025_da_riconfermare";"https://www.aslroma2.it/attachements/j4/com_content.article/Guida-Servizi-DSM-FINALE-21-11-2025.pdf";"pdf_testo_e_screenshot";"Rilettura documentale della Carta 2025: non attestazione del rinnovo operativo 2026. Orario di apertura distinto dall’accesso diretto."
"rete";"R2-08";"CSM Tosti";"email";"csm.d8@aslroma2.it";"csm.d8@aslroma2.it";"2026-09-21";"fonte_2025_da_riconfermare";"https://www.aslroma2.it/attachements/j4/com_content.article/Guida-Servizi-DSM-FINALE-21-11-2025.pdf";"pdf_testo_e_screenshot";"Rilettura documentale della Carta 2025: non attestazione del rinnovo operativo 2026. Orario di apertura distinto dall’accesso diretto."
"rete";"R2-08";"CSM Tosti";"orari";"Lun–ven 07:50–19:50; sab 07:50–13:50";"Lun–ven 07:50–19:50; sab 07:50–13:50";"2026-09-21";"fonte_2025_da_riconfermare";"https://www.aslroma2.it/attachements/j4/com_content.article/Guida-Servizi-DSM-FINALE-21-11-2025.pdf";"pdf_testo_e_screenshot";"Rilettura documentale della Carta 2025: non attestazione del rinnovo operativo 2026. Orario di apertura distinto dall’accesso diretto."
"rete";"R2-08";"CSM Tosti";"accesso";"Primo accesso diretto dell’interessato/familiare, senza ricetta salvo prestazioni medico-legali";"Accesso diretto lun–ven 09:30–13 e 14:30–18:30; sab 09–12. Fonte 2025: confermare condizioni attuali.";"2026-09-21";"fonte_2025_da_riconfermare";"https://www.aslroma2.it/attachements/j4/com_content.article/Guida-Servizi-DSM-FINALE-21-11-2025.pdf";"pdf_testo_e_screenshot";"Rilettura documentale della Carta 2025: non attestazione del rinnovo operativo 2026. Orario di apertura distinto dall’accesso diretto."
"rete";"R2-09";"CSM Orio Vergani";"indirizzo";"Via Orio Vergani, 1";"Via Orio Vergani 1, Roma";"2026-09-21";"fonte_2025_da_riconfermare";"https://www.aslroma2.it/attachements/j4/com_content.article/Guida-Servizi-DSM-FINALE-21-11-2025.pdf";"pdf_testo_e_screenshot";"Rilettura documentale della Carta 2025: non attestazione del rinnovo operativo 2026. Orario di apertura distinto dall’accesso diretto."
"rete";"R2-09";"CSM Orio Vergani";"telefono";"0651008550 / 0651008508";"06 51008550 / 06 51008508";"2026-09-21";"fonte_2025_da_riconfermare";"https://www.aslroma2.it/attachements/j4/com_content.article/Guida-Servizi-DSM-FINALE-21-11-2025.pdf";"pdf_testo_e_screenshot";"Rilettura documentale della Carta 2025: non attestazione del rinnovo operativo 2026. Orario di apertura distinto dall’accesso diretto."
"rete";"R2-09";"CSM Orio Vergani";"email";"csm.d9@aslroma2.it";"csm.d9@aslroma2.it";"2026-09-21";"fonte_2025_da_riconfermare";"https://www.aslroma2.it/attachements/j4/com_content.article/Guida-Servizi-DSM-FINALE-21-11-2025.pdf";"pdf_testo_e_screenshot";"Rilettura documentale della Carta 2025: non attestazione del rinnovo operativo 2026. Orario di apertura distinto dall’accesso diretto."
"rete";"R2-09";"CSM Orio Vergani";"orari";"Lun–ven 07:40–19:40; sab 07:40–13:40";"Lun–ven 07:40–19:40; sab 07:40–13:40";"2026-09-21";"fonte_2025_da_riconfermare";"https://www.aslroma2.it/attachements/j4/com_content.article/Guida-Servizi-DSM-FINALE-21-11-2025.pdf";"pdf_testo_e_screenshot";"Rilettura documentale della Carta 2025: non attestazione del rinnovo operativo 2026. Orario di apertura distinto dall’accesso diretto."
"rete";"R2-09";"CSM Orio Vergani";"accesso";"Primo accesso diretto dell’interessato/familiare, senza ricetta salvo prestazioni medico-legali";"Accesso diretto lun–ven 09:30–13 e 14:30–18:30; sab 09–12. Fonte 2025: confermare condizioni attuali.";"2026-09-21";"fonte_2025_da_riconfermare";"https://www.aslroma2.it/attachements/j4/com_content.article/Guida-Servizi-DSM-FINALE-21-11-2025.pdf";"pdf_testo_e_screenshot";"Rilettura documentale della Carta 2025: non attestazione del rinnovo operativo 2026. Orario di apertura distinto dall’accesso diretto."
"rete";"R2-01";"DSM Roma 2 — coordinamento";"indirizzo";"Via Monza, 2";"Via Monza 2, terzo piano, Roma";"2026-09-21";"fonte_2025_da_riconfermare";"https://www.aslroma2.it/attachements/j4/com_content.article/Guida-Servizi-DSM-FINALE-21-11-2025.pdf";"pdf_testo_e_screenshot";"Riferimento della direzione nella Carta 2025; non sportello di prenotazione clinica."
"rete";"R2-01";"DSM Roma 2 — coordinamento";"telefono";"0651006526";"06 51006526";"2026-09-21";"fonte_2025_da_riconfermare";"https://www.aslroma2.it/attachements/j4/com_content.article/Guida-Servizi-DSM-FINALE-21-11-2025.pdf";"pdf_testo_e_screenshot";"Riferimento della direzione nella Carta 2025; non sportello di prenotazione clinica."
"rete";"R2-01";"DSM Roma 2 — coordinamento";"email";"ND — non documentato nelle fonti consultate";"dsm@aslroma2.it";"2026-09-21";"fonte_2025_da_riconfermare";"https://www.aslroma2.it/attachements/j4/com_content.article/Guida-Servizi-DSM-FINALE-21-11-2025.pdf";"pdf_testo_e_screenshot";"Riferimento della direzione nella Carta 2025; non sportello di prenotazione clinica."
"rete";"R2-13";"SerD Distretto 7";"indirizzo";"Via dei Sestili, 7";"Via dei Sestili 7, Roma";"2026-09-21";"fonte_2025_da_riconfermare";"https://www.aslroma2.it/attachements/j4/com_content.article/Guida-Servizi-DSM-FINALE-21-11-2025.pdf";"pdf_testo_e_screenshot";"Orario unificato dalle due fasce sovrapposte esplicitamente riportate per mar/gio."
"rete";"R2-13";"SerD Distretto 7";"telefono";"0641436542";"06 41436542";"2026-09-21";"fonte_2025_da_riconfermare";"https://www.aslroma2.it/attachements/j4/com_content.article/Guida-Servizi-DSM-FINALE-21-11-2025.pdf";"pdf_testo_e_screenshot";"Orario unificato dalle due fasce sovrapposte esplicitamente riportate per mar/gio."
"rete";"R2-13";"SerD Distretto 7";"email";"patologie.dipendenza.d7@aslroma2.it";"patologie.dipendenza.d7@aslroma2.it";"2026-09-21";"fonte_2025_da_riconfermare";"https://www.aslroma2.it/attachements/j4/com_content.article/Guida-Servizi-DSM-FINALE-21-11-2025.pdf";"pdf_testo_e_screenshot";"Orario unificato dalle due fasce sovrapposte esplicitamente riportate per mar/gio."
"rete";"R2-13";"SerD Distretto 7";"accesso";"Accesso diretto; per il servizio penitenziario accesso ristretto al Polo Rebibbia secondo regole dell'istituto";"Accesso diretto negli orari di apertura.";"2026-09-21";"fonte_2025_da_riconfermare";"https://www.aslroma2.it/attachements/j4/com_content.article/Guida-Servizi-DSM-FINALE-21-11-2025.pdf";"pdf_testo_e_screenshot";"Orario unificato dalle due fasce sovrapposte esplicitamente riportate per mar/gio."
"rete";"R2-13";"SerD Distretto 7";"orari";"Lun/mer 08:15–15:00; mar/gio 08:15–15:00 e 14:15–19:00; ven 08:15–14:30";"Lun e mer 08:15–15; mar e gio 08:15–19; ven 08:15–14:30 secondo Carta 2025. Da confermare.";"2026-09-21";"fonte_2025_da_riconfermare";"https://www.aslroma2.it/attachements/j4/com_content.article/Guida-Servizi-DSM-FINALE-21-11-2025.pdf";"pdf_testo_e_screenshot";"Orario unificato dalle due fasce sovrapposte esplicitamente riportate per mar/gio."
"moduli";"MOD-048";"Dianova Palombara Sabina";"numero_orientamento";"";"800 012729";"2026-09-21";"riesame_parziale";"https://www.dianova.it/numero-verde-droga/ | https://www.dianova.it/palombara/";"pagina_gestore | pagina_gestore";"La linea nazionale non è un recapito clinico esclusivo della comunità; contratto e posti non riesaminati."
"moduli";"MOD-048";"Dianova Palombara Sabina";"orari_orientamento";"";"Lun–ven 09–17; linea nazionale, non segreteria della sede.";"2026-09-21";"riesame_parziale";"https://www.dianova.it/numero-verde-droga/ | https://www.dianova.it/palombara/";"pagina_gestore | pagina_gestore";"La linea nazionale non è un recapito clinico esclusivo della comunità; contratto e posti non riesaminati."
"moduli";"MOD-048";"Dianova Palombara Sabina";"modalita_invio";"";"Orientamento Dianova e raccordo con il servizio pubblico competente; confermare ammissione e copertura con SerD.";"2026-09-21";"riesame_parziale";"https://www.dianova.it/numero-verde-droga/ | https://www.dianova.it/palombara/";"pagina_gestore | pagina_gestore";"La linea nazionale non è un recapito clinico esclusivo della comunità; contratto e posti non riesaminati."
"scuole";"SCU-004";"Identificativo nel dataset scolastico V7.5";"periodo_validita";"Confronto con il record V7.5 al momento dell’applicazione; non ricostruito da memoria.";"A.S. 2025/2026, circolare del 06/11/2025. Rinnovo 2026/2027 non documentato.";"2026-09-21";"correzione_temporale";"https://www.icaretusa.edu.it/circolare/sportello-dascolto-psicologico/";"pagina_ufficiale";"Correzione della precedente attribuzione al 2026/27 basata sul contenitore del sito."
"scuole";"SCU-004";"Identificativo nel dataset scolastico V7.5";"stato_dato";"Confronto con il record V7.5 al momento dell’applicazione; non ricostruito da memoria.";"Storico 2025/26 – rinnovo da confermare";"2026-09-21";"correzione_temporale";"https://www.icaretusa.edu.it/circolare/sportello-dascolto-psicologico/";"pagina_ufficiale";"Correzione della precedente attribuzione al 2026/27 basata sul contenitore del sito."
"scuole";"SCU-004";"Identificativo nel dataset scolastico V7.5";"ammessi";"Confronto con il record V7.5 al momento dell’applicazione; non ricostruito da memoria.";"Studenti, genitori e personale scolastico secondo la circolare.";"2026-09-21";"correzione_temporale";"https://www.icaretusa.edu.it/circolare/sportello-dascolto-psicologico/";"pagina_ufficiale";"Correzione della precedente attribuzione al 2026/27 basata sul contenitore del sito."
"scuole";"SCU-008";"Identificativo nel dataset scolastico V7.5";"periodo_validita";"Confronto con il record V7.5 al momento dell’applicazione; non ricostruito da memoria.";"Progetto 2023–2025; disponibilità nell’A.S. 2026/27 non documentata.";"2026-09-21";"correzione_temporale";"https://www.icmanuzio.edu.it/sportello-di-ascolto-psicologico-bando-regione-lazio/";"indice_ufficiale";"Non confondere l’anno del sito con la validità dello sportello."
"scuole";"SCU-008";"Identificativo nel dataset scolastico V7.5";"stato_dato";"Confronto con il record V7.5 al momento dell’applicazione; non ricostruito da memoria.";"Storico – rinnovo da confermare";"2026-09-21";"correzione_temporale";"https://www.icmanuzio.edu.it/sportello-di-ascolto-psicologico-bando-regione-lazio/";"indice_ufficiale";"Non confondere l’anno del sito con la validità dello sportello."
"scuole";"SCU-009";"Identificativo nel dataset scolastico V7.5";"periodo_validita";"Confronto con il record V7.5 al momento dell’applicazione; non ricostruito da memoria.";"Attivazione documentata 03/11/2025; rinnovo A.S. 2026/27 non acquisito.";"2026-09-21";"correzione_temporale";"https://liceoaprilia.edu.it/";"indice_ufficiale";"Avviso 2025 presente in sito con altre notizie 2026: non attribuita nuova attivazione."
"scuole";"SCU-009";"Identificativo nel dataset scolastico V7.5";"stato_dato";"Confronto con il record V7.5 al momento dell’applicazione; non ricostruito da memoria.";"Storico 2025/26 – rinnovo da confermare";"2026-09-21";"correzione_temporale";"https://liceoaprilia.edu.it/";"indice_ufficiale";"Avviso 2025 presente in sito con altre notizie 2026: non attribuita nuova attivazione."
"scuole";"SCU-012";"Identificativo nel dataset scolastico V7.5";"comune";"Confronto con il record V7.5 al momento dell’applicazione; non ricostruito da memoria.";"Poggio Mirteto (sede centrale); plesso dello sportello da confermare";"2026-09-21";"correzione_sede_istituto";"https://www.istitutocomprensivobassasabina.edu.it/luogo/sede-centrale/";"indice_ufficiale";"Indirizzo di segreteria, non automaticamente sede del colloquio."
"scuole";"SCU-012";"Identificativo nel dataset scolastico V7.5";"telefono_email_link";"Confronto con il record V7.5 al momento dell’applicazione; non ricostruito da memoria.";"Via Angelo Bulgarelli snc, Poggio Mirteto; 0765 24232; RIIC82500N@istruzione.it";"2026-09-21";"correzione_sede_istituto";"https://www.istitutocomprensivobassasabina.edu.it/luogo/sede-centrale/";"indice_ufficiale";"Indirizzo di segreteria, non automaticamente sede del colloquio."
"scuole";"SCU-007";"Identificativo nel dataset scolastico V7.5";"tipo_record";"Confronto con il record V7.5 al momento dell’applicazione; non ricostruito da memoria.";"segnalazione_programma_nazionale";"2026-09-21";"correzione_ambito";"https://www.istitutocomprensivofrosinonequarto.edu.it/pagine/ascoltami--sportello-psicologico-supporto-per-studentesse-e-studenti";"indice_ufficiale";"Conservato il record senza contarlo come sportello fisico attivo."
"scuole";"SCU-007";"Identificativo nel dataset scolastico V7.5";"programma_id";"Confronto con il record V7.5 al momento dell’applicazione; non ricostruito da memoria.";"ASCOLTAMI";"2026-09-21";"correzione_ambito";"https://www.istitutocomprensivofrosinonequarto.edu.it/pagine/ascoltami--sportello-psicologico-supporto-per-studentesse-e-studenti";"indice_ufficiale";"Conservato il record senza contarlo come sportello fisico attivo."
"scuole";"SCU-007";"Identificativo nel dataset scolastico V7.5";"stato_dato";"Confronto con il record V7.5 al momento dell’applicazione; non ricostruito da memoria.";"Segnalazione di programma nazionale – non sportello locale confermato";"2026-09-21";"correzione_ambito";"https://www.istitutocomprensivofrosinonequarto.edu.it/pagine/ascoltami--sportello-psicologico-supporto-per-studentesse-e-studenti";"indice_ufficiale";"Conservato il record senza contarlo come sportello fisico attivo."
"scuole";"SCU-007";"Identificativo nel dataset scolastico V7.5";"modalita_accesso";"Confronto con il record V7.5 al momento dell’applicazione; non ricostruito da memoria.";"Avviso relativo ad AscoltaMI sulla piattaforma nazionale; non prova di uno sportello autonomo in sede.";"2026-09-21";"correzione_ambito";"https://www.istitutocomprensivofrosinonequarto.edu.it/pagine/ascoltami--sportello-psicologico-supporto-per-studentesse-e-studenti";"indice_ufficiale";"Conservato il record senza contarlo come sportello fisico attivo."
