{"type":"FeatureCollection","version":"7.14","province":"RM","source":{"publisher":"ISTAT","reference_date":"2026-01-01","source_url":"https://www.istat.it/storage/cartografia/confini_amministrativi/generalizzati/2026/Limiti01012026_g.zip","source_page":"https://www.istat.it/notizia/confini-delle-unita-amministrative-a-fini-statistici-al-1-gennaio-2018-2/","license":"CC BY 4.0","license_url":"https://creativecommons.org/licenses/by/4.0/","source_sha256":"b011a590656c3a3ebc297fba80726a376aa843b6f164641cf6a4a990021a81d6","transform":"Generalized ISTAT municipality boundaries: Lazio subsets, WGS84 UTM32N to EPSG:4326, coordinates rounded to 6 decimals. Not legal/cadastral boundaries."},"features":[{"type":"Feature","id":"058001","properties":{"istat":"058001","name":"Affile","province":"RM","label":[41.88886,13.084718]},"geometry":{"type":"Polygon","coordinates":[[[13.070907,41.911674],[13.078256,41.910683],[13.09531,41.904826],[13.096166,41.90444],[13.103845,41.900793],[13.10824,41.89809],[13.109513,41.897307],[13.111113,41.896323],[13.112068,41.895807],[13.113569,41.895217],[13.115219,41.894857],[13.116838,41.894713],[13.116954,41.894707],[13.120553,41.894539],[13.117596,41.891485],[13.110305,41.885331],[13.108895,41.884476],[13.105431,41.882214],[13.098539,41.876473],[13.093748,41.869783],[13.093489,41.865911],[13.08956,41.868424],[13.083601,41.873485],[13.078297,41.879458],[13.077348,41.880775],[13.073009,41.883114],[13.070338,41.884168],[13.067849,41.884783],[13.057858,41.887114],[13.055654,41.88748],[13.054245,41.89024],[13.053358,41.894431],[13.053034,41.899161],[13.052589,41.900676],[13.051179,41.901491],[13.054105,41.902414],[13.054712,41.902649],[13.055129,41.90317],[13.058889,41.911591],[13.059087,41.913826],[13.062345,41.912065],[13.070907,41.911674]]]}},{"type":"Feature","id":"058002","properties":{"istat":"058002","name":"Agosta","province":"RM","label":[41.973964,13.03878]},"geometry":{"type":"Polygon","coordinates":[[[13.037424,42.000942],[13.039037,42.000701],[13.04028,42.000324],[13.044395,41.99881],[13.044898,41.998558],[13.04803,41.996827],[13.049666,41.995819],[13.049784,41.995434],[13.049827,41.995291],[13.049683,41.984221],[13.050373,41.978622],[13.055954,41.969313],[13.058074,41.964705],[13.059046,41.962892],[13.05985,41.962238],[13.060566,41.96169],[13.061373,41.961373],[13.057441,41.957171],[13.055203,41.954258],[13.054458,41.953431],[13.051325,41.950946],[13.051049,41.956831],[13.048485,41.958615],[13.036103,41.966156],[13.032764,41.967597],[13.029758,41.969409],[13.017962,41.979426],[13.019,41.979129],[13.024183,41.978551],[13.024812,41.97852],[13.025483,41.978663],[13.025973,41.978834],[13.026495,41.979113],[13.025878,41.979548],[13.024249,41.980696],[13.023837,41.98112],[13.023274,41.982546],[13.022777,41.983804],[13.023049,41.988462],[13.02648,41.998342],[13.02966,42.002107],[13.033124,42.001364],[13.037424,42.000942]]]}},{"type":"Feature","id":"058003","properties":{"istat":"058003","name":"Albano Laziale","province":"RM","label":[41.712574,12.611451]},"geometry":{"type":"Polygon","coordinates":[[[12.691281,41.739404],[12.692178,41.738902],[12.693009,41.738853],[12.693113,41.738863],[12.693168,41.738869],[12.693149,41.738839],[12.692326,41.737832],[12.691653,41.737249],[12.688278,41.734644],[12.687602,41.73416],[12.685604,41.732758],[12.681109,41.729861],[12.679284,41.728713],[12.678628,41.728347],[12.677667,41.727959],[12.676404,41.7275],[12.675918,41.72746],[12.675283,41.727673],[12.673981,41.727646],[12.669489,41.727153],[12.666372,41.726228],[12.66624,41.726155],[12.66334,41.724545],[12.663384,41.724454],[12.663482,41.724249],[12.66382,41.72355],[12.663314,41.721535],[12.659475,41.719599],[12.650587,41.716181],[12.645302,41.71512],[12.643951,41.715793],[12.642935,41.716303],[12.622197,41.717911],[12.620692,41.713535],[12.621535,41.710517],[12.621554,41.710452],[12.621755,41.70992],[12.621925,41.709473],[12.623267,41.707896],[12.624632,41.706896],[12.625149,41.706517],[12.63829,41.699005],[12.639853,41.699003],[12.640836,41.699089],[12.641186,41.699154],[12.641551,41.699223],[12.645879,41.701203],[12.65137,41.702967],[12.656016,41.70333],[12.658583,41.698949],[12.65694,41.696725],[12.652287,41.693147],[12.651049,41.688654],[12.651305,41.683712],[12.648077,41.682095],[12.645867,41.681182],[12.64062,41.679479],[12.635011,41.676387],[12.631849,41.674486],[12.621872,41.680531],[12.611237,41.685814],[12.599819,41.690081],[12.601577,41.691052],[12.603999,41.69873],[12.60802,41.705129],[12.604718,41.706573],[12.604648,41.706638],[12.604614,41.706673],[12.603377,41.708044],[12.603288,41.708169],[12.603164,41.708415],[12.602196,41.711614],[12.600813,41.716854],[12.599951,41.719816],[12.597653,41.721096],[12.596815,41.721042],[12.596645,41.721029],[12.596147,41.720989],[12.596038,41.72098],[12.595411,41.720926],[12.595187,41.720904],[12.595028,41.720886],[12.594655,41.720842],[12.594454,41.720815],[12.59472,41.726018],[12.596006,41.729797],[12.60355,41.732638],[12.605193,41.732753],[12.606368,41.73282],[12.607105,41.732756],[12.607732,41.732372],[12.608213,41.731736],[12.608243,41.731679],[12.608652,41.730907],[12.608296,41.730477],[12.607628,41.730031],[12.607598,41.73001],[12.607871,41.729623],[12.608425,41.7289],[12.61037,41.726746],[12.612587,41.724886],[12.617978,41.725516],[12.618101,41.725537],[12.619388,41.72576],[12.61985,41.72584],[12.620596,41.72597],[12.620748,41.725996],[12.624729,41.726915],[12.632348,41.72909],[12.635821,41.73075],[12.633859,41.738131],[12.64441,41.738929],[12.652829,41.734675],[12.655723,41.734025],[12.656205,41.734287],[12.660394,41.735349],[12.665366,41.733986],[12.666013,41.733888],[12.674013,41.732808],[12.682078,41.735499],[12.685228,41.736555],[12.68605,41.737474],[12.68677,41.738487],[12.687184,41.740333],[12.687405,41.741541],[12.687146,41.742734],[12.685021,41.747863],[12.683677,41.750914],[12.683755,41.750961],[12.683806,41.750991],[12.683949,41.751077],[12.686068,41.75235],[12.687626,41.750692],[12.688693,41.748578],[12.68838,41.746192],[12.68885,41.744183],[12.691281,41.739404]]]}},{"type":"Feature","id":"058004","properties":{"istat":"058004","name":"Allumiere","province":"RM","label":[42.147823,11.870423]},"geometry":{"type":"Polygon","coordinates":[[[11.873477,42.218691],[11.87848,42.217629],[11.888128,42.208957],[11.899037,42.202522],[11.908742,42.194428],[11.910099,42.194718],[11.911761,42.195045],[11.912602,42.195159],[11.913498,42.195154],[11.923041,42.19229],[11.925568,42.190353],[11.925059,42.189826],[11.924695,42.188759],[11.922362,42.179836],[11.922711,42.177503],[11.923252,42.175045],[11.924948,42.172241],[11.925237,42.169472],[11.92357,42.166167],[11.917885,42.156487],[11.919838,42.154487],[11.916409,42.149397],[11.913792,42.141948],[11.914368,42.141312],[11.915225,42.14048],[11.916898,42.138988],[11.917586,42.138412],[11.918034,42.138184],[11.91835,42.138213],[11.918582,42.138234],[11.919556,42.138641],[11.920222,42.139164],[11.925377,42.139438],[11.934578,42.138546],[11.948131,42.135703],[11.949857,42.133048],[11.949846,42.132805],[11.948198,42.130407],[11.947854,42.130037],[11.943519,42.129131],[11.941963,42.128995],[11.938985,42.129464],[11.936534,42.130242],[11.932852,42.131287],[11.931736,42.131477],[11.929614,42.131658],[11.923593,42.126732],[11.923298,42.125844],[11.924348,42.122359],[11.924736,42.121102],[11.925197,42.120599],[11.925807,42.12034],[11.926087,42.120221],[11.927112,42.12015],[11.934716,42.119838],[11.935496,42.119953],[11.948846,42.120921],[11.953879,42.119895],[11.967271,42.1171],[11.967976,42.116416],[11.970018,42.114274],[11.971064,42.113112],[11.971865,42.11192],[11.973333,42.109433],[11.973509,42.108807],[11.97348,42.107916],[11.968245,42.094472],[11.965061,42.08898],[11.964014,42.087251],[11.962877,42.085682],[11.961729,42.085455],[11.959702,42.085764],[11.958861,42.08616],[11.951171,42.091045],[11.9362,42.087035],[11.9346,42.087069],[11.934135,42.087079],[11.933937,42.087066],[11.932364,42.086962],[11.930673,42.086842],[11.930143,42.086803],[11.924543,42.085964],[11.91905,42.085041],[11.917296,42.084744],[11.910391,42.081515],[11.905924,42.07926],[11.905636,42.079069],[11.905438,42.078426],[11.899708,42.076801],[11.884613,42.082824],[11.869066,42.092002],[11.867863,42.092664],[11.869483,42.093722],[11.869989,42.094231],[11.870637,42.095156],[11.871511,42.097116],[11.871673,42.09749],[11.872055,42.09925],[11.871906,42.100001],[11.870851,42.10471],[11.869658,42.106703],[11.868805,42.110831],[11.86854,42.115943],[11.869679,42.1208],[11.868871,42.124115],[11.861521,42.129766],[11.861787,42.132988],[11.855378,42.13734],[11.841262,42.141968],[11.830764,42.144218],[11.822808,42.146485],[11.824635,42.147566],[11.825347,42.14808],[11.827065,42.149753],[11.828253,42.151133],[11.831021,42.157305],[11.830979,42.157986],[11.829382,42.161542],[11.828142,42.164108],[11.827767,42.164648],[11.827576,42.165252],[11.827501,42.166024],[11.827728,42.166495],[11.828011,42.166898],[11.830376,42.169429],[11.834309,42.173607],[11.840289,42.175667],[11.845751,42.179521],[11.847577,42.181898],[11.848348,42.183446],[11.852101,42.188548],[11.866399,42.197134],[11.869147,42.199542],[11.867587,42.201067],[11.86592,42.205643],[11.866061,42.206867],[11.868856,42.210277],[11.870769,42.211577],[11.873477,42.218691]]]}},{"type":"Feature","id":"058005","properties":{"istat":"058005","name":"Anguillara Sabazia","province":"RM","label":[42.077682,12.268906]},"geometry":{"type":"Polygon","coordinates":[[[12.285327,42.110517],[12.285661,42.110466],[12.2865,42.110522],[12.290499,42.113897],[12.298405,42.111288],[12.302465,42.108884],[12.308487,42.106247],[12.315504,42.113676],[12.315647,42.11355],[12.317993,42.111569],[12.32195,42.108272],[12.322163,42.108094],[12.322479,42.107833],[12.32471,42.107255],[12.324912,42.107235],[12.325367,42.107194],[12.325422,42.107189],[12.325517,42.107183],[12.325964,42.107187],[12.327915,42.107675],[12.339746,42.108142],[12.343822,42.103858],[12.341368,42.099588],[12.33682,42.093482],[12.329645,42.089006],[12.321245,42.089425],[12.31678,42.085696],[12.319214,42.08077],[12.322062,42.074594],[12.31862,42.07225],[12.314227,42.06749],[12.311452,42.06193],[12.309619,42.060388],[12.309151,42.06005],[12.30899,42.059943],[12.30786,42.0592],[12.307727,42.05914],[12.307591,42.059095],[12.3069,42.058887],[12.306819,42.058881],[12.306284,42.058859],[12.306109,42.058854],[12.303417,42.059377],[12.295651,42.057454],[12.288324,42.057537],[12.281887,42.059995],[12.276596,42.061956],[12.27646,42.061985],[12.276406,42.061994],[12.275959,42.06204],[12.275524,42.062055],[12.273465,42.061683],[12.272465,42.061491],[12.264518,42.059938],[12.26153,42.059029],[12.260919,42.052756],[12.260686,42.048006],[12.261825,42.045961],[12.263559,42.043984],[12.263787,42.039481],[12.263559,42.036254],[12.262461,42.030402],[12.263157,42.020305],[12.25149,42.018238],[12.242936,42.017205],[12.236154,42.019811],[12.235335,42.02005],[12.23521,42.020087],[12.234619,42.02026],[12.233366,42.020331],[12.232091,42.0202],[12.214771,42.017369],[12.205977,42.015652],[12.204628,42.015239],[12.203449,42.014633],[12.202827,42.014281],[12.201111,42.017139],[12.200586,42.018936],[12.200454,42.023506],[12.200669,42.024175],[12.202079,42.02676],[12.203662,42.029157],[12.204038,42.029621],[12.211143,42.03399],[12.222857,42.037444],[12.226491,42.038815],[12.224084,42.046378],[12.222805,42.049989],[12.22242,42.050982],[12.220491,42.055606],[12.218868,42.058353],[12.217826,42.060228],[12.217324,42.061548],[12.216958,42.06335],[12.215942,42.070467],[12.218024,42.082673],[12.219797,42.086454],[12.23457,42.120113],[12.285122,42.135758],[12.28547,42.129039],[12.284241,42.125337],[12.282098,42.120841],[12.281045,42.118292],[12.281541,42.115013],[12.281663,42.114317],[12.281993,42.112988],[12.282902,42.112093],[12.284549,42.110899],[12.284645,42.110834],[12.285075,42.110555],[12.285327,42.110517]]]}},{"type":"Feature","id":"058006","properties":{"istat":"058006","name":"Anticoli Corrado","province":"RM","label":[42.007415,12.987959]},"geometry":{"type":"Polygon","coordinates":[[[12.967297,42.032659],[12.974448,42.029438],[12.987598,42.022465],[12.999433,42.014624],[13.004961,42.011972],[13.007171,42.012021],[13.008497,42.012092],[13.011341,42.012271],[13.012612,42.009431],[13.010154,42.005398],[13.003431,42.000316],[12.996346,41.99137],[12.994351,41.989967],[12.993312,41.989193],[12.992746,41.988749],[12.992219,41.988263],[12.991832,41.987889],[12.991178,41.987201],[12.993028,41.985483],[12.992489,41.984269],[12.990522,41.9831],[12.989676,41.982746],[12.988667,41.982583],[12.987747,41.982701],[12.98671,41.983016],[12.986183,41.983287],[12.984802,41.984595],[12.978456,41.982229],[12.976922,41.981657],[12.972279,41.986661],[12.967796,41.992922],[12.966938,42.001274],[12.963006,42.011319],[12.957845,42.014874],[12.949119,42.024067],[12.948252,42.026636],[12.94802,42.027053],[12.94741,42.027646],[12.946509,42.028244],[12.945717,42.028574],[12.945554,42.028642],[12.945022,42.028705],[12.956431,42.035467],[12.956848,42.036551],[12.959011,42.036297],[12.967297,42.032659]]]}},{"type":"Feature","id":"058007","properties":{"istat":"058007","name":"Anzio","province":"RM","label":[41.492111,12.615288]},"geometry":{"type":"Polygon","coordinates":[[[12.618003,41.542781],[12.618123,41.541971],[12.618187,41.541541],[12.618291,41.540345],[12.618487,41.538961],[12.620138,41.533816],[12.620824,41.532295],[12.623488,41.529393],[12.626122,41.526066],[12.628103,41.523137],[12.628841,41.521957],[12.628995,41.521033],[12.628802,41.519728],[12.628625,41.518672],[12.634889,41.509077],[12.63878,41.505374],[12.639774,41.504051],[12.640372,41.502748],[12.643555,41.494601],[12.644589,41.481315],[12.645675,41.477109],[12.645468,41.476645],[12.645386,41.476461],[12.64296,41.471999],[12.64026,41.467263],[12.637196,41.457976],[12.63605,41.452943],[12.636219,41.4526],[12.636244,41.452554],[12.636383,41.452329],[12.636499,41.452172],[12.637107,41.451362],[12.637128,41.451333],[12.6373,41.451156],[12.63446,41.448677],[12.631097,41.444404],[12.622102,41.443824],[12.618041,41.44642],[12.617366,41.448792],[12.617102,41.451739],[12.614779,41.457235],[12.609219,41.46509],[12.603826,41.47218],[12.59751,41.479109],[12.588741,41.488925],[12.588401,41.48962],[12.585117,41.494819],[12.582853,41.498352],[12.57785,41.50472],[12.574223,41.509276],[12.571213,41.512961],[12.569212,41.515371],[12.563082,41.522337],[12.561103,41.524555],[12.55492,41.531236],[12.552779,41.534043],[12.559732,41.535244],[12.56576,41.537091],[12.574691,41.539914],[12.578119,41.543296],[12.583576,41.543495],[12.587671,41.542803],[12.587882,41.542195],[12.588518,41.541878],[12.589269,41.541661],[12.590321,41.541403],[12.59125,41.541239],[12.591888,41.541174],[12.593414,41.541438],[12.593576,41.541495],[12.594908,41.542155],[12.616839,41.544627],[12.617377,41.544354],[12.617933,41.543247],[12.618003,41.542781]]]}},{"type":"Feature","id":"058008","properties":{"istat":"058008","name":"Arcinazzo Romano","province":"RM","label":[41.870297,13.132074]},"geometry":{"type":"Polygon","coordinates":[[[13.138399,41.89314],[13.141567,41.892809],[13.145416,41.88937],[13.150811,41.88406],[13.152232,41.881858],[13.152364,41.881654],[13.15241,41.88157],[13.152542,41.881332],[13.153431,41.879726],[13.153623,41.87938],[13.155906,41.877109],[13.157717,41.875346],[13.158809,41.874609],[13.16869,41.87081],[13.173161,41.869099],[13.17737,41.867744],[13.180837,41.86696],[13.186861,41.863994],[13.189681,41.859586],[13.191149,41.855931],[13.191504,41.853915],[13.191503,41.853859],[13.191386,41.851376],[13.191288,41.851006],[13.190843,41.85054],[13.190648,41.850403],[13.188161,41.848671],[13.184153,41.84603],[13.180154,41.847342],[13.179301,41.847621],[13.177503,41.848195],[13.173204,41.849405],[13.172286,41.849586],[13.171435,41.849753],[13.166393,41.85017],[13.16466,41.850234],[13.164001,41.850258],[13.162012,41.849866],[13.159318,41.849297],[13.158347,41.848734],[13.157563,41.847551],[13.156044,41.845454],[13.155011,41.844087],[13.154482,41.843683],[13.150219,41.843612],[13.139647,41.843526],[13.137936,41.843552],[13.136487,41.843681],[13.126053,41.846107],[13.121864,41.847431],[13.113894,41.851796],[13.10512,41.857252],[13.101463,41.860453],[13.093489,41.865911],[13.093748,41.869783],[13.098539,41.876473],[13.105431,41.882214],[13.108895,41.884476],[13.110305,41.885331],[13.117596,41.891485],[13.120553,41.894539],[13.12166,41.89634],[13.122452,41.896461],[13.123755,41.896441],[13.12505,41.896264],[13.130818,41.894818],[13.138399,41.89314]]]}},{"type":"Feature","id":"058117","properties":{"istat":"058117","name":"Ardea","province":"RM","label":[41.613165,12.522594]},"geometry":{"type":"Polygon","coordinates":[[[12.611237,41.685814],[12.621872,41.680531],[12.631849,41.674486],[12.633907,41.671934],[12.627246,41.667894],[12.61683,41.662216],[12.61605,41.661867],[12.61553,41.661631],[12.613127,41.660394],[12.611021,41.659193],[12.607026,41.656797],[12.60143,41.652916],[12.597845,41.650192],[12.597054,41.648195],[12.595518,41.645587],[12.595143,41.645049],[12.594109,41.644424],[12.582967,41.638964],[12.574215,41.633159],[12.561681,41.623962],[12.552938,41.62028],[12.552195,41.619961],[12.551263,41.619184],[12.550463,41.61847],[12.550294,41.617894],[12.550156,41.617421],[12.550162,41.617364],[12.550229,41.616748],[12.55025,41.616562],[12.550344,41.615876],[12.550455,41.615508],[12.551043,41.615476],[12.55379,41.613302],[12.554073,41.613029],[12.554576,41.612543],[12.554934,41.611605],[12.554882,41.61134],[12.554634,41.6101],[12.554602,41.60994],[12.554081,41.609119],[12.551314,41.605512],[12.54928,41.60524],[12.547495,41.605069],[12.544047,41.604449],[12.543397,41.604324],[12.542879,41.604224],[12.541847,41.603887],[12.533944,41.600654],[12.5327,41.600073],[12.530511,41.598787],[12.530225,41.598372],[12.530158,41.598272],[12.530203,41.59773],[12.530293,41.597673],[12.530606,41.59748],[12.530708,41.597417],[12.531082,41.597596],[12.531449,41.597773],[12.532818,41.598397],[12.536601,41.597575],[12.540235,41.596737],[12.541473,41.596379],[12.543391,41.595455],[12.544436,41.594801],[12.546035,41.593743],[12.547251,41.592932],[12.548296,41.592228],[12.549815,41.591068],[12.551932,41.589153],[12.558881,41.582787],[12.567452,41.578699],[12.570286,41.577634],[12.575856,41.568714],[12.582149,41.558169],[12.582857,41.556919],[12.583476,41.555822],[12.584244,41.554338],[12.586657,41.549338],[12.588011,41.545313],[12.588275,41.544528],[12.587671,41.542803],[12.583576,41.543495],[12.578119,41.543296],[12.574691,41.539914],[12.56576,41.537091],[12.559732,41.535244],[12.552779,41.534043],[12.54471,41.542298],[12.544026,41.542997],[12.541539,41.545526],[12.539734,41.547307],[12.535196,41.551722],[12.530437,41.556018],[12.505095,41.579434],[12.500283,41.583934],[12.494517,41.589799],[12.491085,41.592928],[12.488739,41.594868],[12.487626,41.595789],[12.487181,41.597077],[12.487381,41.600241],[12.489507,41.610026],[12.492393,41.615204],[12.493392,41.615745],[12.494658,41.616224],[12.495707,41.616381],[12.496991,41.616059],[12.497772,41.615733],[12.49922,41.615549],[12.500461,41.615611],[12.500778,41.615628],[12.504575,41.616143],[12.505285,41.616373],[12.514543,41.619998],[12.515272,41.62039],[12.516257,41.621008],[12.524965,41.634316],[12.535615,41.65082],[12.541641,41.650688],[12.55224,41.657165],[12.557501,41.660274],[12.558712,41.660957],[12.559036,41.661052],[12.560683,41.661531],[12.562733,41.661972],[12.563319,41.662048],[12.564598,41.662211],[12.565673,41.662183],[12.566221,41.66217],[12.567432,41.662244],[12.56787,41.662388],[12.571064,41.66368],[12.571728,41.664241],[12.574679,41.666891],[12.579542,41.671413],[12.579658,41.671542],[12.580188,41.672131],[12.582395,41.67606],[12.5927,41.687053],[12.595289,41.692185],[12.599819,41.690081],[12.611237,41.685814]]]}},{"type":"Feature","id":"058009","properties":{"istat":"058009","name":"Ariccia","province":"RM","label":[41.698628,12.665377]},"geometry":{"type":"Polygon","coordinates":[[[12.696072,41.727219],[12.694739,41.725461],[12.692268,41.721961],[12.690792,41.717565],[12.69063,41.716861],[12.69047,41.716167],[12.690387,41.715317],[12.690359,41.71501],[12.690375,41.714687],[12.68672,41.713072],[12.680663,41.707738],[12.675996,41.702016],[12.674055,41.7001],[12.672048,41.698307],[12.672012,41.698279],[12.671138,41.69762],[12.670397,41.697257],[12.669598,41.696904],[12.668737,41.696538],[12.668049,41.696246],[12.664421,41.688498],[12.664424,41.688429],[12.664871,41.685796],[12.665327,41.684818],[12.665752,41.683955],[12.662109,41.683077],[12.659763,41.681582],[12.653878,41.673158],[12.652853,41.668712],[12.652834,41.66664],[12.655539,41.666593],[12.656148,41.666607],[12.656522,41.664681],[12.656334,41.664084],[12.654523,41.662927],[12.652893,41.662159],[12.647616,41.659139],[12.6433,41.65761],[12.644433,41.658479],[12.645531,41.659527],[12.645693,41.659812],[12.646264,41.665247],[12.645509,41.666842],[12.64308,41.66737],[12.639967,41.668478],[12.635982,41.670193],[12.633907,41.671934],[12.631849,41.674486],[12.635011,41.676387],[12.64062,41.679479],[12.645867,41.681182],[12.648077,41.682095],[12.651305,41.683712],[12.651049,41.688654],[12.652287,41.693147],[12.65694,41.696725],[12.658583,41.698949],[12.656016,41.70333],[12.65137,41.702967],[12.645879,41.701203],[12.641551,41.699223],[12.641186,41.699154],[12.640836,41.699089],[12.639853,41.699003],[12.63829,41.699005],[12.625149,41.706517],[12.624632,41.706896],[12.623267,41.707896],[12.621925,41.709473],[12.621755,41.70992],[12.621554,41.710452],[12.621535,41.710517],[12.620692,41.713535],[12.622197,41.717911],[12.642935,41.716303],[12.643951,41.715793],[12.645302,41.71512],[12.650587,41.716181],[12.659475,41.719599],[12.663314,41.721535],[12.66382,41.72355],[12.663482,41.724249],[12.663384,41.724454],[12.66334,41.724545],[12.66624,41.726155],[12.666372,41.726228],[12.669489,41.727153],[12.673981,41.727646],[12.675283,41.727673],[12.675918,41.72746],[12.676404,41.7275],[12.677667,41.727959],[12.678628,41.728347],[12.679284,41.728713],[12.681109,41.729861],[12.685604,41.732758],[12.687602,41.73416],[12.688278,41.734644],[12.691653,41.737249],[12.692326,41.737832],[12.693149,41.738839],[12.693168,41.738869],[12.69331,41.739039],[12.693848,41.739521],[12.696302,41.739709],[12.699357,41.738395],[12.699439,41.738358],[12.700371,41.737945],[12.7035,41.736546],[12.703855,41.736387],[12.70756,41.734695],[12.708718,41.733845],[12.70925,41.73339],[12.709206,41.733388],[12.707759,41.733201],[12.706683,41.732981],[12.705793,41.732726],[12.700359,41.731093],[12.699398,41.730363],[12.697722,41.729053],[12.696072,41.727219]]]}},{"type":"Feature","id":"058010","properties":{"istat":"058010","name":"Arsoli","province":"RM","label":[42.031971,13.02817]},"geometry":{"type":"Polygon","coordinates":[[[13.013845,42.052751],[13.015018,42.052477],[13.020485,42.050755],[13.026622,42.050028],[13.037405,42.042367],[13.039887,42.040456],[13.041949,42.038868],[13.043803,42.037441],[13.046478,42.035316],[13.046992,42.034326],[13.048211,42.029617],[13.049241,42.023533],[13.04874,42.022618],[13.047595,42.020532],[13.040597,42.013202],[13.036353,42.00948],[13.03281,42.006759],[13.03035,42.008701],[13.029711,42.00907],[13.028844,42.00938],[13.025757,42.010424],[13.020697,42.010436],[13.014607,42.01302],[13.017451,42.016691],[13.014257,42.024707],[13.006783,42.034544],[13.004345,42.038259],[13.003054,42.042077],[13.003057,42.043113],[13.003081,42.043287],[13.003224,42.044331],[13.005637,42.045256],[13.007476,42.049821],[13.008439,42.052212],[13.009865,42.052591],[13.011305,42.052972],[13.013845,42.052751]]]}},{"type":"Feature","id":"058011","properties":{"istat":"058011","name":"Artena","province":"RM","label":[41.731619,12.905211]},"geometry":{"type":"MultiPolygon","coordinates":[[[[12.846547,41.698669],[12.84698,41.698973],[12.847934,41.699607],[12.851125,41.701198],[12.85151,41.700834],[12.853912,41.697601],[12.854088,41.69629],[12.854508,41.693065],[12.854663,41.691651],[12.853901,41.689997],[12.853089,41.6884],[12.852908,41.688045],[12.851775,41.686359],[12.849545,41.67683],[12.851383,41.668182],[12.851259,41.666421],[12.839751,41.664782],[12.83993,41.665473],[12.839928,41.665905],[12.839925,41.666338],[12.839911,41.66677],[12.839852,41.667119],[12.839426,41.668619],[12.83876,41.670031],[12.837568,41.672193],[12.835124,41.679136],[12.832561,41.689294],[12.830271,41.69593],[12.829965,41.696827],[12.829715,41.697831],[12.829694,41.698051],[12.829637,41.698675],[12.82976,41.698968],[12.830372,41.699754],[12.836589,41.703904],[12.840422,41.701187],[12.846547,41.698669]]],[[[12.816399,41.765981],[12.829645,41.76418],[12.839428,41.761921],[12.848644,41.760428],[12.85331,41.760452],[12.857682,41.757374],[12.872272,41.752312],[12.876238,41.750419],[12.891111,41.750707],[12.899434,41.751048],[12.903415,41.751374],[12.903553,41.751398],[12.904552,41.751574],[12.909889,41.752581],[12.913702,41.753503],[12.913823,41.75358],[12.914198,41.75382],[12.914245,41.753822],[12.914575,41.75383],[12.915338,41.753849],[12.916108,41.753774],[12.916401,41.753745],[12.923075,41.753025],[12.928409,41.751007],[12.93065,41.749847],[12.937716,41.747689],[12.943868,41.748194],[12.947128,41.74855],[12.948419,41.748723],[12.948597,41.748748],[12.948673,41.748759],[12.956252,41.750217],[12.961194,41.752162],[12.962421,41.75258],[12.963803,41.75305],[12.96493,41.753433],[12.964994,41.753428],[12.965597,41.753377],[12.967548,41.753212],[12.970784,41.751911],[12.971926,41.751648],[12.972875,41.751422],[12.972943,41.751405],[12.977123,41.749676],[12.976266,41.748634],[12.971401,41.743815],[12.970107,41.74299],[12.969599,41.74271],[12.96729,41.741885],[12.966774,41.741715],[12.966661,41.741677],[12.966251,41.741687],[12.963875,41.743057],[12.963309,41.743085],[12.958659,41.742228],[12.954794,41.734348],[12.954636,41.733691],[12.954751,41.733097],[12.956172,41.730365],[12.959176,41.712162],[12.958991,41.704749],[12.958933,41.703549],[12.958887,41.702731],[12.958494,41.697671],[12.958373,41.696918],[12.958246,41.696396],[12.956849,41.695364],[12.956212,41.694953],[12.95538,41.694658],[12.954557,41.694475],[12.953961,41.694356],[12.953539,41.694375],[12.952227,41.694877],[12.952116,41.694934],[12.949803,41.695849],[12.948754,41.696335],[12.947801,41.697237],[12.946814,41.698396],[12.945237,41.702087],[12.94274,41.70633],[12.939899,41.710618],[12.937794,41.712907],[12.927111,41.711715],[12.925481,41.711532],[12.924,41.711263],[12.920276,41.70972],[12.91351,41.708084],[12.908291,41.707162],[12.908048,41.707174],[12.907027,41.707236],[12.906854,41.707257],[12.905544,41.707417],[12.904245,41.707781],[12.900189,41.709806],[12.895979,41.711403],[12.894146,41.711573],[12.892687,41.711335],[12.882764,41.709348],[12.881964,41.709176],[12.880306,41.708819],[12.879089,41.708175],[12.878756,41.706629],[12.880343,41.701848],[12.879147,41.702735],[12.877837,41.703486],[12.876607,41.704014],[12.876291,41.704087],[12.87501,41.704297],[12.873812,41.704175],[12.864239,41.708024],[12.859753,41.711658],[12.854492,41.712012],[12.850919,41.714833],[12.851904,41.715331],[12.852013,41.71567],[12.852415,41.716953],[12.853869,41.721663],[12.854216,41.723146],[12.855063,41.728034],[12.855172,41.72912],[12.855091,41.730802],[12.854713,41.732436],[12.854663,41.732558],[12.854563,41.732802],[12.854176,41.733746],[12.853658,41.734862],[12.850753,41.737576],[12.848838,41.74632],[12.846789,41.750414],[12.839382,41.755057],[12.840481,41.755646],[12.84063,41.755821],[12.840824,41.756138],[12.840917,41.756599],[12.839571,41.756946],[12.837984,41.757282],[12.829512,41.757737],[12.813323,41.757402],[12.811786,41.7573],[12.798539,41.756398],[12.79672,41.756094],[12.796437,41.756024],[12.79542,41.755772],[12.794935,41.755612],[12.795581,41.764402],[12.797235,41.767805],[12.798559,41.768108],[12.799658,41.768319],[12.800472,41.768459],[12.80129,41.76845],[12.805595,41.766749],[12.816399,41.765981]]]]}},{"type":"Feature","id":"058012","properties":{"istat":"058012","name":"Bellegra","province":"RM","label":[41.888129,13.026574]},"geometry":{"type":"Polygon","coordinates":[[[13.000649,41.917119],[13.000727,41.916922],[13.000877,41.916731],[13.000991,41.916584],[13.001403,41.916142],[13.002408,41.915218],[13.008943,41.911759],[13.017923,41.905214],[13.020627,41.904151],[13.020877,41.904053],[13.027309,41.901864],[13.030987,41.901046],[13.034516,41.901565],[13.038567,41.901931],[13.04171,41.901968],[13.045005,41.901916],[13.051179,41.901491],[13.052589,41.900676],[13.053034,41.899161],[13.053358,41.894431],[13.054245,41.89024],[13.055654,41.88748],[13.052751,41.885457],[13.049469,41.883072],[13.045851,41.880118],[13.045615,41.879555],[13.045587,41.878908],[13.045726,41.877917],[13.046495,41.866884],[13.046435,41.866507],[13.046557,41.866051],[13.048491,41.862674],[13.049342,41.861992],[13.050143,41.861591],[13.052397,41.860595],[13.052676,41.860545],[13.053407,41.860677],[13.053032,41.85956],[13.048992,41.859266],[13.047681,41.859578],[13.047406,41.859907],[13.043081,41.865841],[13.033763,41.871472],[13.024095,41.873973],[13.021259,41.8745],[13.018221,41.872599],[13.014423,41.869544],[13.012293,41.867544],[13.012387,41.867239],[13.012302,41.866814],[13.010935,41.865457],[13.010338,41.865284],[13.005492,41.864859],[13.001443,41.86758],[13.000707,41.878177],[13.000323,41.882396],[12.997544,41.888778],[12.992559,41.9009],[12.99251,41.901325],[12.992573,41.902822],[12.99134,41.904806],[12.993576,41.908505],[12.993141,41.911955],[13.001372,41.917917],[13.00069,41.917365],[13.000649,41.917119]]]}},{"type":"Feature","id":"058013","properties":{"istat":"058013","name":"Bracciano","province":"RM","label":[42.103589,12.17731]},"geometry":{"type":"Polygon","coordinates":[[[12.222495,42.183226],[12.229908,42.180451],[12.227967,42.177746],[12.228097,42.175793],[12.229365,42.173825],[12.228391,42.171584],[12.225956,42.167375],[12.220733,42.160552],[12.218036,42.158147],[12.213909,42.156685],[12.210482,42.155995],[12.205609,42.155118],[12.204399,42.154688],[12.20335,42.154267],[12.198798,42.151855],[12.193907,42.1492],[12.193846,42.14916],[12.193257,42.14878],[12.192919,42.148561],[12.192363,42.148081],[12.192334,42.148039],[12.192291,42.147974],[12.192088,42.147672],[12.192035,42.147594],[12.191892,42.147167],[12.202079,42.140399],[12.23457,42.120113],[12.219797,42.086454],[12.218024,42.082673],[12.215942,42.070467],[12.216958,42.06335],[12.217324,42.061548],[12.217826,42.060228],[12.218868,42.058353],[12.220491,42.055606],[12.22242,42.050982],[12.222805,42.049989],[12.224084,42.046378],[12.226491,42.038815],[12.222857,42.037444],[12.211143,42.03399],[12.204038,42.029621],[12.202192,42.029414],[12.201169,42.029289],[12.200595,42.029166],[12.194039,42.027588],[12.19004,42.025417],[12.18027,42.026899],[12.169839,42.031632],[12.16259,42.025538],[12.154189,42.025913],[12.145998,42.022968],[12.135349,42.021855],[12.134969,42.021987],[12.134464,42.022492],[12.13373,42.023773],[12.1333,42.02464],[12.133199,42.025372],[12.133141,42.025797],[12.133078,42.026965],[12.133023,42.02806],[12.13306,42.031265],[12.133929,42.038342],[12.134204,42.044152],[12.132242,42.049933],[12.131234,42.050329],[12.129681,42.050426],[12.128148,42.050486],[12.125959,42.050437],[12.125095,42.050308],[12.1242,42.049765],[12.124036,42.049666],[12.123263,42.04893],[12.122607,42.048124],[12.122322,42.04724],[12.123098,42.044104],[12.123568,42.042857],[12.127538,42.035376],[12.128244,42.034791],[12.128722,42.034189],[12.128502,42.033875],[12.126532,42.033114],[12.116402,42.033096],[12.108886,42.033211],[12.102904,42.034143],[12.095481,42.036761],[12.091006,42.040124],[12.089922,42.04145],[12.087728,42.04376],[12.084559,42.046673],[12.083898,42.047006],[12.072668,42.051644],[12.067806,42.050292],[12.066885,42.049993],[12.066223,42.049547],[12.065256,42.048285],[12.065059,42.05522],[12.065918,42.059978],[12.063231,42.063675],[12.059054,42.068262],[12.058601,42.073434],[12.059275,42.077126],[12.075285,42.085684],[12.083723,42.081221],[12.091639,42.083385],[12.107875,42.088435],[12.116733,42.093373],[12.125048,42.099918],[12.129556,42.10726],[12.132515,42.112285],[12.134935,42.116731],[12.135512,42.118138],[12.137096,42.122246],[12.138682,42.126705],[12.138798,42.127318],[12.138522,42.127724],[12.138435,42.127846],[12.138364,42.127928],[12.138048,42.128289],[12.137653,42.129137],[12.137155,42.130299],[12.136808,42.131119],[12.136764,42.131944],[12.136867,42.132563],[12.139282,42.137593],[12.141332,42.139658],[12.142093,42.140123],[12.143888,42.141325],[12.145488,42.142453],[12.151936,42.147044],[12.151747,42.148116],[12.150317,42.151217],[12.147522,42.156134],[12.147914,42.157703],[12.149652,42.16051],[12.152299,42.160937],[12.153624,42.161301],[12.154647,42.161643],[12.155792,42.162048],[12.156876,42.162437],[12.157919,42.162939],[12.158623,42.163323],[12.159674,42.163895],[12.1647,42.166863],[12.165245,42.167375],[12.165289,42.167416],[12.165452,42.167571],[12.165473,42.167594],[12.165736,42.168572],[12.167951,42.17377],[12.168849,42.175302],[12.173188,42.177069],[12.180337,42.178614],[12.182704,42.178503],[12.189281,42.178284],[12.193268,42.178353],[12.195492,42.178498],[12.197081,42.17881],[12.202204,42.179986],[12.20267,42.180396],[12.202786,42.18062],[12.20298,42.180995],[12.203023,42.181381],[12.203086,42.181908],[12.203282,42.182428],[12.203505,42.182773],[12.205391,42.183891],[12.206363,42.184422],[12.209896,42.18557],[12.215741,42.186736],[12.215756,42.186713],[12.216321,42.186196],[12.217302,42.185452],[12.220474,42.183706],[12.222495,42.183226]]]}},{"type":"Feature","id":"058014","properties":{"istat":"058014","name":"Camerata Nuova","province":"RM","label":[41.990443,13.150215]},"geometry":{"type":"Polygon","coordinates":[[[13.129898,42.01747],[13.134488,42.016597],[13.137809,42.01577],[13.146966,42.011973],[13.149484,42.010536],[13.154403,42.00703],[13.161207,42.002419],[13.167334,41.99906],[13.169733,41.99779],[13.173751,41.996297],[13.184712,41.992975],[13.1974,41.987912],[13.199082,41.986496],[13.202131,41.986003],[13.209315,41.987027],[13.214184,41.987289],[13.216157,41.986699],[13.226663,41.983503],[13.229425,41.982257],[13.232211,41.980138],[13.234278,41.976992],[13.231166,41.974778],[13.223842,41.972091],[13.216739,41.969719],[13.213339,41.966998],[13.204428,41.959456],[13.203434,41.958318],[13.203892,41.954515],[13.194128,41.957168],[13.184832,41.957342],[13.181479,41.958153],[13.17562,41.960853],[13.16958,41.963286],[13.163167,41.965145],[13.150822,41.968055],[13.14633,41.968164],[13.145619,41.968122],[13.145271,41.967998],[13.144899,41.967856],[13.144745,41.967793],[13.144333,41.967507],[13.137051,41.97265],[13.130963,41.976962],[13.12908,41.978241],[13.123119,41.981454],[13.118494,41.983561],[13.1002,41.997367],[13.092696,42.003056],[13.0906,42.00612],[13.089862,42.008975],[13.090614,42.008492],[13.091057,42.00822],[13.091594,42.00803],[13.092636,42.007884],[13.093797,42.007816],[13.101025,42.00799],[13.101376,42.0084],[13.101324,42.009748],[13.101234,42.010305],[13.101032,42.011033],[13.10075,42.011561],[13.098786,42.014661],[13.096322,42.019539],[13.096241,42.019813],[13.096256,42.019902],[13.096612,42.021946],[13.097251,42.024832],[13.097629,42.025557],[13.097792,42.02567],[13.097887,42.025736],[13.098492,42.026156],[13.101016,42.026588],[13.102187,42.026578],[13.103851,42.026293],[13.104972,42.025996],[13.107741,42.025105],[13.108522,42.024811],[13.109573,42.024395],[13.111406,42.02365],[13.113962,42.022594],[13.114064,42.022544],[13.114757,42.022201],[13.115484,42.021756],[13.115902,42.021432],[13.116437,42.021015],[13.129898,42.01747]]]}},{"type":"Feature","id":"058015","properties":{"istat":"058015","name":"Campagnano di Roma","province":"RM","label":[42.130973,12.373236]},"geometry":{"type":"Polygon","coordinates":[[[12.373327,42.172123],[12.378178,42.167379],[12.377728,42.164254],[12.377918,42.163964],[12.378198,42.163537],[12.379025,42.162685],[12.3805,42.161281],[12.3851,42.157638],[12.389513,42.154568],[12.394062,42.151574],[12.402213,42.141927],[12.409106,42.135261],[12.412001,42.136215],[12.414997,42.136765],[12.419888,42.13747],[12.426791,42.136872],[12.42606,42.136782],[12.424761,42.135587],[12.424321,42.134618],[12.422415,42.127327],[12.423684,42.120802],[12.422486,42.115628],[12.4169,42.112323],[12.41683,42.112257],[12.41653,42.111965],[12.415863,42.110627],[12.409895,42.110303],[12.408993,42.110213],[12.405853,42.108695],[12.395268,42.102623],[12.394453,42.102095],[12.394098,42.10179],[12.393137,42.099672],[12.391549,42.09516],[12.389768,42.095169],[12.385646,42.096764],[12.381123,42.098606],[12.377694,42.100405],[12.369325,42.098367],[12.368379,42.097758],[12.367585,42.097504],[12.358183,42.0993],[12.348088,42.102597],[12.343822,42.103858],[12.339746,42.108142],[12.327915,42.107675],[12.325964,42.107187],[12.325517,42.107183],[12.325422,42.107189],[12.325367,42.107194],[12.324912,42.107235],[12.32471,42.107255],[12.322479,42.107833],[12.322163,42.108094],[12.32195,42.108272],[12.317993,42.111569],[12.315647,42.11355],[12.315504,42.113676],[12.31607,42.114284],[12.324759,42.114874],[12.328959,42.114008],[12.335091,42.112707],[12.336021,42.114486],[12.336849,42.121549],[12.336907,42.122464],[12.336847,42.122628],[12.336802,42.122661],[12.336712,42.122725],[12.336664,42.122757],[12.336614,42.122788],[12.336314,42.122954],[12.336267,42.12298],[12.336225,42.123002],[12.335728,42.123257],[12.335502,42.123371],[12.331901,42.12518],[12.312818,42.137746],[12.307297,42.140935],[12.309741,42.148651],[12.310925,42.150737],[12.311278,42.150997],[12.311664,42.151207],[12.312008,42.151296],[12.312288,42.151319],[12.31424,42.150691],[12.317346,42.149665],[12.319873,42.148696],[12.323,42.14716],[12.32622,42.146224],[12.329549,42.146258],[12.330713,42.147197],[12.331605,42.149656],[12.334387,42.152623],[12.344655,42.153567],[12.34537,42.157049],[12.349326,42.162021],[12.353091,42.165698],[12.354877,42.166717],[12.361274,42.168627],[12.368201,42.171378],[12.370291,42.172874],[12.37019,42.17348],[12.37011,42.173789],[12.373327,42.172123]]]}},{"type":"Feature","id":"058016","properties":{"istat":"058016","name":"Canale Monterano","province":"RM","label":[42.128601,12.066913]},"geometry":{"type":"Polygon","coordinates":[[[12.069306,42.164365],[12.069721,42.164255],[12.070022,42.164175],[12.070718,42.163796],[12.071224,42.163332],[12.071356,42.163211],[12.071872,42.162612],[12.08118,42.161363],[12.087732,42.161482],[12.094582,42.161195],[12.116518,42.160952],[12.117802,42.161489],[12.118891,42.160964],[12.128752,42.155986],[12.132311,42.153034],[12.133813,42.151588],[12.134461,42.150747],[12.135092,42.149802],[12.135551,42.149037],[12.135889,42.148037],[12.135936,42.147275],[12.135599,42.147277],[12.134896,42.147281],[12.134482,42.147221],[12.13422,42.147097],[12.127471,42.143009],[12.122143,42.139984],[12.1197,42.138772],[12.112781,42.136362],[12.109099,42.133823],[12.105359,42.129823],[12.101028,42.125366],[12.089776,42.11689],[12.078709,42.109195],[12.073999,42.1021],[12.067086,42.097427],[12.06209,42.096876],[12.059104,42.096402],[12.058024,42.096048],[12.056843,42.095624],[12.056255,42.095257],[12.055819,42.094949],[12.05567,42.094831],[12.05549,42.094688],[12.053373,42.096481],[12.049938,42.099631],[12.043301,42.107507],[12.039953,42.112841],[12.039695,42.115032],[12.036097,42.11972],[12.035332,42.120181],[12.032293,42.12136],[12.029594,42.121603],[12.028575,42.127379],[12.037784,42.137807],[12.040474,42.138123],[12.041015,42.138342],[12.046962,42.144231],[12.04729,42.144641],[12.04785,42.145338],[12.04824,42.145902],[12.048462,42.146227],[12.049075,42.14744],[12.049412,42.148385],[12.05079,42.15241],[12.050861,42.153101],[12.051869,42.1532],[12.052723,42.153317],[12.053498,42.153576],[12.054041,42.153796],[12.054586,42.154056],[12.05512,42.154357],[12.055273,42.154458],[12.055809,42.154815],[12.056546,42.155782],[12.056839,42.156341],[12.056925,42.156879],[12.057727,42.164057],[12.060384,42.164378],[12.061174,42.164434],[12.06268,42.164538],[12.063988,42.164552],[12.067639,42.164459],[12.069306,42.164365]]]}},{"type":"Feature","id":"058017","properties":{"istat":"058017","name":"Canterano","province":"RM","label":[41.938659,13.039295]},"geometry":{"type":"Polygon","coordinates":[[[13.05539,41.935495],[13.054715,41.935474],[13.054025,41.935535],[13.053637,41.935224],[13.053326,41.934798],[13.053058,41.93443],[13.052282,41.932571],[13.052565,41.927289],[13.052796,41.926403],[13.048784,41.924298],[13.040373,41.922497],[13.029448,41.922859],[13.028247,41.923108],[13.027077,41.923523],[13.026136,41.92429],[13.022252,41.927861],[13.020897,41.929151],[13.018426,41.936117],[13.02021,41.936901],[13.02086,41.937374],[13.024135,41.939888],[13.034894,41.948158],[13.035985,41.949169],[13.037441,41.950455],[13.037511,41.950508],[13.038165,41.951005],[13.038302,41.951109],[13.038578,41.951249],[13.038836,41.951378],[13.042107,41.95296],[13.045392,41.954411],[13.047286,41.955227],[13.051049,41.956831],[13.051325,41.950946],[13.051276,41.949386],[13.051475,41.946434],[13.054004,41.943396],[13.054956,41.942232],[13.055459,41.941575],[13.056308,41.93743],[13.055572,41.935867],[13.05539,41.935495]]]}},{"type":"Feature","id":"058018","properties":{"istat":"058018","name":"Capena","province":"RM","label":[42.132357,12.55224]},"geometry":{"type":"Polygon","coordinates":[[[12.528173,42.178959],[12.539992,42.173575],[12.542794,42.17189],[12.544705,42.170678],[12.548427,42.166155],[12.548898,42.160864],[12.548923,42.159899],[12.549534,42.158183],[12.551709,42.146973],[12.552569,42.144331],[12.555075,42.138444],[12.555475,42.138112],[12.556691,42.137985],[12.564906,42.133547],[12.570651,42.130888],[12.58296,42.129994],[12.589176,42.133248],[12.593076,42.135359],[12.594805,42.13571],[12.597892,42.134224],[12.598145,42.130905],[12.598201,42.129728],[12.598209,42.129174],[12.598215,42.128404],[12.597953,42.127354],[12.597326,42.12663],[12.605748,42.129797],[12.605312,42.130454],[12.604845,42.131289],[12.60582,42.13142],[12.606387,42.131465],[12.609813,42.130448],[12.611015,42.130005],[12.614568,42.126557],[12.617575,42.123468],[12.618628,42.120895],[12.620938,42.118752],[12.622487,42.117635],[12.622413,42.117372],[12.622339,42.117081],[12.622366,42.116662],[12.622573,42.115989],[12.625088,42.112438],[12.628828,42.108502],[12.628883,42.107978],[12.628722,42.107434],[12.628411,42.107043],[12.627977,42.106683],[12.627115,42.10644],[12.625671,42.106229],[12.618929,42.106069],[12.615913,42.105862],[12.614603,42.105611],[12.614064,42.105503],[12.612732,42.105238],[12.611816,42.104998],[12.611056,42.1048],[12.608763,42.103023],[12.607283,42.101875],[12.607273,42.10185],[12.605232,42.096609],[12.605122,42.090557],[12.605201,42.09005],[12.605061,42.089266],[12.604372,42.088631],[12.60349,42.08801],[12.602387,42.087419],[12.60157,42.087089],[12.601255,42.086964],[12.600174,42.086768],[12.599127,42.086648],[12.598102,42.086608],[12.597466,42.086718],[12.596371,42.08691],[12.592829,42.090479],[12.581544,42.101084],[12.577094,42.108481],[12.575858,42.110635],[12.580887,42.112936],[12.581819,42.113227],[12.582517,42.113313],[12.584005,42.113339],[12.585471,42.113279],[12.586167,42.113411],[12.586333,42.113838],[12.586308,42.114149],[12.585897,42.114486],[12.58546,42.114612],[12.585366,42.114639],[12.584954,42.114754],[12.581556,42.115243],[12.573352,42.115198],[12.572746,42.11516],[12.560475,42.110331],[12.55529,42.104587],[12.551196,42.104601],[12.543507,42.110098],[12.539899,42.112438],[12.54004,42.112519],[12.541045,42.113101],[12.542978,42.114625],[12.543743,42.115755],[12.544708,42.118183],[12.544264,42.120743],[12.539375,42.127661],[12.531669,42.142914],[12.530594,42.147855],[12.530597,42.155074],[12.531045,42.161388],[12.529557,42.165638],[12.518381,42.169607],[12.515477,42.172344],[12.515759,42.172975],[12.515889,42.173263],[12.516276,42.173904],[12.51795,42.176604],[12.518431,42.176985],[12.51936,42.177375],[12.521791,42.178066],[12.526263,42.178883],[12.526973,42.178987],[12.528173,42.178959]]]}},{"type":"Feature","id":"058019","properties":{"istat":"058019","name":"Capranica Prenestina","province":"RM","label":[41.891574,12.93998]},"geometry":{"type":"Polygon","coordinates":[[[12.920041,41.92897],[12.920875,41.928888],[12.938608,41.926537],[12.938179,41.923419],[12.939161,41.91796],[12.941878,41.912982],[12.944118,41.908565],[12.944531,41.907349],[12.94496,41.906006],[12.945494,41.903646],[12.945849,41.901995],[12.945445,41.901041],[12.944792,41.899929],[12.947782,41.895058],[12.952126,41.889254],[12.953869,41.887528],[12.954794,41.883854],[12.955227,41.877054],[12.955134,41.875792],[12.957568,41.871269],[12.957889,41.870686],[12.958536,41.870015],[12.960765,41.868885],[12.964076,41.86742],[12.965442,41.866544],[12.968073,41.864472],[12.968509,41.864056],[12.969545,41.861307],[12.964618,41.855132],[12.964345,41.855537],[12.96332,41.856329],[12.959157,41.855771],[12.957808,41.855394],[12.95686,41.8549],[12.955341,41.854583],[12.953142,41.854763],[12.9489,41.856331],[12.940893,41.859709],[12.940496,41.85993],[12.940171,41.861075],[12.94023,41.861474],[12.939798,41.862178],[12.936486,41.865884],[12.934937,41.867216],[12.933833,41.867839],[12.932139,41.868415],[12.930295,41.868411],[12.929109,41.868259],[12.92888,41.86823],[12.925462,41.867379],[12.923945,41.866935],[12.923398,41.86672],[12.922575,41.866829],[12.922004,41.867376],[12.919527,41.869801],[12.918171,41.871496],[12.917605,41.872604],[12.917485,41.873311],[12.917571,41.874006],[12.918057,41.874628],[12.924563,41.882495],[12.929509,41.890166],[12.929522,41.890461],[12.929621,41.892687],[12.929769,41.89623],[12.928275,41.89742],[12.923701,41.898648],[12.922158,41.898715],[12.920927,41.898743],[12.920624,41.898749],[12.91539,41.897402],[12.912629,41.896376],[12.904725,41.899125],[12.902435,41.900474],[12.903953,41.901248],[12.91177,41.90473],[12.913162,41.9047],[12.913662,41.907096],[12.913664,41.908176],[12.91353,41.913732],[12.911204,41.916301],[12.909223,41.917373],[12.908476,41.91752],[12.906173,41.917859],[12.90089,41.919759],[12.907523,41.924918],[12.911521,41.926537],[12.918315,41.928651],[12.919307,41.928923],[12.920041,41.92897]]]}},{"type":"Feature","id":"058020","properties":{"istat":"058020","name":"Carpineto Romano","province":"RM","label":[41.600175,13.09268]},"geometry":{"type":"Polygon","coordinates":[[[13.07829,41.650864],[13.089479,41.640878],[13.090114,41.640288],[13.090502,41.639927],[13.091251,41.639266],[13.091761,41.638816],[13.093082,41.637963],[13.095432,41.63683],[13.096675,41.636241],[13.097643,41.635985],[13.100945,41.635543],[13.104415,41.635127],[13.105818,41.635193],[13.106951,41.635004],[13.108149,41.634691],[13.112575,41.633178],[13.120563,41.630149],[13.121863,41.629621],[13.140624,41.617595],[13.144835,41.614287],[13.149929,41.614513],[13.158529,41.615025],[13.15769,41.611296],[13.15485,41.60733],[13.150907,41.602961],[13.149949,41.596202],[13.151244,41.594115],[13.155841,41.586912],[13.163014,41.584793],[13.167108,41.58427],[13.169501,41.584463],[13.170915,41.58456],[13.172041,41.584631],[13.172424,41.584618],[13.174355,41.584201],[13.174887,41.584055],[13.175066,41.583569],[13.171825,41.577818],[13.170875,41.57666],[13.16838,41.574495],[13.166838,41.57384],[13.163907,41.573199],[13.161867,41.57284],[13.159771,41.572718],[13.158431,41.572587],[13.158049,41.572485],[13.156466,41.572059],[13.150171,41.569308],[13.147441,41.567267],[13.147298,41.566358],[13.146562,41.565714],[13.145384,41.564964],[13.133765,41.561069],[13.131934,41.560982],[13.130625,41.560867],[13.1302,41.560829],[13.124441,41.557204],[13.124409,41.557165],[13.123977,41.556627],[13.123913,41.555621],[13.124796,41.551159],[13.125008,41.550449],[13.12542,41.549844],[13.124816,41.55005],[13.123461,41.550477],[13.12202,41.55093],[13.112843,41.553618],[13.11237,41.553631],[13.111223,41.553663],[13.110584,41.553433],[13.109857,41.553171],[13.10831,41.551948],[13.107022,41.55054],[13.106609,41.549918],[13.106356,41.549537],[13.105965,41.548948],[13.103682,41.545036],[13.103119,41.545785],[13.097425,41.552706],[13.095641,41.554233],[13.085169,41.559698],[13.080181,41.560918],[13.078145,41.562816],[13.075839,41.564586],[13.072083,41.567452],[13.070541,41.568612],[13.069141,41.569592],[13.054018,41.577605],[13.044356,41.576662],[13.034814,41.571686],[13.024374,41.573007],[13.021569,41.573482],[13.015982,41.576313],[13.010166,41.579519],[13.00831,41.580953],[13.011176,41.583689],[13.016054,41.593266],[13.022427,41.597715],[13.025097,41.59966],[13.027344,41.599574],[13.033574,41.599891],[13.03417,41.599972],[13.034601,41.600031],[13.035096,41.60032],[13.035466,41.600824],[13.035585,41.601617],[13.035748,41.605744],[13.035426,41.608875],[13.036843,41.615886],[13.040343,41.623196],[13.043781,41.627001],[13.048385,41.632358],[13.047037,41.63883],[13.04782,41.645885],[13.054798,41.650112],[13.072144,41.65487],[13.074319,41.655239],[13.07829,41.650864]]]}},{"type":"Feature","id":"058021","properties":{"istat":"058021","name":"Casape","province":"RM","label":[41.911156,12.89408]},"geometry":{"type":"Polygon","coordinates":[[[12.90089,41.919759],[12.906173,41.917859],[12.908476,41.91752],[12.909223,41.917373],[12.911204,41.916301],[12.91353,41.913732],[12.913664,41.908176],[12.913662,41.907096],[12.913162,41.9047],[12.91177,41.90473],[12.903953,41.901248],[12.902435,41.900474],[12.893413,41.903296],[12.881046,41.905048],[12.872808,41.905867],[12.86613,41.905881],[12.870763,41.908651],[12.878374,41.913661],[12.88392,41.918773],[12.890803,41.919926],[12.897131,41.920035],[12.90089,41.919759]]]}},{"type":"Feature","id":"058022","properties":{"istat":"058022","name":"Castel Gandolfo","province":"RM","label":[41.744525,12.668604]},"geometry":{"type":"Polygon","coordinates":[[[12.662536,41.76413],[12.664869,41.763843],[12.665416,41.763722],[12.666183,41.763547],[12.671609,41.762059],[12.674398,41.760593],[12.674445,41.760562],[12.675427,41.75963],[12.68159,41.755447],[12.686068,41.75235],[12.683949,41.751077],[12.683806,41.750991],[12.683755,41.750961],[12.683677,41.750914],[12.685021,41.747863],[12.687146,41.742734],[12.687405,41.741541],[12.687184,41.740333],[12.68677,41.738487],[12.68605,41.737474],[12.685228,41.736555],[12.682078,41.735499],[12.674013,41.732808],[12.666013,41.733888],[12.665366,41.733986],[12.660394,41.735349],[12.655713,41.739845],[12.653987,41.741188],[12.650973,41.744219],[12.650636,41.744831],[12.650205,41.746085],[12.649259,41.748902],[12.64894,41.748759],[12.648854,41.748487],[12.648377,41.746796],[12.648408,41.746588],[12.649792,41.743912],[12.651589,41.740503],[12.654727,41.734982],[12.655723,41.734025],[12.652829,41.734675],[12.64441,41.738929],[12.633859,41.738131],[12.635821,41.73075],[12.632348,41.72909],[12.624729,41.726915],[12.620748,41.725996],[12.620596,41.72597],[12.61985,41.72584],[12.619388,41.72576],[12.618101,41.725537],[12.617978,41.725516],[12.612587,41.724886],[12.61037,41.726746],[12.608425,41.7289],[12.607871,41.729623],[12.607598,41.73001],[12.607628,41.730031],[12.608296,41.730477],[12.608652,41.730907],[12.608243,41.731679],[12.608213,41.731736],[12.607732,41.732372],[12.607105,41.732756],[12.606368,41.73282],[12.605193,41.732753],[12.60355,41.732638],[12.596006,41.729797],[12.599233,41.736078],[12.604213,41.737606],[12.615974,41.736707],[12.617244,41.736886],[12.620587,41.737559],[12.62076,41.737599],[12.622367,41.737966],[12.62911,41.740272],[12.632288,41.743061],[12.636313,41.749403],[12.649935,41.75966],[12.650442,41.760148],[12.6509,41.760588],[12.650944,41.760621],[12.651184,41.7608],[12.651659,41.761149],[12.651932,41.761347],[12.65209,41.761462],[12.653162,41.762231],[12.655277,41.763605],[12.656389,41.763757],[12.656994,41.76382],[12.661199,41.764204],[12.662536,41.76413]]]}},{"type":"Feature","id":"058023","properties":{"istat":"058023","name":"Castel Madama","province":"RM","label":[41.965196,12.872266]},"geometry":{"type":"Polygon","coordinates":[[[12.900887,41.989656],[12.90676,41.988051],[12.907551,41.987804],[12.908882,41.987371],[12.909361,41.987098],[12.909817,41.98647],[12.910561,41.984826],[12.910678,41.984136],[12.91101,41.983553],[12.91182,41.983147],[12.913375,41.983229],[12.914182,41.983278],[12.915114,41.983593],[12.916219,41.984091],[12.919611,41.980756],[12.923396,41.97576],[12.925181,41.972772],[12.92164,41.972555],[12.918662,41.970618],[12.916391,41.96735],[12.914441,41.960173],[12.913899,41.956436],[12.914226,41.954948],[12.914506,41.953386],[12.914358,41.952346],[12.913541,41.948565],[12.913199,41.947947],[12.910415,41.943431],[12.906342,41.947375],[12.904708,41.9501],[12.898204,41.956764],[12.895763,41.957581],[12.890665,41.956309],[12.889806,41.956023],[12.888197,41.955434],[12.887497,41.953251],[12.88424,41.951549],[12.880914,41.950045],[12.875281,41.947877],[12.868875,41.94728],[12.865445,41.947397],[12.86341,41.948339],[12.852968,41.947812],[12.84797,41.946481],[12.846521,41.947619],[12.845734,41.948055],[12.844866,41.948395],[12.831232,41.950945],[12.828869,41.950538],[12.828208,41.95047],[12.827955,41.950512],[12.826897,41.950689],[12.825983,41.950967],[12.824854,41.952432],[12.824349,41.953953],[12.823498,41.956619],[12.823713,41.958823],[12.824773,41.961336],[12.824798,41.961371],[12.825177,41.961894],[12.826847,41.963042],[12.833966,41.971203],[12.844153,41.983469],[12.845973,41.98577],[12.849796,41.985743],[12.851619,41.984726],[12.851915,41.984536],[12.852362,41.983814],[12.852618,41.983387],[12.861272,41.985923],[12.867149,41.988152],[12.869918,41.989094],[12.870409,41.989212],[12.871335,41.989321],[12.873976,41.989403],[12.875216,41.98914],[12.875365,41.989062],[12.87626,41.988591],[12.876715,41.988328],[12.877201,41.987907],[12.877378,41.987732],[12.878237,41.986881],[12.878855,41.986396],[12.87898,41.986298],[12.88003,41.985829],[12.880418,41.985674],[12.881622,41.985276],[12.882798,41.985129],[12.886188,41.984784],[12.887419,41.986274],[12.889569,41.988876],[12.889588,41.988901],[12.889752,41.989445],[12.889928,41.989979],[12.890413,41.990273],[12.894731,41.990761],[12.896241,41.990732],[12.900887,41.989656]]]}},{"type":"Feature","id":"058025","properties":{"istat":"058025","name":"Castel San Pietro Romano","province":"RM","label":[41.856389,12.90692]},"geometry":{"type":"Polygon","coordinates":[[[12.918171,41.871496],[12.919527,41.869801],[12.922004,41.867376],[12.922575,41.866829],[12.923398,41.86672],[12.923945,41.866935],[12.925462,41.867379],[12.92888,41.86823],[12.929109,41.868259],[12.930295,41.868411],[12.932139,41.868415],[12.933833,41.867839],[12.934937,41.867216],[12.936486,41.865884],[12.939798,41.862178],[12.94023,41.861474],[12.940171,41.861075],[12.937601,41.861182],[12.929843,41.854803],[12.927204,41.852583],[12.926376,41.851752],[12.925419,41.850434],[12.922211,41.845334],[12.921274,41.843039],[12.921363,41.842536],[12.921609,41.841245],[12.921904,41.839951],[12.918857,41.836602],[12.917084,41.837442],[12.907406,41.838367],[12.895185,41.840115],[12.89405,41.840285],[12.89393,41.840303],[12.892463,41.840873],[12.889988,41.842155],[12.88702,41.843809],[12.886529,41.844429],[12.885262,41.846309],[12.885143,41.846887],[12.885062,41.847288],[12.885206,41.84818],[12.885223,41.848277],[12.885261,41.848357],[12.885311,41.848455],[12.885674,41.849181],[12.885754,41.849351],[12.885824,41.8495],[12.886011,41.849899],[12.885932,41.850473],[12.884756,41.85325],[12.88071,41.857975],[12.877254,41.860284],[12.863677,41.864453],[12.85218,41.865569],[12.851018,41.865756],[12.846888,41.866768],[12.846555,41.867591],[12.846533,41.867645],[12.846554,41.86806],[12.854595,41.871391],[12.854727,41.870535],[12.856163,41.870236],[12.856232,41.870223],[12.870299,41.867583],[12.874612,41.867483],[12.880316,41.868763],[12.881341,41.869608],[12.880913,41.870804],[12.879501,41.870959],[12.87938,41.871043],[12.87946,41.872839],[12.881005,41.873111],[12.887575,41.874117],[12.890469,41.874051],[12.892409,41.873701],[12.893321,41.872684],[12.895915,41.869296],[12.899293,41.868065],[12.910117,41.87128],[12.913807,41.872431],[12.918057,41.874628],[12.917571,41.874006],[12.917485,41.873311],[12.917605,41.872604],[12.918171,41.871496]]]}},{"type":"Feature","id":"058024","properties":{"istat":"058024","name":"Castelnuovo di Porto","province":"RM","label":[42.106846,12.487252]},"geometry":{"type":"Polygon","coordinates":[[[12.462653,42.140303],[12.466378,42.138193],[12.466581,42.135019],[12.466282,42.134627],[12.466301,42.134149],[12.466722,42.133637],[12.468307,42.132391],[12.470195,42.131164],[12.475339,42.130188],[12.485592,42.128402],[12.489341,42.130722],[12.494975,42.130595],[12.509373,42.127976],[12.51218,42.126746],[12.517848,42.122368],[12.5289,42.117093],[12.534947,42.114583],[12.534876,42.114804],[12.534932,42.114974],[12.535256,42.115332],[12.53595,42.115639],[12.537321,42.115107],[12.538206,42.114586],[12.539113,42.113934],[12.539764,42.113363],[12.539978,42.112632],[12.539899,42.112438],[12.543507,42.110098],[12.551196,42.104601],[12.55529,42.104587],[12.560475,42.110331],[12.572746,42.11516],[12.573352,42.115198],[12.581556,42.115243],[12.584954,42.114754],[12.585366,42.114639],[12.58546,42.114612],[12.585897,42.114486],[12.586308,42.114149],[12.586333,42.113838],[12.586167,42.113411],[12.585471,42.113279],[12.584005,42.113339],[12.582517,42.113313],[12.581819,42.113227],[12.580887,42.112936],[12.575858,42.110635],[12.577094,42.108481],[12.581544,42.101084],[12.592829,42.090479],[12.596371,42.08691],[12.595673,42.087189],[12.595268,42.087332],[12.594719,42.087502],[12.593716,42.087813],[12.592179,42.088167],[12.591182,42.088279],[12.590143,42.088258],[12.589561,42.088024],[12.589094,42.08757],[12.588658,42.086931],[12.58845,42.086388],[12.588325,42.085852],[12.587889,42.082313],[12.587919,42.079962],[12.587644,42.077625],[12.587494,42.076932],[12.587414,42.076561],[12.587244,42.075778],[12.585915,42.073204],[12.579972,42.075348],[12.577575,42.076387],[12.576612,42.077222],[12.553178,42.092143],[12.546629,42.09647],[12.536888,42.100701],[12.526208,42.105137],[12.515613,42.107182],[12.509433,42.106421],[12.497655,42.103697],[12.495384,42.102949],[12.492422,42.101697],[12.484825,42.094399],[12.478924,42.088617],[12.47538,42.085859],[12.47415,42.089158],[12.474607,42.095979],[12.468427,42.102343],[12.467495,42.102376],[12.465164,42.103226],[12.464239,42.103627],[12.463285,42.104507],[12.46247,42.105265],[12.461915,42.106133],[12.4617,42.106665],[12.461553,42.107027],[12.461511,42.107499],[12.461462,42.108069],[12.46152,42.108404],[12.461669,42.109261],[12.462374,42.111603],[12.462613,42.111793],[12.462972,42.112076],[12.464173,42.113219],[12.464458,42.113607],[12.464712,42.11395],[12.464886,42.11444],[12.464043,42.117653],[12.463753,42.118251],[12.463491,42.118778],[12.463104,42.11937],[12.454955,42.120292],[12.450836,42.123674],[12.446393,42.128968],[12.446277,42.129507],[12.446144,42.131983],[12.453899,42.139009],[12.456284,42.140165],[12.462653,42.140303]]]}},{"type":"Feature","id":"058026","properties":{"istat":"058026","name":"Cave","province":"RM","label":[41.813578,12.929025]},"geometry":{"type":"Polygon","coordinates":[[[12.925592,41.836129],[12.926472,41.835756],[12.926914,41.835476],[12.926551,41.833291],[12.926479,41.833044],[12.926356,41.832631],[12.935503,41.82642],[12.936271,41.826105],[12.938889,41.825561],[12.945107,41.824303],[12.947575,41.824545],[12.9486,41.824655],[12.950923,41.825048],[12.952114,41.825254],[12.956321,41.826041],[12.958287,41.827085],[12.959172,41.827727],[12.960474,41.826457],[12.961848,41.824527],[12.963177,41.822519],[12.952068,41.811626],[12.951811,41.811525],[12.951339,41.811239],[12.950765,41.810732],[12.95063,41.808189],[12.950947,41.804648],[12.951298,41.803456],[12.951501,41.803125],[12.954625,41.800262],[12.958179,41.797159],[12.95883,41.796764],[12.958988,41.796667],[12.960734,41.795157],[12.960999,41.794738],[12.9618,41.790735],[12.958872,41.786694],[12.957199,41.78672],[12.949185,41.787543],[12.944227,41.788198],[12.935041,41.78872],[12.935257,41.787966],[12.935462,41.786824],[12.934919,41.786888],[12.934602,41.786989],[12.934346,41.787092],[12.925073,41.791799],[12.919274,41.794902],[12.911144,41.797138],[12.910666,41.79705],[12.909878,41.797217],[12.909342,41.797415],[12.908626,41.798678],[12.908068,41.800326],[12.907158,41.803126],[12.905831,41.805336],[12.904737,41.807954],[12.903733,41.81553],[12.903457,41.818425],[12.903424,41.819074],[12.903376,41.820197],[12.903438,41.820884],[12.904137,41.823417],[12.906123,41.827496],[12.908432,41.82762],[12.914345,41.832763],[12.914576,41.833453],[12.915117,41.834569],[12.915515,41.835307],[12.916647,41.836038],[12.917436,41.836241],[12.918857,41.836602],[12.923251,41.836637],[12.924593,41.836496],[12.925592,41.836129]]]}},{"type":"Feature","id":"058027","properties":{"istat":"058027","name":"Cerreto Laziale","province":"RM","label":[41.952686,12.979249]},"geometry":{"type":"Polygon","coordinates":[[[12.98768,41.96605],[12.992822,41.957916],[12.99714,41.953344],[12.998002,41.95281],[12.998371,41.952563],[12.999016,41.952009],[12.999848,41.951246],[13.00115,41.949746],[13.002867,41.94766],[13.003133,41.947268],[12.996643,41.94496],[12.988439,41.939573],[12.979451,41.936986],[12.972472,41.934549],[12.965416,41.931908],[12.96518,41.931349],[12.964815,41.929934],[12.964621,41.928815],[12.964651,41.92868],[12.964861,41.927731],[12.966104,41.925419],[12.955436,41.930717],[12.959009,41.932985],[12.964603,41.939612],[12.96458,41.940442],[12.964509,41.942941],[12.964503,41.94315],[12.964384,41.944239],[12.96317,41.947487],[12.963,41.947891],[12.962867,41.948206],[12.962831,41.948291],[12.961279,41.950821],[12.960874,41.951239],[12.957807,41.959123],[12.960454,41.96382],[12.959001,41.970376],[12.960562,41.972966],[12.962618,41.973852],[12.976317,41.978905],[12.978382,41.979952],[12.978501,41.98001],[12.979207,41.979076],[12.982222,41.974933],[12.98768,41.96605]]]}},{"type":"Feature","id":"058028","properties":{"istat":"058028","name":"Cervara di Roma","province":"RM","label":[41.989756,13.08002]},"geometry":{"type":"Polygon","coordinates":[[[13.063869,42.012964],[13.070296,42.011116],[13.077798,42.009399],[13.089862,42.008975],[13.0906,42.00612],[13.092696,42.003056],[13.1002,41.997367],[13.118494,41.983561],[13.123119,41.981454],[13.12908,41.978241],[13.130963,41.976962],[13.137051,41.97265],[13.144333,41.967507],[13.143113,41.96629],[13.140437,41.963708],[13.139975,41.96341],[13.121319,41.960134],[13.112449,41.963059],[13.098665,41.963356],[13.081939,41.962385],[13.079697,41.961907],[13.077934,41.96156],[13.076708,41.961405],[13.070447,41.960939],[13.067113,41.961066],[13.061373,41.961373],[13.060566,41.96169],[13.05985,41.962238],[13.059046,41.962892],[13.058074,41.964705],[13.055954,41.969313],[13.050373,41.978622],[13.049683,41.984221],[13.049827,41.995291],[13.049784,41.995434],[13.049666,41.995819],[13.04803,41.996827],[13.044898,41.998558],[13.044395,41.99881],[13.04028,42.000324],[13.039037,42.000701],[13.037424,42.000942],[13.033124,42.001364],[13.03281,42.006759],[13.036353,42.00948],[13.040597,42.013202],[13.047595,42.020532],[13.04874,42.022618],[13.049241,42.023533],[13.05236,42.019614],[13.054533,42.01637],[13.063869,42.012964]]]}},{"type":"Feature","id":"058029","properties":{"istat":"058029","name":"Cerveteri","province":"RM","label":[42.006621,12.107892]},"geometry":{"type":"Polygon","coordinates":[[[12.050821,42.07727],[12.0554,42.077238],[12.057685,42.077205],[12.058599,42.077162],[12.058935,42.077145],[12.059275,42.077126],[12.058601,42.073434],[12.059054,42.068262],[12.063231,42.063675],[12.065918,42.059978],[12.065059,42.05522],[12.065256,42.048285],[12.066223,42.049547],[12.066885,42.049993],[12.067806,42.050292],[12.072668,42.051644],[12.083898,42.047006],[12.084559,42.046673],[12.087728,42.04376],[12.089922,42.04145],[12.091006,42.040124],[12.095481,42.036761],[12.102904,42.034143],[12.108886,42.033211],[12.116402,42.033096],[12.126532,42.033114],[12.128502,42.033875],[12.128722,42.034189],[12.128244,42.034791],[12.127538,42.035376],[12.123568,42.042857],[12.123098,42.044104],[12.122322,42.04724],[12.122607,42.048124],[12.123263,42.04893],[12.124036,42.049666],[12.1242,42.049765],[12.125095,42.050308],[12.125959,42.050437],[12.128148,42.050486],[12.129681,42.050426],[12.131234,42.050329],[12.132242,42.049933],[12.134204,42.044152],[12.133929,42.038342],[12.13306,42.031265],[12.133023,42.02806],[12.133078,42.026965],[12.133141,42.025797],[12.133199,42.025372],[12.1333,42.02464],[12.13373,42.023773],[12.134464,42.022492],[12.134969,42.021987],[12.135349,42.021855],[12.145998,42.022968],[12.154189,42.025913],[12.16259,42.025538],[12.169839,42.031632],[12.18027,42.026899],[12.19004,42.025417],[12.194039,42.027588],[12.200595,42.029166],[12.201169,42.029289],[12.202192,42.029414],[12.204038,42.029621],[12.203662,42.029157],[12.202079,42.02676],[12.200669,42.024175],[12.200454,42.023506],[12.200586,42.018936],[12.201111,42.017139],[12.202827,42.014281],[12.199249,42.008955],[12.189941,41.996995],[12.17899,41.97484],[12.178682,41.97511],[12.178279,41.975463],[12.178205,41.975528],[12.17787,41.975715],[12.177476,41.975936],[12.176363,41.975921],[12.176332,41.975891],[12.176166,41.975726],[12.175882,41.975439],[12.175215,41.974643],[12.174636,41.973691],[12.174416,41.972923],[12.174392,41.971978],[12.174951,41.968422],[12.1783,41.967331],[12.176895,41.958563],[12.175058,41.951418],[12.165488,41.943939],[12.156334,41.938666],[12.152829,41.93703],[12.152682,41.937394],[12.152375,41.938163],[12.149687,41.940609],[12.14732,41.942493],[12.141373,41.947177],[12.138088,41.949743],[12.125471,41.960858],[12.120607,41.964273],[12.113429,41.967516],[12.106498,41.970573],[12.091679,41.977067],[12.08168,41.978367],[12.074835,41.974234],[12.071151,41.976189],[12.06666,41.978262],[12.065499,41.978695],[12.060693,41.974734],[12.06067,41.974714],[12.060579,41.974639],[12.059108,41.973424],[12.057979,41.972484],[12.05795,41.972458],[12.054348,41.968469],[12.045706,41.963026],[12.043084,41.961916],[12.039726,41.967355],[12.036625,41.971809],[12.035544,41.973193],[12.029827,41.978303],[12.025174,41.981856],[12.021886,41.983921],[12.01836,41.98607],[12.013968,41.988426],[12.006743,41.991391],[12.008272,41.99435],[12.009711,41.996814],[12.011983,42.000176],[12.016732,42.00509],[12.019969,42.008153],[12.020898,42.008584],[12.021105,42.008681],[12.021286,42.008915],[12.021568,42.009281],[12.022001,42.011521],[12.022126,42.012373],[12.021738,42.01386],[12.021272,42.01498],[12.020775,42.015952],[12.018034,42.020536],[12.017087,42.021948],[12.015512,42.024137],[12.014688,42.024848],[12.01366,42.026095],[12.012565,42.027429],[12.011771,42.028514],[12.011208,42.029383],[12.009547,42.033083],[12.008705,42.033906],[12.004932,42.038862],[11.997805,42.048407],[11.996805,42.049748],[11.995747,42.052153],[11.995658,42.052377],[11.995591,42.052546],[11.995294,42.053299],[11.994929,42.055047],[11.994838,42.055699],[11.994886,42.055921],[12.000991,42.060579],[12.00493,42.063142],[12.006156,42.063749],[12.007571,42.064045],[12.018157,42.071381],[12.022274,42.075595],[12.032544,42.076539],[12.050821,42.07727]]]}},{"type":"Feature","id":"058118","properties":{"istat":"058118","name":"Ciampino","province":"RM","label":[41.796865,12.618348]},"geometry":{"type":"Polygon","coordinates":[[[12.592797,41.818991],[12.596849,41.814925],[12.603548,41.80885],[12.615448,41.806246],[12.619551,41.805697],[12.621698,41.805682],[12.623196,41.807162],[12.623055,41.807237],[12.623013,41.807268],[12.622971,41.807311],[12.622985,41.807381],[12.623102,41.8078],[12.623429,41.807842],[12.627566,41.806984],[12.628741,41.806553],[12.629644,41.806148],[12.630409,41.805602],[12.630639,41.805437],[12.630687,41.805401],[12.630769,41.805339],[12.631569,41.804661],[12.637641,41.797927],[12.638184,41.796303],[12.636563,41.794969],[12.638599,41.79128],[12.640515,41.789936],[12.643631,41.786953],[12.643904,41.785808],[12.643599,41.783926],[12.642773,41.779513],[12.642535,41.779067],[12.642492,41.778986],[12.641988,41.778624],[12.641342,41.778353],[12.640565,41.778029],[12.640426,41.777985],[12.639543,41.777702],[12.63917,41.777634],[12.629299,41.775879],[12.624329,41.775262],[12.624044,41.775248],[12.6226,41.775181],[12.621611,41.775155],[12.62143,41.775152],[12.617601,41.777191],[12.616982,41.777561],[12.616276,41.777984],[12.60675,41.778585],[12.594633,41.779325],[12.590079,41.779902],[12.590355,41.783036],[12.592368,41.786114],[12.596856,41.791413],[12.598891,41.797428],[12.594347,41.799544],[12.5943,41.799569],[12.591216,41.803637],[12.589377,41.806231],[12.587999,41.808196],[12.588457,41.816237],[12.592797,41.818991]]]}},{"type":"Feature","id":"058030","properties":{"istat":"058030","name":"Ciciliano","province":"RM","label":[41.951793,12.937449]},"geometry":{"type":"Polygon","coordinates":[[[12.943684,41.970106],[12.944822,41.969612],[12.945376,41.969638],[12.950382,41.970096],[12.953452,41.970762],[12.960562,41.972966],[12.959001,41.970376],[12.960454,41.96382],[12.957807,41.959123],[12.960874,41.951239],[12.961279,41.950821],[12.962831,41.948291],[12.962867,41.948206],[12.963,41.947891],[12.96317,41.947487],[12.964384,41.944239],[12.964503,41.94315],[12.964509,41.942941],[12.96458,41.940442],[12.964603,41.939612],[12.959009,41.932985],[12.955436,41.930717],[12.949672,41.927503],[12.945228,41.926391],[12.938608,41.926537],[12.920875,41.928888],[12.910415,41.943431],[12.913199,41.947947],[12.913541,41.948565],[12.914358,41.952346],[12.914506,41.953386],[12.914226,41.954948],[12.913899,41.956436],[12.914441,41.960173],[12.916391,41.96735],[12.918662,41.970618],[12.92164,41.972555],[12.925181,41.972772],[12.927424,41.973577],[12.935591,41.97749],[12.942469,41.971129],[12.942667,41.970573],[12.943684,41.970106]]]}},{"type":"Feature","id":"058031","properties":{"istat":"058031","name":"Cineto Romano","province":"RM","label":[42.055043,12.957434]},"geometry":{"type":"Polygon","coordinates":[[[12.973164,42.073187],[12.972295,42.071255],[12.972171,42.070615],[12.972011,42.068624],[12.972219,42.064157],[12.973868,42.06098],[12.975812,42.060269],[12.980392,42.05382],[12.983138,42.047589],[12.983555,42.04708],[12.983917,42.046639],[12.986535,42.045237],[12.984987,42.042617],[12.97591,42.035891],[12.972467,42.035884],[12.969501,42.036064],[12.966099,42.037032],[12.963052,42.038263],[12.95906,42.038448],[12.955769,42.037569],[12.955783,42.036148],[12.953627,42.038268],[12.951586,42.042805],[12.945466,42.047865],[12.939855,42.049766],[12.935727,42.052742],[12.935141,42.056265],[12.935243,42.057194],[12.935434,42.059528],[12.934539,42.061801],[12.934023,42.062449],[12.933578,42.062703],[12.932449,42.063304],[12.935798,42.062843],[12.944521,42.062205],[12.952073,42.064536],[12.967641,42.073153],[12.969705,42.074756],[12.973164,42.073187]]]}},{"type":"Feature","id":"058032","properties":{"istat":"058032","name":"Civitavecchia","province":"RM","label":[42.109028,11.818116]},"geometry":{"type":"Polygon","coordinates":[[[11.790504,42.159992],[11.803607,42.155791],[11.81848,42.149023],[11.820434,42.148048],[11.822703,42.146554],[11.822808,42.146485],[11.830764,42.144218],[11.841262,42.141968],[11.855378,42.13734],[11.861787,42.132988],[11.861521,42.129766],[11.868871,42.124115],[11.869679,42.1208],[11.86854,42.115943],[11.868805,42.110831],[11.869658,42.106703],[11.870851,42.10471],[11.871906,42.100001],[11.872055,42.09925],[11.871673,42.09749],[11.871511,42.097116],[11.870637,42.095156],[11.869989,42.094231],[11.869483,42.093722],[11.867863,42.092664],[11.867276,42.091953],[11.866245,42.08708],[11.866321,42.086601],[11.866251,42.086126],[11.865462,42.084263],[11.863277,42.080761],[11.861615,42.07901],[11.856341,42.073554],[11.853592,42.071002],[11.847394,42.068076],[11.844694,42.067427],[11.842942,42.067439],[11.839662,42.066764],[11.832244,42.064093],[11.82112,42.059045],[11.81813,42.05703],[11.814732,42.058686],[11.812378,42.06045],[11.813754,42.062606],[11.812008,42.065536],[11.807295,42.075253],[11.807336,42.075326],[11.807434,42.075657],[11.807819,42.077018],[11.807743,42.077658],[11.807399,42.079107],[11.806911,42.079907],[11.806198,42.080647],[11.798439,42.086368],[11.791515,42.088376],[11.787706,42.088742],[11.783777,42.090387],[11.778543,42.093224],[11.775342,42.095923],[11.769309,42.101578],[11.77041,42.102058],[11.782658,42.092759],[11.785833,42.090542],[11.788799,42.089672],[11.789295,42.090238],[11.790182,42.092289],[11.789194,42.094616],[11.788074,42.095937],[11.787822,42.096034],[11.78694,42.095753],[11.786824,42.095582],[11.786864,42.095439],[11.787269,42.09465],[11.787751,42.094479],[11.785042,42.095132],[11.784207,42.095768],[11.782298,42.097301],[11.782449,42.099244],[11.782315,42.09954],[11.778183,42.103082],[11.775115,42.101492],[11.768983,42.107226],[11.763948,42.111934],[11.760196,42.111706],[11.759944,42.114622],[11.763562,42.117781],[11.764914,42.118523],[11.763237,42.122428],[11.758093,42.123897],[11.75479,42.125864],[11.748284,42.134817],[11.743298,42.142876],[11.743985,42.147346],[11.743838,42.148051],[11.743437,42.148781],[11.742914,42.149619],[11.742208,42.150339],[11.740922,42.151582],[11.737851,42.153727],[11.735907,42.154383],[11.733767,42.158058],[11.736279,42.159097],[11.743548,42.160976],[11.745346,42.161424],[11.747192,42.161844],[11.755906,42.16155],[11.767366,42.163272],[11.772231,42.163825],[11.790504,42.159992]]]}},{"type":"Feature","id":"058033","properties":{"istat":"058033","name":"Civitella San Paolo","province":"RM","label":[42.192155,12.569831]},"geometry":{"type":"Polygon","coordinates":[[[12.582927,42.21987],[12.590428,42.217383],[12.599047,42.207446],[12.599113,42.207148],[12.599458,42.205592],[12.600823,42.199676],[12.601753,42.196804],[12.599848,42.196434],[12.596109,42.19571],[12.595721,42.195629],[12.595993,42.195107],[12.597214,42.193565],[12.593293,42.187473],[12.59131,42.188307],[12.590009,42.188434],[12.586196,42.188085],[12.58196,42.186745],[12.58054,42.186209],[12.579668,42.185588],[12.577095,42.183615],[12.567098,42.178048],[12.564372,42.177753],[12.564259,42.177723],[12.563126,42.177418],[12.555855,42.173835],[12.553372,42.172317],[12.55313,42.170714],[12.553348,42.168506],[12.553773,42.166908],[12.553885,42.16651],[12.553927,42.166363],[12.554252,42.165164],[12.554312,42.164221],[12.554333,42.16305],[12.554313,42.162985],[12.55414,42.162399],[12.553641,42.161874],[12.552948,42.161447],[12.552505,42.161175],[12.551471,42.160711],[12.550291,42.160217],[12.549445,42.160021],[12.548923,42.159899],[12.548898,42.160864],[12.548427,42.166155],[12.544705,42.170678],[12.542794,42.17189],[12.539992,42.173575],[12.528173,42.178959],[12.529233,42.180953],[12.532831,42.182472],[12.53416,42.182539],[12.535292,42.182715],[12.536073,42.182858],[12.536961,42.183047],[12.53765,42.183394],[12.537771,42.183514],[12.538093,42.183835],[12.538419,42.184177],[12.538437,42.184255],[12.538533,42.184668],[12.538246,42.185217],[12.540176,42.186009],[12.541985,42.18684],[12.542549,42.187273],[12.543177,42.187947],[12.543577,42.188862],[12.543562,42.189564],[12.54279,42.190745],[12.550711,42.210455],[12.552981,42.216935],[12.555851,42.220709],[12.556479,42.221257],[12.559992,42.224263],[12.560426,42.226802],[12.565714,42.225098],[12.582927,42.21987]]]}},{"type":"Feature","id":"058034","properties":{"istat":"058034","name":"Colleferro","province":"RM","label":[41.731731,12.986942]},"geometry":{"type":"Polygon","coordinates":[[[13.009832,41.76692],[13.014418,41.760605],[13.020529,41.753219],[13.025494,41.748538],[13.0326,41.745803],[13.034368,41.743278],[13.032263,41.743465],[13.03106,41.743516],[13.025261,41.742788],[13.024186,41.742213],[13.023443,41.741667],[13.019136,41.73317],[13.017223,41.729311],[13.016615,41.727941],[13.016309,41.727102],[13.016177,41.726742],[13.016137,41.726634],[13.015392,41.724383],[13.015174,41.723601],[13.015065,41.723043],[13.012419,41.720525],[13.008202,41.716732],[13.003932,41.714346],[12.997663,41.714542],[12.994117,41.716093],[12.98504,41.714585],[12.97672,41.715833],[12.973769,41.715584],[12.966266,41.71303],[12.965296,41.712541],[12.964693,41.711846],[12.964547,41.710739],[12.964573,41.708748],[12.964789,41.707246],[12.965079,41.706056],[12.966046,41.702848],[12.96578,41.699454],[12.964127,41.694329],[12.963995,41.693955],[12.963628,41.693383],[12.962939,41.692749],[12.962133,41.692043],[12.960897,41.691586],[12.960801,41.691566],[12.959573,41.691303],[12.959201,41.691335],[12.958187,41.691423],[12.957137,41.691567],[12.956071,41.691852],[12.955193,41.692224],[12.954532,41.692648],[12.953919,41.693101],[12.953855,41.693148],[12.953447,41.693518],[12.952227,41.694877],[12.953539,41.694375],[12.953961,41.694356],[12.954557,41.694475],[12.95538,41.694658],[12.956212,41.694953],[12.956849,41.695364],[12.958246,41.696396],[12.958373,41.696918],[12.958494,41.697671],[12.958887,41.702731],[12.958933,41.703549],[12.958991,41.704749],[12.959176,41.712162],[12.956172,41.730365],[12.954751,41.733097],[12.954636,41.733691],[12.954794,41.734348],[12.958659,41.742228],[12.963309,41.743085],[12.963875,41.743057],[12.966251,41.741687],[12.966661,41.741677],[12.966774,41.741715],[12.96729,41.741885],[12.969599,41.74271],[12.970107,41.74299],[12.971401,41.743815],[12.976266,41.748634],[12.977123,41.749676],[12.972943,41.751405],[12.972875,41.751422],[12.971926,41.751648],[12.970784,41.751911],[12.973494,41.751873],[12.975595,41.75275],[12.97837,41.754797],[12.978569,41.75497],[12.982006,41.761996],[12.983318,41.766952],[12.992388,41.768612],[12.994249,41.769386],[13.005238,41.770056],[13.009832,41.76692]]]}},{"type":"Feature","id":"058035","properties":{"istat":"058035","name":"Colonna","province":"RM","label":[41.827969,12.759987]},"geometry":{"type":"MultiPolygon","coordinates":[[[[12.737853,41.840343],[12.738075,41.841753],[12.738895,41.842975],[12.740051,41.84061],[12.737853,41.840343]]],[[[12.765967,41.838474],[12.766695,41.837973],[12.770622,41.833801],[12.76728,41.825324],[12.762104,41.815964],[12.759966,41.814399],[12.760024,41.814956],[12.760066,41.815359],[12.76008,41.815656],[12.760077,41.816061],[12.759858,41.817153],[12.759718,41.81772],[12.759517,41.818308],[12.759273,41.818766],[12.75892,41.819214],[12.749457,41.830614],[12.74599,41.831546],[12.743491,41.831496],[12.742458,41.831233],[12.741212,41.832137],[12.741176,41.832167],[12.740922,41.832517],[12.740302,41.83338],[12.741084,41.834029],[12.741511,41.834259],[12.74227,41.834599],[12.742806,41.834779],[12.745061,41.835021],[12.747037,41.837068],[12.746391,41.84001],[12.750632,41.841685],[12.756427,41.841285],[12.765967,41.838474]]]]}},{"type":"Feature","id":"058036","properties":{"istat":"058036","name":"Fiano Romano","province":"RM","label":[42.159041,12.591869]},"geometry":{"type":"Polygon","coordinates":[[[12.613644,42.181095],[12.624134,42.173866],[12.625648,42.172229],[12.627469,42.170798],[12.629208,42.169964],[12.629759,42.169775],[12.630775,42.169473],[12.633127,42.162596],[12.638159,42.149659],[12.638418,42.148547],[12.638583,42.14702],[12.638795,42.13972],[12.638327,42.138623],[12.638255,42.13853],[12.637196,42.137168],[12.636824,42.136743],[12.636345,42.136232],[12.636009,42.135873],[12.635548,42.135276],[12.63499,42.134357],[12.634569,42.130359],[12.634725,42.129426],[12.635843,42.126055],[12.636407,42.125181],[12.636905,42.124499],[12.637145,42.1242],[12.637571,42.123673],[12.629078,42.119304],[12.622487,42.117635],[12.620938,42.118752],[12.618628,42.120895],[12.617575,42.123468],[12.614568,42.126557],[12.611015,42.130005],[12.609813,42.130448],[12.606387,42.131465],[12.60582,42.13142],[12.604845,42.131289],[12.605312,42.130454],[12.605748,42.129797],[12.597326,42.12663],[12.597953,42.127354],[12.598215,42.128404],[12.598209,42.129174],[12.598201,42.129728],[12.598145,42.130905],[12.597892,42.134224],[12.594805,42.13571],[12.593076,42.135359],[12.589176,42.133248],[12.58296,42.129994],[12.570651,42.130888],[12.564906,42.133547],[12.556691,42.137985],[12.555475,42.138112],[12.555075,42.138444],[12.552569,42.144331],[12.551709,42.146973],[12.549534,42.158183],[12.548923,42.159899],[12.549445,42.160021],[12.550291,42.160217],[12.551471,42.160711],[12.552505,42.161175],[12.552948,42.161447],[12.553641,42.161874],[12.55414,42.162399],[12.554313,42.162985],[12.554333,42.16305],[12.554312,42.164221],[12.554252,42.165164],[12.553927,42.166363],[12.553885,42.16651],[12.553773,42.166908],[12.553348,42.168506],[12.55313,42.170714],[12.553372,42.172317],[12.555855,42.173835],[12.563126,42.177418],[12.564259,42.177723],[12.564372,42.177753],[12.567098,42.178048],[12.577095,42.183615],[12.579668,42.185588],[12.58054,42.186209],[12.58196,42.186745],[12.586196,42.188085],[12.590009,42.188434],[12.59131,42.188307],[12.593293,42.187473],[12.597214,42.193565],[12.595993,42.195107],[12.595721,42.195629],[12.596109,42.19571],[12.599848,42.196434],[12.601753,42.196804],[12.612538,42.1989],[12.614487,42.195403],[12.613291,42.186959],[12.613644,42.181095]]]}},{"type":"Feature","id":"058037","properties":{"istat":"058037","name":"Filacciano","province":"RM","label":[42.256898,12.598355]},"geometry":{"type":"Polygon","coordinates":[[[12.610301,42.254505],[12.604576,42.250715],[12.602984,42.248163],[12.599259,42.246558],[12.5934,42.242611],[12.583673,42.241894],[12.583047,42.242089],[12.582486,42.242498],[12.579762,42.244952],[12.579255,42.245548],[12.578885,42.245996],[12.578578,42.24647],[12.580564,42.248078],[12.581113,42.248601],[12.584891,42.252711],[12.58542,42.253581],[12.585558,42.261059],[12.581652,42.264004],[12.58303,42.264421],[12.587695,42.266391],[12.59715,42.270578],[12.598068,42.270995],[12.598629,42.271257],[12.600016,42.272091],[12.600727,42.272519],[12.60159,42.273086],[12.602286,42.273613],[12.603154,42.274054],[12.603886,42.274261],[12.605048,42.274319],[12.605773,42.274076],[12.606421,42.273582],[12.607036,42.27273],[12.607414,42.271732],[12.607628,42.27024],[12.607669,42.269496],[12.607692,42.268838],[12.607654,42.26697],[12.607435,42.265744],[12.607158,42.264703],[12.606882,42.263992],[12.606517,42.263067],[12.605797,42.261892],[12.605521,42.261171],[12.60544,42.26044],[12.605709,42.260071],[12.606284,42.259603],[12.607613,42.259093],[12.608042,42.258948],[12.614417,42.254849],[12.610301,42.254505]]]}},{"type":"Feature","id":"058120","properties":{"istat":"058120","name":"Fiumicino","province":"RM","label":[41.880588,12.205998]},"geometry":{"type":"Polygon","coordinates":[[[12.242936,42.017205],[12.242924,42.011842],[12.24393,41.996631],[12.245158,41.988847],[12.247582,41.984339],[12.24985,41.973497],[12.251483,41.972361],[12.254349,41.972587],[12.256548,41.973923],[12.259483,41.974842],[12.26352,41.975751],[12.264009,41.9728],[12.264019,41.972629],[12.264032,41.972332],[12.264005,41.972246],[12.263973,41.97215],[12.263682,41.971545],[12.263493,41.970829],[12.263488,41.970745],[12.263493,41.970694],[12.263521,41.970582],[12.263613,41.970445],[12.263746,41.970326],[12.263788,41.97029],[12.263817,41.970267],[12.263858,41.970234],[12.265314,41.96952],[12.265448,41.969455],[12.265667,41.969349],[12.268734,41.967987],[12.270819,41.967068],[12.275098,41.966875],[12.276649,41.967148],[12.300635,41.964753],[12.30334,41.963949],[12.303795,41.963323],[12.301066,41.958941],[12.296734,41.947055],[12.292961,41.942855],[12.290815,41.940774],[12.284001,41.934989],[12.275834,41.928662],[12.272715,41.926296],[12.272572,41.926185],[12.272346,41.925972],[12.272133,41.925729],[12.27191,41.925444],[12.271559,41.92499],[12.271356,41.924724],[12.271262,41.9246],[12.270854,41.92405],[12.270769,41.923918],[12.270702,41.923808],[12.269126,41.921249],[12.266358,41.916167],[12.260341,41.904571],[12.258345,41.900635],[12.256526,41.896874],[12.243972,41.889656],[12.240836,41.889044],[12.23826,41.887582],[12.237311,41.885965],[12.237112,41.885555],[12.237066,41.885439],[12.236962,41.884898],[12.236949,41.884793],[12.236948,41.884766],[12.236995,41.884548],[12.237036,41.884432],[12.237546,41.883228],[12.238394,41.881304],[12.238505,41.881105],[12.238548,41.881084],[12.238879,41.880978],[12.240119,41.880647],[12.240574,41.880529],[12.241289,41.880338],[12.245061,41.879289],[12.246068,41.878976],[12.246846,41.878714],[12.247106,41.878619],[12.247562,41.878416],[12.247612,41.878392],[12.247659,41.878365],[12.248225,41.878023],[12.248428,41.877887],[12.248763,41.877658],[12.248809,41.877626],[12.248851,41.877592],[12.249352,41.877171],[12.249392,41.877135],[12.24943,41.8771],[12.249508,41.877024],[12.252688,41.873706],[12.253904,41.872425],[12.260968,41.864882],[12.261002,41.864845],[12.261357,41.86437],[12.261724,41.863802],[12.261816,41.863647],[12.261901,41.863491],[12.261966,41.863367],[12.262025,41.863251],[12.262108,41.863086],[12.262293,41.862623],[12.262324,41.862533],[12.2624,41.862301],[12.26254,41.861629],[12.262606,41.861302],[12.262625,41.861136],[12.262838,41.859232],[12.263001,41.857758],[12.263049,41.857327],[12.263088,41.856986],[12.263134,41.856622],[12.263341,41.855848],[12.263391,41.855674],[12.263461,41.855514],[12.263591,41.85522],[12.263677,41.855037],[12.264023,41.854329],[12.264148,41.854133],[12.264372,41.853798],[12.264528,41.853572],[12.264733,41.853304],[12.264945,41.853045],[12.264978,41.853009],[12.265095,41.852881],[12.265167,41.852802],[12.265473,41.852485],[12.265566,41.852389],[12.265604,41.852353],[12.265784,41.852187],[12.269704,41.848588],[12.277437,41.8415],[12.283392,41.836029],[12.284378,41.835121],[12.285014,41.834532],[12.285741,41.833856],[12.285944,41.833667],[12.285982,41.833632],[12.286017,41.833596],[12.286854,41.832753],[12.287097,41.832508],[12.287419,41.83218],[12.300863,41.818439],[12.307606,41.809192],[12.312309,41.802453],[12.313763,41.798049],[12.301791,41.794615],[12.289725,41.789509],[12.28844,41.78938],[12.288099,41.789327],[12.287365,41.789174],[12.287223,41.78913],[12.287116,41.789096],[12.286817,41.788991],[12.286761,41.788971],[12.286601,41.788912],[12.286501,41.788876],[12.286276,41.788783],[12.286162,41.788731],[12.285851,41.788578],[12.285772,41.788539],[12.285721,41.788511],[12.285597,41.788443],[12.285386,41.788317],[12.285311,41.78827],[12.285152,41.788168],[12.285087,41.788125],[12.28502,41.788079],[12.284459,41.787613],[12.284244,41.787434],[12.283603,41.786861],[12.283131,41.786372],[12.282006,41.785148],[12.281849,41.784953],[12.28178,41.784868],[12.281363,41.784289],[12.281123,41.783953],[12.28064,41.78316],[12.280185,41.782394],[12.279942,41.781893],[12.279888,41.781757],[12.279801,41.78152],[12.27955,41.780695],[12.279324,41.779722],[12.278436,41.775621],[12.278238,41.773612],[12.278202,41.772773],[12.278173,41.772094],[12.278133,41.770485],[12.278242,41.768754],[12.278255,41.768579],[12.278339,41.76759],[12.27842,41.766831],[12.278518,41.766482],[12.278703,41.765897],[12.278827,41.765526],[12.279008,41.765071],[12.279231,41.764657],[12.279837,41.763767],[12.279966,41.763615],[12.280189,41.76336],[12.280681,41.762804],[12.280716,41.762768],[12.280752,41.762733],[12.280972,41.762518],[12.281827,41.761687],[12.281865,41.761652],[12.281904,41.761618],[12.282213,41.761359],[12.282865,41.76081],[12.282906,41.760776],[12.284248,41.755448],[12.267734,41.749858],[12.256322,41.746159],[12.249168,41.745007],[12.239571,41.743233],[12.238452,41.74286],[12.236252,41.742137],[12.235508,41.7419],[12.231123,41.740808],[12.222333,41.744369],[12.219329,41.751369],[12.220772,41.751404],[12.223199,41.745297],[12.224398,41.744561],[12.224489,41.74458],[12.224953,41.7447],[12.225243,41.744776],[12.225609,41.744912],[12.226449,41.745264],[12.227277,41.745663],[12.229012,41.75047],[12.2291,41.751211],[12.229064,41.751604],[12.228698,41.75287],[12.228124,41.75474],[12.224369,41.76153],[12.220492,41.76839],[12.221402,41.772464],[12.223457,41.778944],[12.224015,41.781223],[12.223735,41.783033],[12.222593,41.786922],[12.220151,41.792156],[12.210586,41.811012],[12.208918,41.814761],[12.207232,41.818828],[12.205706,41.823474],[12.204926,41.826127],[12.204628,41.827103],[12.204275,41.827976],[12.204107,41.828365],[12.203459,41.829838],[12.201289,41.83423],[12.199477,41.837883],[12.199332,41.838138],[12.198498,41.839599],[12.19816,41.840192],[12.197968,41.840504],[12.19723,41.841615],[12.184291,41.863144],[12.180353,41.868786],[12.178205,41.871762],[12.174362,41.876969],[12.163348,41.891668],[12.160585,41.894865],[12.1543,41.901998],[12.147935,41.908506],[12.143203,41.913069],[12.140613,41.915455],[12.137532,41.917804],[12.130489,41.922503],[12.12748,41.924339],[12.124953,41.925835],[12.125214,41.926068],[12.127586,41.929593],[12.13144,41.93265],[12.131841,41.932962],[12.137033,41.935728],[12.138337,41.936256],[12.142448,41.93572],[12.145178,41.934995],[12.148366,41.934148],[12.148867,41.934308],[12.150289,41.934762],[12.152728,41.936938],[12.152829,41.93703],[12.156334,41.938666],[12.165488,41.943939],[12.175058,41.951418],[12.176895,41.958563],[12.1783,41.967331],[12.174951,41.968422],[12.174392,41.971978],[12.174416,41.972923],[12.174636,41.973691],[12.175215,41.974643],[12.175882,41.975439],[12.176166,41.975726],[12.176332,41.975891],[12.176363,41.975921],[12.177476,41.975936],[12.17787,41.975715],[12.178205,41.975528],[12.178279,41.975463],[12.178682,41.97511],[12.17899,41.97484],[12.189941,41.996995],[12.199249,42.008955],[12.202827,42.014281],[12.203449,42.014633],[12.204628,42.015239],[12.205977,42.015652],[12.214771,42.017369],[12.232091,42.0202],[12.233366,42.020331],[12.234619,42.02026],[12.23521,42.020087],[12.235335,42.02005],[12.236154,42.019811],[12.242936,42.017205]]]}},{"type":"Feature","id":"058122","properties":{"istat":"058122","name":"Fonte Nuova","province":"RM","label":[42.001979,12.633611]},"geometry":{"type":"Polygon","coordinates":[[[12.619366,42.028102],[12.622725,42.026773],[12.626259,42.02519],[12.627169,42.024722],[12.638676,42.018202],[12.649906,42.01246],[12.6505,42.012274],[12.651407,42.012001],[12.652748,42.011889],[12.653084,42.011907],[12.653291,42.011972],[12.653471,42.012149],[12.653597,42.012385],[12.653748,42.012756],[12.653886,42.013197],[12.660165,42.012057],[12.667873,42.01046],[12.670871,42.009415],[12.671005,42.007554],[12.671031,42.006527],[12.670545,42.004584],[12.670047,42.003339],[12.66892,42.001507],[12.667994,41.999389],[12.668212,41.998058],[12.665395,41.993885],[12.660257,41.986014],[12.658321,41.98236],[12.656506,41.979788],[12.652945,41.97689],[12.650685,41.975323],[12.650569,41.975246],[12.649975,41.974853],[12.649933,41.97484],[12.648913,41.974618],[12.647277,41.974611],[12.644989,41.975648],[12.643096,41.976582],[12.640375,41.97816],[12.639951,41.978406],[12.64056,41.978895],[12.640959,41.981499],[12.635977,41.985011],[12.631328,41.987034],[12.62338,41.98647],[12.618127,41.987069],[12.61823,41.987416],[12.618245,41.987487],[12.618263,41.987569],[12.618292,41.987764],[12.618522,41.989862],[12.618526,41.989993],[12.618515,41.990059],[12.618403,41.990247],[12.618306,41.990322],[12.618249,41.990357],[12.618179,41.990397],[12.618132,41.990424],[12.618088,41.990448],[12.61804,41.990472],[12.617881,41.990554],[12.617831,41.990579],[12.617781,41.990604],[12.616733,41.991123],[12.616683,41.991148],[12.616635,41.991172],[12.610375,41.994259],[12.610342,41.994273],[12.610299,41.99429],[12.610234,41.99431],[12.609821,41.994429],[12.609018,41.994492],[12.607136,41.994642],[12.605753,41.994911],[12.602839,41.995955],[12.601961,41.996307],[12.601851,41.996357],[12.6018,41.996383],[12.601748,41.996419],[12.601695,41.996461],[12.597243,42.000563],[12.598267,42.00245],[12.603633,42.006947],[12.607411,42.011963],[12.606757,42.014662],[12.602512,42.018727],[12.606115,42.020824],[12.612915,42.024404],[12.614817,42.029465],[12.615457,42.029485],[12.616267,42.029208],[12.619366,42.028102]]]}},{"type":"Feature","id":"058038","properties":{"istat":"058038","name":"Formello","province":"RM","label":[42.063822,12.409577]},"geometry":{"type":"Polygon","coordinates":[[[12.415863,42.110627],[12.416356,42.108301],[12.419462,42.094861],[12.419262,42.09441],[12.419015,42.09254],[12.419977,42.091088],[12.421972,42.088593],[12.423732,42.086478],[12.425741,42.084262],[12.430113,42.079687],[12.430931,42.078915],[12.431553,42.078334],[12.432206,42.077909],[12.433536,42.077776],[12.439355,42.074359],[12.44324,42.06857],[12.452091,42.055457],[12.452953,42.051721],[12.453089,42.050754],[12.453026,42.049905],[12.452768,42.049198],[12.452743,42.049134],[12.450866,42.044544],[12.450147,42.04325],[12.446201,42.045222],[12.435895,42.045382],[12.428322,42.049573],[12.419421,42.05371],[12.404718,42.059075],[12.412034,42.04795],[12.412893,42.043624],[12.412904,42.043579],[12.412913,42.043542],[12.41294,42.043438],[12.412955,42.043387],[12.412997,42.043255],[12.413034,42.043143],[12.413113,42.043019],[12.413312,42.042733],[12.413362,42.042686],[12.413412,42.042646],[12.41714,42.039713],[12.420048,42.037996],[12.424284,42.03646],[12.428058,42.030974],[12.428787,42.029913],[12.429197,42.027973],[12.428845,42.024909],[12.428646,42.024915],[12.426343,42.025432],[12.426083,42.025512],[12.425901,42.025571],[12.425677,42.025661],[12.425626,42.025687],[12.425538,42.025735],[12.425487,42.025764],[12.425436,42.025794],[12.425358,42.025844],[12.424769,42.026219],[12.42411,42.026665],[12.42395,42.02678],[12.423904,42.026817],[12.423818,42.026917],[12.414189,42.031621],[12.393011,42.039971],[12.39047,42.042946],[12.389207,42.045611],[12.387327,42.04911],[12.386727,42.050071],[12.382951,42.054435],[12.382226,42.054784],[12.378477,42.054441],[12.378258,42.054426],[12.378199,42.054422],[12.377826,42.054398],[12.377434,42.054373],[12.37654,42.054366],[12.375201,42.054536],[12.373502,42.055002],[12.373244,42.055109],[12.373194,42.055132],[12.373141,42.055156],[12.373082,42.055184],[12.373027,42.055212],[12.372797,42.056122],[12.372769,42.056253],[12.372748,42.056386],[12.37273,42.05658],[12.372726,42.056655],[12.372723,42.056803],[12.372719,42.057035],[12.372698,42.073455],[12.372699,42.074074],[12.372706,42.074212],[12.372741,42.074569],[12.372756,42.074723],[12.372788,42.075025],[12.372813,42.075256],[12.372895,42.075987],[12.373013,42.077026],[12.373234,42.078868],[12.373339,42.079624],[12.373391,42.079996],[12.374429,42.080228],[12.374479,42.080239],[12.376537,42.0804],[12.378847,42.080609],[12.380942,42.080982],[12.384033,42.08225],[12.389327,42.086064],[12.392386,42.091773],[12.391549,42.09516],[12.393137,42.099672],[12.394098,42.10179],[12.394453,42.102095],[12.395268,42.102623],[12.405853,42.108695],[12.408993,42.110213],[12.409895,42.110303],[12.415863,42.110627]]]}},{"type":"Feature","id":"058039","properties":{"istat":"058039","name":"Frascati","province":"RM","label":[41.82371,12.679044]},"geometry":{"type":"Polygon","coordinates":[[[12.68246,41.849438],[12.682704,41.849205],[12.683018,41.848686],[12.683839,41.846245],[12.683868,41.845789],[12.683803,41.84503],[12.68378,41.844858],[12.683704,41.844565],[12.683591,41.84444],[12.684051,41.840467],[12.687597,41.84042],[12.688437,41.840434],[12.68997,41.840509],[12.690163,41.84052],[12.690075,41.842014],[12.689989,41.842533],[12.689619,41.843274],[12.689509,41.843447],[12.68898,41.843921],[12.698876,41.843033],[12.70104,41.842266],[12.703043,41.841315],[12.704597,41.840063],[12.702423,41.839615],[12.702108,41.837824],[12.702108,41.83551],[12.703171,41.831838],[12.703039,41.826102],[12.70183,41.821175],[12.699736,41.820144],[12.69885,41.819709],[12.698699,41.819635],[12.69834,41.819459],[12.694469,41.817625],[12.692623,41.817063],[12.69144,41.817133],[12.691127,41.817134],[12.690093,41.817113],[12.688603,41.816716],[12.685757,41.814139],[12.685513,41.813885],[12.685388,41.813689],[12.685306,41.813386],[12.685277,41.81239],[12.685911,41.810624],[12.685997,41.810482],[12.686143,41.810299],[12.686376,41.810007],[12.68652,41.809923],[12.686781,41.809777],[12.68722,41.809633],[12.68744,41.809593],[12.688238,41.809447],[12.689445,41.809021],[12.691239,41.807959],[12.69253,41.806554],[12.693309,41.805341],[12.694903,41.802159],[12.695046,41.799849],[12.694544,41.799424],[12.694068,41.799026],[12.693948,41.798926],[12.693081,41.798287],[12.693023,41.798245],[12.692159,41.79762],[12.691907,41.797438],[12.691808,41.797368],[12.691085,41.796861],[12.690265,41.796581],[12.689088,41.796219],[12.689075,41.796263],[12.688965,41.796663],[12.688433,41.797662],[12.687667,41.798529],[12.685603,41.800618],[12.683797,41.801395],[12.681454,41.802276],[12.668335,41.801625],[12.657191,41.802562],[12.64336,41.806221],[12.640026,41.806836],[12.639219,41.807532],[12.63842,41.80964],[12.637215,41.810983],[12.63181,41.816487],[12.631015,41.817275],[12.630472,41.817649],[12.629197,41.818076],[12.628714,41.81823],[12.628435,41.818317],[12.629563,41.825469],[12.631535,41.828481],[12.644509,41.82137],[12.646711,41.819793],[12.651105,41.81662],[12.651618,41.8162],[12.6518,41.816194],[12.652479,41.81626],[12.653652,41.816378],[12.655305,41.816578],[12.658612,41.817286],[12.658906,41.817382],[12.65937,41.81754],[12.659991,41.817854],[12.660451,41.818093],[12.660882,41.818348],[12.659081,41.821408],[12.657298,41.823095],[12.653971,41.824326],[12.648855,41.825475],[12.645061,41.825858],[12.640179,41.829769],[12.640853,41.832244],[12.645163,41.834],[12.651692,41.832106],[12.653005,41.83288],[12.650771,41.842735],[12.649729,41.848473],[12.650139,41.848957],[12.65102,41.849989],[12.651144,41.850131],[12.651248,41.850236],[12.65356,41.848682],[12.653609,41.848648],[12.653924,41.848427],[12.653969,41.848394],[12.654352,41.848115],[12.654386,41.84809],[12.654428,41.848057],[12.654474,41.848019],[12.654499,41.847998],[12.655103,41.847485],[12.655139,41.847449],[12.65523,41.847322],[12.657139,41.844705],[12.658947,41.842246],[12.659509,41.841502],[12.65973,41.841233],[12.659762,41.841195],[12.659882,41.841065],[12.659917,41.841027],[12.659957,41.840987],[12.660002,41.840949],[12.660728,41.840657],[12.660973,41.840626],[12.661458,41.840567],[12.661702,41.840539],[12.661772,41.840531],[12.662689,41.840429],[12.663299,41.840866],[12.663592,41.841106],[12.663683,41.844307],[12.662682,41.845672],[12.659256,41.849206],[12.659041,41.849414],[12.659007,41.849446],[12.658969,41.84948],[12.658925,41.849518],[12.65889,41.849547],[12.658764,41.849644],[12.65873,41.849668],[12.658647,41.849725],[12.658606,41.849753],[12.65857,41.849776],[12.658532,41.849801],[12.65849,41.849826],[12.658355,41.849907],[12.658302,41.849938],[12.658096,41.850055],[12.658048,41.850081],[12.657989,41.850109],[12.657801,41.850191],[12.6577,41.850233],[12.657538,41.850297],[12.657482,41.850319],[12.657263,41.8504],[12.657202,41.850422],[12.657141,41.850443],[12.665132,41.851506],[12.674999,41.852219],[12.676521,41.851976],[12.67909,41.851005],[12.680808,41.850258],[12.68246,41.849438]]]}},{"type":"Feature","id":"058040","properties":{"istat":"058040","name":"Gallicano nel Lazio","province":"RM","label":[41.881987,12.789104]},"geometry":{"type":"Polygon","coordinates":[[[12.792025,41.904421],[12.793404,41.90412],[12.795086,41.903342],[12.79685,41.902304],[12.802685,41.89849],[12.812722,41.888825],[12.818685,41.88287],[12.821227,41.881104],[12.823336,41.879727],[12.826333,41.877825],[12.82876,41.876908],[12.830533,41.876259],[12.83251,41.875397],[12.833433,41.874986],[12.838663,41.872358],[12.841908,41.868454],[12.843823,41.864671],[12.837859,41.860475],[12.831426,41.86083],[12.832616,41.854478],[12.834058,41.853529],[12.825666,41.85729],[12.814539,41.865925],[12.810274,41.863372],[12.807874,41.861128],[12.807083,41.859952],[12.798058,41.864421],[12.784793,41.863864],[12.778157,41.863113],[12.772426,41.866815],[12.769177,41.869137],[12.768788,41.869502],[12.767981,41.870257],[12.766984,41.871888],[12.757227,41.883172],[12.754789,41.885728],[12.753643,41.886765],[12.749633,41.889408],[12.745349,41.892304],[12.742285,41.895461],[12.741507,41.897571],[12.770388,41.909414],[12.777845,41.910898],[12.792025,41.904421]]]}},{"type":"Feature","id":"058041","properties":{"istat":"058041","name":"Gavignano","province":"RM","label":[41.706499,13.066012]},"geometry":{"type":"Polygon","coordinates":[[[13.070125,41.724042],[13.079809,41.720943],[13.086902,41.719011],[13.087657,41.714572],[13.091449,41.710829],[13.094737,41.705639],[13.095804,41.70371],[13.093819,41.700544],[13.093316,41.699625],[13.092083,41.697013],[13.091621,41.695166],[13.091131,41.692644],[13.09084,41.68948],[13.091223,41.687395],[13.085659,41.688323],[13.082874,41.688247],[13.081908,41.688034],[13.080333,41.68763],[13.069175,41.684704],[13.066541,41.683964],[13.065235,41.683484],[13.063593,41.682874],[13.059883,41.684061],[13.050091,41.691959],[13.046279,41.69527],[13.042908,41.698653],[13.039316,41.702713],[13.037327,41.705085],[13.037391,41.705412],[13.037578,41.705972],[13.038087,41.707026],[13.038348,41.707489],[13.038619,41.707906],[13.040726,41.710746],[13.041136,41.711097],[13.042307,41.711348],[13.043545,41.711327],[13.051012,41.71123],[13.053994,41.719161],[13.058355,41.723221],[13.060097,41.725077],[13.060383,41.725382],[13.060466,41.725478],[13.061382,41.726536],[13.060752,41.726684],[13.060625,41.727305],[13.060552,41.727763],[13.061059,41.72851],[13.062166,41.729682],[13.062971,41.730477],[13.064329,41.730888],[13.065189,41.730291],[13.065351,41.72888],[13.070125,41.724042]]]}},{"type":"Feature","id":"058042","properties":{"istat":"058042","name":"Genazzano","province":"RM","label":[41.814416,12.982825]},"geometry":{"type":"Polygon","coordinates":[[[12.975867,41.861487],[12.981331,41.860132],[12.985112,41.860946],[12.985652,41.860639],[12.986634,41.859343],[12.989358,41.855691],[12.989841,41.854987],[12.992611,41.849641],[12.993412,41.847862],[12.99382,41.846753],[12.991811,41.845545],[12.991344,41.845439],[12.990826,41.844323],[12.990285,41.841933],[12.990165,41.840015],[12.991046,41.836878],[12.991086,41.836742],[12.991208,41.836341],[12.991536,41.835861],[12.991981,41.835575],[12.99204,41.835537],[12.992669,41.835421],[12.994128,41.835375],[13.004597,41.828288],[13.007365,41.83028],[13.011305,41.830223],[13.009825,41.825516],[13.009344,41.82522],[13.008249,41.821182],[13.008314,41.820266],[13.00879,41.819272],[13.010563,41.817206],[13.011068,41.809062],[13.008553,41.80748],[13.006574,41.806086],[13.005966,41.805497],[13.003363,41.7994],[13.002983,41.795352],[13.001909,41.79118],[13.000137,41.787392],[12.996338,41.782266],[12.995147,41.781083],[12.994037,41.779649],[12.992001,41.772021],[12.991872,41.771157],[12.991986,41.770167],[12.992207,41.769277],[12.992388,41.768612],[12.983318,41.766952],[12.982939,41.767127],[12.981735,41.767916],[12.979697,41.769617],[12.97832,41.770925],[12.977821,41.771929],[12.977349,41.773107],[12.97697,41.773732],[12.976615,41.774285],[12.976244,41.774581],[12.974031,41.776085],[12.969097,41.779214],[12.966053,41.780686],[12.963044,41.781726],[12.960538,41.782715],[12.959009,41.785807],[12.958872,41.786694],[12.9618,41.790735],[12.960999,41.794738],[12.960734,41.795157],[12.958988,41.796667],[12.95883,41.796764],[12.958179,41.797159],[12.954625,41.800262],[12.951501,41.803125],[12.951298,41.803456],[12.950947,41.804648],[12.95063,41.808189],[12.950765,41.810732],[12.951339,41.811239],[12.951811,41.811525],[12.952068,41.811626],[12.963177,41.822519],[12.961848,41.824527],[12.960474,41.826457],[12.959172,41.827727],[12.959844,41.828195],[12.960266,41.828489],[12.961053,41.829097],[12.96355,41.833549],[12.963746,41.834024],[12.964465,41.836165],[12.964685,41.837602],[12.966599,41.852083],[12.96641,41.852729],[12.966127,41.853297],[12.965635,41.854003],[12.964618,41.855132],[12.969545,41.861307],[12.975867,41.861487]]]}},{"type":"Feature","id":"058043","properties":{"istat":"058043","name":"Genzano di Roma","province":"RM","label":[41.672701,12.724633]},"geometry":{"type":"Polygon","coordinates":[[[12.693475,41.712128],[12.700423,41.705607],[12.701709,41.702289],[12.702246,41.696325],[12.70564,41.691418],[12.707424,41.68983],[12.71215,41.685742],[12.715752,41.682753],[12.71612,41.6825],[12.716454,41.682271],[12.724379,41.679819],[12.736026,41.677655],[12.733896,41.673078],[12.736608,41.667439],[12.742712,41.661093],[12.742895,41.64826],[12.737435,41.646923],[12.734969,41.646328],[12.732739,41.64579],[12.729113,41.646048],[12.725749,41.646868],[12.725591,41.646994],[12.725144,41.647352],[12.724078,41.647296],[12.721093,41.647136],[12.717445,41.643337],[12.717641,41.638793],[12.717769,41.637883],[12.717934,41.636995],[12.717992,41.636683],[12.718614,41.635731],[12.721263,41.633488],[12.721106,41.632728],[12.720638,41.631336],[12.72051,41.631287],[12.720168,41.631156],[12.719738,41.631083],[12.718656,41.631086],[12.717638,41.631098],[12.705793,41.642997],[12.704819,41.64595],[12.70927,41.649627],[12.713944,41.653084],[12.719429,41.659824],[12.718682,41.665375],[12.716656,41.666539],[12.707817,41.666192],[12.710368,41.669464],[12.714848,41.671418],[12.715164,41.672324],[12.71526,41.673776],[12.715102,41.675989],[12.71054,41.681968],[12.702668,41.683587],[12.70193,41.683706],[12.699389,41.684049],[12.698091,41.682863],[12.696974,41.681124],[12.695946,41.680707],[12.695005,41.680468],[12.690743,41.681478],[12.685168,41.682854],[12.683961,41.684124],[12.680555,41.685287],[12.678383,41.685994],[12.673476,41.684675],[12.672902,41.684361],[12.671888,41.683079],[12.672392,41.682294],[12.670668,41.680676],[12.669939,41.680723],[12.66839,41.680828],[12.667466,41.681536],[12.665733,41.682954],[12.665224,41.683609],[12.665273,41.683687],[12.665311,41.683748],[12.665752,41.683955],[12.665327,41.684818],[12.664871,41.685796],[12.664424,41.688429],[12.664421,41.688498],[12.668049,41.696246],[12.668737,41.696538],[12.669598,41.696904],[12.670397,41.697257],[12.671138,41.69762],[12.672012,41.698279],[12.672048,41.698307],[12.674055,41.7001],[12.675996,41.702016],[12.680663,41.707738],[12.68672,41.713072],[12.690375,41.714687],[12.693475,41.712128]]]}},{"type":"Feature","id":"058044","properties":{"istat":"058044","name":"Gerano","province":"RM","label":[41.928983,12.992462]},"geometry":{"type":"Polygon","coordinates":[[[13.005988,41.944283],[13.006504,41.944391],[13.008492,41.944065],[13.017676,41.936958],[13.018426,41.936117],[13.020897,41.929151],[13.018182,41.928418],[13.016711,41.92761],[13.014815,41.925749],[13.004797,41.919828],[13.001372,41.917917],[12.993141,41.911955],[12.992459,41.911439],[12.992045,41.911188],[12.991544,41.911007],[12.988954,41.910971],[12.987407,41.911448],[12.980984,41.916309],[12.975395,41.921423],[12.974822,41.922402],[12.974572,41.92259],[12.974131,41.922921],[12.97312,41.923618],[12.972092,41.924113],[12.970774,41.924564],[12.967641,41.925285],[12.966104,41.925419],[12.964861,41.927731],[12.964651,41.92868],[12.964621,41.928815],[12.964815,41.929934],[12.96518,41.931349],[12.965416,41.931908],[12.972472,41.934549],[12.979451,41.936986],[12.988439,41.939573],[12.996643,41.94496],[13.003133,41.947268],[13.002974,41.945392],[13.005988,41.944283]]]}},{"type":"Feature","id":"058045","properties":{"istat":"058045","name":"Gorga","province":"RM","label":[41.645115,13.119836]},"geometry":{"type":"Polygon","coordinates":[[[13.116278,41.671318],[13.115998,41.667758],[13.123374,41.66404],[13.125555,41.663336],[13.13255,41.662355],[13.139025,41.661874],[13.145681,41.660557],[13.146237,41.660447],[13.146986,41.660271],[13.148576,41.659732],[13.149279,41.659464],[13.149549,41.659296],[13.149943,41.65894],[13.150767,41.657875],[13.150874,41.657038],[13.150601,41.656071],[13.150413,41.655114],[13.150445,41.65442],[13.150646,41.652837],[13.151138,41.652008],[13.152385,41.649997],[13.153404,41.648397],[13.15395,41.647576],[13.155932,41.642655],[13.15838,41.635939],[13.157727,41.629389],[13.156697,41.628454],[13.156312,41.628063],[13.155811,41.627532],[13.1555,41.627075],[13.155144,41.626521],[13.154896,41.625958],[13.154843,41.625676],[13.154833,41.625595],[13.154796,41.625255],[13.154795,41.624804],[13.154956,41.621309],[13.155091,41.620791],[13.156393,41.618885],[13.156893,41.618641],[13.158532,41.617992],[13.162032,41.616848],[13.158529,41.615025],[13.149929,41.614513],[13.144835,41.614287],[13.140624,41.617595],[13.121863,41.629621],[13.120563,41.630149],[13.112575,41.633178],[13.108149,41.634691],[13.106951,41.635004],[13.105818,41.635193],[13.104415,41.635127],[13.100945,41.635543],[13.097643,41.635985],[13.096675,41.636241],[13.095432,41.63683],[13.093082,41.637963],[13.091761,41.638816],[13.091251,41.639266],[13.090502,41.639927],[13.090114,41.640288],[13.089479,41.640878],[13.07829,41.650864],[13.074319,41.655239],[13.079661,41.65649],[13.084536,41.658977],[13.086694,41.664722],[13.092512,41.671097],[13.097582,41.673919],[13.098156,41.675713],[13.099147,41.678824],[13.099936,41.679705],[13.100542,41.680179],[13.10058,41.680209],[13.101444,41.68027],[13.102717,41.679885],[13.103766,41.67929],[13.105186,41.678064],[13.108882,41.674892],[13.11013,41.674145],[13.115409,41.671466],[13.116278,41.671318]]]}},{"type":"Feature","id":"058046","properties":{"istat":"058046","name":"Grottaferrata","province":"RM","label":[41.790608,12.681948]},"geometry":{"type":"MultiPolygon","coordinates":[[[[12.686635,41.757622],[12.68159,41.755447],[12.675427,41.75963],[12.675472,41.759664],[12.675781,41.75991],[12.675999,41.760084],[12.676704,41.760862],[12.678478,41.763381],[12.678873,41.764084],[12.679747,41.765866],[12.679853,41.766218],[12.683522,41.76896],[12.688269,41.762977],[12.686635,41.757622]]],[[[12.639219,41.807532],[12.640026,41.806836],[12.64336,41.806221],[12.657191,41.802562],[12.668335,41.801625],[12.681454,41.802276],[12.683797,41.801395],[12.685603,41.800618],[12.687667,41.798529],[12.688433,41.797662],[12.688965,41.796663],[12.689075,41.796263],[12.689088,41.796219],[12.690265,41.796581],[12.691085,41.796861],[12.691808,41.797368],[12.691907,41.797438],[12.692159,41.79762],[12.693023,41.798245],[12.693081,41.798287],[12.693948,41.798926],[12.694068,41.799026],[12.694544,41.799424],[12.695046,41.799849],[12.696045,41.799214],[12.697661,41.798739],[12.6993,41.798357],[12.7013,41.798014],[12.702107,41.797978],[12.709648,41.797766],[12.710797,41.79795],[12.714784,41.798874],[12.717258,41.799699],[12.723388,41.799629],[12.722593,41.796897],[12.722551,41.79638],[12.723206,41.793386],[12.723694,41.792049],[12.725115,41.788877],[12.72904,41.781991],[12.720871,41.781991],[12.714251,41.781346],[12.712486,41.781259],[12.712016,41.781283],[12.708785,41.781455],[12.70496,41.781768],[12.701362,41.782109],[12.699542,41.782325],[12.696152,41.782083],[12.689849,41.779715],[12.687747,41.776919],[12.684022,41.772419],[12.680597,41.771385],[12.677965,41.773741],[12.674657,41.775671],[12.670818,41.776566],[12.664541,41.776177],[12.657664,41.775046],[12.654179,41.774833],[12.65244,41.774771],[12.650628,41.775137],[12.650586,41.775145],[12.645253,41.778805],[12.645207,41.778838],[12.645043,41.778991],[12.644737,41.779276],[12.644698,41.779314],[12.644156,41.779888],[12.644057,41.780131],[12.643837,41.780682],[12.643599,41.783926],[12.643904,41.785808],[12.643631,41.786953],[12.640515,41.789936],[12.638599,41.79128],[12.636563,41.794969],[12.638184,41.796303],[12.640902,41.797112],[12.643246,41.796899],[12.644435,41.79676],[12.645109,41.794174],[12.645114,41.794126],[12.645187,41.793946],[12.64522,41.793903],[12.645251,41.793867],[12.645281,41.793833],[12.645318,41.793795],[12.645397,41.793714],[12.645436,41.793676],[12.645549,41.793584],[12.645586,41.793555],[12.645629,41.793524],[12.645673,41.793494],[12.645714,41.793468],[12.645764,41.793439],[12.645818,41.79341],[12.645867,41.793386],[12.645917,41.793364],[12.648146,41.792448],[12.649759,41.791902],[12.651296,41.791412],[12.651463,41.791365],[12.65166,41.791315],[12.651866,41.791288],[12.651903,41.791285],[12.651971,41.791282],[12.652097,41.791292],[12.652238,41.791304],[12.652316,41.791319],[12.65239,41.791334],[12.652426,41.791348],[12.652542,41.791405],[12.652636,41.791455],[12.652666,41.79147],[12.652765,41.79154],[12.653506,41.792258],[12.653626,41.792611],[12.653614,41.792715],[12.653602,41.792777],[12.653529,41.793046],[12.653408,41.793453],[12.653279,41.793878],[12.652246,41.796122],[12.650483,41.797176],[12.646927,41.798581],[12.642707,41.800647],[12.639566,41.80225],[12.637172,41.803516],[12.637863,41.808388],[12.63842,41.80964],[12.639219,41.807532]]]]}},{"type":"Feature","id":"058047","properties":{"istat":"058047","name":"Guidonia Montecelio","province":"RM","label":[41.986242,12.714041]},"geometry":{"type":"Polygon","coordinates":[[[12.761993,42.044004],[12.762539,42.043878],[12.764556,42.042897],[12.765369,42.04224],[12.764865,42.041338],[12.763655,42.037218],[12.763475,42.036504],[12.762724,42.031557],[12.763818,42.022567],[12.758642,42.019027],[12.759574,42.011703],[12.760371,42.009011],[12.756561,42.002245],[12.756473,42.001693],[12.756507,42.000397],[12.757144,41.999292],[12.760293,41.993863],[12.763741,41.991015],[12.765499,41.990281],[12.76992,41.982079],[12.778289,41.980821],[12.772754,41.974656],[12.764802,41.970871],[12.76419,41.964388],[12.763768,41.962083],[12.761975,41.956488],[12.760848,41.956859],[12.759229,41.956843],[12.758066,41.956756],[12.757754,41.956716],[12.757335,41.956661],[12.748891,41.955278],[12.740947,41.953673],[12.740741,41.953589],[12.740529,41.953503],[12.740456,41.953486],[12.740304,41.953451],[12.739857,41.953349],[12.738852,41.953119],[12.734204,41.952128],[12.732747,41.952054],[12.729861,41.952124],[12.729726,41.952131],[12.729679,41.952133],[12.728912,41.952176],[12.728833,41.952182],[12.728141,41.952323],[12.725867,41.960038],[12.72485,41.964248],[12.724118,41.967447],[12.723264,41.97204],[12.722453,41.972114],[12.720976,41.972228],[12.719525,41.972317],[12.717572,41.972354],[12.717351,41.972355],[12.717066,41.972322],[12.714633,41.97203],[12.714551,41.97202],[12.714322,41.97134],[12.713724,41.969156],[12.713851,41.967998],[12.714217,41.966853],[12.714415,41.965963],[12.71383,41.964029],[12.713639,41.963497],[12.712535,41.960431],[12.711901,41.95867],[12.707558,41.946919],[12.707346,41.946705],[12.699305,41.943815],[12.693997,41.941988],[12.690881,41.940088],[12.689732,41.935874],[12.685587,41.934936],[12.678773,41.931868],[12.668166,41.928324],[12.659364,41.931918],[12.651377,41.941777],[12.64484,41.944513],[12.643095,41.954316],[12.638078,41.957283],[12.637734,41.957218],[12.637385,41.95717],[12.636985,41.957157],[12.636267,41.95716],[12.635805,41.957173],[12.635376,41.957191],[12.63514,41.957209],[12.63497,41.957242],[12.633525,41.95753],[12.632811,41.957675],[12.627819,41.95872],[12.627577,41.958787],[12.627296,41.958887],[12.627138,41.95895],[12.62705,41.958986],[12.626949,41.95903],[12.626381,41.959295],[12.626079,41.959438],[12.624059,41.9604],[12.623901,41.960475],[12.623854,41.960499],[12.620761,41.962053],[12.62071,41.962078],[12.620663,41.962104],[12.620608,41.962138],[12.620555,41.962173],[12.620506,41.962205],[12.62046,41.962237],[12.620427,41.962263],[12.620392,41.962292],[12.620355,41.962325],[12.620308,41.962368],[12.620263,41.962412],[12.620229,41.962448],[12.620063,41.962651],[12.620032,41.96269],[12.62,41.96273],[12.619971,41.962768],[12.619943,41.962806],[12.619861,41.962972],[12.619821,41.963178],[12.619797,41.963417],[12.613187,41.972321],[12.617481,41.985406],[12.618127,41.987069],[12.62338,41.98647],[12.631328,41.987034],[12.635977,41.985011],[12.640959,41.981499],[12.64056,41.978895],[12.639951,41.978406],[12.640375,41.97816],[12.643096,41.976582],[12.644989,41.975648],[12.647277,41.974611],[12.648913,41.974618],[12.649933,41.97484],[12.649975,41.974853],[12.650569,41.975246],[12.650685,41.975323],[12.652945,41.97689],[12.656506,41.979788],[12.658321,41.98236],[12.660257,41.986014],[12.665395,41.993885],[12.668212,41.998058],[12.67273,41.998323],[12.678947,42.002222],[12.678484,42.005609],[12.678548,42.005725],[12.678569,42.005763],[12.679324,42.006248],[12.681904,42.007335],[12.682799,42.007712],[12.683546,42.008025],[12.684991,42.00847],[12.688324,42.009101],[12.711969,42.015034],[12.711999,42.015081],[12.712892,42.016673],[12.713059,42.018766],[12.712652,42.019315],[12.718073,42.020746],[12.725802,42.021747],[12.729552,42.026686],[12.737804,42.028299],[12.744697,42.033999],[12.744677,42.037907],[12.7444,42.040568],[12.747686,42.043],[12.747981,42.043531],[12.748416,42.043881],[12.750329,42.044458],[12.750761,42.044538],[12.761993,42.044004]]]}},{"type":"Feature","id":"058048","properties":{"istat":"058048","name":"Jenne","province":"RM","label":[41.902167,13.171985]},"geometry":{"type":"Polygon","coordinates":[[[13.183436,41.935999],[13.190919,41.928986],[13.199855,41.920884],[13.20134,41.919519],[13.202967,41.916538],[13.203603,41.914925],[13.203965,41.912395],[13.203319,41.911744],[13.202879,41.911494],[13.202124,41.911135],[13.201859,41.91091],[13.201658,41.91035],[13.20095,41.907229],[13.201036,41.906745],[13.20143,41.905564],[13.203269,41.901044],[13.207224,41.899287],[13.207638,41.889259],[13.206945,41.884324],[13.204946,41.875213],[13.204593,41.874478],[13.203428,41.872594],[13.203206,41.872332],[13.195687,41.868817],[13.190924,41.860914],[13.19048,41.860386],[13.189913,41.859817],[13.189681,41.859586],[13.186861,41.863994],[13.180837,41.86696],[13.17737,41.867744],[13.173161,41.869099],[13.16869,41.87081],[13.158809,41.874609],[13.157717,41.875346],[13.155906,41.877109],[13.153623,41.87938],[13.153431,41.879726],[13.152542,41.881332],[13.15241,41.88157],[13.152364,41.881654],[13.152232,41.881858],[13.150811,41.88406],[13.145416,41.88937],[13.141567,41.892809],[13.138399,41.89314],[13.137839,41.894245],[13.137602,41.894879],[13.137414,41.895543],[13.137674,41.896142],[13.141807,41.90329],[13.144956,41.908205],[13.145984,41.908898],[13.149392,41.911948],[13.150384,41.913083],[13.151021,41.913992],[13.15523,41.921115],[13.155798,41.922733],[13.155884,41.923499],[13.159121,41.927119],[13.167794,41.933786],[13.169485,41.934553],[13.172438,41.934714],[13.176921,41.940707],[13.174721,41.943794],[13.176875,41.944414],[13.178258,41.944156],[13.182471,41.943179],[13.184249,41.942182],[13.183436,41.935999]]]}},{"type":"Feature","id":"058049","properties":{"istat":"058049","name":"Labico","province":"RM","label":[41.789693,12.861791]},"geometry":{"type":"Polygon","coordinates":[[[12.887898,41.799926],[12.889736,41.798514],[12.889241,41.797801],[12.889115,41.796901],[12.889221,41.796217],[12.890478,41.79386],[12.89174,41.791539],[12.892214,41.788255],[12.892091,41.786895],[12.891519,41.781948],[12.889591,41.778704],[12.889368,41.778369],[12.888926,41.777714],[12.888197,41.777194],[12.884383,41.776792],[12.882485,41.77709],[12.879131,41.777748],[12.878175,41.777947],[12.877817,41.778193],[12.877879,41.778524],[12.878,41.778835],[12.877776,41.779064],[12.87736,41.779271],[12.876443,41.779726],[12.874884,41.7803],[12.873655,41.780725],[12.872134,41.781222],[12.871325,41.781321],[12.867357,41.780509],[12.862667,41.778984],[12.861913,41.778509],[12.860997,41.777833],[12.851708,41.776381],[12.847014,41.77571],[12.843715,41.775424],[12.841413,41.777325],[12.830432,41.791131],[12.830255,41.791371],[12.830121,41.791772],[12.830139,41.792334],[12.830295,41.792694],[12.830547,41.793077],[12.830813,41.793388],[12.831207,41.793838],[12.831573,41.794232],[12.831695,41.794362],[12.833726,41.796217],[12.833889,41.796359],[12.834837,41.797184],[12.836192,41.798057],[12.839411,41.796468],[12.844523,41.795856],[12.849314,41.799049],[12.855856,41.802104],[12.856231,41.802094],[12.857552,41.801393],[12.859404,41.800394],[12.862443,41.799477],[12.862999,41.799395],[12.863577,41.799371],[12.865884,41.799865],[12.86841,41.800434],[12.873445,41.801627],[12.874002,41.8019],[12.874736,41.802263],[12.875147,41.802605],[12.875657,41.803515],[12.876168,41.804479],[12.881631,41.806694],[12.887898,41.799926]]]}},{"type":"Feature","id":"058116","properties":{"istat":"058116","name":"Ladispoli","province":"RM","label":[41.952112,12.09939]},"geometry":{"type":"Polygon","coordinates":[[[12.106498,41.970573],[12.113429,41.967516],[12.120607,41.964273],[12.125471,41.960858],[12.138088,41.949743],[12.141373,41.947177],[12.14732,41.942493],[12.149687,41.940609],[12.152375,41.938163],[12.152682,41.937394],[12.152829,41.93703],[12.152728,41.936938],[12.150289,41.934762],[12.148867,41.934308],[12.148366,41.934148],[12.145178,41.934995],[12.142448,41.93572],[12.138337,41.936256],[12.137033,41.935728],[12.131841,41.932962],[12.13144,41.93265],[12.127586,41.929593],[12.125214,41.926068],[12.124953,41.925835],[12.12092,41.928306],[12.119397,41.928947],[12.117802,41.929501],[12.10998,41.931925],[12.105887,41.932284],[12.105183,41.931979],[12.103703,41.932189],[12.101838,41.932489],[12.100827,41.932688],[12.097355,41.933735],[12.095758,41.934339],[12.092524,41.93573],[12.090394,41.936748],[12.089028,41.938022],[12.086634,41.94017],[12.086314,41.940444],[12.086059,41.940662],[12.079599,41.94508],[12.078007,41.946079],[12.077583,41.946318],[12.07711,41.946584],[12.074578,41.94787],[12.07287,41.948537],[12.067072,41.950779],[12.059688,41.953444],[12.051686,41.955679],[12.048988,41.957388],[12.04745,41.959329],[12.0464,41.960422],[12.045859,41.960931],[12.045248,41.961473],[12.044207,41.962236],[12.043084,41.961916],[12.045706,41.963026],[12.054348,41.968469],[12.05795,41.972458],[12.057979,41.972484],[12.059108,41.973424],[12.060579,41.974639],[12.06067,41.974714],[12.060693,41.974734],[12.065499,41.978695],[12.06666,41.978262],[12.071151,41.976189],[12.074835,41.974234],[12.08168,41.978367],[12.091679,41.977067],[12.106498,41.970573]]]}},{"type":"Feature","id":"058050","properties":{"istat":"058050","name":"Lanuvio","province":"RM","label":[41.641171,12.681442]},"geometry":{"type":"Polygon","coordinates":[[[12.683961,41.684124],[12.685168,41.682854],[12.690743,41.681478],[12.695005,41.680468],[12.695946,41.680707],[12.696974,41.681124],[12.698091,41.682863],[12.699389,41.684049],[12.70193,41.683706],[12.702668,41.683587],[12.71054,41.681968],[12.715102,41.675989],[12.71526,41.673776],[12.715164,41.672324],[12.714848,41.671418],[12.710368,41.669464],[12.707817,41.666192],[12.716656,41.666539],[12.718682,41.665375],[12.719429,41.659824],[12.713944,41.653084],[12.70927,41.649627],[12.704819,41.64595],[12.705793,41.642997],[12.717638,41.631098],[12.718656,41.631086],[12.719738,41.631083],[12.720168,41.631156],[12.72051,41.631287],[12.720638,41.631336],[12.721106,41.632728],[12.721263,41.633488],[12.721841,41.633753],[12.721982,41.633985],[12.722283,41.634482],[12.722465,41.634782],[12.723554,41.636597],[12.723926,41.637288],[12.724645,41.639933],[12.725004,41.642138],[12.725089,41.642815],[12.725161,41.643101],[12.725372,41.643269],[12.727407,41.64274],[12.728064,41.642466],[12.732106,41.639548],[12.73234,41.639267],[12.732533,41.639034],[12.733343,41.637806],[12.733323,41.637392],[12.726871,41.63085],[12.725685,41.629746],[12.723736,41.628598],[12.721112,41.627707],[12.719521,41.621664],[12.720073,41.621354],[12.721948,41.620235],[12.722773,41.619641],[12.723399,41.618896],[12.7227,41.61764],[12.722497,41.617292],[12.722119,41.616644],[12.720678,41.615445],[12.720556,41.615344],[12.717984,41.613243],[12.716913,41.612548],[12.71471,41.611652],[12.714459,41.611555],[12.714253,41.611475],[12.714001,41.611378],[12.713257,41.611361],[12.706062,41.611247],[12.697488,41.610032],[12.696173,41.609528],[12.695096,41.609115],[12.692468,41.60811],[12.690224,41.607435],[12.685607,41.606332],[12.676866,41.60369],[12.669063,41.60021],[12.66322,41.598162],[12.661781,41.598183],[12.653362,41.605772],[12.652599,41.606819],[12.652293,41.607514],[12.651968,41.608975],[12.651809,41.61017],[12.651999,41.611179],[12.65229,41.611818],[12.653684,41.619752],[12.654415,41.625974],[12.654094,41.62955],[12.654858,41.640204],[12.657771,41.64697],[12.657234,41.648581],[12.653648,41.658371],[12.652893,41.662159],[12.654523,41.662927],[12.656334,41.664084],[12.656522,41.664681],[12.656148,41.666607],[12.655539,41.666593],[12.652834,41.66664],[12.652853,41.668712],[12.653878,41.673158],[12.659763,41.681582],[12.662109,41.683077],[12.665752,41.683955],[12.665311,41.683748],[12.665273,41.683687],[12.665224,41.683609],[12.665733,41.682954],[12.667466,41.681536],[12.66839,41.680828],[12.669939,41.680723],[12.670668,41.680676],[12.672392,41.682294],[12.671888,41.683079],[12.672902,41.684361],[12.673476,41.684675],[12.678383,41.685994],[12.680555,41.685287],[12.683961,41.684124]]]}},{"type":"Feature","id":"058115","properties":{"istat":"058115","name":"Lariano","province":"RM","label":[41.724694,12.82864]},"geometry":{"type":"Polygon","coordinates":[[[12.846789,41.750414],[12.848838,41.74632],[12.850753,41.737576],[12.853658,41.734862],[12.854176,41.733746],[12.854563,41.732802],[12.854663,41.732558],[12.854713,41.732436],[12.855091,41.730802],[12.855172,41.72912],[12.855063,41.728034],[12.854216,41.723146],[12.853869,41.721663],[12.852415,41.716953],[12.852013,41.71567],[12.851904,41.715331],[12.850919,41.714833],[12.849829,41.71393],[12.846064,41.710921],[12.841755,41.708306],[12.840946,41.707803],[12.840222,41.707349],[12.838451,41.706084],[12.838219,41.705895],[12.837655,41.705437],[12.836989,41.704895],[12.836825,41.704491],[12.836589,41.703904],[12.830372,41.699754],[12.826736,41.69707],[12.826106,41.696861],[12.823522,41.696164],[12.821424,41.695616],[12.817646,41.694958],[12.808591,41.694795],[12.808034,41.694883],[12.807933,41.694942],[12.807734,41.695064],[12.807639,41.695616],[12.809786,41.700795],[12.812993,41.708686],[12.80899,41.713814],[12.804683,41.720862],[12.802033,41.726243],[12.800747,41.731512],[12.792409,41.73553],[12.788312,41.738272],[12.790593,41.739034],[12.791932,41.739611],[12.793008,41.740161],[12.79382,41.740674],[12.795986,41.742759],[12.797547,41.744554],[12.798717,41.746262],[12.800452,41.751076],[12.805449,41.750577],[12.81196,41.750046],[12.813464,41.750045],[12.820968,41.750079],[12.823083,41.750131],[12.824331,41.750215],[12.825732,41.750371],[12.831427,41.751225],[12.83472,41.752394],[12.839382,41.755057],[12.846789,41.750414]]]}},{"type":"Feature","id":"058051","properties":{"istat":"058051","name":"Licenza","province":"RM","label":[42.07875,12.896831]},"geometry":{"type":"Polygon","coordinates":[[[12.884854,42.104043],[12.884957,42.103494],[12.884982,42.103088],[12.884594,42.102851],[12.884265,42.102464],[12.884157,42.102094],[12.8847,42.10104],[12.885148,42.100661],[12.885639,42.100455],[12.886667,42.100429],[12.894725,42.100326],[12.89592,42.100353],[12.896689,42.100521],[12.897408,42.100726],[12.898328,42.101077],[12.898883,42.101464],[12.899333,42.101021],[12.89963,42.100479],[12.899817,42.09959],[12.900199,42.097506],[12.900139,42.096748],[12.899914,42.095891],[12.899716,42.095281],[12.89967,42.095154],[12.899497,42.093118],[12.899949,42.091153],[12.900423,42.090349],[12.900701,42.090007],[12.902015,42.088517],[12.90693,42.083293],[12.907528,42.082791],[12.908233,42.082281],[12.90892,42.081951],[12.914688,42.080413],[12.915779,42.080385],[12.917301,42.080013],[12.919097,42.079232],[12.920755,42.078283],[12.921275,42.077896],[12.921877,42.077232],[12.927575,42.070779],[12.927857,42.07031],[12.928337,42.069298],[12.928484,42.068879],[12.928622,42.06832],[12.92851,42.068068],[12.928025,42.067733],[12.926807,42.066929],[12.926332,42.066652],[12.924401,42.065453],[12.92266,42.064212],[12.921486,42.063284],[12.917441,42.059492],[12.916141,42.057094],[12.911622,42.053397],[12.9081,42.05281],[12.907427,42.055665],[12.90341,42.058021],[12.880812,42.05873],[12.879355,42.058568],[12.87622,42.058323],[12.874752,42.05853],[12.874275,42.05869],[12.874123,42.058952],[12.873568,42.060695],[12.87231,42.062548],[12.871465,42.070035],[12.873843,42.079217],[12.868732,42.080628],[12.864057,42.082303],[12.863561,42.082693],[12.863172,42.083098],[12.862014,42.084789],[12.8611,42.086859],[12.860941,42.087279],[12.861309,42.087487],[12.862417,42.088072],[12.867978,42.091202],[12.867502,42.095563],[12.866884,42.10253],[12.866787,42.103645],[12.870738,42.104106],[12.879044,42.104204],[12.880181,42.10421],[12.883397,42.104223],[12.883848,42.10422],[12.884522,42.104216],[12.884854,42.104043]]]}},{"type":"Feature","id":"058052","properties":{"istat":"058052","name":"Magliano Romano","province":"RM","label":[42.158918,12.437278]},"geometry":{"type":"Polygon","coordinates":[[[12.450692,42.182017],[12.450923,42.181578],[12.452423,42.17912],[12.453301,42.177742],[12.45823,42.170578],[12.462551,42.166243],[12.46635,42.160684],[12.464439,42.158072],[12.459399,42.150323],[12.456671,42.145614],[12.456457,42.145237],[12.456343,42.145036],[12.45614,42.144676],[12.453899,42.139009],[12.446144,42.131983],[12.445847,42.13183],[12.445238,42.131565],[12.444364,42.131285],[12.442564,42.131316],[12.441146,42.131769],[12.440727,42.132055],[12.440132,42.132461],[12.439712,42.132973],[12.439533,42.133434],[12.439276,42.134094],[12.432854,42.135961],[12.428363,42.136645],[12.426791,42.136872],[12.419888,42.13747],[12.417507,42.142039],[12.412083,42.153056],[12.410986,42.154507],[12.409212,42.159764],[12.408941,42.161272],[12.408506,42.174143],[12.409519,42.180385],[12.409805,42.181187],[12.410426,42.181718],[12.410979,42.182093],[12.411495,42.182204],[12.414452,42.18067],[12.425907,42.18131],[12.429427,42.183897],[12.433881,42.183152],[12.435604,42.182988],[12.436639,42.18329],[12.439145,42.184183],[12.441998,42.185416],[12.445768,42.187473],[12.450692,42.182017]]]}},{"type":"Feature","id":"058053","properties":{"istat":"058053","name":"Mandela","province":"RM","label":[42.042473,12.928715]},"geometry":{"type":"Polygon","coordinates":[[[12.951586,42.042805],[12.953627,42.038268],[12.955783,42.036148],[12.956431,42.035467],[12.945022,42.028705],[12.94024,42.027394],[12.931547,42.023275],[12.929967,42.021326],[12.928233,42.018972],[12.925846,42.01905],[12.911572,42.018065],[12.908111,42.023784],[12.905223,42.030784],[12.905128,42.034799],[12.905078,42.037484],[12.905684,42.042141],[12.905764,42.044484],[12.906484,42.047575],[12.9068,42.048627],[12.9081,42.05281],[12.911622,42.053397],[12.916141,42.057094],[12.917441,42.059492],[12.921486,42.063284],[12.92266,42.064212],[12.924401,42.065453],[12.926332,42.066652],[12.926807,42.066929],[12.932449,42.063304],[12.933578,42.062703],[12.934023,42.062449],[12.934539,42.061801],[12.935434,42.059528],[12.935243,42.057194],[12.935141,42.056265],[12.935727,42.052742],[12.939855,42.049766],[12.945466,42.047865],[12.951586,42.042805]]]}},{"type":"Feature","id":"058054","properties":{"istat":"058054","name":"Manziana","province":"RM","label":[42.120192,12.115232]},"geometry":{"type":"Polygon","coordinates":[[[12.125048,42.099918],[12.116733,42.093373],[12.107875,42.088435],[12.091639,42.083385],[12.083723,42.081221],[12.075285,42.085684],[12.074876,42.086542],[12.071041,42.088455],[12.069881,42.088468],[12.068903,42.088485],[12.063961,42.089275],[12.062344,42.089615],[12.06126,42.089977],[12.059279,42.091003],[12.058136,42.091619],[12.057069,42.092309],[12.055862,42.094124],[12.05549,42.094688],[12.05567,42.094831],[12.055819,42.094949],[12.056255,42.095257],[12.056843,42.095624],[12.058024,42.096048],[12.059104,42.096402],[12.06209,42.096876],[12.067086,42.097427],[12.073999,42.1021],[12.078709,42.109195],[12.089776,42.11689],[12.101028,42.125366],[12.105359,42.129823],[12.109099,42.133823],[12.112781,42.136362],[12.1197,42.138772],[12.122143,42.139984],[12.127471,42.143009],[12.13422,42.147097],[12.134482,42.147221],[12.134896,42.147281],[12.135599,42.147277],[12.135936,42.147275],[12.139485,42.149299],[12.142593,42.153896],[12.143164,42.154434],[12.143725,42.154748],[12.144689,42.155135],[12.147522,42.156134],[12.150317,42.151217],[12.151747,42.148116],[12.151936,42.147044],[12.145488,42.142453],[12.143888,42.141325],[12.142093,42.140123],[12.141332,42.139658],[12.139282,42.137593],[12.136867,42.132563],[12.136764,42.131944],[12.136808,42.131119],[12.137155,42.130299],[12.137653,42.129137],[12.138048,42.128289],[12.138364,42.127928],[12.138435,42.127846],[12.138522,42.127724],[12.138798,42.127318],[12.138682,42.126705],[12.137096,42.122246],[12.135512,42.118138],[12.134935,42.116731],[12.132515,42.112285],[12.129556,42.10726],[12.125048,42.099918]]]}},{"type":"Feature","id":"058055","properties":{"istat":"058055","name":"Marano Equo","province":"RM","label":[41.994856,13.012188]},"geometry":{"type":"Polygon","coordinates":[[[13.020697,42.010436],[13.025757,42.010424],[13.028844,42.00938],[13.029711,42.00907],[13.03035,42.008701],[13.03281,42.006759],[13.033124,42.001364],[13.02966,42.002107],[13.02648,41.998342],[13.023049,41.988462],[13.022777,41.983804],[13.023274,41.982546],[13.023837,41.98112],[13.024249,41.980696],[13.025878,41.979548],[13.026495,41.979113],[13.025973,41.978834],[13.025483,41.978663],[13.024812,41.97852],[13.024183,41.978551],[13.019,41.979129],[13.017962,41.979426],[13.009925,41.977128],[13.006879,41.976865],[13.002958,41.976818],[13.001665,41.977273],[13.000655,41.977902],[13.000388,41.978109],[13.000247,41.978218],[13.000185,41.979035],[12.996281,41.983057],[12.993028,41.985483],[12.991178,41.987201],[12.991832,41.987889],[12.992219,41.988263],[12.992746,41.988749],[12.993312,41.989193],[12.994351,41.989967],[12.996346,41.99137],[13.003431,42.000316],[13.010154,42.005398],[13.012612,42.009431],[13.011341,42.012271],[13.014607,42.01302],[13.020697,42.010436]]]}},{"type":"Feature","id":"058056","properties":{"istat":"058056","name":"Marcellina","province":"RM","label":[42.011743,12.7946]},"geometry":{"type":"Polygon","coordinates":[[[12.809197,42.032729],[12.820441,42.030675],[12.821937,42.03035],[12.823133,42.030013],[12.823989,42.029688],[12.824541,42.029471],[12.825007,42.029249],[12.825373,42.028777],[12.825587,42.008875],[12.825548,42.005641],[12.8079,42.004741],[12.803379,42.001061],[12.804809,41.999126],[12.805206,41.998104],[12.804961,41.993641],[12.804486,41.992365],[12.803752,41.991232],[12.803141,41.990392],[12.795553,41.99059],[12.794379,41.990692],[12.793089,41.991333],[12.790244,41.993215],[12.789965,41.993697],[12.78858,41.996399],[12.787981,41.998341],[12.788655,41.999102],[12.788734,41.999617],[12.788212,42.000715],[12.787509,42.001162],[12.786245,42.001766],[12.784999,42.002186],[12.778244,42.003828],[12.775348,42.002999],[12.772285,42.00121],[12.765394,42.00075],[12.756561,42.002245],[12.760371,42.009011],[12.762171,42.010572],[12.762704,42.011033],[12.764584,42.012452],[12.769093,42.014477],[12.777944,42.019617],[12.785782,42.028012],[12.796112,42.031758],[12.805223,42.032726],[12.809197,42.032729]]]}},{"type":"Feature","id":"058057","properties":{"istat":"058057","name":"Marino","province":"RM","label":[41.759997,12.618902]},"geometry":{"type":"Polygon","coordinates":[[[12.650586,41.775145],[12.650628,41.775137],[12.65244,41.774771],[12.654179,41.774833],[12.657664,41.775046],[12.664541,41.776177],[12.670818,41.776566],[12.674657,41.775671],[12.677965,41.773741],[12.680597,41.771385],[12.684022,41.772419],[12.683522,41.76896],[12.679853,41.766218],[12.679747,41.765866],[12.678873,41.764084],[12.678478,41.763381],[12.676704,41.760862],[12.675999,41.760084],[12.675781,41.75991],[12.675472,41.759664],[12.675427,41.75963],[12.674445,41.760562],[12.674398,41.760593],[12.671609,41.762059],[12.666183,41.763547],[12.665416,41.763722],[12.664869,41.763843],[12.662536,41.76413],[12.661199,41.764204],[12.656994,41.76382],[12.656389,41.763757],[12.655277,41.763605],[12.653162,41.762231],[12.65209,41.761462],[12.651932,41.761347],[12.651659,41.761149],[12.651184,41.7608],[12.650944,41.760621],[12.6509,41.760588],[12.650442,41.760148],[12.649935,41.75966],[12.636313,41.749403],[12.632288,41.743061],[12.62911,41.740272],[12.622367,41.737966],[12.62076,41.737599],[12.620587,41.737559],[12.617244,41.736886],[12.615974,41.736707],[12.604213,41.737606],[12.599233,41.736078],[12.599429,41.73655],[12.599771,41.737886],[12.599773,41.739129],[12.598467,41.739979],[12.596909,41.740534],[12.594705,41.740514],[12.592296,41.740364],[12.589993,41.739808],[12.587614,41.739504],[12.587061,41.739489],[12.586908,41.739484],[12.584675,41.739893],[12.584451,41.741288],[12.584653,41.742081],[12.584783,41.742291],[12.586872,41.74545],[12.584199,41.75225],[12.594471,41.755146],[12.595398,41.75596],[12.596727,41.758627],[12.596678,41.758653],[12.596587,41.758685],[12.596434,41.758725],[12.596286,41.758754],[12.595801,41.758821],[12.595538,41.758856],[12.595413,41.758872],[12.595298,41.758886],[12.594838,41.758941],[12.587587,41.759542],[12.586508,41.766874],[12.586705,41.767106],[12.587247,41.767753],[12.587333,41.76788],[12.587417,41.768011],[12.588057,41.769114],[12.588265,41.769823],[12.58938,41.774237],[12.589665,41.775447],[12.590079,41.779902],[12.594633,41.779325],[12.60675,41.778585],[12.616276,41.777984],[12.616982,41.777561],[12.617601,41.777191],[12.62143,41.775152],[12.621611,41.775155],[12.6226,41.775181],[12.624044,41.775248],[12.624329,41.775262],[12.629299,41.775879],[12.63917,41.777634],[12.639543,41.777702],[12.640426,41.777985],[12.640565,41.778029],[12.641342,41.778353],[12.641988,41.778624],[12.642492,41.778986],[12.642535,41.779067],[12.642773,41.779513],[12.643599,41.783926],[12.643837,41.780682],[12.644057,41.780131],[12.644156,41.779888],[12.644698,41.779314],[12.644737,41.779276],[12.645043,41.778991],[12.645207,41.778838],[12.645253,41.778805],[12.650586,41.775145]]]}},{"type":"Feature","id":"058058","properties":{"istat":"058058","name":"Mazzano Romano","province":"RM","label":[42.194895,12.393599]},"geometry":{"type":"Polygon","coordinates":[[[12.41334,42.250134],[12.416302,42.246773],[12.41699,42.246041],[12.417028,42.246015],[12.418005,42.24353],[12.419318,42.234589],[12.418243,42.230362],[12.417562,42.215489],[12.420187,42.209332],[12.420472,42.208541],[12.420634,42.207514],[12.420222,42.206612],[12.41914,42.204294],[12.417826,42.202838],[12.415491,42.19841],[12.412692,42.19138],[12.412003,42.186007],[12.411495,42.182204],[12.410979,42.182093],[12.410426,42.181718],[12.409805,42.181187],[12.409519,42.180385],[12.408506,42.174143],[12.408941,42.161272],[12.409212,42.159764],[12.410986,42.154507],[12.412083,42.153056],[12.417507,42.142039],[12.419888,42.13747],[12.414997,42.136765],[12.412001,42.136215],[12.409106,42.135261],[12.402213,42.141927],[12.394062,42.151574],[12.389513,42.154568],[12.3851,42.157638],[12.3805,42.161281],[12.379025,42.162685],[12.378198,42.163537],[12.377918,42.163964],[12.377728,42.164254],[12.378178,42.167379],[12.373327,42.172123],[12.37011,42.173789],[12.37008,42.174145],[12.370081,42.174605],[12.370116,42.174865],[12.370159,42.175188],[12.370364,42.175857],[12.372071,42.17903],[12.372552,42.179872],[12.373049,42.180348],[12.373111,42.180391],[12.373741,42.180832],[12.373669,42.188821],[12.37277,42.198541],[12.370384,42.207013],[12.370328,42.20733],[12.37042,42.20769],[12.370988,42.209399],[12.371545,42.211071],[12.371799,42.211519],[12.372546,42.211915],[12.373861,42.212484],[12.374674,42.212726],[12.376092,42.212954],[12.377417,42.213014],[12.378465,42.21293],[12.378635,42.212901],[12.379174,42.21281],[12.386771,42.216633],[12.392064,42.2225],[12.396696,42.229553],[12.396795,42.230266],[12.396954,42.23077],[12.397308,42.231246],[12.397799,42.231808],[12.398264,42.232114],[12.399592,42.2327],[12.400624,42.232949],[12.401066,42.233033],[12.40261,42.229783],[12.402989,42.229601],[12.403344,42.229442],[12.404274,42.229157],[12.405359,42.229017],[12.405852,42.228984],[12.407946,42.229363],[12.408535,42.229517],[12.408831,42.229805],[12.412273,42.237001],[12.412387,42.237808],[12.41249,42.23858],[12.412491,42.239057],[12.41238,42.239897],[12.411997,42.24044],[12.408836,42.244136],[12.404914,42.248791],[12.408243,42.251173],[12.411409,42.255441],[12.412244,42.257443],[12.412785,42.255112],[12.41334,42.250134]]]}},{"type":"Feature","id":"058059","properties":{"istat":"058059","name":"Mentana","province":"RM","label":[42.041074,12.648315]},"geometry":{"type":"Polygon","coordinates":[[[12.681677,42.067426],[12.683314,42.06727],[12.684452,42.067553],[12.695299,42.067023],[12.706897,42.064501],[12.709363,42.063859],[12.714014,42.062204],[12.715087,42.057217],[12.714389,42.056492],[12.711049,42.053237],[12.7103,42.052546],[12.709502,42.052225],[12.706227,42.051201],[12.696777,42.046567],[12.695469,42.044997],[12.694666,42.04446],[12.69414,42.044324],[12.690585,42.043891],[12.687699,42.044005],[12.683868,42.045371],[12.680769,42.046542],[12.679845,42.047036],[12.677916,42.047583],[12.675792,42.048151],[12.675339,42.047693],[12.675079,42.047161],[12.674888,42.046771],[12.673755,42.044381],[12.67359,42.043971],[12.673401,42.043501],[12.672973,42.042339],[12.672958,42.04217],[12.672895,42.041464],[12.673131,42.039663],[12.673345,42.038743],[12.674525,42.034879],[12.676218,42.032163],[12.678846,42.028304],[12.678948,42.022567],[12.678772,42.021549],[12.678758,42.021465],[12.677419,42.018762],[12.676546,42.017214],[12.67645,42.017049],[12.675908,42.016118],[12.674377,42.014069],[12.673813,42.013673],[12.670871,42.009415],[12.667873,42.01046],[12.660165,42.012057],[12.653886,42.013197],[12.653748,42.012756],[12.653597,42.012385],[12.653471,42.012149],[12.653291,42.011972],[12.653084,42.011907],[12.652748,42.011889],[12.651407,42.012001],[12.6505,42.012274],[12.649906,42.01246],[12.638676,42.018202],[12.627169,42.024722],[12.626259,42.02519],[12.622725,42.026773],[12.619366,42.028102],[12.616267,42.029208],[12.615457,42.029485],[12.614817,42.029465],[12.618317,42.033569],[12.623511,42.040685],[12.626398,42.047188],[12.628309,42.051024],[12.628561,42.051346],[12.62914,42.052087],[12.629866,42.052432],[12.637561,42.055043],[12.641858,42.055345],[12.643464,42.054865],[12.648773,42.05313],[12.648923,42.052954],[12.649841,42.051868],[12.651615,42.04946],[12.652203,42.048608],[12.652266,42.048516],[12.653026,42.047254],[12.65574,42.046042],[12.661787,42.044264],[12.663283,42.043995],[12.665062,42.044213],[12.671181,42.046075],[12.673528,42.047621],[12.674364,42.04822],[12.674888,42.048752],[12.675021,42.049509],[12.673687,42.052883],[12.673002,42.053427],[12.672658,42.053527],[12.672186,42.053663],[12.671353,42.053903],[12.670175,42.054405],[12.668981,42.055326],[12.66854,42.055815],[12.667937,42.056485],[12.667044,42.057724],[12.666667,42.059096],[12.666607,42.060102],[12.66698,42.061481],[12.667469,42.062663],[12.668122,42.063933],[12.668257,42.064191],[12.668963,42.065393],[12.669766,42.066579],[12.670518,42.067404],[12.670719,42.067624],[12.671675,42.068602],[12.67299,42.069533],[12.6733,42.069752],[12.676541,42.072012],[12.676476,42.071118],[12.676501,42.070482],[12.677046,42.069456],[12.678086,42.068739],[12.679777,42.06782],[12.680322,42.067707],[12.681677,42.067426]]]}},{"type":"Feature","id":"058060","properties":{"istat":"058060","name":"Monte Compatri","province":"RM","label":[41.866118,12.724711]},"geometry":{"type":"MultiPolygon","coordinates":[[[[12.723806,41.837769],[12.723894,41.83772],[12.723942,41.837692],[12.723984,41.837662],[12.724281,41.837327],[12.724619,41.836796],[12.724845,41.836436],[12.72495,41.836268],[12.72501,41.836102],[12.725025,41.836062],[12.726128,41.831065],[12.725755,41.83067],[12.725377,41.829843],[12.725316,41.829673],[12.725321,41.829523],[12.725338,41.829206],[12.725354,41.828992],[12.725848,41.827935],[12.7262,41.827216],[12.726417,41.826845],[12.726462,41.826815],[12.726629,41.826826],[12.728925,41.827074],[12.738284,41.83003],[12.742458,41.831233],[12.743491,41.831496],[12.74599,41.831546],[12.749457,41.830614],[12.75892,41.819214],[12.759273,41.818766],[12.759517,41.818308],[12.759718,41.81772],[12.759858,41.817153],[12.760077,41.816061],[12.76008,41.815656],[12.760066,41.815359],[12.760024,41.814956],[12.759966,41.814399],[12.759835,41.807807],[12.757147,41.807895],[12.755571,41.805794],[12.75517,41.804542],[12.750669,41.798684],[12.748928,41.798569],[12.746112,41.797504],[12.744163,41.795429],[12.738468,41.787655],[12.738656,41.782696],[12.739267,41.778363],[12.72904,41.781991],[12.725115,41.788877],[12.723694,41.792049],[12.723206,41.793386],[12.722551,41.79638],[12.722593,41.796897],[12.723388,41.799629],[12.722863,41.800134],[12.721549,41.803243],[12.722304,41.804375],[12.723562,41.805883],[12.725935,41.812276],[12.72453,41.819343],[12.721546,41.825768],[12.714674,41.834438],[12.711408,41.836992],[12.711704,41.83789],[12.711849,41.838046],[12.712948,41.838897],[12.716243,41.840193],[12.723806,41.837769]]],[[[12.747037,41.837068],[12.745061,41.835021],[12.742806,41.834779],[12.74227,41.834599],[12.741511,41.834259],[12.741084,41.834029],[12.740302,41.83338],[12.740922,41.832517],[12.741176,41.832167],[12.741212,41.832137],[12.740807,41.832081],[12.740527,41.83206],[12.740172,41.832684],[12.739174,41.834804],[12.737949,41.838787],[12.737853,41.840343],[12.740051,41.84061],[12.746391,41.84001],[12.747037,41.837068]]],[[[12.704358,41.890405],[12.70542,41.890114],[12.71283,41.887967],[12.723705,41.886607],[12.727749,41.886463],[12.727307,41.885705],[12.726678,41.884619],[12.727591,41.882887],[12.727803,41.882673],[12.729578,41.881233],[12.730223,41.880721],[12.731164,41.879984],[12.736587,41.876552],[12.738275,41.875849],[12.739791,41.873517],[12.743748,41.867232],[12.744491,41.865637],[12.744603,41.864977],[12.744689,41.864474],[12.744773,41.860351],[12.74481,41.85691],[12.744822,41.855537],[12.738895,41.842975],[12.738075,41.841753],[12.733415,41.847861],[12.727557,41.85021],[12.720195,41.858286],[12.716896,41.859773],[12.71302,41.860678],[12.705805,41.865055],[12.705488,41.865305],[12.705355,41.86541],[12.70532,41.865438],[12.705276,41.865475],[12.705062,41.866599],[12.704799,41.867999],[12.69949,41.881548],[12.699062,41.882291],[12.699031,41.882432],[12.69861,41.890196],[12.704358,41.890405]]]]}},{"type":"Feature","id":"058064","properties":{"istat":"058064","name":"Monte Porzio Catone","province":"RM","label":[41.818484,12.710491]},"geometry":{"type":"Polygon","coordinates":[[[12.705743,41.83908],[12.705788,41.839025],[12.707223,41.836319],[12.707453,41.835185],[12.707524,41.834731],[12.70756,41.834462],[12.707575,41.834313],[12.707573,41.834025],[12.711408,41.836992],[12.714674,41.834438],[12.721546,41.825768],[12.72453,41.819343],[12.725935,41.812276],[12.723562,41.805883],[12.722304,41.804375],[12.721549,41.803243],[12.722863,41.800134],[12.723388,41.799629],[12.717258,41.799699],[12.714784,41.798874],[12.710797,41.79795],[12.709648,41.797766],[12.702107,41.797978],[12.7013,41.798014],[12.6993,41.798357],[12.697661,41.798739],[12.696045,41.799214],[12.695046,41.799849],[12.694903,41.802159],[12.693309,41.805341],[12.69253,41.806554],[12.691239,41.807959],[12.689445,41.809021],[12.688238,41.809447],[12.68744,41.809593],[12.68722,41.809633],[12.686781,41.809777],[12.68652,41.809923],[12.686376,41.810007],[12.686143,41.810299],[12.685997,41.810482],[12.685911,41.810624],[12.685277,41.81239],[12.685306,41.813386],[12.685388,41.813689],[12.685513,41.813885],[12.685757,41.814139],[12.688603,41.816716],[12.690093,41.817113],[12.691127,41.817134],[12.69144,41.817133],[12.692623,41.817063],[12.694469,41.817625],[12.69834,41.819459],[12.698699,41.819635],[12.69885,41.819709],[12.699736,41.820144],[12.70183,41.821175],[12.703039,41.826102],[12.703171,41.831838],[12.702108,41.83551],[12.702108,41.837824],[12.702423,41.839615],[12.704597,41.840063],[12.705236,41.839663],[12.705277,41.839635],[12.70542,41.839466],[12.705743,41.83908]]]}},{"type":"Feature","id":"058061","properties":{"istat":"058061","name":"Monteflavio","province":"RM","label":[42.114004,12.825385]},"geometry":{"type":"Polygon","coordinates":[[[12.86081,42.126038],[12.860112,42.121595],[12.862462,42.115758],[12.864503,42.11225],[12.866072,42.108406],[12.866787,42.103645],[12.866884,42.10253],[12.867502,42.095563],[12.867978,42.091202],[12.862417,42.088072],[12.85974,42.092781],[12.8595,42.09346],[12.858569,42.094162],[12.857805,42.094579],[12.855442,42.095816],[12.854721,42.096016],[12.845224,42.097586],[12.839699,42.096889],[12.83575,42.095293],[12.833686,42.097316],[12.823845,42.103632],[12.804201,42.107595],[12.79536,42.109347],[12.788782,42.11173],[12.785194,42.117184],[12.788298,42.118351],[12.801638,42.119463],[12.802499,42.119398],[12.804096,42.118359],[12.808244,42.117672],[12.816125,42.118189],[12.820193,42.119836],[12.825538,42.123061],[12.835827,42.129606],[12.839306,42.134054],[12.845578,42.137468],[12.847416,42.138235],[12.848305,42.138403],[12.85137,42.137589],[12.85193,42.134256],[12.854803,42.129464],[12.86081,42.126038]]]}},{"type":"Feature","id":"058062","properties":{"istat":"058062","name":"Montelanico","province":"RM","label":[41.643161,13.017032]},"geometry":{"type":"Polygon","coordinates":[[[13.097561,41.686089],[13.099147,41.678824],[13.098156,41.675713],[13.097582,41.673919],[13.092512,41.671097],[13.086694,41.664722],[13.084536,41.658977],[13.079661,41.65649],[13.074319,41.655239],[13.072144,41.65487],[13.054798,41.650112],[13.04782,41.645885],[13.047037,41.63883],[13.048385,41.632358],[13.043781,41.627001],[13.040343,41.623196],[13.036843,41.615886],[13.035426,41.608875],[13.035748,41.605744],[13.035585,41.601617],[13.035466,41.600824],[13.035096,41.60032],[13.034601,41.600031],[13.03417,41.599972],[13.033574,41.599891],[13.027344,41.599574],[13.025097,41.59966],[13.02528,41.599944],[13.02526,41.600998],[13.021543,41.609543],[13.020918,41.609948],[13.019363,41.610597],[13.015792,41.611996],[13.011254,41.614788],[13.004616,41.619869],[12.999799,41.625048],[12.998501,41.626665],[12.996934,41.629168],[12.988764,41.638651],[12.987072,41.640803],[12.986021,41.645519],[12.989964,41.646051],[12.991613,41.646314],[12.994403,41.646928],[12.996021,41.647425],[13.001112,41.64936],[13.002511,41.649932],[13.003494,41.650411],[13.00984,41.654863],[13.010769,41.655519],[13.012765,41.656985],[13.013858,41.657914],[13.013889,41.657941],[13.01509,41.659123],[13.015686,41.660052],[13.016517,41.661158],[13.017175,41.662031],[13.017771,41.662528],[13.018572,41.663112],[13.019323,41.663635],[13.020257,41.664111],[13.033569,41.668718],[13.037578,41.668633],[13.049856,41.668779],[13.055612,41.677796],[13.061935,41.681332],[13.063593,41.682874],[13.065235,41.683484],[13.066541,41.683964],[13.069175,41.684704],[13.080333,41.68763],[13.081908,41.688034],[13.082874,41.688247],[13.085659,41.688323],[13.091223,41.687395],[13.093707,41.688059],[13.097561,41.686089]]]}},{"type":"Feature","id":"058063","properties":{"istat":"058063","name":"Montelibretti","province":"RM","label":[42.134816,12.694129]},"geometry":{"type":"Polygon","coordinates":[[[12.638832,42.167673],[12.641835,42.1667],[12.643444,42.165717],[12.64526,42.164412],[12.648221,42.159984],[12.647831,42.15646],[12.646963,42.156353],[12.646675,42.156005],[12.646565,42.155438],[12.646532,42.155263],[12.646247,42.153444],[12.646471,42.152649],[12.646508,42.15261],[12.646648,42.152464],[12.646772,42.152333],[12.647037,42.152055],[12.647515,42.151829],[12.648245,42.151485],[12.651928,42.15063],[12.654677,42.150691],[12.655595,42.15072],[12.656563,42.151045],[12.66016,42.154618],[12.665643,42.157238],[12.667197,42.157737],[12.67103,42.158835],[12.671196,42.15887],[12.672027,42.159041],[12.67239,42.159057],[12.677721,42.157892],[12.677951,42.15783],[12.678618,42.15765],[12.678822,42.157594],[12.686471,42.154748],[12.686761,42.153821],[12.695379,42.152307],[12.703104,42.152005],[12.70564,42.152021],[12.710904,42.153007],[12.715022,42.154279],[12.715572,42.154468],[12.716336,42.154754],[12.719346,42.157209],[12.726082,42.15839],[12.72809,42.158419],[12.733727,42.15784],[12.734177,42.157775],[12.745194,42.153958],[12.746077,42.153546],[12.746376,42.153406],[12.74639,42.153222],[12.746441,42.152567],[12.746121,42.151708],[12.744071,42.149452],[12.744016,42.149272],[12.743854,42.148743],[12.743328,42.146888],[12.74332,42.146402],[12.743318,42.14578],[12.743368,42.145401],[12.750401,42.143631],[12.754236,42.140925],[12.753542,42.137963],[12.752394,42.131432],[12.744828,42.129167],[12.736606,42.125618],[12.727898,42.120485],[12.716692,42.116863],[12.704708,42.112152],[12.703357,42.111691],[12.702099,42.111489],[12.69875,42.114699],[12.696991,42.116498],[12.696209,42.118059],[12.696044,42.118595],[12.695709,42.119234],[12.694301,42.121641],[12.693308,42.123334],[12.693117,42.123541],[12.693081,42.12358],[12.689721,42.127023],[12.687472,42.12879],[12.681014,42.125742],[12.681026,42.125427],[12.681805,42.122633],[12.682044,42.122063],[12.68301,42.121109],[12.683746,42.120482],[12.685119,42.118646],[12.687497,42.115129],[12.687809,42.114205],[12.687567,42.113889],[12.687006,42.113344],[12.68635,42.112753],[12.685562,42.112153],[12.679979,42.10869],[12.678816,42.108088],[12.677403,42.107377],[12.675992,42.106918],[12.671139,42.105376],[12.669044,42.104777],[12.667395,42.105394],[12.662998,42.106402],[12.658024,42.106191],[12.657118,42.103821],[12.660001,42.102405],[12.661124,42.10177],[12.661419,42.101],[12.661389,42.100515],[12.660985,42.099974],[12.660589,42.09959],[12.660503,42.099576],[12.659927,42.099485],[12.650222,42.100646],[12.64916,42.100932],[12.647766,42.10166],[12.646688,42.102357],[12.645903,42.102971],[12.645231,42.103821],[12.641693,42.105631],[12.63809,42.10136],[12.625671,42.106229],[12.627115,42.10644],[12.627977,42.106683],[12.628411,42.107043],[12.628722,42.107434],[12.628883,42.107978],[12.628828,42.108502],[12.625088,42.112438],[12.622573,42.115989],[12.622366,42.116662],[12.622339,42.117081],[12.622413,42.117372],[12.622487,42.117635],[12.629078,42.119304],[12.637571,42.123673],[12.637145,42.1242],[12.636905,42.124499],[12.636407,42.125181],[12.635843,42.126055],[12.634725,42.129426],[12.634569,42.130359],[12.63499,42.134357],[12.635548,42.135276],[12.636009,42.135873],[12.636345,42.136232],[12.636824,42.136743],[12.637196,42.137168],[12.638255,42.13853],[12.638327,42.138623],[12.638795,42.13972],[12.638583,42.14702],[12.638418,42.148547],[12.638159,42.149659],[12.633127,42.162596],[12.630775,42.169473],[12.634319,42.170479],[12.634856,42.170078],[12.638832,42.167673]]]}},{"type":"Feature","id":"058065","properties":{"istat":"058065","name":"Monterotondo","province":"RM","label":[42.068113,12.627747]},"geometry":{"type":"Polygon","coordinates":[[[12.640861,42.088648],[12.642438,42.088472],[12.643626,42.088713],[12.64442,42.088836],[12.647222,42.088581],[12.648596,42.088402],[12.653214,42.08768],[12.656818,42.086379],[12.660325,42.084043],[12.664484,42.080968],[12.665004,42.080532],[12.665275,42.080306],[12.666449,42.079264],[12.673987,42.073782],[12.676541,42.072012],[12.6733,42.069752],[12.67299,42.069533],[12.671675,42.068602],[12.670719,42.067624],[12.670518,42.067404],[12.669766,42.066579],[12.668963,42.065393],[12.668257,42.064191],[12.668122,42.063933],[12.667469,42.062663],[12.66698,42.061481],[12.666607,42.060102],[12.666667,42.059096],[12.667044,42.057724],[12.667937,42.056485],[12.66854,42.055815],[12.668981,42.055326],[12.670175,42.054405],[12.671353,42.053903],[12.672186,42.053663],[12.672658,42.053527],[12.673002,42.053427],[12.673687,42.052883],[12.675021,42.049509],[12.674888,42.048752],[12.674364,42.04822],[12.673528,42.047621],[12.671181,42.046075],[12.665062,42.044213],[12.663283,42.043995],[12.661787,42.044264],[12.65574,42.046042],[12.653026,42.047254],[12.652266,42.048516],[12.652203,42.048608],[12.651615,42.04946],[12.649841,42.051868],[12.648923,42.052954],[12.648773,42.05313],[12.643464,42.054865],[12.641858,42.055345],[12.637561,42.055043],[12.629866,42.052432],[12.62914,42.052087],[12.628561,42.051346],[12.628309,42.051024],[12.626398,42.047188],[12.623511,42.040685],[12.618317,42.033569],[12.614817,42.029465],[12.612307,42.029699],[12.611904,42.029769],[12.61155,42.029877],[12.611229,42.029978],[12.608176,42.030963],[12.606861,42.03169],[12.591722,42.040698],[12.588035,42.042484],[12.58297,42.046359],[12.581936,42.04753],[12.581434,42.048451],[12.581013,42.049269],[12.580027,42.051756],[12.571353,42.058116],[12.570459,42.058508],[12.570406,42.058533],[12.565278,42.063553],[12.566328,42.065508],[12.573461,42.065052],[12.577096,42.064659],[12.579385,42.064664],[12.580886,42.06491],[12.582547,42.065453],[12.583352,42.065918],[12.583852,42.066713],[12.585915,42.073204],[12.587244,42.075778],[12.587414,42.076561],[12.587494,42.076932],[12.587644,42.077625],[12.587919,42.079962],[12.587889,42.082313],[12.588325,42.085852],[12.58845,42.086388],[12.588658,42.086931],[12.589094,42.08757],[12.589561,42.088024],[12.590143,42.088258],[12.591182,42.088279],[12.592179,42.088167],[12.593716,42.087813],[12.594719,42.087502],[12.595268,42.087332],[12.595673,42.087189],[12.596371,42.08691],[12.597466,42.086718],[12.598102,42.086608],[12.599127,42.086648],[12.600174,42.086768],[12.601255,42.086964],[12.60157,42.087089],[12.602387,42.087419],[12.60349,42.08801],[12.604372,42.088631],[12.605061,42.089266],[12.605201,42.09005],[12.605122,42.090557],[12.605232,42.096609],[12.607273,42.10185],[12.607283,42.101875],[12.608763,42.103023],[12.611056,42.1048],[12.611816,42.104998],[12.612732,42.105238],[12.614064,42.105503],[12.614603,42.105611],[12.615913,42.105862],[12.618929,42.106069],[12.625671,42.106229],[12.63809,42.10136],[12.63873,42.096046],[12.638263,42.095403],[12.637165,42.093362],[12.636783,42.092627],[12.63657,42.091846],[12.636531,42.090955],[12.636842,42.090041],[12.637317,42.089656],[12.639833,42.088933],[12.640861,42.088648]]]}},{"type":"Feature","id":"058066","properties":{"istat":"058066","name":"Montorio Romano","province":"RM","label":[42.135761,12.79968]},"geometry":{"type":"Polygon","coordinates":[[[12.819094,42.152198],[12.830034,42.148686],[12.840881,42.146072],[12.842593,42.145906],[12.844107,42.145558],[12.845893,42.144958],[12.849122,42.143598],[12.849543,42.143318],[12.849876,42.140642],[12.849569,42.140022],[12.849238,42.139439],[12.848305,42.138403],[12.847416,42.138235],[12.845578,42.137468],[12.839306,42.134054],[12.835827,42.129606],[12.825538,42.123061],[12.820193,42.119836],[12.816125,42.118189],[12.808244,42.117672],[12.804096,42.118359],[12.802499,42.119398],[12.801638,42.119463],[12.788298,42.118351],[12.785194,42.117184],[12.782154,42.119013],[12.768906,42.126325],[12.758319,42.13325],[12.754611,42.139896],[12.754236,42.140925],[12.750401,42.143631],[12.743368,42.145401],[12.743318,42.14578],[12.74332,42.146402],[12.743328,42.146888],[12.743854,42.148743],[12.744016,42.149272],[12.744071,42.149452],[12.744779,42.14861],[12.746805,42.1478],[12.749749,42.146682],[12.750688,42.146462],[12.751728,42.146487],[12.75364,42.146829],[12.76296,42.148651],[12.773208,42.15027],[12.776649,42.150517],[12.783451,42.151544],[12.784217,42.151678],[12.785568,42.151915],[12.798676,42.154673],[12.798979,42.156397],[12.799123,42.1575],[12.80053,42.156732],[12.801123,42.156717],[12.801812,42.156758],[12.80733,42.157124],[12.819094,42.152198]]]}},{"type":"Feature","id":"058067","properties":{"istat":"058067","name":"Moricone","province":"RM","label":[42.113617,12.747987]},"geometry":{"type":"Polygon","coordinates":[[[12.768906,42.126325],[12.782154,42.119013],[12.785194,42.117184],[12.788782,42.11173],[12.788162,42.111791],[12.787368,42.111705],[12.786966,42.111453],[12.786441,42.110885],[12.786163,42.110556],[12.785935,42.110136],[12.785908,42.109525],[12.786377,42.108577],[12.78718,42.10774],[12.788284,42.106921],[12.789094,42.106263],[12.789461,42.105714],[12.789605,42.105499],[12.791191,42.102433],[12.796082,42.091301],[12.796308,42.090713],[12.796718,42.089344],[12.79671,42.088534],[12.796593,42.087727],[12.796394,42.087176],[12.795874,42.086445],[12.795161,42.086154],[12.793501,42.086227],[12.792423,42.086326],[12.791096,42.086532],[12.789985,42.086825],[12.78973,42.086892],[12.785464,42.088226],[12.782403,42.089345],[12.77887,42.093905],[12.775461,42.098722],[12.774741,42.099979],[12.774361,42.100465],[12.774247,42.100607],[12.773753,42.101228],[12.770615,42.104527],[12.766388,42.106427],[12.765245,42.106893],[12.764768,42.107088],[12.763252,42.107551],[12.762836,42.107678],[12.757309,42.109048],[12.745243,42.111325],[12.742249,42.11014],[12.73469,42.106748],[12.729944,42.102513],[12.729663,42.101915],[12.728565,42.101127],[12.728283,42.100951],[12.7277,42.100641],[12.727221,42.100513],[12.720145,42.100878],[12.71847,42.101085],[12.706341,42.103126],[12.703637,42.10361],[12.703332,42.103705],[12.698818,42.106134],[12.694739,42.108527],[12.693405,42.109329],[12.692939,42.109476],[12.692671,42.109561],[12.692561,42.109595],[12.691429,42.109479],[12.68981,42.109071],[12.689472,42.108917],[12.688716,42.108571],[12.687939,42.107979],[12.684751,42.105547],[12.680385,42.102078],[12.671404,42.103085],[12.669044,42.104777],[12.671139,42.105376],[12.675992,42.106918],[12.677403,42.107377],[12.678816,42.108088],[12.679979,42.10869],[12.685562,42.112153],[12.68635,42.112753],[12.687006,42.113344],[12.687567,42.113889],[12.687809,42.114205],[12.687497,42.115129],[12.685119,42.118646],[12.683746,42.120482],[12.68301,42.121109],[12.682044,42.122063],[12.681805,42.122633],[12.681026,42.125427],[12.681014,42.125742],[12.687472,42.12879],[12.689721,42.127023],[12.693081,42.12358],[12.693117,42.123541],[12.693308,42.123334],[12.694301,42.121641],[12.695709,42.119234],[12.696044,42.118595],[12.696209,42.118059],[12.696991,42.116498],[12.69875,42.114699],[12.702099,42.111489],[12.703357,42.111691],[12.704708,42.112152],[12.716692,42.116863],[12.727898,42.120485],[12.736606,42.125618],[12.744828,42.129167],[12.752394,42.131432],[12.753542,42.137963],[12.754236,42.140925],[12.754611,42.139896],[12.758319,42.13325],[12.768906,42.126325]]]}},{"type":"Feature","id":"058068","properties":{"istat":"058068","name":"Morlupo","province":"RM","label":[42.141609,12.493628]},"geometry":{"type":"Polygon","coordinates":[[[12.529557,42.165638],[12.531045,42.161388],[12.530597,42.155074],[12.530594,42.147855],[12.531669,42.142914],[12.539375,42.127661],[12.544264,42.120743],[12.544708,42.118183],[12.543743,42.115755],[12.542978,42.114625],[12.541045,42.113101],[12.54004,42.112519],[12.539899,42.112438],[12.539978,42.112632],[12.539764,42.113363],[12.539113,42.113934],[12.538206,42.114586],[12.537321,42.115107],[12.53595,42.115639],[12.535256,42.115332],[12.534932,42.114974],[12.534876,42.114804],[12.534947,42.114583],[12.5289,42.117093],[12.517848,42.122368],[12.51218,42.126746],[12.509373,42.127976],[12.494975,42.130595],[12.489341,42.130722],[12.485592,42.128402],[12.475339,42.130188],[12.470195,42.131164],[12.468307,42.132391],[12.466722,42.133637],[12.466301,42.134149],[12.466282,42.134627],[12.466581,42.135019],[12.466378,42.138193],[12.462653,42.140303],[12.456284,42.140165],[12.453899,42.139009],[12.45614,42.144676],[12.456343,42.145036],[12.456457,42.145237],[12.456671,42.145614],[12.459399,42.150323],[12.464439,42.158072],[12.46635,42.160684],[12.470011,42.159462],[12.474215,42.157304],[12.474319,42.157044],[12.474929,42.15594],[12.475373,42.155834],[12.478734,42.156161],[12.483197,42.157195],[12.486976,42.159781],[12.493473,42.162553],[12.504796,42.16019],[12.51248,42.165064],[12.51261,42.165159],[12.513364,42.165709],[12.513516,42.165898],[12.513849,42.166311],[12.514652,42.167381],[12.515144,42.168185],[12.515296,42.168631],[12.515477,42.172344],[12.518381,42.169607],[12.529557,42.165638]]]}},{"type":"Feature","id":"058069","properties":{"istat":"058069","name":"Nazzano","province":"RM","label":[42.223547,12.595889]},"geometry":{"type":"Polygon","coordinates":[[[12.605299,42.241439],[12.604074,42.235997],[12.604067,42.235439],[12.604552,42.234269],[12.605322,42.233772],[12.60644,42.233341],[12.607359,42.233105],[12.608272,42.233324],[12.610701,42.233832],[12.612638,42.233875],[12.614049,42.23374],[12.614743,42.233628],[12.615053,42.233475],[12.615778,42.232866],[12.62182,42.221996],[12.618156,42.215381],[12.612178,42.213296],[12.610689,42.213595],[12.609362,42.213768],[12.608577,42.213526],[12.608141,42.213392],[12.607089,42.212997],[12.605719,42.212397],[12.605265,42.211871],[12.605172,42.211149],[12.606108,42.210115],[12.609193,42.207326],[12.610419,42.20627],[12.611454,42.205796],[12.613186,42.201968],[12.612538,42.1989],[12.601753,42.196804],[12.600823,42.199676],[12.599458,42.205592],[12.599113,42.207148],[12.599047,42.207446],[12.590428,42.217383],[12.582927,42.21987],[12.565714,42.225098],[12.560426,42.226802],[12.563492,42.229039],[12.564364,42.229633],[12.565146,42.230091],[12.566067,42.230418],[12.567333,42.23059],[12.570249,42.230693],[12.576653,42.237503],[12.576243,42.238736],[12.576234,42.238771],[12.575968,42.239883],[12.575464,42.242035],[12.57534,42.243951],[12.575368,42.244796],[12.575537,42.24516],[12.578578,42.24647],[12.578885,42.245996],[12.579255,42.245548],[12.579762,42.244952],[12.582486,42.242498],[12.583047,42.242089],[12.583673,42.241894],[12.5934,42.242611],[12.599259,42.246558],[12.602984,42.248163],[12.603537,42.247659],[12.604103,42.247036],[12.604156,42.246978],[12.604676,42.246025],[12.605165,42.244659],[12.605653,42.24264],[12.605299,42.241439]]]}},{"type":"Feature","id":"058070","properties":{"istat":"058070","name":"Nemi","province":"RM","label":[41.712276,12.706471]},"geometry":{"type":"Polygon","coordinates":[[[12.720256,41.713723],[12.719737,41.712425],[12.715874,41.706062],[12.711985,41.701569],[12.706813,41.694912],[12.70564,41.691418],[12.702246,41.696325],[12.701709,41.702289],[12.700423,41.705607],[12.693475,41.712128],[12.690375,41.714687],[12.690359,41.71501],[12.690387,41.715317],[12.69047,41.716167],[12.69063,41.716861],[12.690792,41.717565],[12.692268,41.721961],[12.694739,41.725461],[12.696072,41.727219],[12.697722,41.729053],[12.699398,41.730363],[12.700359,41.731093],[12.705793,41.732726],[12.706683,41.732981],[12.707759,41.733201],[12.709206,41.733388],[12.70925,41.73339],[12.719311,41.729237],[12.721815,41.726826],[12.722198,41.726427],[12.722389,41.726229],[12.722423,41.726192],[12.722605,41.725524],[12.722353,41.723475],[12.721466,41.718582],[12.720784,41.715444],[12.720256,41.713723]]]}},{"type":"Feature","id":"058071","properties":{"istat":"058071","name":"Nerola","province":"RM","label":[42.167442,12.759293]},"geometry":{"type":"Polygon","coordinates":[[[12.787945,42.186157],[12.788335,42.18609],[12.789922,42.185367],[12.790715,42.184945],[12.795185,42.180605],[12.79403,42.177969],[12.788332,42.17298],[12.784643,42.172521],[12.780317,42.171422],[12.779112,42.17074],[12.780137,42.167384],[12.78062,42.166751],[12.781011,42.166653],[12.781287,42.166711],[12.79683,42.161812],[12.799123,42.1575],[12.798979,42.156397],[12.798676,42.154673],[12.785568,42.151915],[12.784217,42.151678],[12.783451,42.151544],[12.776649,42.150517],[12.773208,42.15027],[12.76296,42.148651],[12.75364,42.146829],[12.751728,42.146487],[12.750688,42.146462],[12.749749,42.146682],[12.746805,42.1478],[12.744779,42.14861],[12.744071,42.149452],[12.746121,42.151708],[12.746441,42.152567],[12.74639,42.153222],[12.746376,42.153406],[12.746077,42.153546],[12.745194,42.153958],[12.734177,42.157775],[12.733727,42.15784],[12.72809,42.158419],[12.726082,42.15839],[12.719346,42.157209],[12.716336,42.154754],[12.716923,42.156164],[12.718436,42.159652],[12.719842,42.162516],[12.723362,42.165701],[12.724282,42.166044],[12.728494,42.167379],[12.730163,42.1675],[12.737321,42.166709],[12.746197,42.172393],[12.749732,42.176838],[12.750442,42.177666],[12.75238,42.179647],[12.752855,42.18005],[12.752914,42.1801],[12.754168,42.181159],[12.756125,42.182702],[12.756245,42.182797],[12.757121,42.183611],[12.757955,42.183989],[12.767176,42.187958],[12.768189,42.188393],[12.771818,42.18849],[12.773142,42.188406],[12.774465,42.188317],[12.787945,42.186157]]]}},{"type":"Feature","id":"058072","properties":{"istat":"058072","name":"Nettuno","province":"RM","label":[41.475328,12.69578]},"geometry":{"type":"Polygon","coordinates":[[[12.620912,41.538046],[12.620966,41.538023],[12.632399,41.536784],[12.645645,41.536422],[12.654085,41.533122],[12.673708,41.52298],[12.676622,41.52095],[12.679866,41.517028],[12.680285,41.516024],[12.68054,41.515199],[12.680583,41.511839],[12.680602,41.508162],[12.680872,41.507978],[12.681953,41.507823],[12.691731,41.506881],[12.695648,41.506892],[12.702115,41.507263],[12.719219,41.505414],[12.721156,41.505134],[12.721779,41.50484],[12.722225,41.504354],[12.722265,41.504311],[12.722534,41.503804],[12.723073,41.502785],[12.723196,41.502384],[12.720139,41.499516],[12.7267,41.484072],[12.726906,41.483642],[12.727303,41.483265],[12.728248,41.482577],[12.731632,41.481166],[12.734755,41.480096],[12.735437,41.479948],[12.736118,41.4798],[12.738616,41.479966],[12.739389,41.480117],[12.740088,41.480337],[12.741982,41.479618],[12.743584,41.47898],[12.744655,41.478157],[12.745101,41.477742],[12.747582,41.474194],[12.747875,41.473347],[12.747746,41.471884],[12.746499,41.463653],[12.743276,41.458891],[12.74113,41.458605],[12.739587,41.458214],[12.738916,41.457885],[12.738202,41.457071],[12.737948,41.456526],[12.738689,41.447181],[12.740039,41.446543],[12.741732,41.445753],[12.744863,41.444521],[12.746127,41.444281],[12.746634,41.444184],[12.749161,41.444042],[12.749836,41.444003],[12.751916,41.445038],[12.752496,41.445326],[12.754225,41.445715],[12.76374,41.438163],[12.766746,41.435776],[12.767152,41.435454],[12.767338,41.435205],[12.77492,41.42347],[12.773774,41.420594],[12.773219,41.416296],[12.767222,41.412651],[12.763838,41.410433],[12.753065,41.416543],[12.7426,41.422833],[12.73832,41.425713],[12.732266,41.429718],[12.724448,41.434546],[12.722102,41.435977],[12.717207,41.438777],[12.714882,41.440084],[12.71315,41.441038],[12.711349,41.441941],[12.705347,41.444951],[12.70225,41.446479],[12.698307,41.448318],[12.697486,41.448685],[12.695021,41.449695],[12.688727,41.451843],[12.687366,41.452231],[12.685025,41.452818],[12.684375,41.452964],[12.683941,41.453022],[12.682757,41.452877],[12.678345,41.45283],[12.677666,41.452867],[12.668911,41.454747],[12.663978,41.456521],[12.661441,41.45635],[12.65945,41.456085],[12.654939,41.455057],[12.653168,41.455095],[12.652053,41.455092],[12.646676,41.454167],[12.642319,41.453276],[12.640898,41.45289],[12.638529,41.451875],[12.6373,41.451156],[12.637128,41.451333],[12.637107,41.451362],[12.636499,41.452172],[12.636383,41.452329],[12.636244,41.452554],[12.636219,41.4526],[12.63605,41.452943],[12.637196,41.457976],[12.64026,41.467263],[12.64296,41.471999],[12.645386,41.476461],[12.645468,41.476645],[12.645675,41.477109],[12.644589,41.481315],[12.643555,41.494601],[12.640372,41.502748],[12.639774,41.504051],[12.63878,41.505374],[12.634889,41.509077],[12.628625,41.518672],[12.628802,41.519728],[12.628995,41.521033],[12.628841,41.521957],[12.628103,41.523137],[12.626122,41.526066],[12.623488,41.529393],[12.620824,41.532295],[12.620138,41.533816],[12.618487,41.538961],[12.618291,41.540345],[12.618848,41.539539],[12.619607,41.538804],[12.620237,41.538335],[12.620912,41.538046]]]}},{"type":"Feature","id":"058073","properties":{"istat":"058073","name":"Olevano Romano","province":"RM","label":[41.849242,13.031279]},"geometry":{"type":"Polygon","coordinates":[[[13.033763,41.871472],[13.043081,41.865841],[13.047406,41.859907],[13.047681,41.859578],[13.048992,41.859266],[13.053032,41.85956],[13.053407,41.860677],[13.05432,41.860744],[13.055709,41.860631],[13.059329,41.860044],[13.059757,41.859844],[13.060304,41.859298],[13.0622,41.856485],[13.062107,41.855767],[13.06163,41.85406],[13.060812,41.852423],[13.06066,41.851859],[13.060467,41.851139],[13.061652,41.850926],[13.062409,41.851003],[13.065442,41.851485],[13.066844,41.851723],[13.067765,41.851938],[13.068049,41.852051],[13.06836,41.852174],[13.069001,41.852525],[13.069383,41.85274],[13.070008,41.853092],[13.071643,41.854205],[13.069617,41.848843],[13.067793,41.839818],[13.066146,41.83532],[13.06541,41.831375],[13.060567,41.829795],[13.053582,41.829885],[13.047174,41.831934],[13.039798,41.832316],[13.035975,41.83191],[13.035226,41.831752],[13.034473,41.831344],[13.034208,41.831156],[13.034036,41.830966],[13.033995,41.83092],[13.033612,41.829982],[13.033492,41.827713],[13.025654,41.823706],[13.024634,41.824385],[13.02239,41.825591],[13.016515,41.827029],[13.014944,41.82684],[13.014481,41.826784],[13.012513,41.826546],[13.009825,41.825516],[13.011305,41.830223],[13.007365,41.83028],[13.004597,41.828288],[12.994128,41.835375],[12.992669,41.835421],[12.99204,41.835537],[12.991981,41.835575],[12.991536,41.835861],[12.991208,41.836341],[12.991086,41.836742],[12.991046,41.836878],[12.990165,41.840015],[12.990285,41.841933],[12.990826,41.844323],[12.991344,41.845439],[12.991811,41.845545],[12.99382,41.846753],[12.993412,41.847862],[12.992611,41.849641],[12.989841,41.854987],[12.989358,41.855691],[12.986634,41.859343],[12.985652,41.860639],[12.985112,41.860946],[12.986671,41.863107],[12.991601,41.866114],[12.997468,41.867278],[12.999913,41.867679],[13.000784,41.867644],[13.001443,41.86758],[13.005492,41.864859],[13.010338,41.865284],[13.010935,41.865457],[13.012302,41.866814],[13.012387,41.867239],[13.012293,41.867544],[13.014423,41.869544],[13.018221,41.872599],[13.021259,41.8745],[13.024095,41.873973],[13.033763,41.871472]]]}},{"type":"Feature","id":"058074","properties":{"istat":"058074","name":"Palestrina","province":"RM","label":[41.814257,12.868991]},"geometry":{"type":"Polygon","coordinates":[[[12.846554,41.86806],[12.846533,41.867645],[12.846555,41.867591],[12.846888,41.866768],[12.851018,41.865756],[12.85218,41.865569],[12.863677,41.864453],[12.877254,41.860284],[12.88071,41.857975],[12.884756,41.85325],[12.885932,41.850473],[12.886011,41.849899],[12.885824,41.8495],[12.885754,41.849351],[12.885674,41.849181],[12.885311,41.848455],[12.885261,41.848357],[12.885223,41.848277],[12.885206,41.84818],[12.885062,41.847288],[12.885143,41.846887],[12.885262,41.846309],[12.886529,41.844429],[12.88702,41.843809],[12.889988,41.842155],[12.892463,41.840873],[12.89393,41.840303],[12.89405,41.840285],[12.895185,41.840115],[12.907406,41.838367],[12.917084,41.837442],[12.918857,41.836602],[12.917436,41.836241],[12.916647,41.836038],[12.915515,41.835307],[12.915117,41.834569],[12.914576,41.833453],[12.914345,41.832763],[12.908432,41.82762],[12.906123,41.827496],[12.904137,41.823417],[12.903438,41.820884],[12.903376,41.820197],[12.903424,41.819074],[12.903457,41.818425],[12.903733,41.81553],[12.904737,41.807954],[12.905831,41.805336],[12.907158,41.803126],[12.906792,41.802896],[12.905263,41.802173],[12.904488,41.801943],[12.899343,41.801024],[12.898056,41.801018],[12.897338,41.80102],[12.896477,41.801076],[12.894892,41.800959],[12.893501,41.800781],[12.892361,41.800325],[12.889736,41.798514],[12.887898,41.799926],[12.881631,41.806694],[12.876168,41.804479],[12.875657,41.803515],[12.875147,41.802605],[12.874736,41.802263],[12.874002,41.8019],[12.873445,41.801627],[12.86841,41.800434],[12.865884,41.799865],[12.863577,41.799371],[12.862999,41.799395],[12.862443,41.799477],[12.859404,41.800394],[12.857552,41.801393],[12.856231,41.802094],[12.855856,41.802104],[12.849314,41.799049],[12.844523,41.795856],[12.839411,41.796468],[12.836192,41.798057],[12.834837,41.797184],[12.833889,41.796359],[12.833726,41.796217],[12.831695,41.794362],[12.831573,41.794232],[12.831207,41.793838],[12.830813,41.793388],[12.830547,41.793077],[12.830295,41.792694],[12.830139,41.792334],[12.830121,41.791772],[12.830255,41.791371],[12.830432,41.791131],[12.841413,41.777325],[12.843715,41.775424],[12.847014,41.77571],[12.84685,41.770925],[12.846848,41.770249],[12.847104,41.769804],[12.847846,41.769536],[12.850062,41.769813],[12.854813,41.767326],[12.85331,41.760452],[12.848644,41.760428],[12.839428,41.761921],[12.829645,41.76418],[12.816399,41.765981],[12.805595,41.766749],[12.80129,41.76845],[12.800472,41.768459],[12.799658,41.768319],[12.798559,41.768108],[12.797235,41.767805],[12.795817,41.770891],[12.795648,41.771473],[12.79588,41.772217],[12.79648,41.772949],[12.799294,41.775778],[12.800102,41.776098],[12.801166,41.775937],[12.805112,41.776643],[12.808772,41.781533],[12.80941,41.783156],[12.80948,41.783338],[12.809915,41.784753],[12.810012,41.785071],[12.810021,41.785479],[12.810045,41.786565],[12.80947,41.787834],[12.811498,41.794797],[12.81411,41.800801],[12.814702,41.800741],[12.815818,41.800712],[12.81593,41.800709],[12.820481,41.801272],[12.822632,41.80258],[12.82689,41.805296],[12.829351,41.807128],[12.830307,41.80784],[12.830334,41.807868],[12.832428,41.812005],[12.832666,41.812402],[12.832732,41.812508],[12.833128,41.813093],[12.833615,41.813798],[12.834547,41.814716],[12.83498,41.81513],[12.835131,41.815273],[12.837075,41.816897],[12.837558,41.817174],[12.837831,41.817331],[12.83815,41.817513],[12.841056,41.819132],[12.841864,41.819456],[12.843106,41.819783],[12.844781,41.821226],[12.850233,41.826266],[12.851477,41.827646],[12.853482,41.829939],[12.853982,41.831192],[12.853888,41.83147],[12.852062,41.832427],[12.850785,41.833003],[12.84969,41.833497],[12.847349,41.834715],[12.843082,41.837321],[12.842307,41.837828],[12.840689,41.839751],[12.839038,41.841909],[12.838867,41.842186],[12.838682,41.842488],[12.836183,41.847815],[12.837019,41.849302],[12.835602,41.851845],[12.834058,41.853529],[12.832616,41.854478],[12.831426,41.86083],[12.837859,41.860475],[12.843823,41.864671],[12.841908,41.868454],[12.846554,41.86806]]]}},{"type":"Feature","id":"058075","properties":{"istat":"058075","name":"Palombara Sabina","province":"RM","label":[42.075653,12.753224]},"geometry":{"type":"Polygon","coordinates":[[[12.804201,42.107595],[12.823845,42.103632],[12.833686,42.097316],[12.83575,42.095293],[12.832615,42.089342],[12.831032,42.081133],[12.835984,42.078086],[12.836534,42.077564],[12.836439,42.077139],[12.833628,42.074167],[12.832408,42.073064],[12.822579,42.066423],[12.81406,42.063533],[12.804971,42.060387],[12.803231,42.057919],[12.802437,42.057275],[12.801738,42.056712],[12.797642,42.054606],[12.776606,42.044874],[12.769641,42.042194],[12.768947,42.042064],[12.768166,42.041923],[12.76727,42.041971],[12.766217,42.04205],[12.765369,42.04224],[12.764556,42.042897],[12.762539,42.043878],[12.761993,42.044004],[12.750761,42.044538],[12.750329,42.044458],[12.748416,42.043881],[12.747981,42.043531],[12.747686,42.043],[12.741719,42.043974],[12.73863,42.044858],[12.73673,42.045974],[12.733352,42.048231],[12.732882,42.048886],[12.732372,42.049725],[12.732227,42.049965],[12.730926,42.053902],[12.729011,42.055098],[12.724755,42.055647],[12.720868,42.056089],[12.715087,42.057217],[12.714014,42.062204],[12.709363,42.063859],[12.706897,42.064501],[12.695299,42.067023],[12.684452,42.067553],[12.683314,42.06727],[12.681677,42.067426],[12.680322,42.067707],[12.679777,42.06782],[12.678086,42.068739],[12.677046,42.069456],[12.676501,42.070482],[12.676476,42.071118],[12.676541,42.072012],[12.673987,42.073782],[12.666449,42.079264],[12.665275,42.080306],[12.665004,42.080532],[12.664484,42.080968],[12.660325,42.084043],[12.656818,42.086379],[12.653214,42.08768],[12.648596,42.088402],[12.647222,42.088581],[12.64442,42.088836],[12.643626,42.088713],[12.642438,42.088472],[12.640861,42.088648],[12.639833,42.088933],[12.637317,42.089656],[12.636842,42.090041],[12.636531,42.090955],[12.63657,42.091846],[12.636783,42.092627],[12.637165,42.093362],[12.638263,42.095403],[12.63873,42.096046],[12.63809,42.10136],[12.641693,42.105631],[12.645231,42.103821],[12.645903,42.102971],[12.646688,42.102357],[12.647766,42.10166],[12.64916,42.100932],[12.650222,42.100646],[12.659927,42.099485],[12.660503,42.099576],[12.660589,42.09959],[12.660985,42.099974],[12.661389,42.100515],[12.661419,42.101],[12.661124,42.10177],[12.660001,42.102405],[12.657118,42.103821],[12.658024,42.106191],[12.662998,42.106402],[12.667395,42.105394],[12.669044,42.104777],[12.671404,42.103085],[12.680385,42.102078],[12.684751,42.105547],[12.687939,42.107979],[12.688716,42.108571],[12.689472,42.108917],[12.68981,42.109071],[12.691429,42.109479],[12.692561,42.109595],[12.692671,42.109561],[12.692939,42.109476],[12.693405,42.109329],[12.694739,42.108527],[12.698818,42.106134],[12.703332,42.103705],[12.703637,42.10361],[12.706341,42.103126],[12.71847,42.101085],[12.720145,42.100878],[12.727221,42.100513],[12.7277,42.100641],[12.728283,42.100951],[12.728565,42.101127],[12.729663,42.101915],[12.729944,42.102513],[12.73469,42.106748],[12.742249,42.11014],[12.745243,42.111325],[12.757309,42.109048],[12.762836,42.107678],[12.763252,42.107551],[12.764768,42.107088],[12.765245,42.106893],[12.766388,42.106427],[12.770615,42.104527],[12.773753,42.101228],[12.774247,42.100607],[12.774361,42.100465],[12.774741,42.099979],[12.775461,42.098722],[12.77887,42.093905],[12.782403,42.089345],[12.785464,42.088226],[12.78973,42.086892],[12.789985,42.086825],[12.791096,42.086532],[12.792423,42.086326],[12.793501,42.086227],[12.795161,42.086154],[12.795874,42.086445],[12.796394,42.087176],[12.796593,42.087727],[12.79671,42.088534],[12.796718,42.089344],[12.796308,42.090713],[12.796082,42.091301],[12.791191,42.102433],[12.789605,42.105499],[12.789461,42.105714],[12.789094,42.106263],[12.788284,42.106921],[12.78718,42.10774],[12.786377,42.108577],[12.785908,42.109525],[12.785935,42.110136],[12.786163,42.110556],[12.786441,42.110885],[12.786966,42.111453],[12.787368,42.111705],[12.788162,42.111791],[12.788782,42.11173],[12.79536,42.109347],[12.804201,42.107595]]]}},{"type":"Feature","id":"058076","properties":{"istat":"058076","name":"Percile","province":"RM","label":[42.088605,12.925537]},"geometry":{"type":"Polygon","coordinates":[[[12.921121,42.114081],[12.927912,42.110215],[12.928713,42.109742],[12.930193,42.108858],[12.930703,42.108417],[12.931352,42.107846],[12.933487,42.105755],[12.934743,42.104312],[12.944299,42.093759],[12.948614,42.089342],[12.949058,42.088692],[12.950037,42.087583],[12.95038,42.08726],[12.950535,42.087115],[12.95801,42.082126],[12.96401,42.079356],[12.96678,42.077415],[12.969705,42.074756],[12.967641,42.073153],[12.952073,42.064536],[12.944521,42.062205],[12.935798,42.062843],[12.932449,42.063304],[12.926807,42.066929],[12.928025,42.067733],[12.92851,42.068068],[12.928622,42.06832],[12.928484,42.068879],[12.928337,42.069298],[12.927857,42.07031],[12.927575,42.070779],[12.921877,42.077232],[12.921275,42.077896],[12.920755,42.078283],[12.919097,42.079232],[12.917301,42.080013],[12.915779,42.080385],[12.914688,42.080413],[12.90892,42.081951],[12.908233,42.082281],[12.907528,42.082791],[12.90693,42.083293],[12.902015,42.088517],[12.900701,42.090007],[12.900423,42.090349],[12.899949,42.091153],[12.899497,42.093118],[12.89967,42.095154],[12.899716,42.095281],[12.899914,42.095891],[12.900139,42.096748],[12.900199,42.097506],[12.899817,42.09959],[12.89963,42.100479],[12.899333,42.101021],[12.898883,42.101464],[12.899788,42.101897],[12.900745,42.102571],[12.901223,42.103108],[12.902134,42.105558],[12.902149,42.106944],[12.902617,42.108144],[12.903334,42.109146],[12.908244,42.113224],[12.908714,42.113604],[12.909556,42.114134],[12.911115,42.114615],[12.919009,42.11504],[12.921121,42.114081]]]}},{"type":"Feature","id":"058077","properties":{"istat":"058077","name":"Pisoniano","province":"RM","label":[41.909768,12.968462]},"geometry":{"type":"Polygon","coordinates":[[[12.966104,41.925419],[12.967641,41.925285],[12.970774,41.924564],[12.972092,41.924113],[12.97312,41.923618],[12.974131,41.922921],[12.974572,41.92259],[12.974822,41.922402],[12.975395,41.921423],[12.980984,41.916309],[12.987407,41.911448],[12.988954,41.910971],[12.991544,41.911007],[12.992045,41.911188],[12.992459,41.911439],[12.993141,41.911955],[12.993576,41.908505],[12.99134,41.904806],[12.992573,41.902822],[12.98858,41.902506],[12.974244,41.898016],[12.972126,41.893718],[12.959226,41.888491],[12.953869,41.887528],[12.952126,41.889254],[12.947782,41.895058],[12.944792,41.899929],[12.945445,41.901041],[12.945849,41.901995],[12.945494,41.903646],[12.94496,41.906006],[12.944531,41.907349],[12.944118,41.908565],[12.941878,41.912982],[12.939161,41.91796],[12.938179,41.923419],[12.938608,41.926537],[12.945228,41.926391],[12.949672,41.927503],[12.955436,41.930717],[12.966104,41.925419]]]}},{"type":"Feature","id":"058078","properties":{"istat":"058078","name":"Poli","province":"RM","label":[41.887266,12.886919]},"geometry":{"type":"Polygon","coordinates":[[[12.881046,41.905048],[12.893413,41.903296],[12.902435,41.900474],[12.904725,41.899125],[12.912629,41.896376],[12.91539,41.897402],[12.920624,41.898749],[12.920927,41.898743],[12.922158,41.898715],[12.923701,41.898648],[12.928275,41.89742],[12.929769,41.89623],[12.929621,41.892687],[12.929522,41.890461],[12.929509,41.890166],[12.924563,41.882495],[12.918057,41.874628],[12.913807,41.872431],[12.910117,41.87128],[12.899293,41.868065],[12.895915,41.869296],[12.893321,41.872684],[12.892409,41.873701],[12.890469,41.874051],[12.887575,41.874117],[12.881005,41.873111],[12.87946,41.872839],[12.87938,41.871043],[12.879501,41.870959],[12.880913,41.870804],[12.881341,41.869608],[12.880316,41.868763],[12.874612,41.867483],[12.870299,41.867583],[12.856232,41.870223],[12.856163,41.870236],[12.854727,41.870535],[12.854595,41.871391],[12.855009,41.871602],[12.855244,41.871845],[12.855265,41.871866],[12.855343,41.87195],[12.855435,41.872083],[12.85555,41.872256],[12.855741,41.872656],[12.855794,41.872783],[12.855837,41.872955],[12.855866,41.873095],[12.855875,41.873135],[12.855867,41.873204],[12.855843,41.873311],[12.855806,41.873395],[12.855732,41.873471],[12.855701,41.873503],[12.85267,41.875194],[12.849775,41.87665],[12.847936,41.877514],[12.847489,41.884367],[12.844203,41.891754],[12.84336,41.893469],[12.849622,41.897729],[12.852047,41.899052],[12.852591,41.899247],[12.853191,41.899459],[12.856089,41.900425],[12.863774,41.904565],[12.86613,41.905881],[12.872808,41.905867],[12.881046,41.905048]]]}},{"type":"Feature","id":"058079","properties":{"istat":"058079","name":"Pomezia","province":"RM","label":[41.654165,12.482609]},"geometry":{"type":"Polygon","coordinates":[[[12.579807,41.706821],[12.592018,41.694287],[12.592059,41.694256],[12.592972,41.693599],[12.593015,41.69357],[12.59306,41.693542],[12.594958,41.692383],[12.595289,41.692185],[12.5927,41.687053],[12.582395,41.67606],[12.580188,41.672131],[12.579658,41.671542],[12.579542,41.671413],[12.574679,41.666891],[12.571728,41.664241],[12.571064,41.66368],[12.56787,41.662388],[12.567432,41.662244],[12.566221,41.66217],[12.565673,41.662183],[12.564598,41.662211],[12.563319,41.662048],[12.562733,41.661972],[12.560683,41.661531],[12.559036,41.661052],[12.558712,41.660957],[12.557501,41.660274],[12.55224,41.657165],[12.541641,41.650688],[12.535615,41.65082],[12.524965,41.634316],[12.516257,41.621008],[12.515272,41.62039],[12.514543,41.619998],[12.505285,41.616373],[12.504575,41.616143],[12.500778,41.615628],[12.500461,41.615611],[12.49922,41.615549],[12.497772,41.615733],[12.496991,41.616059],[12.495707,41.616381],[12.494658,41.616224],[12.493392,41.615745],[12.492393,41.615204],[12.489507,41.610026],[12.487381,41.600241],[12.487181,41.597077],[12.487626,41.595789],[12.486424,41.59769],[12.484512,41.59954],[12.473276,41.609641],[12.466792,41.615387],[12.458028,41.62299],[12.453577,41.626742],[12.450547,41.629277],[12.439565,41.638399],[12.427365,41.647491],[12.419921,41.652822],[12.415852,41.655509],[12.434561,41.669178],[12.443442,41.675649],[12.451313,41.681367],[12.453598,41.682507],[12.459433,41.684897],[12.466706,41.687539],[12.467885,41.687804],[12.468349,41.687903],[12.469189,41.688035],[12.470266,41.688203],[12.472365,41.688519],[12.480085,41.689675],[12.494323,41.692343],[12.498146,41.691901],[12.507442,41.68736],[12.508737,41.686737],[12.509601,41.686599],[12.513112,41.687626],[12.514724,41.688346],[12.515265,41.688739],[12.517832,41.690632],[12.517925,41.690702],[12.518098,41.690832],[12.520212,41.692561],[12.531624,41.697414],[12.536148,41.699172],[12.541864,41.70296],[12.542869,41.703639],[12.543746,41.704518],[12.545076,41.705886],[12.554472,41.711646],[12.570393,41.71283],[12.575584,41.712715],[12.579807,41.706821]]]}},{"type":"Feature","id":"058080","properties":{"istat":"058080","name":"Ponzano Romano","province":"RM","label":[42.259298,12.562329]},"geometry":{"type":"MultiPolygon","coordinates":[[[[12.559453,42.275016],[12.558521,42.273365],[12.562501,42.271414],[12.573752,42.272382],[12.574788,42.272575],[12.575646,42.273278],[12.576225,42.274633],[12.576042,42.275935],[12.575074,42.278707],[12.574445,42.279924],[12.573813,42.281254],[12.573689,42.282262],[12.573613,42.283278],[12.573769,42.283957],[12.573971,42.284222],[12.574185,42.284502],[12.574717,42.284877],[12.575351,42.285087],[12.577092,42.285528],[12.577333,42.285516],[12.578113,42.285478],[12.581024,42.284847],[12.583888,42.283909],[12.584521,42.283148],[12.584872,42.281246],[12.584556,42.280644],[12.583925,42.28002],[12.582814,42.279267],[12.580901,42.277593],[12.5799,42.276512],[12.578888,42.275085],[12.577235,42.272629],[12.576345,42.270545],[12.576201,42.268015],[12.577035,42.266148],[12.577217,42.265827],[12.577619,42.265143],[12.578738,42.264096],[12.579886,42.263875],[12.580048,42.263887],[12.581652,42.264004],[12.585558,42.261059],[12.58542,42.253581],[12.584891,42.252711],[12.581113,42.248601],[12.580564,42.248078],[12.578578,42.24647],[12.575537,42.24516],[12.575368,42.244796],[12.57534,42.243951],[12.575464,42.242035],[12.575968,42.239883],[12.576234,42.238771],[12.576243,42.238736],[12.576653,42.237503],[12.570249,42.230693],[12.567333,42.23059],[12.566067,42.230418],[12.565146,42.230091],[12.564364,42.229633],[12.563492,42.229039],[12.560426,42.226802],[12.5592,42.22748],[12.552646,42.231564],[12.551403,42.23267],[12.551415,42.233309],[12.551622,42.234189],[12.55202,42.235181],[12.552317,42.241938],[12.546464,42.249422],[12.538993,42.256096],[12.538683,42.256579],[12.53884,42.257537],[12.539488,42.261439],[12.539793,42.261997],[12.540398,42.262667],[12.541357,42.263569],[12.54282,42.266149],[12.54407,42.272382],[12.544005,42.272802],[12.543753,42.273004],[12.54258,42.273603],[12.537849,42.274685],[12.533745,42.276266],[12.540933,42.281024],[12.547605,42.287512],[12.550446,42.29307],[12.557274,42.289639],[12.557631,42.288881],[12.558162,42.286766],[12.559552,42.277772],[12.559633,42.276613],[12.559453,42.275016]]],[[[12.530838,42.284244],[12.528319,42.278257],[12.527207,42.27663],[12.515452,42.272413],[12.512518,42.271809],[12.507456,42.272563],[12.506941,42.273002],[12.506497,42.273524],[12.50601,42.274152],[12.505368,42.275162],[12.504922,42.277733],[12.509205,42.280996],[12.511909,42.28298],[12.51571,42.287636],[12.519594,42.294762],[12.520225,42.294228],[12.520539,42.293976],[12.52075,42.293807],[12.521053,42.293568],[12.521424,42.293318],[12.522369,42.292888],[12.523734,42.292333],[12.52428,42.292136],[12.525174,42.292],[12.525568,42.29196],[12.525736,42.291942],[12.526026,42.291915],[12.528134,42.291922],[12.528465,42.291924],[12.532171,42.292973],[12.532542,42.293214],[12.533153,42.293875],[12.533479,42.29423],[12.53388,42.294753],[12.535461,42.296014],[12.535343,42.294672],[12.530838,42.284244]]]]}},{"type":"Feature","id":"058081","properties":{"istat":"058081","name":"Riano","province":"RM","label":[42.081541,12.522784]},"geometry":{"type":"Polygon","coordinates":[[[12.536888,42.100701],[12.546629,42.09647],[12.553178,42.092143],[12.576612,42.077222],[12.577575,42.076387],[12.579972,42.075348],[12.585915,42.073204],[12.583852,42.066713],[12.583352,42.065918],[12.582547,42.065453],[12.580886,42.06491],[12.579385,42.064664],[12.577096,42.064659],[12.573461,42.065052],[12.566328,42.065508],[12.566022,42.065552],[12.565669,42.065606],[12.565103,42.065783],[12.564464,42.066057],[12.563814,42.066448],[12.563766,42.066478],[12.563722,42.06651],[12.563406,42.066787],[12.563366,42.066822],[12.563326,42.066858],[12.562993,42.067152],[12.562954,42.067188],[12.562918,42.067224],[12.562629,42.067574],[12.562468,42.067811],[12.562251,42.06816],[12.562118,42.068683],[12.562077,42.069046],[12.562073,42.069944],[12.562071,42.070388],[12.562073,42.070419],[12.562078,42.070541],[12.562119,42.070957],[12.562453,42.072251],[12.56265,42.072847],[12.562743,42.073127],[12.563404,42.07496],[12.555847,42.076294],[12.546238,42.076426],[12.535556,42.071334],[12.528927,42.069294],[12.515799,42.069061],[12.512284,42.069518],[12.508441,42.069616],[12.506997,42.069475],[12.505025,42.069195],[12.503322,42.068716],[12.497189,42.066347],[12.496165,42.063287],[12.493946,42.060427],[12.492455,42.065636],[12.483328,42.075749],[12.483281,42.075789],[12.483214,42.075816],[12.483113,42.075839],[12.482999,42.075863],[12.482865,42.075875],[12.482625,42.075896],[12.48217,42.075924],[12.481943,42.075935],[12.481331,42.075961],[12.481174,42.075967],[12.480776,42.07598],[12.476304,42.074748],[12.47538,42.085859],[12.478924,42.088617],[12.484825,42.094399],[12.492422,42.101697],[12.495384,42.102949],[12.497655,42.103697],[12.509433,42.106421],[12.515613,42.107182],[12.526208,42.105137],[12.536888,42.100701]]]}},{"type":"Feature","id":"058082","properties":{"istat":"058082","name":"Rignano Flaminio","province":"RM","label":[42.199114,12.47456]},"geometry":{"type":"Polygon","coordinates":[[[12.488318,42.236972],[12.492076,42.232008],[12.492297,42.229126],[12.492139,42.228274],[12.491679,42.227432],[12.491139,42.226624],[12.494773,42.22112],[12.499579,42.219078],[12.504395,42.216446],[12.50803,42.210283],[12.509629,42.205753],[12.512178,42.200287],[12.524712,42.192879],[12.531838,42.188072],[12.535786,42.185879],[12.538246,42.185217],[12.538533,42.184668],[12.538437,42.184255],[12.538419,42.184177],[12.538093,42.183835],[12.537771,42.183514],[12.53765,42.183394],[12.536961,42.183047],[12.536073,42.182858],[12.535292,42.182715],[12.53416,42.182539],[12.532831,42.182472],[12.529233,42.180953],[12.528173,42.178959],[12.526973,42.178987],[12.526263,42.178883],[12.521791,42.178066],[12.51936,42.177375],[12.518431,42.176985],[12.51795,42.176604],[12.516276,42.173904],[12.515889,42.173263],[12.515759,42.172975],[12.515477,42.172344],[12.515296,42.168631],[12.515144,42.168185],[12.514652,42.167381],[12.513849,42.166311],[12.513516,42.165898],[12.513364,42.165709],[12.51261,42.165159],[12.51248,42.165064],[12.504796,42.16019],[12.493473,42.162553],[12.486976,42.159781],[12.483197,42.157195],[12.478734,42.156161],[12.475373,42.155834],[12.474929,42.15594],[12.474319,42.157044],[12.474215,42.157304],[12.470011,42.159462],[12.46635,42.160684],[12.462551,42.166243],[12.45823,42.170578],[12.453301,42.177742],[12.452423,42.17912],[12.450923,42.181578],[12.450692,42.182017],[12.445768,42.187473],[12.441998,42.185416],[12.439145,42.184183],[12.436639,42.18329],[12.435604,42.182988],[12.433881,42.183152],[12.429427,42.183897],[12.431081,42.185145],[12.434082,42.189328],[12.434336,42.189991],[12.434565,42.190646],[12.434924,42.193021],[12.434764,42.193413],[12.434626,42.196033],[12.434669,42.197941],[12.435251,42.200301],[12.44133,42.202136],[12.452403,42.203896],[12.452983,42.203522],[12.453345,42.20329],[12.453476,42.203206],[12.454992,42.202287],[12.456925,42.2024],[12.457767,42.202546],[12.460119,42.204563],[12.46214,42.207362],[12.463941,42.211994],[12.468388,42.223196],[12.468033,42.225699],[12.469379,42.231446],[12.469521,42.231701],[12.469685,42.231995],[12.469961,42.232209],[12.470284,42.232459],[12.471076,42.232628],[12.471176,42.232636],[12.471825,42.232682],[12.472527,42.232679],[12.473694,42.232644],[12.475594,42.232703],[12.476601,42.232938],[12.478868,42.23354],[12.479081,42.233605],[12.479682,42.233791],[12.47972,42.233806],[12.479801,42.23384],[12.480385,42.234084],[12.480432,42.234402],[12.48002,42.237751],[12.479577,42.239146],[12.483768,42.241365],[12.488318,42.236972]]]}},{"type":"Feature","id":"058083","properties":{"istat":"058083","name":"Riofreddo","province":"RM","label":[42.062048,12.999781]},"geometry":{"type":"Polygon","coordinates":[[[13.018965,42.073976],[13.021746,42.067173],[13.026022,42.063117],[13.027496,42.056154],[13.026622,42.050028],[13.020485,42.050755],[13.015018,42.052477],[13.013845,42.052751],[13.011305,42.052972],[13.009865,42.052591],[13.008439,42.052212],[13.007476,42.049821],[13.005637,42.045256],[13.003224,42.044331],[12.999916,42.045028],[12.995874,42.044471],[12.994986,42.044295],[12.992401,42.044268],[12.988335,42.044873],[12.986793,42.045185],[12.986535,42.045237],[12.983917,42.046639],[12.983555,42.04708],[12.983138,42.047589],[12.980392,42.05382],[12.975812,42.060269],[12.973868,42.06098],[12.972219,42.064157],[12.972011,42.068624],[12.972171,42.070615],[12.972295,42.071255],[12.973164,42.073187],[12.975975,42.073456],[12.982792,42.074159],[12.987308,42.075069],[12.996726,42.076168],[13.009574,42.076601],[13.015337,42.075981],[13.016868,42.076494],[13.018036,42.077025],[13.018408,42.07753],[13.019336,42.079124],[13.018965,42.073976]]]}},{"type":"Feature","id":"058084","properties":{"istat":"058084","name":"Rocca Canterano","province":"RM","label":[41.962332,13.016205]},"geometry":{"type":"Polygon","coordinates":[[[12.996281,41.983057],[13.000185,41.979035],[13.000247,41.978218],[13.000388,41.978109],[13.000655,41.977902],[13.001665,41.977273],[13.002958,41.976818],[13.006879,41.976865],[13.009925,41.977128],[13.017962,41.979426],[13.029758,41.969409],[13.032764,41.967597],[13.036103,41.966156],[13.048485,41.958615],[13.051049,41.956831],[13.047286,41.955227],[13.045392,41.954411],[13.042107,41.95296],[13.038836,41.951378],[13.038578,41.951249],[13.038302,41.951109],[13.038165,41.951005],[13.037511,41.950508],[13.037441,41.950455],[13.035985,41.949169],[13.034894,41.948158],[13.024135,41.939888],[13.02086,41.937374],[13.02021,41.936901],[13.018426,41.936117],[13.017676,41.936958],[13.008492,41.944065],[13.006504,41.944391],[13.005988,41.944283],[13.002974,41.945392],[13.003133,41.947268],[13.002867,41.94766],[13.00115,41.949746],[12.999848,41.951246],[12.999016,41.952009],[12.998371,41.952563],[12.998002,41.95281],[12.99714,41.953344],[12.992822,41.957916],[12.98768,41.96605],[12.982222,41.974933],[12.979207,41.979076],[12.978501,41.98001],[12.978382,41.979952],[12.976317,41.978905],[12.976922,41.981657],[12.978456,41.982229],[12.984802,41.984595],[12.986183,41.983287],[12.98671,41.983016],[12.987747,41.982701],[12.988667,41.982583],[12.989676,41.982746],[12.990522,41.9831],[12.992489,41.984269],[12.993028,41.985483],[12.996281,41.983057]]]}},{"type":"Feature","id":"058088","properties":{"istat":"058088","name":"Rocca Priora","province":"RM","label":[41.784046,12.774151]},"geometry":{"type":"MultiPolygon","coordinates":[[[[12.829512,41.757737],[12.837984,41.757282],[12.839571,41.756946],[12.840917,41.756599],[12.840824,41.756138],[12.84063,41.755821],[12.840481,41.755646],[12.839382,41.755057],[12.83472,41.752394],[12.831427,41.751225],[12.825732,41.750371],[12.824331,41.750215],[12.823083,41.750131],[12.820968,41.750079],[12.813464,41.750045],[12.81196,41.750046],[12.805449,41.750577],[12.800452,41.751076],[12.794935,41.755612],[12.79542,41.755772],[12.796437,41.756024],[12.79672,41.756094],[12.798539,41.756398],[12.811786,41.7573],[12.813323,41.757402],[12.829512,41.757737]]],[[[12.811498,41.794797],[12.80947,41.787834],[12.810045,41.786565],[12.810021,41.785479],[12.810012,41.785071],[12.809915,41.784753],[12.80948,41.783338],[12.80941,41.783156],[12.808772,41.781533],[12.805112,41.776643],[12.801166,41.775937],[12.800102,41.776098],[12.799294,41.775778],[12.79648,41.772949],[12.79588,41.772217],[12.795648,41.771473],[12.795817,41.770891],[12.797235,41.767805],[12.795581,41.764402],[12.795379,41.763986],[12.793455,41.762644],[12.789993,41.760228],[12.789063,41.759579],[12.788578,41.759244],[12.774812,41.755732],[12.773179,41.75583],[12.767046,41.756811],[12.763765,41.75745],[12.760764,41.75866],[12.759556,41.75915],[12.758403,41.759686],[12.758336,41.759719],[12.757435,41.760295],[12.751145,41.765792],[12.749841,41.766964],[12.749097,41.767666],[12.748921,41.767832],[12.743625,41.773228],[12.739267,41.778363],[12.738656,41.782696],[12.738468,41.787655],[12.744163,41.795429],[12.746112,41.797504],[12.748928,41.798569],[12.750669,41.798684],[12.75517,41.804542],[12.755571,41.805794],[12.757147,41.807895],[12.759835,41.807807],[12.767481,41.806701],[12.785853,41.803968],[12.796721,41.802468],[12.801516,41.808643],[12.801421,41.808984],[12.801379,41.809139],[12.801362,41.809609],[12.801355,41.809824],[12.801898,41.810509],[12.802836,41.810878],[12.803869,41.810943],[12.804627,41.810585],[12.804726,41.810536],[12.805332,41.810182],[12.80604,41.809768],[12.807416,41.808948],[12.807813,41.808588],[12.808795,41.807695],[12.8104,41.806152],[12.811636,41.804859],[12.81411,41.800801],[12.811498,41.794797]]]]}},{"type":"Feature","id":"058089","properties":{"istat":"058089","name":"Rocca Santo Stefano","province":"RM","label":[41.914522,13.031231]},"geometry":{"type":"Polygon","coordinates":[[[13.028247,41.923108],[13.029448,41.922859],[13.040373,41.922497],[13.048784,41.924298],[13.052796,41.926403],[13.059087,41.913826],[13.058889,41.911591],[13.055129,41.90317],[13.054712,41.902649],[13.054105,41.902414],[13.051179,41.901491],[13.045005,41.901916],[13.04171,41.901968],[13.038567,41.901931],[13.034516,41.901565],[13.030987,41.901046],[13.027309,41.901864],[13.020877,41.904053],[13.020627,41.904151],[13.017923,41.905214],[13.008943,41.911759],[13.002408,41.915218],[13.001403,41.916142],[13.000991,41.916584],[13.000877,41.916731],[13.000727,41.916922],[13.000649,41.917119],[13.00069,41.917365],[13.001372,41.917917],[13.004797,41.919828],[13.014815,41.925749],[13.016711,41.92761],[13.018182,41.928418],[13.020897,41.929151],[13.022252,41.927861],[13.026136,41.92429],[13.027077,41.923523],[13.028247,41.923108]]]}},{"type":"Feature","id":"058085","properties":{"istat":"058085","name":"Rocca di Cave","province":"RM","label":[41.842787,12.943344]},"geometry":{"type":"Polygon","coordinates":[[[12.940496,41.85993],[12.940893,41.859709],[12.9489,41.856331],[12.953142,41.854763],[12.955341,41.854583],[12.95686,41.8549],[12.957808,41.855394],[12.959157,41.855771],[12.96332,41.856329],[12.964345,41.855537],[12.964618,41.855132],[12.965635,41.854003],[12.966127,41.853297],[12.96641,41.852729],[12.966599,41.852083],[12.964685,41.837602],[12.964465,41.836165],[12.963746,41.834024],[12.96355,41.833549],[12.961053,41.829097],[12.960266,41.828489],[12.959844,41.828195],[12.959172,41.827727],[12.958287,41.827085],[12.956321,41.826041],[12.952114,41.825254],[12.950923,41.825048],[12.9486,41.824655],[12.947575,41.824545],[12.945107,41.824303],[12.938889,41.825561],[12.936271,41.826105],[12.935503,41.82642],[12.926356,41.832631],[12.926479,41.833044],[12.926551,41.833291],[12.926914,41.835476],[12.926472,41.835756],[12.925592,41.836129],[12.924593,41.836496],[12.923251,41.836637],[12.918857,41.836602],[12.921904,41.839951],[12.921609,41.841245],[12.921363,41.842536],[12.921274,41.843039],[12.922211,41.845334],[12.925419,41.850434],[12.926376,41.851752],[12.927204,41.852583],[12.929843,41.854803],[12.937601,41.861182],[12.940171,41.861075],[12.940496,41.85993]]]}},{"type":"Feature","id":"058086","properties":{"istat":"058086","name":"Rocca di Papa","province":"RM","label":[41.753898,12.740424]},"geometry":{"type":"Polygon","coordinates":[[[12.72904,41.781991],[12.739267,41.778363],[12.743625,41.773228],[12.748921,41.767832],[12.749097,41.767666],[12.749841,41.766964],[12.751145,41.765792],[12.757435,41.760295],[12.758336,41.759719],[12.758403,41.759686],[12.759556,41.75915],[12.760764,41.75866],[12.763765,41.75745],[12.767046,41.756811],[12.773179,41.75583],[12.774812,41.755732],[12.788578,41.759244],[12.789063,41.759579],[12.789993,41.760228],[12.793455,41.762644],[12.795379,41.763986],[12.795581,41.764402],[12.794935,41.755612],[12.800452,41.751076],[12.798717,41.746262],[12.797547,41.744554],[12.795986,41.742759],[12.79382,41.740674],[12.793008,41.740161],[12.791932,41.739611],[12.790593,41.739034],[12.788312,41.738272],[12.784136,41.734164],[12.782552,41.73093],[12.77723,41.725612],[12.774075,41.724343],[12.77148,41.723723],[12.761307,41.726779],[12.758211,41.727789],[12.757915,41.727885],[12.751967,41.72984],[12.73118,41.729482],[12.719311,41.729237],[12.70925,41.73339],[12.708718,41.733845],[12.70756,41.734695],[12.703855,41.736387],[12.7035,41.736546],[12.700371,41.737945],[12.699439,41.738358],[12.699357,41.738395],[12.696302,41.739709],[12.693848,41.739521],[12.69331,41.739039],[12.693168,41.738869],[12.693113,41.738863],[12.693009,41.738853],[12.692178,41.738902],[12.691281,41.739404],[12.68885,41.744183],[12.68838,41.746192],[12.688693,41.748578],[12.687626,41.750692],[12.686068,41.75235],[12.68159,41.755447],[12.686635,41.757622],[12.688269,41.762977],[12.683522,41.76896],[12.684022,41.772419],[12.687747,41.776919],[12.689849,41.779715],[12.696152,41.782083],[12.699542,41.782325],[12.701362,41.782109],[12.70496,41.781768],[12.708785,41.781455],[12.712016,41.781283],[12.712486,41.781259],[12.714251,41.781346],[12.720871,41.781991],[12.72904,41.781991]]]}},{"type":"Feature","id":"058087","properties":{"istat":"058087","name":"Roccagiovine","province":"RM","label":[42.049197,12.881155]},"geometry":{"type":"Polygon","coordinates":[[[12.90341,42.058021],[12.907427,42.055665],[12.9081,42.05281],[12.9068,42.048627],[12.906484,42.047575],[12.905764,42.044484],[12.905684,42.042141],[12.905078,42.037484],[12.903232,42.039582],[12.886191,42.041584],[12.87703,42.042758],[12.867659,42.042251],[12.858865,42.041143],[12.851401,42.038931],[12.848216,42.041663],[12.849418,42.042901],[12.855868,42.049766],[12.859678,42.053969],[12.860313,42.055911],[12.860663,42.056637],[12.86124,42.05746],[12.862028,42.05814],[12.863002,42.058634],[12.86429,42.059126],[12.86565,42.059556],[12.866415,42.059749],[12.866745,42.059832],[12.866857,42.059857],[12.868016,42.060126],[12.869471,42.060361],[12.873568,42.060695],[12.874123,42.058952],[12.874275,42.05869],[12.874752,42.05853],[12.87622,42.058323],[12.879355,42.058568],[12.880812,42.05873],[12.90341,42.058021]]]}},{"type":"Feature","id":"058090","properties":{"istat":"058090","name":"Roiate","province":"RM","label":[41.870955,13.066396]},"geometry":{"type":"Polygon","coordinates":[[[13.067849,41.884783],[13.070338,41.884168],[13.073009,41.883114],[13.077348,41.880775],[13.078297,41.879458],[13.083601,41.873485],[13.08956,41.868424],[13.093489,41.865911],[13.101463,41.860453],[13.099861,41.860722],[13.097899,41.86104],[13.096379,41.860703],[13.093303,41.859264],[13.091417,41.858242],[13.0799,41.85542],[13.071643,41.854205],[13.070008,41.853092],[13.069383,41.85274],[13.069001,41.852525],[13.06836,41.852174],[13.068049,41.852051],[13.067765,41.851938],[13.066844,41.851723],[13.065442,41.851485],[13.062409,41.851003],[13.061652,41.850926],[13.060467,41.851139],[13.06066,41.851859],[13.060812,41.852423],[13.06163,41.85406],[13.062107,41.855767],[13.0622,41.856485],[13.060304,41.859298],[13.059757,41.859844],[13.059329,41.860044],[13.055709,41.860631],[13.05432,41.860744],[13.053407,41.860677],[13.052676,41.860545],[13.052397,41.860595],[13.050143,41.861591],[13.049342,41.861992],[13.048491,41.862674],[13.046557,41.866051],[13.046435,41.866507],[13.046495,41.866884],[13.045726,41.877917],[13.045587,41.878908],[13.045615,41.879555],[13.045851,41.880118],[13.049469,41.883072],[13.052751,41.885457],[13.055654,41.88748],[13.057858,41.887114],[13.067849,41.884783]]]}},{"type":"Feature","id":"058091","properties":{"istat":"058091","name":"Roma","province":"RM","label":[41.879508,12.472281]},"geometry":{"type":"MultiPolygon","coordinates":[[[[12.348088,42.102597],[12.358183,42.0993],[12.367585,42.097504],[12.368379,42.097758],[12.369325,42.098367],[12.377694,42.100405],[12.381123,42.098606],[12.385646,42.096764],[12.389768,42.095169],[12.391549,42.09516],[12.392386,42.091773],[12.389327,42.086064],[12.384033,42.08225],[12.380942,42.080982],[12.378847,42.080609],[12.376537,42.0804],[12.374479,42.080239],[12.374429,42.080228],[12.373391,42.079996],[12.373339,42.079624],[12.373234,42.078868],[12.373013,42.077026],[12.372895,42.075987],[12.372813,42.075256],[12.372788,42.075025],[12.372756,42.074723],[12.372741,42.074569],[12.372706,42.074212],[12.372699,42.074074],[12.372698,42.073455],[12.372719,42.057035],[12.372723,42.056803],[12.372726,42.056655],[12.37273,42.05658],[12.372748,42.056386],[12.372769,42.056253],[12.372797,42.056122],[12.373027,42.055212],[12.373082,42.055184],[12.373141,42.055156],[12.373194,42.055132],[12.373244,42.055109],[12.373502,42.055002],[12.375201,42.054536],[12.37654,42.054366],[12.377434,42.054373],[12.377826,42.054398],[12.378199,42.054422],[12.378258,42.054426],[12.378477,42.054441],[12.382226,42.054784],[12.382951,42.054435],[12.386727,42.050071],[12.387327,42.04911],[12.389207,42.045611],[12.39047,42.042946],[12.393011,42.039971],[12.414189,42.031621],[12.423818,42.026917],[12.423904,42.026817],[12.42395,42.02678],[12.42411,42.026665],[12.424769,42.026219],[12.425358,42.025844],[12.425436,42.025794],[12.425487,42.025764],[12.425538,42.025735],[12.425626,42.025687],[12.425677,42.025661],[12.425901,42.025571],[12.426083,42.025512],[12.426343,42.025432],[12.428646,42.024915],[12.428845,42.024909],[12.429197,42.027973],[12.428787,42.029913],[12.428058,42.030974],[12.424284,42.03646],[12.420048,42.037996],[12.41714,42.039713],[12.413412,42.042646],[12.413362,42.042686],[12.413312,42.042733],[12.413113,42.043019],[12.413034,42.043143],[12.412997,42.043255],[12.412955,42.043387],[12.41294,42.043438],[12.412913,42.043542],[12.412904,42.043579],[12.412893,42.043624],[12.412034,42.04795],[12.404718,42.059075],[12.419421,42.05371],[12.428322,42.049573],[12.435895,42.045382],[12.446201,42.045222],[12.450147,42.04325],[12.450949,42.041956],[12.453892,42.045117],[12.456078,42.050428],[12.456257,42.050928],[12.456426,42.051757],[12.456471,42.051988],[12.456449,42.052399],[12.45644,42.052472],[12.456371,42.052967],[12.455727,42.055467],[12.455091,42.05702],[12.454011,42.058105],[12.454888,42.059579],[12.461798,42.061206],[12.463522,42.061345],[12.466804,42.061502],[12.467592,42.061538],[12.470202,42.061614],[12.470934,42.061629],[12.471034,42.061629],[12.471351,42.061627],[12.472658,42.061609],[12.4741,42.061587],[12.474567,42.061578],[12.474625,42.061567],[12.475553,42.061333],[12.475965,42.061202],[12.476389,42.061006],[12.478227,42.060951],[12.479741,42.061043],[12.480178,42.061077],[12.480259,42.061086],[12.481577,42.06188],[12.482401,42.062551],[12.482713,42.063406],[12.482659,42.063925],[12.482063,42.065713],[12.481785,42.066232],[12.481151,42.067349],[12.479319,42.069586],[12.477231,42.070297],[12.477089,42.070291],[12.476783,42.0703],[12.476748,42.070308],[12.47666,42.07037],[12.476574,42.070439],[12.476459,42.070607],[12.476383,42.070732],[12.476021,42.071387],[12.475333,42.072834],[12.47501,42.073789],[12.475041,42.074186],[12.475191,42.074546],[12.475229,42.074607],[12.476304,42.074748],[12.480776,42.07598],[12.481174,42.075967],[12.481331,42.075961],[12.481943,42.075935],[12.48217,42.075924],[12.482625,42.075896],[12.482865,42.075875],[12.482999,42.075863],[12.483113,42.075839],[12.483214,42.075816],[12.483281,42.075789],[12.483328,42.075749],[12.492455,42.065636],[12.493946,42.060427],[12.496165,42.063287],[12.497189,42.066347],[12.503322,42.068716],[12.505025,42.069195],[12.506997,42.069475],[12.508441,42.069616],[12.512284,42.069518],[12.515799,42.069061],[12.528927,42.069294],[12.535556,42.071334],[12.546238,42.076426],[12.555847,42.076294],[12.563404,42.07496],[12.562743,42.073127],[12.56265,42.072847],[12.562453,42.072251],[12.562119,42.070957],[12.562078,42.070541],[12.562073,42.070419],[12.562071,42.070388],[12.562073,42.069944],[12.562077,42.069046],[12.562118,42.068683],[12.562251,42.06816],[12.562468,42.067811],[12.562629,42.067574],[12.562918,42.067224],[12.562954,42.067188],[12.562993,42.067152],[12.563326,42.066858],[12.563366,42.066822],[12.563406,42.066787],[12.563722,42.06651],[12.563766,42.066478],[12.563814,42.066448],[12.564464,42.066057],[12.565103,42.065783],[12.565669,42.065606],[12.566022,42.065552],[12.566328,42.065508],[12.565278,42.063553],[12.570406,42.058533],[12.570459,42.058508],[12.571353,42.058116],[12.580027,42.051756],[12.581013,42.049269],[12.581434,42.048451],[12.581936,42.04753],[12.58297,42.046359],[12.588035,42.042484],[12.591722,42.040698],[12.606861,42.03169],[12.608176,42.030963],[12.611229,42.029978],[12.61155,42.029877],[12.611904,42.029769],[12.612307,42.029699],[12.614817,42.029465],[12.612915,42.024404],[12.606115,42.020824],[12.602512,42.018727],[12.606757,42.014662],[12.607411,42.011963],[12.603633,42.006947],[12.598267,42.00245],[12.597243,42.000563],[12.601695,41.996461],[12.601748,41.996419],[12.6018,41.996383],[12.601851,41.996357],[12.601961,41.996307],[12.602839,41.995955],[12.605753,41.994911],[12.607136,41.994642],[12.609018,41.994492],[12.609821,41.994429],[12.610234,41.99431],[12.610299,41.99429],[12.610342,41.994273],[12.610375,41.994259],[12.616635,41.991172],[12.616683,41.991148],[12.616733,41.991123],[12.617781,41.990604],[12.617831,41.990579],[12.617881,41.990554],[12.61804,41.990472],[12.618088,41.990448],[12.618132,41.990424],[12.618179,41.990397],[12.618249,41.990357],[12.618306,41.990322],[12.618403,41.990247],[12.618515,41.990059],[12.618526,41.989993],[12.618522,41.989862],[12.618292,41.987764],[12.618263,41.987569],[12.618245,41.987487],[12.61823,41.987416],[12.618127,41.987069],[12.617481,41.985406],[12.613187,41.972321],[12.619797,41.963417],[12.619821,41.963178],[12.619861,41.962972],[12.619943,41.962806],[12.619971,41.962768],[12.62,41.96273],[12.620032,41.96269],[12.620063,41.962651],[12.620229,41.962448],[12.620263,41.962412],[12.620308,41.962368],[12.620355,41.962325],[12.620392,41.962292],[12.620427,41.962263],[12.62046,41.962237],[12.620506,41.962205],[12.620555,41.962173],[12.620608,41.962138],[12.620663,41.962104],[12.62071,41.962078],[12.620761,41.962053],[12.623854,41.960499],[12.623901,41.960475],[12.624059,41.9604],[12.626079,41.959438],[12.626381,41.959295],[12.626949,41.95903],[12.62705,41.958986],[12.627138,41.95895],[12.627296,41.958887],[12.627577,41.958787],[12.627819,41.95872],[12.632811,41.957675],[12.633525,41.95753],[12.63497,41.957242],[12.63514,41.957209],[12.635376,41.957191],[12.635805,41.957173],[12.636267,41.95716],[12.636985,41.957157],[12.637385,41.95717],[12.637734,41.957218],[12.638078,41.957283],[12.643095,41.954316],[12.64484,41.944513],[12.651377,41.941777],[12.659364,41.931918],[12.668166,41.928324],[12.678773,41.931868],[12.685587,41.934936],[12.689732,41.935874],[12.693049,41.933815],[12.696914,41.935109],[12.698679,41.936395],[12.706881,41.933761],[12.717457,41.92997],[12.726019,41.928186],[12.730132,41.931275],[12.736674,41.93267],[12.743739,41.93081],[12.744584,41.930558],[12.745608,41.929934],[12.749851,41.927045],[12.750575,41.926535],[12.750616,41.926502],[12.750649,41.926466],[12.750865,41.926171],[12.751242,41.925632],[12.75179,41.924783],[12.763516,41.926914],[12.772038,41.927903],[12.783583,41.922668],[12.791775,41.920866],[12.803852,41.917583],[12.807092,41.916631],[12.807839,41.91453],[12.807789,41.914066],[12.807705,41.913455],[12.80705,41.909289],[12.806992,41.908984],[12.806665,41.909002],[12.806623,41.909007],[12.802557,41.909477],[12.799622,41.908746],[12.795696,41.905321],[12.795755,41.904935],[12.796114,41.904577],[12.796237,41.90449],[12.796321,41.904434],[12.796378,41.904397],[12.796475,41.904335],[12.79652,41.904306],[12.796563,41.904279],[12.796727,41.904175],[12.796773,41.904146],[12.798152,41.903322],[12.798201,41.903293],[12.798253,41.903265],[12.79846,41.903156],[12.801177,41.901943],[12.802655,41.901428],[12.803117,41.901267],[12.816725,41.895204],[12.816872,41.895118],[12.816919,41.89509],[12.81878,41.893993],[12.818825,41.893968],[12.819426,41.893642],[12.81948,41.893613],[12.825381,41.890656],[12.8262,41.890297],[12.826823,41.890055],[12.828454,41.889618],[12.828613,41.889607],[12.82925,41.88956],[12.831666,41.889842],[12.83252,41.889993],[12.837374,41.891651],[12.84336,41.893469],[12.844203,41.891754],[12.847489,41.884367],[12.847936,41.877514],[12.849775,41.87665],[12.85267,41.875194],[12.855701,41.873503],[12.855732,41.873471],[12.855806,41.873395],[12.855843,41.873311],[12.855867,41.873204],[12.855875,41.873135],[12.855866,41.873095],[12.855837,41.872955],[12.855794,41.872783],[12.855741,41.872656],[12.85555,41.872256],[12.855435,41.872083],[12.855343,41.87195],[12.855265,41.871866],[12.855244,41.871845],[12.855009,41.871602],[12.854595,41.871391],[12.846554,41.86806],[12.841908,41.868454],[12.838663,41.872358],[12.833433,41.874986],[12.83251,41.875397],[12.830533,41.876259],[12.82876,41.876908],[12.826333,41.877825],[12.823336,41.879727],[12.821227,41.881104],[12.818685,41.88287],[12.812722,41.888825],[12.802685,41.89849],[12.79685,41.902304],[12.795086,41.903342],[12.793404,41.90412],[12.792025,41.904421],[12.777845,41.910898],[12.770388,41.909414],[12.741507,41.897571],[12.74116,41.897893],[12.74033,41.898276],[12.737038,41.89957],[12.736891,41.899612],[12.736539,41.899596],[12.736109,41.899543],[12.736029,41.899533],[12.735943,41.899507],[12.735732,41.899422],[12.73562,41.899366],[12.735545,41.899328],[12.735514,41.8993],[12.735404,41.899195],[12.735331,41.899009],[12.735238,41.898737],[12.735205,41.898632],[12.735168,41.898418],[12.735195,41.898375],[12.735226,41.898338],[12.735263,41.898311],[12.735307,41.898282],[12.735959,41.897162],[12.736416,41.896174],[12.736509,41.895925],[12.736564,41.895751],[12.736605,41.895594],[12.736622,41.89553],[12.736651,41.895419],[12.736701,41.89519],[12.736729,41.894921],[12.736733,41.894749],[12.736736,41.894642],[12.736733,41.894469],[12.736722,41.893561],[12.736571,41.893234],[12.731971,41.888942],[12.731787,41.88878],[12.731632,41.888647],[12.731551,41.88859],[12.731488,41.888545],[12.72863,41.88671],[12.727749,41.886463],[12.723705,41.886607],[12.71283,41.887967],[12.70542,41.890114],[12.704358,41.890405],[12.69861,41.890196],[12.699031,41.882432],[12.699062,41.882291],[12.69949,41.881548],[12.704799,41.867999],[12.705062,41.866599],[12.705276,41.865475],[12.70532,41.865438],[12.705355,41.86541],[12.705488,41.865305],[12.705805,41.865055],[12.71302,41.860678],[12.716896,41.859773],[12.720195,41.858286],[12.727557,41.85021],[12.733415,41.847861],[12.738075,41.841753],[12.737853,41.840343],[12.737949,41.838787],[12.739174,41.834804],[12.740172,41.832684],[12.740527,41.83206],[12.740807,41.832081],[12.741212,41.832137],[12.742458,41.831233],[12.738284,41.83003],[12.728925,41.827074],[12.726629,41.826826],[12.726462,41.826815],[12.726417,41.826845],[12.7262,41.827216],[12.725848,41.827935],[12.725354,41.828992],[12.725338,41.829206],[12.725321,41.829523],[12.725316,41.829673],[12.725377,41.829843],[12.725755,41.83067],[12.726128,41.831065],[12.725025,41.836062],[12.72501,41.836102],[12.72495,41.836268],[12.724845,41.836436],[12.724619,41.836796],[12.724281,41.837327],[12.723984,41.837662],[12.723942,41.837692],[12.723894,41.83772],[12.723806,41.837769],[12.716243,41.840193],[12.712948,41.838897],[12.711849,41.838046],[12.711704,41.83789],[12.711408,41.836992],[12.707573,41.834025],[12.707575,41.834313],[12.70756,41.834462],[12.707524,41.834731],[12.707453,41.835185],[12.707223,41.836319],[12.705788,41.839025],[12.705743,41.83908],[12.70542,41.839466],[12.705277,41.839635],[12.705236,41.839663],[12.704597,41.840063],[12.703043,41.841315],[12.70104,41.842266],[12.698876,41.843033],[12.68898,41.843921],[12.689509,41.843447],[12.689619,41.843274],[12.689989,41.842533],[12.690075,41.842014],[12.690163,41.84052],[12.68997,41.840509],[12.688437,41.840434],[12.687597,41.84042],[12.684051,41.840467],[12.683591,41.84444],[12.683704,41.844565],[12.68378,41.844858],[12.683803,41.84503],[12.683868,41.845789],[12.683839,41.846245],[12.683018,41.848686],[12.682704,41.849205],[12.68246,41.849438],[12.680808,41.850258],[12.67909,41.851005],[12.676521,41.851976],[12.674999,41.852219],[12.665132,41.851506],[12.657141,41.850443],[12.657202,41.850422],[12.657263,41.8504],[12.657482,41.850319],[12.657538,41.850297],[12.6577,41.850233],[12.657801,41.850191],[12.657989,41.850109],[12.658048,41.850081],[12.658096,41.850055],[12.658302,41.849938],[12.658355,41.849907],[12.65849,41.849826],[12.658532,41.849801],[12.65857,41.849776],[12.658606,41.849753],[12.658647,41.849725],[12.65873,41.849668],[12.658764,41.849644],[12.65889,41.849547],[12.658925,41.849518],[12.658969,41.84948],[12.659007,41.849446],[12.659041,41.849414],[12.659256,41.849206],[12.662682,41.845672],[12.663683,41.844307],[12.663592,41.841106],[12.663299,41.840866],[12.662689,41.840429],[12.661772,41.840531],[12.661702,41.840539],[12.661458,41.840567],[12.660973,41.840626],[12.660728,41.840657],[12.660002,41.840949],[12.659957,41.840987],[12.659917,41.841027],[12.659882,41.841065],[12.659762,41.841195],[12.65973,41.841233],[12.659509,41.841502],[12.658947,41.842246],[12.657139,41.844705],[12.65523,41.847322],[12.655139,41.847449],[12.655103,41.847485],[12.654499,41.847998],[12.654474,41.848019],[12.654428,41.848057],[12.654386,41.84809],[12.654352,41.848115],[12.653969,41.848394],[12.653924,41.848427],[12.653609,41.848648],[12.65356,41.848682],[12.651248,41.850236],[12.651144,41.850131],[12.65102,41.849989],[12.650139,41.848957],[12.649729,41.848473],[12.650771,41.842735],[12.653005,41.83288],[12.651692,41.832106],[12.645163,41.834],[12.640853,41.832244],[12.640179,41.829769],[12.645061,41.825858],[12.648855,41.825475],[12.653971,41.824326],[12.657298,41.823095],[12.659081,41.821408],[12.660882,41.818348],[12.660451,41.818093],[12.659991,41.817854],[12.65937,41.81754],[12.658906,41.817382],[12.658612,41.817286],[12.655305,41.816578],[12.653652,41.816378],[12.652479,41.81626],[12.6518,41.816194],[12.651618,41.8162],[12.651105,41.81662],[12.646711,41.819793],[12.644509,41.82137],[12.631535,41.828481],[12.629563,41.825469],[12.628435,41.818317],[12.628714,41.81823],[12.629197,41.818076],[12.630472,41.817649],[12.631015,41.817275],[12.63181,41.816487],[12.637215,41.810983],[12.63842,41.80964],[12.637863,41.808388],[12.637172,41.803516],[12.639566,41.80225],[12.642707,41.800647],[12.646927,41.798581],[12.650483,41.797176],[12.652246,41.796122],[12.653279,41.793878],[12.653408,41.793453],[12.653529,41.793046],[12.653602,41.792777],[12.653614,41.792715],[12.653626,41.792611],[12.653506,41.792258],[12.652765,41.79154],[12.652666,41.79147],[12.652636,41.791455],[12.652542,41.791405],[12.652426,41.791348],[12.65239,41.791334],[12.652316,41.791319],[12.652238,41.791304],[12.652097,41.791292],[12.651971,41.791282],[12.651903,41.791285],[12.651866,41.791288],[12.65166,41.791315],[12.651463,41.791365],[12.651296,41.791412],[12.649759,41.791902],[12.648146,41.792448],[12.645917,41.793364],[12.645867,41.793386],[12.645818,41.79341],[12.645764,41.793439],[12.645714,41.793468],[12.645673,41.793494],[12.645629,41.793524],[12.645586,41.793555],[12.645549,41.793584],[12.645436,41.793676],[12.645397,41.793714],[12.645318,41.793795],[12.645281,41.793833],[12.645251,41.793867],[12.64522,41.793903],[12.645187,41.793946],[12.645114,41.794126],[12.645109,41.794174],[12.644435,41.79676],[12.643246,41.796899],[12.640902,41.797112],[12.638184,41.796303],[12.637641,41.797927],[12.631569,41.804661],[12.630769,41.805339],[12.630687,41.805401],[12.630639,41.805437],[12.630409,41.805602],[12.629644,41.806148],[12.628741,41.806553],[12.627566,41.806984],[12.623429,41.807842],[12.623102,41.8078],[12.622985,41.807381],[12.622971,41.807311],[12.623013,41.807268],[12.623055,41.807237],[12.623196,41.807162],[12.621698,41.805682],[12.619551,41.805697],[12.615448,41.806246],[12.603548,41.80885],[12.596849,41.814925],[12.592797,41.818991],[12.588457,41.816237],[12.587999,41.808196],[12.589377,41.806231],[12.591216,41.803637],[12.5943,41.799569],[12.594347,41.799544],[12.598891,41.797428],[12.596856,41.791413],[12.592368,41.786114],[12.590355,41.783036],[12.590079,41.779902],[12.589665,41.775447],[12.58938,41.774237],[12.588265,41.769823],[12.588057,41.769114],[12.587417,41.768011],[12.587333,41.76788],[12.587247,41.767753],[12.586705,41.767106],[12.586508,41.766874],[12.587587,41.759542],[12.594838,41.758941],[12.595298,41.758886],[12.595413,41.758872],[12.595538,41.758856],[12.595801,41.758821],[12.596286,41.758754],[12.596434,41.758725],[12.596587,41.758685],[12.596678,41.758653],[12.596727,41.758627],[12.595398,41.75596],[12.594471,41.755146],[12.584199,41.75225],[12.586872,41.74545],[12.584783,41.742291],[12.584653,41.742081],[12.584451,41.741288],[12.584675,41.739893],[12.586908,41.739484],[12.587061,41.739489],[12.587614,41.739504],[12.589993,41.739808],[12.592296,41.740364],[12.594705,41.740514],[12.596909,41.740534],[12.598467,41.739979],[12.599773,41.739129],[12.599771,41.737886],[12.599429,41.73655],[12.599233,41.736078],[12.596006,41.729797],[12.59472,41.726018],[12.594454,41.720815],[12.594655,41.720842],[12.595028,41.720886],[12.595187,41.720904],[12.595411,41.720926],[12.596038,41.72098],[12.596147,41.720989],[12.596645,41.721029],[12.596815,41.721042],[12.597653,41.721096],[12.599951,41.719816],[12.600813,41.716854],[12.602196,41.711614],[12.603164,41.708415],[12.603288,41.708169],[12.603377,41.708044],[12.604614,41.706673],[12.604648,41.706638],[12.604718,41.706573],[12.60802,41.705129],[12.603999,41.69873],[12.601577,41.691052],[12.599819,41.690081],[12.595289,41.692185],[12.594958,41.692383],[12.59306,41.693542],[12.593015,41.69357],[12.592972,41.693599],[12.592059,41.694256],[12.592018,41.694287],[12.579807,41.706821],[12.575584,41.712715],[12.570393,41.71283],[12.554472,41.711646],[12.545076,41.705886],[12.543746,41.704518],[12.542869,41.703639],[12.541864,41.70296],[12.536148,41.699172],[12.531624,41.697414],[12.520212,41.692561],[12.518098,41.690832],[12.517925,41.690702],[12.517832,41.690632],[12.515265,41.688739],[12.514724,41.688346],[12.513112,41.687626],[12.509601,41.686599],[12.508737,41.686737],[12.507442,41.68736],[12.498146,41.691901],[12.494323,41.692343],[12.480085,41.689675],[12.472365,41.688519],[12.470266,41.688203],[12.469189,41.688035],[12.468349,41.687903],[12.467885,41.687804],[12.466706,41.687539],[12.459433,41.684897],[12.453598,41.682507],[12.451313,41.681367],[12.443442,41.675649],[12.434561,41.669178],[12.415852,41.655509],[12.409129,41.660332],[12.39546,41.669675],[12.383684,41.677445],[12.378715,41.680484],[12.370301,41.685604],[12.365179,41.688647],[12.359842,41.691467],[12.353416,41.694852],[12.320972,41.710754],[12.314314,41.713649],[12.308079,41.715884],[12.294702,41.721156],[12.287774,41.724176],[12.282238,41.726575],[12.273857,41.729299],[12.255109,41.735387],[12.252237,41.736698],[12.243538,41.739319],[12.242816,41.73951],[12.24195,41.739721],[12.241678,41.739605],[12.240976,41.739278],[12.241228,41.738635],[12.238987,41.738352],[12.238348,41.738332],[12.236541,41.738559],[12.235907,41.73876],[12.23577,41.738806],[12.235736,41.738823],[12.235332,41.739052],[12.234732,41.739494],[12.234487,41.739689],[12.234221,41.740565],[12.234208,41.740659],[12.241432,41.743044],[12.244242,41.74376],[12.246674,41.744115],[12.249498,41.744426],[12.256322,41.746159],[12.267734,41.749858],[12.284248,41.755448],[12.282906,41.760776],[12.282865,41.76081],[12.282213,41.761359],[12.281904,41.761618],[12.281865,41.761652],[12.281827,41.761687],[12.280972,41.762518],[12.280752,41.762733],[12.280716,41.762768],[12.280681,41.762804],[12.280189,41.76336],[12.279966,41.763615],[12.279837,41.763767],[12.279231,41.764657],[12.279008,41.765071],[12.278827,41.765526],[12.278703,41.765897],[12.278518,41.766482],[12.27842,41.766831],[12.278339,41.76759],[12.278255,41.768579],[12.278242,41.768754],[12.278133,41.770485],[12.278173,41.772094],[12.278202,41.772773],[12.278238,41.773612],[12.278436,41.775621],[12.279324,41.779722],[12.27955,41.780695],[12.279801,41.78152],[12.279888,41.781757],[12.279942,41.781893],[12.280185,41.782394],[12.28064,41.78316],[12.281123,41.783953],[12.281363,41.784289],[12.28178,41.784868],[12.281849,41.784953],[12.282006,41.785148],[12.283131,41.786372],[12.283603,41.786861],[12.284244,41.787434],[12.284459,41.787613],[12.28502,41.788079],[12.285087,41.788125],[12.285152,41.788168],[12.285311,41.78827],[12.285386,41.788317],[12.285597,41.788443],[12.285721,41.788511],[12.285772,41.788539],[12.285851,41.788578],[12.286162,41.788731],[12.286276,41.788783],[12.286501,41.788876],[12.286601,41.788912],[12.286761,41.788971],[12.286817,41.788991],[12.287116,41.789096],[12.287223,41.78913],[12.287365,41.789174],[12.288099,41.789327],[12.28844,41.78938],[12.289725,41.789509],[12.301791,41.794615],[12.313763,41.798049],[12.312309,41.802453],[12.307606,41.809192],[12.300863,41.818439],[12.287419,41.83218],[12.287097,41.832508],[12.286854,41.832753],[12.286017,41.833596],[12.285982,41.833632],[12.285944,41.833667],[12.285741,41.833856],[12.285014,41.834532],[12.284378,41.835121],[12.283392,41.836029],[12.277437,41.8415],[12.269704,41.848588],[12.265784,41.852187],[12.265604,41.852353],[12.265566,41.852389],[12.265473,41.852485],[12.265167,41.852802],[12.265095,41.852881],[12.264978,41.853009],[12.264945,41.853045],[12.264733,41.853304],[12.264528,41.853572],[12.264372,41.853798],[12.264148,41.854133],[12.264023,41.854329],[12.263677,41.855037],[12.263591,41.85522],[12.263461,41.855514],[12.263391,41.855674],[12.263341,41.855848],[12.263134,41.856622],[12.263088,41.856986],[12.263049,41.857327],[12.263001,41.857758],[12.262838,41.859232],[12.262625,41.861136],[12.262606,41.861302],[12.26254,41.861629],[12.2624,41.862301],[12.262324,41.862533],[12.262293,41.862623],[12.262108,41.863086],[12.262025,41.863251],[12.261966,41.863367],[12.261901,41.863491],[12.261816,41.863647],[12.261724,41.863802],[12.261357,41.86437],[12.261002,41.864845],[12.260968,41.864882],[12.253904,41.872425],[12.252688,41.873706],[12.249508,41.877024],[12.24943,41.8771],[12.249392,41.877135],[12.249352,41.877171],[12.248851,41.877592],[12.248809,41.877626],[12.248763,41.877658],[12.248428,41.877887],[12.248225,41.878023],[12.247659,41.878365],[12.247612,41.878392],[12.247562,41.878416],[12.247106,41.878619],[12.246846,41.878714],[12.246068,41.878976],[12.245061,41.879289],[12.241289,41.880338],[12.240574,41.880529],[12.240119,41.880647],[12.238879,41.880978],[12.238548,41.881084],[12.238505,41.881105],[12.238394,41.881304],[12.237546,41.883228],[12.237036,41.884432],[12.236995,41.884548],[12.236948,41.884766],[12.236949,41.884793],[12.236962,41.884898],[12.237066,41.885439],[12.237112,41.885555],[12.237311,41.885965],[12.23826,41.887582],[12.240836,41.889044],[12.243972,41.889656],[12.256526,41.896874],[12.258345,41.900635],[12.260341,41.904571],[12.266358,41.916167],[12.269126,41.921249],[12.270702,41.923808],[12.270769,41.923918],[12.270854,41.92405],[12.271262,41.9246],[12.271356,41.924724],[12.271559,41.92499],[12.27191,41.925444],[12.272133,41.925729],[12.272346,41.925972],[12.272572,41.926185],[12.272715,41.926296],[12.275834,41.928662],[12.284001,41.934989],[12.290815,41.940774],[12.292961,41.942855],[12.296734,41.947055],[12.301066,41.958941],[12.303795,41.963323],[12.30334,41.963949],[12.300635,41.964753],[12.276649,41.967148],[12.275098,41.966875],[12.270819,41.967068],[12.268734,41.967987],[12.265667,41.969349],[12.265448,41.969455],[12.265314,41.96952],[12.263858,41.970234],[12.263817,41.970267],[12.263788,41.97029],[12.263746,41.970326],[12.263613,41.970445],[12.263521,41.970582],[12.263493,41.970694],[12.263488,41.970745],[12.263493,41.970829],[12.263682,41.971545],[12.263973,41.97215],[12.264005,41.972246],[12.264032,41.972332],[12.264019,41.972629],[12.264009,41.9728],[12.26352,41.975751],[12.259483,41.974842],[12.256548,41.973923],[12.254349,41.972587],[12.251483,41.972361],[12.24985,41.973497],[12.247582,41.984339],[12.245158,41.988847],[12.24393,41.996631],[12.242924,42.011842],[12.242936,42.017205],[12.25149,42.018238],[12.263157,42.020305],[12.262461,42.030402],[12.263559,42.036254],[12.263787,42.039481],[12.263559,42.043984],[12.261825,42.045961],[12.260686,42.048006],[12.260919,42.052756],[12.26153,42.059029],[12.264518,42.059938],[12.272465,42.061491],[12.273465,42.061683],[12.275524,42.062055],[12.275959,42.06204],[12.276406,42.061994],[12.27646,42.061985],[12.276596,42.061956],[12.281887,42.059995],[12.288324,42.057537],[12.295651,42.057454],[12.303417,42.059377],[12.306109,42.058854],[12.306284,42.058859],[12.306819,42.058881],[12.3069,42.058887],[12.307591,42.059095],[12.307727,42.05914],[12.30786,42.0592],[12.30899,42.059943],[12.309151,42.06005],[12.309619,42.060388],[12.311452,42.06193],[12.314227,42.06749],[12.31862,42.07225],[12.322062,42.074594],[12.319214,42.08077],[12.31678,42.085696],[12.321245,42.089425],[12.329645,42.089006],[12.33682,42.093482],[12.341368,42.099588],[12.343822,42.103858],[12.348088,42.102597]],[[12.452921,41.906709],[12.452631,41.906688],[12.451028,41.906564],[12.45066,41.906528],[12.450499,41.906509],[12.44663,41.902385],[12.446551,41.901626],[12.447933,41.901015],[12.45177,41.900366],[12.452793,41.900309],[12.453972,41.900302],[12.456345,41.900401],[12.457936,41.90132],[12.458053,41.901404],[12.458156,41.901487],[12.458297,41.90162],[12.45837,41.90178],[12.458425,41.901917],[12.458457,41.902012],[12.458484,41.902098],[12.458532,41.902261],[12.457509,41.90587],[12.455585,41.906847],[12.453794,41.906997],[12.452921,41.906709]]],[[[12.331901,42.12518],[12.335502,42.123371],[12.335728,42.123257],[12.336225,42.123002],[12.336267,42.12298],[12.336314,42.122954],[12.336614,42.122788],[12.336664,42.122757],[12.336712,42.122725],[12.336802,42.122661],[12.336847,42.122628],[12.336907,42.122464],[12.336849,42.121549],[12.336021,42.114486],[12.335091,42.112707],[12.328959,42.114008],[12.324759,42.114874],[12.31607,42.114284],[12.315504,42.113676],[12.308487,42.106247],[12.302465,42.108884],[12.298405,42.111288],[12.290499,42.113897],[12.2865,42.110522],[12.285661,42.110466],[12.285327,42.110517],[12.285075,42.110555],[12.284645,42.110834],[12.284549,42.110899],[12.282902,42.112093],[12.281993,42.112988],[12.281663,42.114317],[12.281541,42.115013],[12.281045,42.118292],[12.282098,42.120841],[12.284241,42.125337],[12.28547,42.129039],[12.285122,42.135758],[12.287033,42.136379],[12.291437,42.137047],[12.301503,42.137472],[12.307297,42.140935],[12.312818,42.137746],[12.331901,42.12518]]]]}},{"type":"Feature","id":"058092","properties":{"istat":"058092","name":"Roviano","province":"RM","label":[42.027073,12.995684]},"geometry":{"type":"Polygon","coordinates":[[[13.003224,42.044331],[13.003081,42.043287],[13.003057,42.043113],[13.003054,42.042077],[13.004345,42.038259],[13.006783,42.034544],[13.014257,42.024707],[13.017451,42.016691],[13.014607,42.01302],[13.011341,42.012271],[13.008497,42.012092],[13.007171,42.012021],[13.004961,42.011972],[12.999433,42.014624],[12.987598,42.022465],[12.974448,42.029438],[12.967297,42.032659],[12.959011,42.036297],[12.956848,42.036551],[12.956431,42.035467],[12.955783,42.036148],[12.955769,42.037569],[12.95906,42.038448],[12.963052,42.038263],[12.966099,42.037032],[12.969501,42.036064],[12.972467,42.035884],[12.97591,42.035891],[12.984987,42.042617],[12.986535,42.045237],[12.986793,42.045185],[12.988335,42.044873],[12.992401,42.044268],[12.994986,42.044295],[12.995874,42.044471],[12.999916,42.045028],[13.003224,42.044331]]]}},{"type":"Feature","id":"058093","properties":{"istat":"058093","name":"Sacrofano","province":"RM","label":[42.090123,12.447482]},"geometry":{"type":"Polygon","coordinates":[[[12.432854,42.135961],[12.439276,42.134094],[12.439533,42.133434],[12.439712,42.132973],[12.440132,42.132461],[12.440727,42.132055],[12.441146,42.131769],[12.442564,42.131316],[12.444364,42.131285],[12.445238,42.131565],[12.445847,42.13183],[12.446144,42.131983],[12.446277,42.129507],[12.446393,42.128968],[12.450836,42.123674],[12.454955,42.120292],[12.463104,42.11937],[12.463491,42.118778],[12.463753,42.118251],[12.464043,42.117653],[12.464886,42.11444],[12.464712,42.11395],[12.464458,42.113607],[12.464173,42.113219],[12.462972,42.112076],[12.462613,42.111793],[12.462374,42.111603],[12.461669,42.109261],[12.46152,42.108404],[12.461462,42.108069],[12.461511,42.107499],[12.461553,42.107027],[12.4617,42.106665],[12.461915,42.106133],[12.46247,42.105265],[12.463285,42.104507],[12.464239,42.103627],[12.465164,42.103226],[12.467495,42.102376],[12.468427,42.102343],[12.474607,42.095979],[12.47415,42.089158],[12.47538,42.085859],[12.476304,42.074748],[12.475229,42.074607],[12.475191,42.074546],[12.475041,42.074186],[12.47501,42.073789],[12.475333,42.072834],[12.476021,42.071387],[12.476383,42.070732],[12.476459,42.070607],[12.476574,42.070439],[12.47666,42.07037],[12.476748,42.070308],[12.476783,42.0703],[12.477089,42.070291],[12.477231,42.070297],[12.479319,42.069586],[12.481151,42.067349],[12.481785,42.066232],[12.482063,42.065713],[12.482659,42.063925],[12.482713,42.063406],[12.482401,42.062551],[12.481577,42.06188],[12.480259,42.061086],[12.480178,42.061077],[12.479741,42.061043],[12.478227,42.060951],[12.476389,42.061006],[12.475965,42.061202],[12.475553,42.061333],[12.474625,42.061567],[12.474567,42.061578],[12.4741,42.061587],[12.472658,42.061609],[12.471351,42.061627],[12.471034,42.061629],[12.470934,42.061629],[12.470202,42.061614],[12.467592,42.061538],[12.466804,42.061502],[12.463522,42.061345],[12.461798,42.061206],[12.454888,42.059579],[12.454011,42.058105],[12.455091,42.05702],[12.455727,42.055467],[12.456371,42.052967],[12.45644,42.052472],[12.456449,42.052399],[12.456471,42.051988],[12.456426,42.051757],[12.456257,42.050928],[12.456078,42.050428],[12.453892,42.045117],[12.450949,42.041956],[12.450147,42.04325],[12.450866,42.044544],[12.452743,42.049134],[12.452768,42.049198],[12.453026,42.049905],[12.453089,42.050754],[12.452953,42.051721],[12.452091,42.055457],[12.44324,42.06857],[12.439355,42.074359],[12.433536,42.077776],[12.432206,42.077909],[12.431553,42.078334],[12.430931,42.078915],[12.430113,42.079687],[12.425741,42.084262],[12.423732,42.086478],[12.421972,42.088593],[12.419977,42.091088],[12.419015,42.09254],[12.419262,42.09441],[12.419462,42.094861],[12.416356,42.108301],[12.415863,42.110627],[12.41653,42.111965],[12.41683,42.112257],[12.4169,42.112323],[12.422486,42.115628],[12.423684,42.120802],[12.422415,42.127327],[12.424321,42.134618],[12.424761,42.135587],[12.42606,42.136782],[12.426791,42.136872],[12.428363,42.136645],[12.432854,42.135961]]]}},{"type":"Feature","id":"058094","properties":{"istat":"058094","name":"Sambuci","province":"RM","label":[41.990718,12.934498]},"geometry":{"type":"Polygon","coordinates":[[[12.942966,42.000694],[12.94557,41.997023],[12.948369,41.992946],[12.948857,41.992065],[12.949334,41.99109],[12.949554,41.990267],[12.95352,41.983124],[12.957626,41.979431],[12.961643,41.975731],[12.962288,41.974804],[12.962618,41.973852],[12.960562,41.972966],[12.953452,41.970762],[12.950382,41.970096],[12.945376,41.969638],[12.944822,41.969612],[12.943684,41.970106],[12.942667,41.970573],[12.942469,41.971129],[12.935591,41.97749],[12.927424,41.973577],[12.925181,41.972772],[12.923396,41.97576],[12.919611,41.980756],[12.916219,41.984091],[12.915114,41.983593],[12.914182,41.983278],[12.913375,41.983229],[12.91182,41.983147],[12.91101,41.983553],[12.910678,41.984136],[12.910561,41.984826],[12.912673,41.986963],[12.912946,41.987223],[12.914172,41.988393],[12.914948,41.989037],[12.91819,41.990346],[12.923334,41.99174],[12.928533,41.992071],[12.93008,41.991815],[12.930742,41.991882],[12.933628,41.993359],[12.932187,41.997969],[12.931234,41.999816],[12.930103,42.000715],[12.929821,42.001212],[12.928739,42.003125],[12.927937,42.004716],[12.926864,42.006845],[12.926601,42.008468],[12.926426,42.009548],[12.926209,42.011397],[12.927224,42.011563],[12.928763,42.011192],[12.930657,42.010481],[12.933251,42.009481],[12.935685,42.008136],[12.936267,42.007671],[12.942966,42.000694]]]}},{"type":"Feature","id":"058119","properties":{"istat":"058119","name":"San Cesareo","province":"RM","label":[41.831801,12.784069]},"geometry":{"type":"Polygon","coordinates":[[[12.772817,41.845964],[12.772924,41.845931],[12.773615,41.845931],[12.773694,41.845941],[12.774115,41.846004],[12.774951,41.846296],[12.776174,41.846756],[12.776379,41.846835],[12.77694,41.847055],[12.778352,41.847638],[12.7788,41.847826],[12.779429,41.848134],[12.779566,41.848206],[12.780156,41.848525],[12.780307,41.848612],[12.780898,41.848955],[12.781571,41.849369],[12.782298,41.849724],[12.783678,41.850362],[12.783916,41.850457],[12.784189,41.850566],[12.785854,41.850966],[12.786057,41.850995],[12.786456,41.851045],[12.786544,41.851035],[12.787138,41.850969],[12.787568,41.850743],[12.787865,41.850567],[12.78817,41.850386],[12.788211,41.850361],[12.788485,41.850063],[12.788624,41.849911],[12.789287,41.849146],[12.789734,41.848612],[12.790143,41.848097],[12.793058,41.842763],[12.793079,41.842721],[12.7934,41.841991],[12.794206,41.839929],[12.799314,41.829801],[12.808261,41.829451],[12.811167,41.829575],[12.81479,41.829724],[12.815055,41.829715],[12.815505,41.829696],[12.816694,41.829557],[12.817584,41.829415],[12.818283,41.829257],[12.818733,41.82913],[12.819147,41.829012],[12.819904,41.828766],[12.82024,41.828641],[12.820711,41.828465],[12.820831,41.828398],[12.822026,41.827705],[12.822102,41.827644],[12.823021,41.826897],[12.823549,41.82643],[12.824344,41.825724],[12.824408,41.82565],[12.824485,41.825562],[12.824794,41.825204],[12.824815,41.825179],[12.824873,41.825111],[12.825186,41.824746],[12.825722,41.824038],[12.82599,41.823501],[12.826111,41.823224],[12.82634,41.821983],[12.826399,41.821603],[12.826438,41.821036],[12.826475,41.820465],[12.826492,41.820012],[12.826501,41.819767],[12.82652,41.819276],[12.826546,41.818608],[12.826832,41.81727],[12.827283,41.816175],[12.827388,41.815924],[12.8275,41.815682],[12.827649,41.815361],[12.828866,41.814085],[12.829158,41.813838],[12.82983,41.813325],[12.83024,41.81304],[12.831199,41.812541],[12.832428,41.812005],[12.830334,41.807868],[12.830307,41.80784],[12.829351,41.807128],[12.82689,41.805296],[12.822632,41.80258],[12.820481,41.801272],[12.81593,41.800709],[12.815818,41.800712],[12.814702,41.800741],[12.81411,41.800801],[12.811636,41.804859],[12.8104,41.806152],[12.808795,41.807695],[12.807813,41.808588],[12.807416,41.808948],[12.80604,41.809768],[12.805332,41.810182],[12.804726,41.810536],[12.804627,41.810585],[12.803869,41.810943],[12.802836,41.810878],[12.801898,41.810509],[12.801355,41.809824],[12.801362,41.809609],[12.801379,41.809139],[12.801421,41.808984],[12.801516,41.808643],[12.796721,41.802468],[12.785853,41.803968],[12.767481,41.806701],[12.759835,41.807807],[12.759966,41.814399],[12.762104,41.815964],[12.76728,41.825324],[12.770622,41.833801],[12.766695,41.837973],[12.765967,41.838474],[12.756427,41.841285],[12.750632,41.841685],[12.746391,41.84001],[12.740051,41.84061],[12.738895,41.842975],[12.744822,41.855537],[12.745135,41.855576],[12.745418,41.855612],[12.745988,41.855778],[12.746665,41.856044],[12.746894,41.856142],[12.747264,41.856299],[12.749023,41.85707],[12.752693,41.859192],[12.754973,41.860797],[12.756823,41.862154],[12.764177,41.856979],[12.765165,41.853439],[12.767088,41.850526],[12.768659,41.849019],[12.772279,41.846132],[12.772694,41.846002],[12.772817,41.845964]]]}},{"type":"Feature","id":"058095","properties":{"istat":"058095","name":"San Gregorio da Sassola","province":"RM","label":[41.92397,12.868694]},"geometry":{"type":"Polygon","coordinates":[[[12.906342,41.947375],[12.910415,41.943431],[12.920875,41.928888],[12.920041,41.92897],[12.919307,41.928923],[12.918315,41.928651],[12.911521,41.926537],[12.907523,41.924918],[12.90089,41.919759],[12.897131,41.920035],[12.890803,41.919926],[12.88392,41.918773],[12.878374,41.913661],[12.870763,41.908651],[12.86613,41.905881],[12.863774,41.904565],[12.856089,41.900425],[12.853191,41.899459],[12.852591,41.899247],[12.852047,41.899052],[12.849622,41.897729],[12.84336,41.893469],[12.837374,41.891651],[12.83252,41.889993],[12.831666,41.889842],[12.82925,41.88956],[12.828613,41.889607],[12.828454,41.889618],[12.826823,41.890055],[12.8262,41.890297],[12.825381,41.890656],[12.81948,41.893613],[12.819426,41.893642],[12.818825,41.893968],[12.81878,41.893993],[12.816919,41.89509],[12.816872,41.895118],[12.816725,41.895204],[12.803117,41.901267],[12.802655,41.901428],[12.801177,41.901943],[12.79846,41.903156],[12.798253,41.903265],[12.798201,41.903293],[12.798152,41.903322],[12.796773,41.904146],[12.796727,41.904175],[12.796563,41.904279],[12.79652,41.904306],[12.796475,41.904335],[12.796378,41.904397],[12.796321,41.904434],[12.796237,41.90449],[12.796114,41.904577],[12.795755,41.904935],[12.795696,41.905321],[12.799622,41.908746],[12.802557,41.909477],[12.806623,41.909007],[12.806665,41.909002],[12.806992,41.908984],[12.80705,41.909289],[12.807705,41.913455],[12.807789,41.914066],[12.807839,41.91453],[12.807092,41.916631],[12.812355,41.916632],[12.813694,41.916639],[12.820217,41.918165],[12.822682,41.918968],[12.826741,41.920831],[12.830393,41.923023],[12.83529,41.929752],[12.83891,41.934737],[12.840502,41.939361],[12.843798,41.943164],[12.847023,41.94559],[12.84797,41.946481],[12.852968,41.947812],[12.86341,41.948339],[12.865445,41.947397],[12.868875,41.94728],[12.875281,41.947877],[12.880914,41.950045],[12.88424,41.951549],[12.887497,41.953251],[12.888197,41.955434],[12.889806,41.956023],[12.890665,41.956309],[12.895763,41.957581],[12.898204,41.956764],[12.904708,41.9501],[12.906342,41.947375]]]}},{"type":"Feature","id":"058096","properties":{"istat":"058096","name":"San Polo dei Cavalieri","province":"RM","label":[42.042678,12.81005]},"geometry":{"type":"Polygon","coordinates":[[[12.854721,42.096016],[12.855442,42.095816],[12.857805,42.094579],[12.858569,42.094162],[12.8595,42.09346],[12.85974,42.092781],[12.862417,42.088072],[12.861309,42.087487],[12.860941,42.087279],[12.8611,42.086859],[12.862014,42.084789],[12.863172,42.083098],[12.863561,42.082693],[12.864057,42.082303],[12.868732,42.080628],[12.873843,42.079217],[12.871465,42.070035],[12.87231,42.062548],[12.873568,42.060695],[12.869471,42.060361],[12.868016,42.060126],[12.866857,42.059857],[12.866745,42.059832],[12.866415,42.059749],[12.86565,42.059556],[12.86429,42.059126],[12.863002,42.058634],[12.862028,42.05814],[12.86124,42.05746],[12.860663,42.056637],[12.860313,42.055911],[12.859678,42.053969],[12.855868,42.049766],[12.849418,42.042901],[12.848216,42.041663],[12.847706,42.041734],[12.847184,42.041788],[12.840577,42.042455],[12.838343,42.042413],[12.837102,42.042319],[12.831169,42.04092],[12.830648,42.040649],[12.830168,42.040152],[12.828808,42.038594],[12.828217,42.03788],[12.827515,42.036841],[12.839062,42.029765],[12.840147,42.029147],[12.841203,42.02859],[12.84226,42.028059],[12.845512,42.026581],[12.846023,42.026438],[12.846726,42.026397],[12.847474,42.026412],[12.849808,42.026689],[12.850372,42.026787],[12.852026,42.025719],[12.853357,42.02209],[12.853823,42.020792],[12.854698,42.010929],[12.853839,42.006672],[12.853322,42.005177],[12.849485,41.99662],[12.848197,41.992537],[12.846984,41.990127],[12.845468,41.987764],[12.844206,41.988388],[12.833401,41.997624],[12.827899,42.001787],[12.825845,42.005017],[12.825548,42.005641],[12.825587,42.008875],[12.825373,42.028777],[12.825007,42.029249],[12.824541,42.029471],[12.823989,42.029688],[12.823133,42.030013],[12.821937,42.03035],[12.820441,42.030675],[12.809197,42.032729],[12.805223,42.032726],[12.796112,42.031758],[12.785782,42.028012],[12.777944,42.019617],[12.769093,42.014477],[12.764584,42.012452],[12.762704,42.011033],[12.762171,42.010572],[12.760371,42.009011],[12.759574,42.011703],[12.758642,42.019027],[12.763818,42.022567],[12.762724,42.031557],[12.763475,42.036504],[12.763655,42.037218],[12.764865,42.041338],[12.765369,42.04224],[12.766217,42.04205],[12.76727,42.041971],[12.768166,42.041923],[12.768947,42.042064],[12.769641,42.042194],[12.776606,42.044874],[12.797642,42.054606],[12.801738,42.056712],[12.802437,42.057275],[12.803231,42.057919],[12.804971,42.060387],[12.81406,42.063533],[12.822579,42.066423],[12.832408,42.073064],[12.833628,42.074167],[12.836439,42.077139],[12.836534,42.077564],[12.835984,42.078086],[12.831032,42.081133],[12.832615,42.089342],[12.83575,42.095293],[12.839699,42.096889],[12.845224,42.097586],[12.854721,42.096016]]]}},{"type":"Feature","id":"058100","properties":{"istat":"058100","name":"San Vito Romano","province":"RM","label":[41.880287,12.977768]},"geometry":{"type":"Polygon","coordinates":[[[12.992573,41.902822],[12.99251,41.901325],[12.992559,41.9009],[12.997544,41.888778],[13.000323,41.882396],[13.000707,41.878177],[13.001443,41.86758],[13.000784,41.867644],[12.999913,41.867679],[12.997468,41.867278],[12.991601,41.866114],[12.986671,41.863107],[12.985112,41.860946],[12.981331,41.860132],[12.975867,41.861487],[12.969545,41.861307],[12.968509,41.864056],[12.968073,41.864472],[12.965442,41.866544],[12.964076,41.86742],[12.960765,41.868885],[12.958536,41.870015],[12.957889,41.870686],[12.957568,41.871269],[12.955134,41.875792],[12.955227,41.877054],[12.954794,41.883854],[12.953869,41.887528],[12.959226,41.888491],[12.972126,41.893718],[12.974244,41.898016],[12.98858,41.902506],[12.992573,41.902822]]]}},{"type":"Feature","id":"058098","properties":{"istat":"058098","name":"Sant'Angelo Romano","province":"RM","label":[42.027492,12.706269]},"geometry":{"type":"Polygon","coordinates":[[[12.720868,42.056089],[12.724755,42.055647],[12.729011,42.055098],[12.730926,42.053902],[12.732227,42.049965],[12.732372,42.049725],[12.732882,42.048886],[12.733352,42.048231],[12.73673,42.045974],[12.73863,42.044858],[12.741719,42.043974],[12.747686,42.043],[12.7444,42.040568],[12.744677,42.037907],[12.744697,42.033999],[12.737804,42.028299],[12.729552,42.026686],[12.725802,42.021747],[12.718073,42.020746],[12.712652,42.019315],[12.713059,42.018766],[12.712892,42.016673],[12.711999,42.015081],[12.711969,42.015034],[12.688324,42.009101],[12.684991,42.00847],[12.683546,42.008025],[12.682799,42.007712],[12.681904,42.007335],[12.679324,42.006248],[12.678569,42.005763],[12.678548,42.005725],[12.678484,42.005609],[12.678947,42.002222],[12.67273,41.998323],[12.668212,41.998058],[12.667994,41.999389],[12.66892,42.001507],[12.670047,42.003339],[12.670545,42.004584],[12.671031,42.006527],[12.671005,42.007554],[12.670871,42.009415],[12.673813,42.013673],[12.674377,42.014069],[12.675908,42.016118],[12.67645,42.017049],[12.676546,42.017214],[12.677419,42.018762],[12.678758,42.021465],[12.678772,42.021549],[12.678948,42.022567],[12.678846,42.028304],[12.676218,42.032163],[12.674525,42.034879],[12.673345,42.038743],[12.673131,42.039663],[12.672895,42.041464],[12.672958,42.04217],[12.672973,42.042339],[12.673401,42.043501],[12.67359,42.043971],[12.673755,42.044381],[12.674888,42.046771],[12.675079,42.047161],[12.675339,42.047693],[12.675792,42.048151],[12.677916,42.047583],[12.679845,42.047036],[12.680769,42.046542],[12.683868,42.045371],[12.687699,42.044005],[12.690585,42.043891],[12.69414,42.044324],[12.694666,42.04446],[12.695469,42.044997],[12.696777,42.046567],[12.706227,42.051201],[12.709502,42.052225],[12.7103,42.052546],[12.711049,42.053237],[12.714389,42.056492],[12.715087,42.057217],[12.720868,42.056089]]]}},{"type":"Feature","id":"058099","properties":{"istat":"058099","name":"Sant'Oreste","province":"RM","label":[42.239168,12.519119]},"geometry":{"type":"Polygon","coordinates":[[[12.550446,42.29307],[12.547605,42.287512],[12.540933,42.281024],[12.533745,42.276266],[12.537849,42.274685],[12.54258,42.273603],[12.543753,42.273004],[12.544005,42.272802],[12.54407,42.272382],[12.54282,42.266149],[12.541357,42.263569],[12.540398,42.262667],[12.539793,42.261997],[12.539488,42.261439],[12.53884,42.257537],[12.538683,42.256579],[12.538993,42.256096],[12.546464,42.249422],[12.552317,42.241938],[12.55202,42.235181],[12.551622,42.234189],[12.551415,42.233309],[12.551403,42.23267],[12.552646,42.231564],[12.5592,42.22748],[12.560426,42.226802],[12.559992,42.224263],[12.556479,42.221257],[12.555851,42.220709],[12.552981,42.216935],[12.550711,42.210455],[12.54279,42.190745],[12.543562,42.189564],[12.543577,42.188862],[12.543177,42.187947],[12.542549,42.187273],[12.541985,42.18684],[12.540176,42.186009],[12.538246,42.185217],[12.535786,42.185879],[12.531838,42.188072],[12.524712,42.192879],[12.512178,42.200287],[12.509629,42.205753],[12.50803,42.210283],[12.504395,42.216446],[12.499579,42.219078],[12.494773,42.22112],[12.491139,42.226624],[12.491679,42.227432],[12.492139,42.228274],[12.492297,42.229126],[12.492076,42.232008],[12.488318,42.236972],[12.483768,42.241365],[12.477102,42.248271],[12.479219,42.251476],[12.483214,42.262246],[12.490529,42.26978],[12.495313,42.270255],[12.500707,42.271536],[12.50601,42.274152],[12.506497,42.273524],[12.506941,42.273002],[12.507456,42.272563],[12.512518,42.271809],[12.515452,42.272413],[12.527207,42.27663],[12.528319,42.278257],[12.530838,42.284244],[12.535343,42.294672],[12.535461,42.296014],[12.550446,42.29307]]]}},{"type":"Feature","id":"058097","properties":{"istat":"058097","name":"Santa Marinella","province":"RM","label":[42.042239,11.871354]},"geometry":{"type":"Polygon","coordinates":[[[11.884613,42.082824],[11.899708,42.076801],[11.905438,42.078426],[11.905636,42.079069],[11.905924,42.07926],[11.910391,42.081515],[11.917296,42.084744],[11.918487,42.082237],[11.918924,42.077309],[11.918491,42.068162],[11.918025,42.061694],[11.91676,42.05862],[11.916429,42.056152],[11.917094,42.052643],[11.918138,42.047337],[11.914188,42.04385],[11.916909,42.039723],[11.938446,42.032171],[11.970702,42.02013],[11.979944,42.016647],[11.990473,42.012614],[11.990807,42.012441],[11.997696,42.008878],[11.99792,42.009279],[12.001948,42.017726],[12.003184,42.020629],[12.003431,42.021514],[12.003824,42.022926],[12.003613,42.023824],[12.003175,42.025033],[12.002175,42.026621],[12.001765,42.027384],[12.001478,42.028224],[12.006931,42.031643],[12.008086,42.03232],[12.009547,42.033083],[12.011208,42.029383],[12.011771,42.028514],[12.012565,42.027429],[12.01366,42.026095],[12.014688,42.024848],[12.015512,42.024137],[12.017087,42.021948],[12.018034,42.020536],[12.020775,42.015952],[12.021272,42.01498],[12.021738,42.01386],[12.022126,42.012373],[12.022001,42.011521],[12.021568,42.009281],[12.021286,42.008915],[12.021105,42.008681],[12.020898,42.008584],[12.019969,42.008153],[12.016732,42.00509],[12.011983,42.000176],[12.009711,41.996814],[12.008272,41.99435],[12.006743,41.991391],[12.001236,41.992816],[11.986494,41.995765],[11.983241,41.996204],[11.981206,41.996483],[11.978807,41.996923],[11.976769,41.997994],[11.97671,41.998032],[11.976358,41.998284],[11.974477,41.999854],[11.973861,42.000393],[11.973217,42.001116],[11.97281,42.001699],[11.972594,42.002173],[11.972413,42.002835],[11.971325,42.004993],[11.970745,42.005895],[11.969341,42.007993],[11.968932,42.008603],[11.968006,42.009901],[11.967655,42.010387],[11.965896,42.012243],[11.964911,42.013259],[11.963893,42.014262],[11.963282,42.014661],[11.963169,42.014736],[11.962467,42.015087],[11.961043,42.015761],[11.960421,42.015922],[11.960029,42.015973],[11.959977,42.01598],[11.955053,42.017749],[11.948014,42.021259],[11.940766,42.025127],[11.920367,42.036089],[11.918759,42.037566],[11.914599,42.039304],[11.912926,42.039888],[11.907552,42.040628],[11.889626,42.038444],[11.878498,42.037749],[11.875248,42.037137],[11.874629,42.037017],[11.87305,42.036656],[11.871512,42.036183],[11.871469,42.036138],[11.870889,42.035542],[11.870955,42.035141],[11.871423,42.034511],[11.871626,42.03432],[11.863704,42.03315],[11.854197,42.032477],[11.844995,42.029908],[11.842116,42.029476],[11.836325,42.029007],[11.834513,42.02921],[11.833096,42.030415],[11.832496,42.03144],[11.832427,42.031617],[11.832108,42.03264],[11.830578,42.038868],[11.820274,42.05],[11.820167,42.052145],[11.819456,42.055013],[11.819265,42.055493],[11.818917,42.056123],[11.818404,42.05672],[11.81813,42.05703],[11.82112,42.059045],[11.832244,42.064093],[11.839662,42.066764],[11.842942,42.067439],[11.844694,42.067427],[11.847394,42.068076],[11.853592,42.071002],[11.856341,42.073554],[11.861615,42.07901],[11.863277,42.080761],[11.865462,42.084263],[11.866251,42.086126],[11.866321,42.086601],[11.866245,42.08708],[11.867276,42.091953],[11.867863,42.092664],[11.869066,42.092002],[11.884613,42.082824]]]}},{"type":"Feature","id":"058101","properties":{"istat":"058101","name":"Saracinesco","province":"RM","label":[42.004472,12.952512]},"geometry":{"type":"Polygon","coordinates":[[[12.963006,42.011319],[12.966938,42.001274],[12.967796,41.992922],[12.972279,41.986661],[12.976922,41.981657],[12.976317,41.978905],[12.962618,41.973852],[12.962288,41.974804],[12.961643,41.975731],[12.957626,41.979431],[12.95352,41.983124],[12.949554,41.990267],[12.949334,41.99109],[12.948857,41.992065],[12.948369,41.992946],[12.94557,41.997023],[12.942966,42.000694],[12.936267,42.007671],[12.935685,42.008136],[12.933251,42.009481],[12.930657,42.010481],[12.928763,42.011192],[12.927224,42.011563],[12.926209,42.011397],[12.928233,42.018972],[12.929967,42.021326],[12.931547,42.023275],[12.94024,42.027394],[12.945022,42.028705],[12.945554,42.028642],[12.945717,42.028574],[12.946509,42.028244],[12.94741,42.027646],[12.94802,42.027053],[12.948252,42.026636],[12.949119,42.024067],[12.957845,42.014874],[12.963006,42.011319]]]}},{"type":"Feature","id":"058102","properties":{"istat":"058102","name":"Segni","province":"RM","label":[41.694603,13.005632]},"geometry":{"type":"Polygon","coordinates":[[[13.051276,41.742277],[13.055608,41.740179],[13.055996,41.739693],[13.054603,41.735226],[13.055142,41.729723],[13.058282,41.727312],[13.060752,41.726684],[13.061382,41.726536],[13.060466,41.725478],[13.060383,41.725382],[13.060097,41.725077],[13.058355,41.723221],[13.053994,41.719161],[13.051012,41.71123],[13.043545,41.711327],[13.042307,41.711348],[13.041136,41.711097],[13.040726,41.710746],[13.038619,41.707906],[13.038348,41.707489],[13.038087,41.707026],[13.037578,41.705972],[13.037391,41.705412],[13.037327,41.705085],[13.039316,41.702713],[13.042908,41.698653],[13.046279,41.69527],[13.050091,41.691959],[13.059883,41.684061],[13.063593,41.682874],[13.061935,41.681332],[13.055612,41.677796],[13.049856,41.668779],[13.037578,41.668633],[13.033569,41.668718],[13.020257,41.664111],[13.019323,41.663635],[13.018572,41.663112],[13.017771,41.662528],[13.017175,41.662031],[13.016517,41.661158],[13.015686,41.660052],[13.01509,41.659123],[13.013889,41.657941],[13.013858,41.657914],[13.012765,41.656985],[13.010769,41.655519],[13.00984,41.654863],[13.003494,41.650411],[13.002511,41.649932],[13.001112,41.64936],[12.996021,41.647425],[12.994403,41.646928],[12.991613,41.646314],[12.989964,41.646051],[12.986021,41.645519],[12.980883,41.647021],[12.972694,41.651891],[12.962959,41.657472],[12.954002,41.664589],[12.9511,41.66789],[12.948905,41.669676],[12.943128,41.674175],[12.942719,41.676845],[12.942952,41.686486],[12.947259,41.689732],[12.952116,41.694934],[12.952227,41.694877],[12.953447,41.693518],[12.953855,41.693148],[12.953919,41.693101],[12.954532,41.692648],[12.955193,41.692224],[12.956071,41.691852],[12.957137,41.691567],[12.958187,41.691423],[12.959201,41.691335],[12.959573,41.691303],[12.960801,41.691566],[12.960897,41.691586],[12.962133,41.692043],[12.962939,41.692749],[12.963628,41.693383],[12.963995,41.693955],[12.964127,41.694329],[12.96578,41.699454],[12.966046,41.702848],[12.965079,41.706056],[12.964789,41.707246],[12.964573,41.708748],[12.964547,41.710739],[12.964693,41.711846],[12.965296,41.712541],[12.966266,41.71303],[12.973769,41.715584],[12.97672,41.715833],[12.98504,41.714585],[12.994117,41.716093],[12.997663,41.714542],[13.003932,41.714346],[13.008202,41.716732],[13.012419,41.720525],[13.015065,41.723043],[13.015174,41.723601],[13.015392,41.724383],[13.016137,41.726634],[13.016177,41.726742],[13.016309,41.727102],[13.016615,41.727941],[13.017223,41.729311],[13.019136,41.73317],[13.023443,41.741667],[13.024186,41.742213],[13.025261,41.742788],[13.03106,41.743516],[13.032263,41.743465],[13.034368,41.743278],[13.03989,41.743426],[13.041631,41.743464],[13.051276,41.742277]]]}},{"type":"Feature","id":"058103","properties":{"istat":"058103","name":"Subiaco","province":"RM","label":[41.92993,13.1076]},"geometry":{"type":"Polygon","coordinates":[[[13.163167,41.965145],[13.16958,41.963286],[13.17562,41.960853],[13.181479,41.958153],[13.184832,41.957342],[13.194128,41.957168],[13.203892,41.954515],[13.201522,41.949496],[13.200845,41.948702],[13.200594,41.948444],[13.200504,41.948353],[13.20048,41.948329],[13.200432,41.948307],[13.199898,41.948084],[13.191595,41.947307],[13.18998,41.947254],[13.188375,41.947263],[13.187936,41.947266],[13.187591,41.947269],[13.182292,41.947381],[13.178418,41.947824],[13.176753,41.947853],[13.175897,41.946147],[13.175218,41.94479],[13.174721,41.943794],[13.176921,41.940707],[13.172438,41.934714],[13.169485,41.934553],[13.167794,41.933786],[13.159121,41.927119],[13.155884,41.923499],[13.155798,41.922733],[13.15523,41.921115],[13.151021,41.913992],[13.150384,41.913083],[13.149392,41.911948],[13.145984,41.908898],[13.144956,41.908205],[13.141807,41.90329],[13.137674,41.896142],[13.137414,41.895543],[13.137602,41.894879],[13.137839,41.894245],[13.138399,41.89314],[13.130818,41.894818],[13.12505,41.896264],[13.123755,41.896441],[13.122452,41.896461],[13.12166,41.89634],[13.120553,41.894539],[13.116954,41.894707],[13.116838,41.894713],[13.115219,41.894857],[13.113569,41.895217],[13.112068,41.895807],[13.111113,41.896323],[13.109513,41.897307],[13.10824,41.89809],[13.103845,41.900793],[13.096166,41.90444],[13.09531,41.904826],[13.078256,41.910683],[13.070907,41.911674],[13.062345,41.912065],[13.059087,41.913826],[13.052796,41.926403],[13.052565,41.927289],[13.052282,41.932571],[13.053058,41.93443],[13.053326,41.934798],[13.053637,41.935224],[13.054025,41.935535],[13.054715,41.935474],[13.05539,41.935495],[13.055572,41.935867],[13.056308,41.93743],[13.055459,41.941575],[13.054956,41.942232],[13.054004,41.943396],[13.051475,41.946434],[13.051276,41.949386],[13.051325,41.950946],[13.054458,41.953431],[13.055203,41.954258],[13.057441,41.957171],[13.061373,41.961373],[13.067113,41.961066],[13.070447,41.960939],[13.076708,41.961405],[13.077934,41.96156],[13.079697,41.961907],[13.081939,41.962385],[13.098665,41.963356],[13.112449,41.963059],[13.121319,41.960134],[13.139975,41.96341],[13.140437,41.963708],[13.143113,41.96629],[13.144333,41.967507],[13.144745,41.967793],[13.144899,41.967856],[13.145271,41.967998],[13.145619,41.968122],[13.14633,41.968164],[13.150822,41.968055],[13.163167,41.965145]]]}},{"type":"Feature","id":"058104","properties":{"istat":"058104","name":"Tivoli","province":"RM","label":[41.960883,12.793983]},"geometry":{"type":"Polygon","coordinates":[[[12.825845,42.005017],[12.827899,42.001787],[12.833401,41.997624],[12.844206,41.988388],[12.845468,41.987764],[12.845973,41.98577],[12.844153,41.983469],[12.833966,41.971203],[12.826847,41.963042],[12.825177,41.961894],[12.824798,41.961371],[12.824773,41.961336],[12.823713,41.958823],[12.823498,41.956619],[12.824349,41.953953],[12.824854,41.952432],[12.825983,41.950967],[12.826897,41.950689],[12.827955,41.950512],[12.828208,41.95047],[12.828869,41.950538],[12.831232,41.950945],[12.844866,41.948395],[12.845734,41.948055],[12.846521,41.947619],[12.84797,41.946481],[12.847023,41.94559],[12.843798,41.943164],[12.840502,41.939361],[12.83891,41.934737],[12.83529,41.929752],[12.830393,41.923023],[12.826741,41.920831],[12.822682,41.918968],[12.820217,41.918165],[12.813694,41.916639],[12.812355,41.916632],[12.807092,41.916631],[12.803852,41.917583],[12.791775,41.920866],[12.783583,41.922668],[12.772038,41.927903],[12.763516,41.926914],[12.75179,41.924783],[12.751242,41.925632],[12.750865,41.926171],[12.750649,41.926466],[12.750616,41.926502],[12.750575,41.926535],[12.749851,41.927045],[12.745608,41.929934],[12.744584,41.930558],[12.743739,41.93081],[12.736674,41.93267],[12.730132,41.931275],[12.726019,41.928186],[12.717457,41.92997],[12.706881,41.933761],[12.698679,41.936395],[12.696914,41.935109],[12.693049,41.933815],[12.689732,41.935874],[12.690881,41.940088],[12.693997,41.941988],[12.699305,41.943815],[12.707346,41.946705],[12.707558,41.946919],[12.711901,41.95867],[12.712535,41.960431],[12.713639,41.963497],[12.71383,41.964029],[12.714415,41.965963],[12.714217,41.966853],[12.713851,41.967998],[12.713724,41.969156],[12.714322,41.97134],[12.714551,41.97202],[12.714633,41.97203],[12.717066,41.972322],[12.717351,41.972355],[12.717572,41.972354],[12.719525,41.972317],[12.720976,41.972228],[12.722453,41.972114],[12.723264,41.97204],[12.724118,41.967447],[12.72485,41.964248],[12.725867,41.960038],[12.728141,41.952323],[12.728833,41.952182],[12.728912,41.952176],[12.729679,41.952133],[12.729726,41.952131],[12.729861,41.952124],[12.732747,41.952054],[12.734204,41.952128],[12.738852,41.953119],[12.739857,41.953349],[12.740304,41.953451],[12.740456,41.953486],[12.740529,41.953503],[12.740741,41.953589],[12.740947,41.953673],[12.748891,41.955278],[12.757335,41.956661],[12.757754,41.956716],[12.758066,41.956756],[12.759229,41.956843],[12.760848,41.956859],[12.761975,41.956488],[12.763768,41.962083],[12.76419,41.964388],[12.764802,41.970871],[12.772754,41.974656],[12.778289,41.980821],[12.76992,41.982079],[12.765499,41.990281],[12.763741,41.991015],[12.760293,41.993863],[12.757144,41.999292],[12.756507,42.000397],[12.756473,42.001693],[12.756561,42.002245],[12.765394,42.00075],[12.772285,42.00121],[12.775348,42.002999],[12.778244,42.003828],[12.784999,42.002186],[12.786245,42.001766],[12.787509,42.001162],[12.788212,42.000715],[12.788734,41.999617],[12.788655,41.999102],[12.787981,41.998341],[12.78858,41.996399],[12.789965,41.993697],[12.790244,41.993215],[12.793089,41.991333],[12.794379,41.990692],[12.795553,41.99059],[12.803141,41.990392],[12.803752,41.991232],[12.804486,41.992365],[12.804961,41.993641],[12.805206,41.998104],[12.804809,41.999126],[12.803379,42.001061],[12.8079,42.004741],[12.825548,42.005641],[12.825845,42.005017]]]}},{"type":"Feature","id":"058105","properties":{"istat":"058105","name":"Tolfa","province":"RM","label":[42.124101,11.976488]},"geometry":{"type":"Polygon","coordinates":[[[11.912971,42.2363],[11.912867,42.236227],[11.912399,42.235898],[11.912284,42.235689],[11.912117,42.235384],[11.912027,42.235219],[11.912052,42.234674],[11.912337,42.234022],[11.913142,42.23334],[11.914374,42.23298],[11.916489,42.232611],[11.917311,42.232533],[11.918075,42.231522],[11.920206,42.229745],[11.924827,42.227117],[11.926781,42.226378],[11.929434,42.225613],[11.943165,42.219457],[11.952067,42.21432],[11.955046,42.212133],[11.966367,42.210953],[11.970551,42.212614],[11.974368,42.211012],[11.979725,42.204703],[11.983855,42.198701],[11.98649,42.194032],[11.987881,42.188592],[11.990596,42.184024],[11.994557,42.177796],[11.997381,42.172512],[11.997718,42.171503],[11.99891,42.167372],[12.000531,42.161481],[12.002266,42.158464],[12.007446,42.157725],[12.024196,42.153794],[12.029594,42.152753],[12.029664,42.15266],[12.029923,42.152319],[12.030641,42.152165],[12.031498,42.151997],[12.034751,42.151579],[12.039536,42.152893],[12.043882,42.153967],[12.044486,42.153924],[12.045678,42.153797],[12.048373,42.153469],[12.050861,42.153101],[12.05079,42.15241],[12.049412,42.148385],[12.049075,42.14744],[12.048462,42.146227],[12.04824,42.145902],[12.04785,42.145338],[12.04729,42.144641],[12.046962,42.144231],[12.041015,42.138342],[12.040474,42.138123],[12.037784,42.137807],[12.028575,42.127379],[12.029594,42.121603],[12.032293,42.12136],[12.035332,42.120181],[12.036097,42.11972],[12.039695,42.115032],[12.039953,42.112841],[12.043301,42.107507],[12.049938,42.099631],[12.053373,42.096481],[12.05549,42.094688],[12.055862,42.094124],[12.057069,42.092309],[12.058136,42.091619],[12.059279,42.091003],[12.06126,42.089977],[12.062344,42.089615],[12.063961,42.089275],[12.068903,42.088485],[12.069881,42.088468],[12.071041,42.088455],[12.074876,42.086542],[12.075285,42.085684],[12.059275,42.077126],[12.058935,42.077145],[12.058599,42.077162],[12.057685,42.077205],[12.0554,42.077238],[12.050821,42.07727],[12.032544,42.076539],[12.022274,42.075595],[12.018157,42.071381],[12.007571,42.064045],[12.006156,42.063749],[12.00493,42.063142],[12.000991,42.060579],[11.994886,42.055921],[11.994838,42.055699],[11.994929,42.055047],[11.995294,42.053299],[11.995591,42.052546],[11.995658,42.052377],[11.995747,42.052153],[11.996805,42.049748],[11.997805,42.048407],[12.004932,42.038862],[12.008705,42.033906],[12.009547,42.033083],[12.008086,42.03232],[12.006931,42.031643],[12.001478,42.028224],[12.001765,42.027384],[12.002175,42.026621],[12.003175,42.025033],[12.003613,42.023824],[12.003824,42.022926],[12.003431,42.021514],[12.003184,42.020629],[12.001948,42.017726],[11.99792,42.009279],[11.997696,42.008878],[11.990807,42.012441],[11.990473,42.012614],[11.979944,42.016647],[11.970702,42.02013],[11.938446,42.032171],[11.916909,42.039723],[11.914188,42.04385],[11.918138,42.047337],[11.917094,42.052643],[11.916429,42.056152],[11.91676,42.05862],[11.918025,42.061694],[11.918491,42.068162],[11.918924,42.077309],[11.918487,42.082237],[11.917296,42.084744],[11.91905,42.085041],[11.924543,42.085964],[11.930143,42.086803],[11.930673,42.086842],[11.932364,42.086962],[11.933937,42.087066],[11.934135,42.087079],[11.9346,42.087069],[11.9362,42.087035],[11.951171,42.091045],[11.958861,42.08616],[11.959702,42.085764],[11.961729,42.085455],[11.962877,42.085682],[11.964014,42.087251],[11.965061,42.08898],[11.968245,42.094472],[11.97348,42.107916],[11.973509,42.108807],[11.973333,42.109433],[11.971865,42.11192],[11.971064,42.113112],[11.970018,42.114274],[11.967976,42.116416],[11.967271,42.1171],[11.953879,42.119895],[11.948846,42.120921],[11.935496,42.119953],[11.934716,42.119838],[11.927112,42.12015],[11.926087,42.120221],[11.925807,42.12034],[11.925197,42.120599],[11.924736,42.121102],[11.924348,42.122359],[11.923298,42.125844],[11.923593,42.126732],[11.929614,42.131658],[11.931736,42.131477],[11.932852,42.131287],[11.936534,42.130242],[11.938985,42.129464],[11.941963,42.128995],[11.943519,42.129131],[11.947854,42.130037],[11.948198,42.130407],[11.949846,42.132805],[11.949857,42.133048],[11.948131,42.135703],[11.934578,42.138546],[11.925377,42.139438],[11.920222,42.139164],[11.919556,42.138641],[11.918582,42.138234],[11.91835,42.138213],[11.918034,42.138184],[11.917586,42.138412],[11.916898,42.138988],[11.915225,42.14048],[11.914368,42.141312],[11.913792,42.141948],[11.916409,42.149397],[11.919838,42.154487],[11.917885,42.156487],[11.92357,42.166167],[11.925237,42.169472],[11.924948,42.172241],[11.923252,42.175045],[11.922711,42.177503],[11.922362,42.179836],[11.924695,42.188759],[11.925059,42.189826],[11.925568,42.190353],[11.923041,42.19229],[11.913498,42.195154],[11.912602,42.195159],[11.911761,42.195045],[11.910099,42.194718],[11.908742,42.194428],[11.899037,42.202522],[11.888128,42.208957],[11.87848,42.217629],[11.873477,42.218691],[11.876627,42.220314],[11.879032,42.221984],[11.881533,42.224828],[11.881622,42.225103],[11.881869,42.225875],[11.8819,42.225971],[11.881581,42.226709],[11.879995,42.227018],[11.879672,42.227081],[11.879366,42.22803],[11.880793,42.229097],[11.881351,42.229362],[11.882737,42.230003],[11.88318,42.229896],[11.890201,42.230287],[11.89242,42.233293],[11.897625,42.237408],[11.910107,42.240365],[11.912971,42.2363]]]}},{"type":"Feature","id":"058106","properties":{"istat":"058106","name":"Torrita Tiberina","province":"RM","label":[42.228562,12.629448]},"geometry":{"type":"Polygon","coordinates":[[[12.614417,42.254849],[12.616963,42.252576],[12.618292,42.251426],[12.620184,42.250079],[12.621549,42.249567],[12.623352,42.248988],[12.62442,42.248662],[12.625793,42.248537],[12.627127,42.248508],[12.63253,42.244362],[12.634081,42.238874],[12.639432,42.237048],[12.640307,42.236362],[12.640646,42.236063],[12.641299,42.234827],[12.641743,42.233277],[12.641795,42.23164],[12.641799,42.23147],[12.641792,42.231212],[12.641782,42.230917],[12.641131,42.229231],[12.640944,42.228923],[12.640834,42.228742],[12.640617,42.228383],[12.639779,42.227446],[12.63935,42.225646],[12.638304,42.219907],[12.637605,42.214594],[12.637565,42.213056],[12.637551,42.212129],[12.637586,42.211056],[12.637542,42.209815],[12.637296,42.208296],[12.637233,42.208006],[12.635251,42.207245],[12.630798,42.206246],[12.623876,42.205633],[12.620991,42.20603],[12.619708,42.205679],[12.618931,42.205339],[12.618832,42.205295],[12.618742,42.205255],[12.618488,42.205121],[12.61696,42.204316],[12.614269,42.202785],[12.613902,42.202508],[12.613186,42.201968],[12.611454,42.205796],[12.610419,42.20627],[12.609193,42.207326],[12.606108,42.210115],[12.605172,42.211149],[12.605265,42.211871],[12.605719,42.212397],[12.607089,42.212997],[12.608141,42.213392],[12.608577,42.213526],[12.609362,42.213768],[12.610689,42.213595],[12.612178,42.213296],[12.618156,42.215381],[12.62182,42.221996],[12.615778,42.232866],[12.615053,42.233475],[12.614743,42.233628],[12.614049,42.23374],[12.612638,42.233875],[12.610701,42.233832],[12.608272,42.233324],[12.607359,42.233105],[12.60644,42.233341],[12.605322,42.233772],[12.604552,42.234269],[12.604067,42.235439],[12.604074,42.235997],[12.605299,42.241439],[12.605653,42.24264],[12.605165,42.244659],[12.604676,42.246025],[12.604156,42.246978],[12.604103,42.247036],[12.603537,42.247659],[12.602984,42.248163],[12.604576,42.250715],[12.610301,42.254505],[12.614417,42.254849]]]}},{"type":"Feature","id":"058107","properties":{"istat":"058107","name":"Trevignano Romano","province":"RM","label":[42.151088,12.251317]},"geometry":{"type":"Polygon","coordinates":[[[12.272652,42.176118],[12.271968,42.174373],[12.271882,42.173637],[12.272061,42.173123],[12.272662,42.172331],[12.273539,42.171744],[12.274365,42.17154],[12.275429,42.17128],[12.277813,42.171252],[12.280865,42.171732],[12.282283,42.17198],[12.282993,42.172319],[12.283164,42.1724],[12.283793,42.172864],[12.284337,42.173317],[12.296468,42.167381],[12.298953,42.164225],[12.299215,42.163916],[12.299833,42.163452],[12.304977,42.16018],[12.305974,42.159804],[12.306621,42.159668],[12.303251,42.155848],[12.303049,42.155463],[12.302664,42.154344],[12.302536,42.153514],[12.302793,42.152868],[12.302966,42.1527],[12.304727,42.151412],[12.305773,42.150764],[12.308876,42.149036],[12.30937,42.148774],[12.309741,42.148651],[12.307297,42.140935],[12.301503,42.137472],[12.291437,42.137047],[12.287033,42.136379],[12.285122,42.135758],[12.23457,42.120113],[12.202079,42.140399],[12.191892,42.147167],[12.192035,42.147594],[12.192088,42.147672],[12.192291,42.147974],[12.192334,42.148039],[12.192363,42.148081],[12.192919,42.148561],[12.193257,42.14878],[12.193846,42.14916],[12.193907,42.1492],[12.198798,42.151855],[12.20335,42.154267],[12.204399,42.154688],[12.205609,42.155118],[12.210482,42.155995],[12.213909,42.156685],[12.218036,42.158147],[12.220733,42.160552],[12.225956,42.167375],[12.228391,42.171584],[12.229365,42.173825],[12.228097,42.175793],[12.227967,42.177746],[12.229908,42.180451],[12.235274,42.177153],[12.242939,42.176909],[12.244716,42.176854],[12.245231,42.17684],[12.246296,42.176809],[12.246567,42.176802],[12.248249,42.176768],[12.249967,42.176764],[12.252168,42.177143],[12.255889,42.17819],[12.257358,42.178724],[12.264542,42.180447],[12.271424,42.181916],[12.274206,42.177875],[12.273374,42.177228],[12.273195,42.177054],[12.273004,42.176865],[12.272652,42.176118]]]}},{"type":"Feature","id":"058108","properties":{"istat":"058108","name":"Vallepietra","province":"RM","label":[41.92444,13.233166]},"geometry":{"type":"Polygon","coordinates":[[[13.245546,41.970627],[13.252269,41.969207],[13.257288,41.968445],[13.2596,41.9686],[13.261092,41.968353],[13.262331,41.968036],[13.263611,41.967552],[13.265419,41.96676],[13.266847,41.965698],[13.269452,41.962198],[13.273344,41.959257],[13.284142,41.951669],[13.286035,41.950369],[13.287218,41.949892],[13.28774,41.949773],[13.288517,41.949596],[13.294169,41.948493],[13.295027,41.948434],[13.295448,41.948477],[13.295663,41.948508],[13.295723,41.948517],[13.296273,41.948612],[13.292273,41.941766],[13.287646,41.938509],[13.283863,41.936142],[13.279286,41.932604],[13.276989,41.93056],[13.275772,41.92605],[13.275009,41.926173],[13.273518,41.926017],[13.272068,41.925759],[13.271465,41.925652],[13.271081,41.925292],[13.270724,41.924955],[13.270077,41.923926],[13.269717,41.92294],[13.268489,41.919312],[13.263797,41.915799],[13.253478,41.916147],[13.243379,41.915499],[13.240547,41.904025],[13.241972,41.902203],[13.243048,41.901604],[13.245415,41.900166],[13.245664,41.899401],[13.245296,41.898727],[13.245155,41.898468],[13.245044,41.898267],[13.244381,41.897418],[13.24375,41.896662],[13.236036,41.889645],[13.23528,41.889024],[13.235094,41.888874],[13.226423,41.883787],[13.213194,41.875414],[13.209002,41.87325],[13.207753,41.872634],[13.206628,41.872346],[13.20428,41.872302],[13.203206,41.872332],[13.203428,41.872594],[13.204593,41.874478],[13.204946,41.875213],[13.206945,41.884324],[13.207638,41.889259],[13.207224,41.899287],[13.203269,41.901044],[13.20143,41.905564],[13.201036,41.906745],[13.20095,41.907229],[13.201658,41.91035],[13.201859,41.91091],[13.202124,41.911135],[13.202879,41.911494],[13.203319,41.911744],[13.203965,41.912395],[13.203603,41.914925],[13.202967,41.916538],[13.20134,41.919519],[13.199855,41.920884],[13.190919,41.928986],[13.183436,41.935999],[13.184249,41.942182],[13.182471,41.943179],[13.178258,41.944156],[13.176875,41.944414],[13.174721,41.943794],[13.175218,41.94479],[13.175897,41.946147],[13.176753,41.947853],[13.178418,41.947824],[13.182292,41.947381],[13.187591,41.947269],[13.187936,41.947266],[13.188375,41.947263],[13.18998,41.947254],[13.191595,41.947307],[13.199898,41.948084],[13.200432,41.948307],[13.20048,41.948329],[13.200504,41.948353],[13.200594,41.948444],[13.200845,41.948702],[13.201522,41.949496],[13.203892,41.954515],[13.203434,41.958318],[13.204428,41.959456],[13.213339,41.966998],[13.216739,41.969719],[13.223842,41.972091],[13.231166,41.974778],[13.234278,41.976992],[13.237155,41.974489],[13.238895,41.973273],[13.241688,41.971834],[13.245546,41.970627]]]}},{"type":"Feature","id":"058109","properties":{"istat":"058109","name":"Vallinfreda","province":"RM","label":[42.095515,12.977359]},"geometry":{"type":"Polygon","coordinates":[[[12.98714,42.104091],[12.997932,42.097396],[13.001288,42.093738],[13.001193,42.093304],[13.001734,42.092619],[13.002182,42.092359],[13.002559,42.09214],[13.003063,42.091915],[13.004976,42.091812],[13.007213,42.091806],[13.022511,42.092108],[13.024093,42.092184],[13.019336,42.079124],[13.018408,42.07753],[13.018036,42.077025],[13.016868,42.076494],[13.015337,42.075981],[13.009574,42.076601],[12.996726,42.076168],[12.987308,42.075069],[12.982792,42.074159],[12.975975,42.073456],[12.973164,42.073187],[12.969705,42.074756],[12.96678,42.077415],[12.96401,42.079356],[12.95801,42.082126],[12.950535,42.087115],[12.95038,42.08726],[12.950037,42.087583],[12.949058,42.088692],[12.948614,42.089342],[12.951088,42.091479],[12.956809,42.097291],[12.958609,42.102074],[12.963866,42.111822],[12.966995,42.117252],[12.967377,42.120052],[12.970676,42.118254],[12.971708,42.117718],[12.972115,42.117506],[12.973493,42.116792],[12.975119,42.116236],[12.976407,42.116061],[12.98443,42.110222],[12.98714,42.104091]]]}},{"type":"Feature","id":"058110","properties":{"istat":"058110","name":"Valmontone","province":"RM","label":[41.775145,12.911204]},"geometry":{"type":"Polygon","coordinates":[[[12.908068,41.800326],[12.908626,41.798678],[12.909342,41.797415],[12.909878,41.797217],[12.910666,41.79705],[12.911144,41.797138],[12.919274,41.794902],[12.925073,41.791799],[12.934346,41.787092],[12.934602,41.786989],[12.934919,41.786888],[12.935462,41.786824],[12.935257,41.787966],[12.935041,41.78872],[12.944227,41.788198],[12.949185,41.787543],[12.957199,41.78672],[12.958872,41.786694],[12.959009,41.785807],[12.960538,41.782715],[12.963044,41.781726],[12.966053,41.780686],[12.969097,41.779214],[12.974031,41.776085],[12.976244,41.774581],[12.976615,41.774285],[12.97697,41.773732],[12.977349,41.773107],[12.977821,41.771929],[12.97832,41.770925],[12.979697,41.769617],[12.981735,41.767916],[12.982939,41.767127],[12.983318,41.766952],[12.982006,41.761996],[12.978569,41.75497],[12.97837,41.754797],[12.975595,41.75275],[12.973494,41.751873],[12.970784,41.751911],[12.967548,41.753212],[12.965597,41.753377],[12.964994,41.753428],[12.96493,41.753433],[12.963803,41.75305],[12.962421,41.75258],[12.961194,41.752162],[12.956252,41.750217],[12.948673,41.748759],[12.948597,41.748748],[12.948419,41.748723],[12.947128,41.74855],[12.943868,41.748194],[12.937716,41.747689],[12.93065,41.749847],[12.928409,41.751007],[12.923075,41.753025],[12.916401,41.753745],[12.916108,41.753774],[12.915338,41.753849],[12.914575,41.75383],[12.914245,41.753822],[12.914198,41.75382],[12.913823,41.75358],[12.913702,41.753503],[12.909889,41.752581],[12.904552,41.751574],[12.903553,41.751398],[12.903415,41.751374],[12.899434,41.751048],[12.891111,41.750707],[12.876238,41.750419],[12.872272,41.752312],[12.857682,41.757374],[12.85331,41.760452],[12.854813,41.767326],[12.850062,41.769813],[12.847846,41.769536],[12.847104,41.769804],[12.846848,41.770249],[12.84685,41.770925],[12.847014,41.77571],[12.851708,41.776381],[12.860997,41.777833],[12.861913,41.778509],[12.862667,41.778984],[12.867357,41.780509],[12.871325,41.781321],[12.872134,41.781222],[12.873655,41.780725],[12.874884,41.7803],[12.876443,41.779726],[12.87736,41.779271],[12.877776,41.779064],[12.878,41.778835],[12.877879,41.778524],[12.877817,41.778193],[12.878175,41.777947],[12.879131,41.777748],[12.882485,41.77709],[12.884383,41.776792],[12.888197,41.777194],[12.888926,41.777714],[12.889368,41.778369],[12.889591,41.778704],[12.891519,41.781948],[12.892091,41.786895],[12.892214,41.788255],[12.89174,41.791539],[12.890478,41.79386],[12.889221,41.796217],[12.889115,41.796901],[12.889241,41.797801],[12.889736,41.798514],[12.892361,41.800325],[12.893501,41.800781],[12.894892,41.800959],[12.896477,41.801076],[12.897338,41.80102],[12.898056,41.801018],[12.899343,41.801024],[12.904488,41.801943],[12.905263,41.802173],[12.906792,41.802896],[12.907158,41.803126],[12.908068,41.800326]]]}},{"type":"Feature","id":"058111","properties":{"istat":"058111","name":"Velletri","province":"RM","label":[41.654835,12.782761]},"geometry":{"type":"Polygon","coordinates":[[[12.792409,41.73553],[12.800747,41.731512],[12.802033,41.726243],[12.804683,41.720862],[12.80899,41.713814],[12.812993,41.708686],[12.809786,41.700795],[12.807639,41.695616],[12.807734,41.695064],[12.807933,41.694942],[12.808034,41.694883],[12.808591,41.694795],[12.817646,41.694958],[12.821424,41.695616],[12.823522,41.696164],[12.826106,41.696861],[12.826736,41.69707],[12.830372,41.699754],[12.82976,41.698968],[12.829637,41.698675],[12.829694,41.698051],[12.829715,41.697831],[12.829965,41.696827],[12.830271,41.69593],[12.832561,41.689294],[12.835124,41.679136],[12.837568,41.672193],[12.83876,41.670031],[12.839426,41.668619],[12.839852,41.667119],[12.839911,41.66677],[12.839925,41.666338],[12.839928,41.665905],[12.83993,41.665473],[12.839751,41.664782],[12.840407,41.658244],[12.839648,41.656354],[12.838135,41.653908],[12.835032,41.652274],[12.834748,41.652733],[12.832617,41.655763],[12.830162,41.658798],[12.829135,41.658994],[12.827117,41.658436],[12.826371,41.657952],[12.823778,41.655989],[12.818849,41.650612],[12.818684,41.650158],[12.819358,41.648677],[12.820017,41.648002],[12.822539,41.645874],[12.824914,41.644014],[12.825067,41.643912],[12.825466,41.643448],[12.825529,41.642631],[12.825195,41.641508],[12.824742,41.641059],[12.823712,41.640607],[12.815929,41.63821],[12.815735,41.638181],[12.815355,41.638126],[12.814137,41.638328],[12.813302,41.638509],[12.809252,41.635442],[12.810397,41.628916],[12.810084,41.622579],[12.807961,41.620384],[12.803275,41.62126],[12.802726,41.621361],[12.80191,41.621512],[12.796129,41.622534],[12.791596,41.621651],[12.785783,41.618493],[12.781658,41.611479],[12.780919,41.608167],[12.778522,41.602149],[12.778331,41.601741],[12.777472,41.600581],[12.776064,41.598855],[12.774693,41.598052],[12.773855,41.59789],[12.772991,41.597595],[12.772363,41.597336],[12.771908,41.596986],[12.7712,41.596298],[12.770821,41.595779],[12.769752,41.594045],[12.769453,41.593339],[12.768798,41.589714],[12.768778,41.589085],[12.768729,41.587564],[12.767069,41.584068],[12.761029,41.577447],[12.757461,41.574173],[12.755854,41.572736],[12.752297,41.577782],[12.746209,41.578697],[12.745725,41.578686],[12.744675,41.578661],[12.738298,41.579202],[12.736582,41.579582],[12.735746,41.57979],[12.733384,41.580501],[12.732921,41.580661],[12.732828,41.580731],[12.732688,41.580839],[12.732572,41.581032],[12.732393,41.581353],[12.732319,41.581747],[12.732602,41.582469],[12.733226,41.584064],[12.733398,41.584447],[12.733767,41.584973],[12.736563,41.588012],[12.738299,41.589581],[12.738837,41.590433],[12.740341,41.593121],[12.740362,41.59323],[12.740489,41.594088],[12.740594,41.594902],[12.740659,41.595406],[12.740721,41.596233],[12.740774,41.596956],[12.740992,41.60241],[12.740719,41.603009],[12.740244,41.603538],[12.739295,41.603889],[12.737736,41.604236],[12.736998,41.604373],[12.736806,41.604372],[12.735583,41.604365],[12.734427,41.604155],[12.726503,41.600786],[12.724878,41.599731],[12.723543,41.59723],[12.72293,41.595677],[12.722615,41.595381],[12.720278,41.593948],[12.719261,41.593531],[12.715987,41.593511],[12.71372,41.593512],[12.703181,41.595329],[12.697535,41.605831],[12.697488,41.610032],[12.706062,41.611247],[12.713257,41.611361],[12.714001,41.611378],[12.714253,41.611475],[12.714459,41.611555],[12.71471,41.611652],[12.716913,41.612548],[12.717984,41.613243],[12.720556,41.615344],[12.720678,41.615445],[12.722119,41.616644],[12.722497,41.617292],[12.7227,41.61764],[12.723399,41.618896],[12.722773,41.619641],[12.721948,41.620235],[12.720073,41.621354],[12.719521,41.621664],[12.721112,41.627707],[12.723736,41.628598],[12.725685,41.629746],[12.726871,41.63085],[12.733323,41.637392],[12.733343,41.637806],[12.732533,41.639034],[12.73234,41.639267],[12.732106,41.639548],[12.728064,41.642466],[12.727407,41.64274],[12.725372,41.643269],[12.725161,41.643101],[12.725089,41.642815],[12.725004,41.642138],[12.724645,41.639933],[12.723926,41.637288],[12.723554,41.636597],[12.722465,41.634782],[12.722283,41.634482],[12.721982,41.633985],[12.721841,41.633753],[12.721263,41.633488],[12.718614,41.635731],[12.717992,41.636683],[12.717934,41.636995],[12.717769,41.637883],[12.717641,41.638793],[12.717445,41.643337],[12.721093,41.647136],[12.724078,41.647296],[12.725144,41.647352],[12.725591,41.646994],[12.725749,41.646868],[12.729113,41.646048],[12.732739,41.64579],[12.734969,41.646328],[12.737435,41.646923],[12.742895,41.64826],[12.742712,41.661093],[12.736608,41.667439],[12.733896,41.673078],[12.736026,41.677655],[12.724379,41.679819],[12.716454,41.682271],[12.71612,41.6825],[12.715752,41.682753],[12.71215,41.685742],[12.707424,41.68983],[12.70564,41.691418],[12.706813,41.694912],[12.711985,41.701569],[12.715874,41.706062],[12.719737,41.712425],[12.720256,41.713723],[12.720784,41.715444],[12.721466,41.718582],[12.722353,41.723475],[12.722605,41.725524],[12.722423,41.726192],[12.722389,41.726229],[12.722198,41.726427],[12.721815,41.726826],[12.719311,41.729237],[12.73118,41.729482],[12.751967,41.72984],[12.757915,41.727885],[12.758211,41.727789],[12.761307,41.726779],[12.77148,41.723723],[12.774075,41.724343],[12.77723,41.725612],[12.782552,41.73093],[12.784136,41.734164],[12.788312,41.738272],[12.792409,41.73553]]]}},{"type":"Feature","id":"058112","properties":{"istat":"058112","name":"Vicovaro","province":"RM","label":[42.014731,12.89073]},"geometry":{"type":"Polygon","coordinates":[[[12.87703,42.042758],[12.886191,42.041584],[12.903232,42.039582],[12.905078,42.037484],[12.905128,42.034799],[12.905223,42.030784],[12.908111,42.023784],[12.911572,42.018065],[12.925846,42.01905],[12.928233,42.018972],[12.926209,42.011397],[12.926426,42.009548],[12.926601,42.008468],[12.926864,42.006845],[12.927937,42.004716],[12.928739,42.003125],[12.929821,42.001212],[12.930103,42.000715],[12.931234,41.999816],[12.932187,41.997969],[12.933628,41.993359],[12.930742,41.991882],[12.93008,41.991815],[12.928533,41.992071],[12.923334,41.99174],[12.91819,41.990346],[12.914948,41.989037],[12.914172,41.988393],[12.912946,41.987223],[12.912673,41.986963],[12.910561,41.984826],[12.909817,41.98647],[12.909361,41.987098],[12.908882,41.987371],[12.907551,41.987804],[12.90676,41.988051],[12.900887,41.989656],[12.896241,41.990732],[12.894731,41.990761],[12.890413,41.990273],[12.889928,41.989979],[12.889752,41.989445],[12.889588,41.988901],[12.889569,41.988876],[12.887419,41.986274],[12.886188,41.984784],[12.882798,41.985129],[12.881622,41.985276],[12.880418,41.985674],[12.88003,41.985829],[12.87898,41.986298],[12.878855,41.986396],[12.878237,41.986881],[12.877378,41.987732],[12.877201,41.987907],[12.876715,41.988328],[12.87626,41.988591],[12.875365,41.989062],[12.875216,41.98914],[12.873976,41.989403],[12.871335,41.989321],[12.870409,41.989212],[12.869918,41.989094],[12.867149,41.988152],[12.861272,41.985923],[12.852618,41.983387],[12.852362,41.983814],[12.851915,41.984536],[12.851619,41.984726],[12.849796,41.985743],[12.845973,41.98577],[12.845468,41.987764],[12.846984,41.990127],[12.848197,41.992537],[12.849485,41.99662],[12.853322,42.005177],[12.853839,42.006672],[12.854698,42.010929],[12.853823,42.020792],[12.853357,42.02209],[12.852026,42.025719],[12.850372,42.026787],[12.849808,42.026689],[12.847474,42.026412],[12.846726,42.026397],[12.846023,42.026438],[12.845512,42.026581],[12.84226,42.028059],[12.841203,42.02859],[12.840147,42.029147],[12.839062,42.029765],[12.827515,42.036841],[12.828217,42.03788],[12.828808,42.038594],[12.830168,42.040152],[12.830648,42.040649],[12.831169,42.04092],[12.837102,42.042319],[12.838343,42.042413],[12.840577,42.042455],[12.847184,42.041788],[12.847706,42.041734],[12.848216,42.041663],[12.851401,42.038931],[12.858865,42.041143],[12.867659,42.042251],[12.87703,42.042758]]]}},{"type":"Feature","id":"058113","properties":{"istat":"058113","name":"Vivaro Romano","province":"RM","label":[42.111904,13.007337]},"geometry":{"type":"Polygon","coordinates":[[[12.993301,42.129146],[12.994734,42.125963],[12.999015,42.123373],[13.01122,42.121056],[13.016669,42.116601],[13.026932,42.115811],[13.030554,42.115376],[13.032728,42.113586],[13.03193,42.105848],[13.028395,42.100464],[13.028035,42.100116],[13.027936,42.100021],[13.025979,42.098394],[13.025208,42.096002],[13.025284,42.095462],[13.024093,42.092184],[13.022511,42.092108],[13.007213,42.091806],[13.004976,42.091812],[13.003063,42.091915],[13.002559,42.09214],[13.002182,42.092359],[13.001734,42.092619],[13.001193,42.093304],[13.001288,42.093738],[12.997932,42.097396],[12.98714,42.104091],[12.98443,42.110222],[12.976407,42.116061],[12.975119,42.116236],[12.973493,42.116792],[12.972115,42.117506],[12.971708,42.117718],[12.970676,42.118254],[12.967377,42.120052],[12.969299,42.121994],[12.973674,42.12588],[12.978413,42.130406],[12.993301,42.129146]]]}},{"type":"Feature","id":"058114","properties":{"istat":"058114","name":"Zagarolo","province":"RM","label":[41.855911,12.796609]},"geometry":{"type":"Polygon","coordinates":[[[12.74033,41.898276],[12.74116,41.897893],[12.741507,41.897571],[12.742285,41.895461],[12.745349,41.892304],[12.749633,41.889408],[12.753643,41.886765],[12.754789,41.885728],[12.757227,41.883172],[12.766984,41.871888],[12.767981,41.870257],[12.768788,41.869502],[12.769177,41.869137],[12.772426,41.866815],[12.778157,41.863113],[12.784793,41.863864],[12.798058,41.864421],[12.807083,41.859952],[12.807874,41.861128],[12.810274,41.863372],[12.814539,41.865925],[12.825666,41.85729],[12.834058,41.853529],[12.835602,41.851845],[12.837019,41.849302],[12.836183,41.847815],[12.838682,41.842488],[12.838867,41.842186],[12.839038,41.841909],[12.840689,41.839751],[12.842307,41.837828],[12.843082,41.837321],[12.847349,41.834715],[12.84969,41.833497],[12.850785,41.833003],[12.852062,41.832427],[12.853888,41.83147],[12.853982,41.831192],[12.853482,41.829939],[12.851477,41.827646],[12.850233,41.826266],[12.844781,41.821226],[12.843106,41.819783],[12.841864,41.819456],[12.841056,41.819132],[12.83815,41.817513],[12.837831,41.817331],[12.837558,41.817174],[12.837075,41.816897],[12.835131,41.815273],[12.83498,41.81513],[12.834547,41.814716],[12.833615,41.813798],[12.833128,41.813093],[12.832732,41.812508],[12.832666,41.812402],[12.832428,41.812005],[12.831199,41.812541],[12.83024,41.81304],[12.82983,41.813325],[12.829158,41.813838],[12.828866,41.814085],[12.827649,41.815361],[12.8275,41.815682],[12.827388,41.815924],[12.827283,41.816175],[12.826832,41.81727],[12.826546,41.818608],[12.82652,41.819276],[12.826501,41.819767],[12.826492,41.820012],[12.826475,41.820465],[12.826438,41.821036],[12.826399,41.821603],[12.82634,41.821983],[12.826111,41.823224],[12.82599,41.823501],[12.825722,41.824038],[12.825186,41.824746],[12.824873,41.825111],[12.824815,41.825179],[12.824794,41.825204],[12.824485,41.825562],[12.824408,41.82565],[12.824344,41.825724],[12.823549,41.82643],[12.823021,41.826897],[12.822102,41.827644],[12.822026,41.827705],[12.820831,41.828398],[12.820711,41.828465],[12.82024,41.828641],[12.819904,41.828766],[12.819147,41.829012],[12.818733,41.82913],[12.818283,41.829257],[12.817584,41.829415],[12.816694,41.829557],[12.815505,41.829696],[12.815055,41.829715],[12.81479,41.829724],[12.811167,41.829575],[12.808261,41.829451],[12.799314,41.829801],[12.794206,41.839929],[12.7934,41.841991],[12.793079,41.842721],[12.793058,41.842763],[12.790143,41.848097],[12.789734,41.848612],[12.789287,41.849146],[12.788624,41.849911],[12.788485,41.850063],[12.788211,41.850361],[12.78817,41.850386],[12.787865,41.850567],[12.787568,41.850743],[12.787138,41.850969],[12.786544,41.851035],[12.786456,41.851045],[12.786057,41.850995],[12.785854,41.850966],[12.784189,41.850566],[12.783916,41.850457],[12.783678,41.850362],[12.782298,41.849724],[12.781571,41.849369],[12.780898,41.848955],[12.780307,41.848612],[12.780156,41.848525],[12.779566,41.848206],[12.779429,41.848134],[12.7788,41.847826],[12.778352,41.847638],[12.77694,41.847055],[12.776379,41.846835],[12.776174,41.846756],[12.774951,41.846296],[12.774115,41.846004],[12.773694,41.845941],[12.773615,41.845931],[12.772924,41.845931],[12.772817,41.845964],[12.772694,41.846002],[12.772279,41.846132],[12.768659,41.849019],[12.767088,41.850526],[12.765165,41.853439],[12.764177,41.856979],[12.756823,41.862154],[12.754973,41.860797],[12.752693,41.859192],[12.749023,41.85707],[12.747264,41.856299],[12.746894,41.856142],[12.746665,41.856044],[12.745988,41.855778],[12.745418,41.855612],[12.745135,41.855576],[12.744822,41.855537],[12.74481,41.85691],[12.744773,41.860351],[12.744689,41.864474],[12.744603,41.864977],[12.744491,41.865637],[12.743748,41.867232],[12.739791,41.873517],[12.738275,41.875849],[12.736587,41.876552],[12.731164,41.879984],[12.730223,41.880721],[12.729578,41.881233],[12.727803,41.882673],[12.727591,41.882887],[12.726678,41.884619],[12.727307,41.885705],[12.727749,41.886463],[12.72863,41.88671],[12.731488,41.888545],[12.731551,41.88859],[12.731632,41.888647],[12.731787,41.88878],[12.731971,41.888942],[12.736571,41.893234],[12.736722,41.893561],[12.736733,41.894469],[12.736736,41.894642],[12.736733,41.894749],[12.736729,41.894921],[12.736701,41.89519],[12.736651,41.895419],[12.736622,41.89553],[12.736605,41.895594],[12.736564,41.895751],[12.736509,41.895925],[12.736416,41.896174],[12.735959,41.897162],[12.735307,41.898282],[12.735263,41.898311],[12.735226,41.898338],[12.735195,41.898375],[12.735168,41.898418],[12.735205,41.898632],[12.735238,41.898737],[12.735331,41.899009],[12.735404,41.899195],[12.735514,41.8993],[12.735545,41.899328],[12.73562,41.899366],[12.735732,41.899422],[12.735943,41.899507],[12.736029,41.899533],[12.736109,41.899543],[12.736539,41.899596],[12.736891,41.899612],[12.737038,41.89957],[12.74033,41.898276]]]}}]}
