{"type":"FeatureCollection","version":"7.14","province":"VT","source":{"publisher":"ISTAT","reference_date":"2026-01-01","source_url":"https://www.istat.it/storage/cartografia/confini_amministrativi/generalizzati/2026/Limiti01012026_g.zip","source_page":"https://www.istat.it/notizia/confini-delle-unita-amministrative-a-fini-statistici-al-1-gennaio-2018-2/","license":"CC BY 4.0","license_url":"https://creativecommons.org/licenses/by/4.0/","source_sha256":"b011a590656c3a3ebc297fba80726a376aa843b6f164641cf6a4a990021a81d6","transform":"Generalized ISTAT municipality boundaries: Lazio subsets, WGS84 UTM32N to EPSG:4326, coordinates rounded to 6 decimals. Not legal/cadastral boundaries."},"features":[{"type":"Feature","id":"056001","properties":{"istat":"056001","name":"Acquapendente","province":"VT","label":[42.768476,11.903927]},"geometry":{"type":"Polygon","coordinates":[[[11.85697,42.836522],[11.861497,42.835525],[11.867838,42.834778],[11.887525,42.834854],[11.889614,42.83416],[11.891058,42.833883],[11.893231,42.834044],[11.894111,42.834161],[11.894473,42.834257],[11.894593,42.834288],[11.894965,42.83467],[11.89914,42.832454],[11.90394,42.832152],[11.905627,42.829556],[11.90615,42.823866],[11.907921,42.816847],[11.908173,42.816228],[11.908421,42.815767],[11.909635,42.81425],[11.913001,42.810545],[11.913814,42.809867],[11.919483,42.799111],[11.92532,42.783798],[11.927425,42.780917],[11.927633,42.780743],[11.928195,42.780273],[11.92852,42.780002],[11.929847,42.779108],[11.931308,42.77844],[11.933147,42.778024],[11.944221,42.77638],[11.949625,42.776074],[11.960591,42.771235],[11.961092,42.770492],[11.962482,42.768935],[11.963833,42.768017],[11.965393,42.767139],[11.966437,42.766788],[11.977006,42.764947],[11.97798,42.764805],[11.979482,42.764585],[11.979119,42.759093],[11.978302,42.75147],[11.972006,42.742075],[11.96995,42.738721],[11.96924,42.737897],[11.960587,42.728153],[11.952088,42.726599],[11.949146,42.727404],[11.945382,42.72529],[11.939428,42.717961],[11.930171,42.71262],[11.928208,42.707861],[11.926293,42.704741],[11.920251,42.704887],[11.915252,42.705468],[11.913142,42.705937],[11.910128,42.705284],[11.905549,42.704175],[11.8977,42.701921],[11.894527,42.700704],[11.893622,42.701479],[11.892653,42.702319],[11.892107,42.702792],[11.892105,42.703629],[11.892098,42.705444],[11.889856,42.705905],[11.879466,42.707288],[11.878883,42.707141],[11.874658,42.70582],[11.861635,42.705208],[11.853292,42.703388],[11.843035,42.700481],[11.839638,42.700211],[11.833996,42.70181],[11.825164,42.706584],[11.824523,42.707023],[11.823583,42.707852],[11.81965,42.711649],[11.816703,42.714861],[11.816411,42.71652],[11.815216,42.719602],[11.810121,42.728656],[11.809087,42.729843],[11.808495,42.730193],[11.808809,42.731304],[11.812508,42.735576],[11.818944,42.742904],[11.819097,42.743301],[11.819421,42.744252],[11.819498,42.744595],[11.819577,42.745023],[11.819486,42.745426],[11.81916,42.745668],[11.818658,42.745772],[11.818696,42.746386],[11.818918,42.746701],[11.819337,42.747055],[11.823232,42.748382],[11.825123,42.748646],[11.828743,42.749099],[11.83239,42.748858],[11.833681,42.749316],[11.838885,42.751272],[11.840663,42.751984],[11.842072,42.752602],[11.843119,42.753062],[11.845168,42.754069],[11.845915,42.754613],[11.846102,42.754749],[11.846874,42.755328],[11.846859,42.755576],[11.846831,42.755618],[11.845418,42.761582],[11.844287,42.772397],[11.844193,42.774102],[11.844125,42.775683],[11.844122,42.77577],[11.844334,42.776741],[11.844372,42.776835],[11.844764,42.777801],[11.84516,42.783172],[11.840302,42.796493],[11.836793,42.80513],[11.833984,42.809463],[11.833646,42.80985],[11.832757,42.810196],[11.826687,42.811715],[11.825961,42.811872],[11.825096,42.811957],[11.824178,42.811957],[11.822499,42.811791],[11.820304,42.811463],[11.818074,42.810779],[11.817802,42.810574],[11.817618,42.810435],[11.817344,42.810045],[11.816703,42.809075],[11.810908,42.806919],[11.813657,42.811933],[11.814571,42.814611],[11.814599,42.816057],[11.813296,42.819492],[11.813265,42.819594],[11.813159,42.819948],[11.813144,42.821521],[11.813157,42.821548],[11.813645,42.822559],[11.813699,42.822671],[11.814573,42.823352],[11.814779,42.823449],[11.815447,42.823762],[11.822106,42.825992],[11.826282,42.826104],[11.832871,42.827414],[11.842065,42.83258],[11.847438,42.837656],[11.85697,42.836522]]]}},{"type":"Feature","id":"056002","properties":{"istat":"056002","name":"Arlena di Castro","province":"VT","label":[42.45952,11.823596]},"geometry":{"type":"Polygon","coordinates":[[[11.821873,42.485703],[11.822161,42.485964],[11.82217,42.486006],[11.822192,42.486108],[11.822209,42.48619],[11.822281,42.486553],[11.822338,42.486844],[11.822601,42.487887],[11.82272,42.488352],[11.822911,42.488887],[11.82297,42.489053],[11.823224,42.489564],[11.824325,42.490528],[11.825512,42.491214],[11.833504,42.490125],[11.834192,42.489991],[11.834705,42.489776],[11.835179,42.489545],[11.835338,42.489234],[11.834526,42.487128],[11.834273,42.486086],[11.834062,42.483795],[11.835832,42.480932],[11.838027,42.479167],[11.841335,42.469914],[11.845834,42.460401],[11.846191,42.459933],[11.846276,42.459107],[11.845607,42.456656],[11.842952,42.450846],[11.840028,42.447452],[11.839167,42.446951],[11.834536,42.444504],[11.826106,42.440293],[11.819357,42.437742],[11.816184,42.437172],[11.813138,42.436184],[11.806971,42.433859],[11.805022,42.430723],[11.795279,42.427787],[11.792025,42.428664],[11.789349,42.429161],[11.785231,42.429793],[11.784384,42.429867],[11.779447,42.429784],[11.772369,42.429663],[11.773011,42.431027],[11.777126,42.438994],[11.779208,42.442132],[11.779861,42.442968],[11.779904,42.443024],[11.781183,42.443358],[11.782552,42.443262],[11.792488,42.448643],[11.799884,42.457899],[11.800497,42.458817],[11.802804,42.462331],[11.803168,42.463132],[11.80297,42.463912],[11.802321,42.465148],[11.802755,42.472778],[11.805338,42.483097],[11.804867,42.486531],[11.819649,42.491782],[11.819309,42.489616],[11.819397,42.489105],[11.820313,42.486728],[11.820448,42.486504],[11.820656,42.486224],[11.82109,42.485857],[11.821585,42.485753],[11.821873,42.485703]]]}},{"type":"Feature","id":"056003","properties":{"istat":"056003","name":"Bagnoregio","province":"VT","label":[42.612401,12.090456]},"geometry":{"type":"Polygon","coordinates":[[[12.054926,42.642868],[12.058059,42.644108],[12.061862,42.644592],[12.067663,42.644968],[12.068212,42.644971],[12.06948,42.64496],[12.072083,42.644809],[12.086763,42.64364],[12.089432,42.63585],[12.089322,42.635336],[12.089434,42.634896],[12.089919,42.634316],[12.091003,42.633548],[12.091854,42.632989],[12.093528,42.632048],[12.09796,42.631433],[12.099478,42.631297],[12.123552,42.632713],[12.129032,42.633086],[12.133372,42.634791],[12.13651,42.635513],[12.139381,42.635959],[12.148263,42.637246],[12.156676,42.636919],[12.157852,42.635806],[12.15804,42.635446],[12.158387,42.634783],[12.160971,42.63306],[12.165173,42.63121],[12.171136,42.629005],[12.17623,42.628479],[12.17621,42.625376],[12.176766,42.618931],[12.170721,42.61483],[12.165006,42.611463],[12.151572,42.601434],[12.152242,42.599756],[12.158133,42.594667],[12.160234,42.593222],[12.161124,42.592747],[12.166368,42.592336],[12.168963,42.592544],[12.169315,42.592516],[12.169892,42.592333],[12.170596,42.592053],[12.171108,42.591804],[12.172841,42.590693],[12.172765,42.589854],[12.17041,42.580028],[12.168562,42.576707],[12.162869,42.578317],[12.15861,42.58],[12.153762,42.580974],[12.152626,42.580936],[12.152219,42.579846],[12.144151,42.582769],[12.132848,42.582872],[12.131153,42.584039],[12.125348,42.586238],[12.124931,42.586394],[12.124701,42.58648],[12.122056,42.586719],[12.120148,42.586312],[12.111701,42.585803],[12.090855,42.584887],[12.085159,42.584298],[12.081067,42.584345],[12.066828,42.587001],[12.053609,42.586823],[12.053506,42.586561],[12.053165,42.5857],[12.053067,42.582632],[12.052455,42.581041],[12.049214,42.582064],[12.041376,42.586077],[12.041003,42.586443],[12.033324,42.588965],[12.031588,42.5883],[12.030588,42.588056],[12.022945,42.588272],[12.022715,42.588381],[12.022623,42.588424],[12.021953,42.588756],[12.021647,42.588914],[12.019007,42.59132],[12.018893,42.593005],[12.018863,42.594948],[12.017836,42.596677],[12.016187,42.599161],[12.014083,42.601062],[12.013454,42.601165],[12.00986,42.599656],[12.010928,42.602654],[12.014641,42.613339],[12.014729,42.614444],[12.015554,42.619094],[12.019241,42.62423],[12.020878,42.625056],[12.022484,42.625725],[12.02433,42.626099],[12.024793,42.626071],[12.025012,42.626028],[12.025136,42.626002],[12.025384,42.62595],[12.025848,42.626195],[12.026151,42.626776],[12.026194,42.626864],[12.029999,42.643243],[12.030272,42.643264],[12.0306,42.643382],[12.030828,42.643466],[12.031479,42.643732],[12.032261,42.644062],[12.032451,42.644165],[12.034428,42.645621],[12.036849,42.647493],[12.038528,42.648475],[12.039388,42.648856],[12.039725,42.648975],[12.040327,42.649023],[12.040363,42.649025],[12.040952,42.649059],[12.041231,42.649074],[12.048109,42.649443],[12.049049,42.647766],[12.054926,42.642868]]]}},{"type":"Feature","id":"056004","properties":{"istat":"056004","name":"Barbarano Romano","province":"VT","label":[42.247834,12.075207]},"geometry":{"type":"Polygon","coordinates":[[[12.10203,42.278465],[12.107824,42.278682],[12.114528,42.277374],[12.117684,42.274226],[12.12025,42.265516],[12.120807,42.261269],[12.120074,42.25725],[12.118668,42.253813],[12.119081,42.250915],[12.119431,42.24906],[12.116333,42.245236],[12.109571,42.239067],[12.106526,42.235309],[12.10314,42.230493],[12.101977,42.228241],[12.099867,42.223503],[12.095212,42.223517],[12.095231,42.224349],[12.095209,42.225417],[12.094759,42.226618],[12.093261,42.228711],[12.092991,42.229011],[12.092445,42.22962],[12.0922,42.229875],[12.091988,42.230094],[12.091522,42.230577],[12.089788,42.232272],[12.088752,42.232912],[12.08616,42.233423],[12.085298,42.233365],[12.082827,42.232419],[12.068457,42.225452],[12.067245,42.224179],[12.06583,42.220997],[12.065448,42.219585],[12.065283,42.218914],[12.065294,42.218751],[12.065318,42.218404],[12.065494,42.217799],[12.065962,42.216185],[12.066208,42.21476],[12.065862,42.214533],[12.06582,42.214505],[12.064267,42.214438],[12.060303,42.214382],[12.058377,42.214641],[12.058095,42.214697],[12.056805,42.214957],[12.050463,42.215329],[12.04955,42.214998],[12.047637,42.214751],[12.047256,42.214928],[12.04168,42.218381],[12.029628,42.226053],[12.028466,42.226282],[12.024229,42.22842],[12.024203,42.22992],[12.024764,42.237104],[12.030926,42.246608],[12.035816,42.252319],[12.040681,42.257975],[12.041141,42.258472],[12.041752,42.259068],[12.043472,42.260551],[12.044821,42.261629],[12.050935,42.261246],[12.052053,42.260771],[12.052893,42.260614],[12.055046,42.260241],[12.055098,42.260242],[12.056176,42.260301],[12.057215,42.260714],[12.05798,42.261234],[12.058638,42.262067],[12.059069,42.262709],[12.061297,42.268412],[12.061899,42.270103],[12.063253,42.274533],[12.063584,42.275645],[12.064021,42.276165],[12.064853,42.276318],[12.067655,42.277058],[12.067801,42.277103],[12.068651,42.277365],[12.072177,42.278567],[12.074871,42.279524],[12.077413,42.280017],[12.082265,42.280934],[12.083304,42.280924],[12.085111,42.2807],[12.085555,42.280637],[12.085967,42.280578],[12.086913,42.28035],[12.088157,42.279983],[12.0894,42.279594],[12.091094,42.27904],[12.091553,42.278877],[12.10203,42.278465]]]}},{"type":"Feature","id":"056005","properties":{"istat":"056005","name":"Bassano Romano","province":"VT","label":[42.205498,12.168417]},"geometry":{"type":"Polygon","coordinates":[[[12.179426,42.235623],[12.18028,42.235451],[12.180921,42.234956],[12.182112,42.234275],[12.185402,42.233166],[12.189755,42.232486],[12.194267,42.231897],[12.200263,42.231054],[12.210669,42.228822],[12.213265,42.227462],[12.215211,42.225879],[12.214285,42.224354],[12.213202,42.220514],[12.212362,42.217514],[12.212264,42.217004],[12.212513,42.213314],[12.213614,42.211108],[12.21583,42.206562],[12.2176,42.202884],[12.217785,42.20214],[12.217589,42.199548],[12.217302,42.19761],[12.217011,42.19665],[12.216849,42.196326],[12.21658,42.19605],[12.216047,42.195795],[12.214452,42.191072],[12.215137,42.188346],[12.215741,42.186736],[12.209896,42.18557],[12.206363,42.184422],[12.205391,42.183891],[12.203505,42.182773],[12.203282,42.182428],[12.203086,42.181908],[12.203023,42.181381],[12.20298,42.180995],[12.202786,42.18062],[12.20267,42.180396],[12.202204,42.179986],[12.197081,42.17881],[12.195492,42.178498],[12.193268,42.178353],[12.189281,42.178284],[12.182704,42.178503],[12.180337,42.178614],[12.173188,42.177069],[12.168849,42.175302],[12.168533,42.176421],[12.167501,42.177836],[12.167051,42.17829],[12.166261,42.178681],[12.163218,42.179111],[12.161383,42.179203],[12.159962,42.17942],[12.156527,42.180632],[12.149175,42.18405],[12.148841,42.184219],[12.147958,42.184667],[12.14647,42.185421],[12.144651,42.186358],[12.142869,42.187294],[12.14024,42.189018],[12.130926,42.195847],[12.126662,42.200017],[12.12595,42.200571],[12.124551,42.201172],[12.122817,42.201813],[12.122146,42.202012],[12.121331,42.2022],[12.121045,42.202541],[12.120658,42.203047],[12.120357,42.203578],[12.120275,42.203891],[12.120302,42.204435],[12.122558,42.217039],[12.129598,42.222965],[12.130911,42.223546],[12.131471,42.223833],[12.131732,42.22419],[12.132863,42.226201],[12.133202,42.226982],[12.133382,42.227437],[12.133695,42.228374],[12.13578,42.226191],[12.13644,42.225813],[12.13706,42.225607],[12.144069,42.224785],[12.149676,42.221258],[12.150079,42.219622],[12.150353,42.219277],[12.15093,42.219157],[12.15129,42.219138],[12.152121,42.21925],[12.153566,42.219557],[12.157177,42.221016],[12.159528,42.222504],[12.164154,42.226078],[12.170909,42.231555],[12.172201,42.232888],[12.172647,42.233312],[12.172965,42.233614],[12.174964,42.235343],[12.176146,42.235692],[12.177518,42.235744],[12.178619,42.235682],[12.179426,42.235623]]]}},{"type":"Feature","id":"056006","properties":{"istat":"056006","name":"Bassano in Teverina","province":"VT","label":[42.466762,12.314102]},"geometry":{"type":"Polygon","coordinates":[[[12.333549,42.467638],[12.334939,42.465885],[12.335077,42.464805],[12.335576,42.45738],[12.335448,42.457051],[12.335377,42.45694],[12.333132,42.453477],[12.332364,42.452291],[12.328981,42.448554],[12.328454,42.448002],[12.328148,42.44775],[12.326267,42.446413],[12.325644,42.446152],[12.314678,42.444593],[12.309368,42.445368],[12.304834,42.445444],[12.30386,42.445608],[12.299095,42.446862],[12.294972,42.448223],[12.290762,42.451027],[12.289625,42.454203],[12.291422,42.454822],[12.294462,42.456932],[12.295276,42.457606],[12.295592,42.458074],[12.295873,42.458584],[12.29617,42.459845],[12.296207,42.460321],[12.294083,42.465591],[12.293521,42.470902],[12.293932,42.472263],[12.294479,42.474841],[12.294431,42.475554],[12.293924,42.478909],[12.293118,42.480364],[12.299866,42.487508],[12.305338,42.487913],[12.304823,42.486812],[12.305673,42.485828],[12.310592,42.483525],[12.311173,42.483256],[12.312128,42.482895],[12.314927,42.481959],[12.315263,42.481868],[12.333549,42.467638]]]}},{"type":"Feature","id":"056007","properties":{"istat":"056007","name":"Blera","province":"VT","label":[42.222535,11.985727]},"geometry":{"type":"Polygon","coordinates":[[[12.030264,42.295014],[12.029701,42.292514],[12.027591,42.286246],[12.027356,42.285658],[12.027169,42.285037],[12.027171,42.284956],[12.02718,42.284506],[12.027844,42.280373],[12.028111,42.279866],[12.030703,42.275988],[12.032553,42.27512],[12.036888,42.273709],[12.049675,42.270312],[12.054413,42.270972],[12.061803,42.273883],[12.062516,42.274377],[12.063246,42.275244],[12.063584,42.275645],[12.063253,42.274533],[12.061899,42.270103],[12.061297,42.268412],[12.059069,42.262709],[12.058638,42.262067],[12.05798,42.261234],[12.057215,42.260714],[12.056176,42.260301],[12.055098,42.260242],[12.055046,42.260241],[12.052893,42.260614],[12.052053,42.260771],[12.050935,42.261246],[12.044821,42.261629],[12.043472,42.260551],[12.041752,42.259068],[12.041141,42.258472],[12.040681,42.257975],[12.035816,42.252319],[12.030926,42.246608],[12.024764,42.237104],[12.024203,42.22992],[12.024229,42.22842],[12.028466,42.226282],[12.029628,42.226053],[12.04168,42.218381],[12.047256,42.214928],[12.047637,42.214751],[12.04955,42.214998],[12.050463,42.215329],[12.056805,42.214957],[12.057383,42.213317],[12.057946,42.211717],[12.059153,42.207199],[12.059259,42.206801],[12.0593,42.206151],[12.057896,42.201614],[12.055943,42.198807],[12.046158,42.190229],[12.043017,42.188363],[12.041738,42.187465],[12.04126,42.187113],[12.041225,42.187004],[12.041119,42.186676],[12.039272,42.17921],[12.037843,42.173372],[12.037897,42.172493],[12.048012,42.16832],[12.055521,42.16514],[12.057727,42.164057],[12.056925,42.156879],[12.056839,42.156341],[12.056546,42.155782],[12.055809,42.154815],[12.055273,42.154458],[12.05512,42.154357],[12.054586,42.154056],[12.054041,42.153796],[12.053498,42.153576],[12.052723,42.153317],[12.051869,42.1532],[12.050861,42.153101],[12.048373,42.153469],[12.045678,42.153797],[12.044486,42.153924],[12.043882,42.153967],[12.039536,42.152893],[12.034751,42.151579],[12.031498,42.151997],[12.030641,42.152165],[12.029923,42.152319],[12.029664,42.15266],[12.029594,42.152753],[12.031144,42.155026],[12.030831,42.158123],[12.030635,42.158813],[12.028984,42.162778],[12.028232,42.163748],[12.027289,42.164547],[12.025971,42.165338],[12.024966,42.165833],[12.02265,42.168974],[12.021343,42.178857],[12.021516,42.182106],[12.022501,42.183994],[12.023496,42.185842],[12.022292,42.186112],[12.020017,42.186491],[12.017919,42.186668],[12.017828,42.18654],[12.017662,42.186307],[12.017529,42.18612],[12.017253,42.185636],[12.01693,42.184974],[12.016544,42.183498],[12.015762,42.180277],[12.01483,42.175186],[12.013546,42.170321],[12.012167,42.170587],[12.007961,42.172008],[12.004153,42.172432],[12.003006,42.172449],[11.999855,42.172364],[11.999442,42.172335],[11.999194,42.17222],[11.998499,42.171887],[11.998463,42.17187],[11.997718,42.171503],[11.997381,42.172512],[11.994557,42.177796],[11.990596,42.184024],[11.987881,42.188592],[11.98649,42.194032],[11.983855,42.198701],[11.979725,42.204703],[11.974368,42.211012],[11.970551,42.212614],[11.966367,42.210953],[11.955046,42.212133],[11.952067,42.21432],[11.943165,42.219457],[11.929434,42.225613],[11.926781,42.226378],[11.924827,42.227117],[11.920206,42.229745],[11.918075,42.231522],[11.917311,42.232533],[11.918174,42.232583],[11.920686,42.234491],[11.921717,42.235609],[11.923129,42.237554],[11.923945,42.238983],[11.924799,42.24119],[11.925141,42.242842],[11.925166,42.243692],[11.925178,42.244174],[11.924977,42.244796],[11.929068,42.250991],[11.932668,42.253902],[11.934312,42.255917],[11.941803,42.261407],[11.942814,42.262007],[11.943508,42.262223],[11.944414,42.262277],[11.945317,42.262137],[11.946119,42.261936],[11.953107,42.261162],[11.958857,42.263999],[11.967536,42.274846],[11.969319,42.277686],[11.96908,42.283487],[11.973822,42.282093],[11.976828,42.280647],[11.979386,42.27986],[11.980003,42.279831],[11.986164,42.280144],[11.989139,42.281425],[11.992274,42.284153],[11.995306,42.287752],[11.99678,42.289456],[11.997221,42.289903],[11.997571,42.290255],[11.997719,42.290402],[11.997773,42.290457],[12.000815,42.293461],[12.020923,42.297773],[12.021465,42.297842],[12.021692,42.29787],[12.022449,42.297959],[12.023116,42.297981],[12.024858,42.29762],[12.025634,42.297365],[12.028063,42.296153],[12.030264,42.295014]]]}},{"type":"Feature","id":"056008","properties":{"istat":"056008","name":"Bolsena","province":"VT","label":[42.635053,11.97909]},"geometry":{"type":"Polygon","coordinates":[[[12.007084,42.662452],[12.018332,42.655776],[12.029211,42.650447],[12.029935,42.650158],[12.029999,42.643243],[12.026194,42.626864],[12.026151,42.626776],[12.025848,42.626195],[12.025384,42.62595],[12.025136,42.626002],[12.025012,42.626028],[12.024793,42.626071],[12.02433,42.626099],[12.022484,42.625725],[12.020878,42.625056],[12.019241,42.62423],[12.015554,42.619094],[12.014729,42.614444],[12.014641,42.613339],[12.010928,42.602654],[12.00986,42.599656],[12.007525,42.600776],[12.006019,42.600897],[12.007277,42.597688],[12.009708,42.590791],[12.007018,42.58937],[12.001589,42.586592],[12.000231,42.586195],[11.998534,42.585781],[11.998332,42.585732],[11.997511,42.585586],[11.996766,42.585453],[11.996697,42.585441],[11.994861,42.585359],[11.994756,42.585357],[11.994657,42.58537],[11.994502,42.585391],[11.993389,42.585546],[11.952087,42.594016],[11.950839,42.59428],[11.924338,42.646338],[11.923976,42.656495],[11.930301,42.659805],[11.935092,42.664851],[11.936142,42.666129],[11.936301,42.666377],[11.936761,42.668728],[11.937341,42.672574],[11.937645,42.674861],[11.938983,42.679266],[11.941059,42.683667],[11.941135,42.683561],[11.941255,42.683397],[11.94133,42.683301],[11.943859,42.682638],[11.943949,42.682616],[11.954662,42.680179],[11.961285,42.678823],[11.968519,42.677501],[11.972563,42.676816],[11.97798,42.675527],[11.979075,42.675036],[11.991487,42.669471],[11.996059,42.667379],[12.002394,42.664408],[12.007084,42.662452]]]}},{"type":"Feature","id":"056009","properties":{"istat":"056009","name":"Bomarzo","province":"VT","label":[42.500137,12.254569]},"geometry":{"type":"Polygon","coordinates":[[[12.266613,42.536528],[12.266199,42.536243],[12.26618,42.536086],[12.266234,42.535692],[12.266361,42.534883],[12.266525,42.534248],[12.266757,42.533467],[12.267004,42.532959],[12.267169,42.532618],[12.269011,42.529472],[12.270538,42.527321],[12.274352,42.524052],[12.27793,42.523373],[12.282644,42.522716],[12.283502,42.517536],[12.28269,42.51738],[12.275504,42.515996],[12.274418,42.512241],[12.274497,42.510298],[12.274573,42.509828],[12.274625,42.509511],[12.274765,42.509205],[12.274998,42.508951],[12.278002,42.506944],[12.27803,42.506926],[12.278121,42.506876],[12.278187,42.50684],[12.278745,42.506542],[12.279227,42.506502],[12.282497,42.507759],[12.285946,42.509232],[12.289791,42.508968],[12.297799,42.505082],[12.300512,42.503603],[12.303449,42.499534],[12.304578,42.498871],[12.305279,42.498703],[12.305431,42.498666],[12.306635,42.498434],[12.306824,42.498397],[12.307131,42.498064],[12.307352,42.497301],[12.306702,42.496411],[12.302981,42.491322],[12.289239,42.494514],[12.299866,42.487508],[12.293118,42.480364],[12.291641,42.480897],[12.284274,42.48359],[12.282719,42.484359],[12.281629,42.484471],[12.280522,42.484462],[12.279485,42.484402],[12.275541,42.484146],[12.267869,42.482852],[12.264276,42.479448],[12.255424,42.476903],[12.251233,42.47329],[12.251013,42.47281],[12.250626,42.471201],[12.250388,42.470085],[12.249937,42.467974],[12.249254,42.466958],[12.244397,42.464777],[12.235686,42.464506],[12.227643,42.470261],[12.22754,42.471773],[12.227667,42.47402],[12.228365,42.476288],[12.228512,42.47654],[12.22886,42.476918],[12.229395,42.477384],[12.230246,42.48048],[12.228724,42.487425],[12.228203,42.489367],[12.227542,42.490727],[12.226838,42.490995],[12.223975,42.491634],[12.222472,42.491766],[12.221179,42.491699],[12.220493,42.491376],[12.219846,42.490867],[12.213887,42.49316],[12.206383,42.498057],[12.206049,42.500741],[12.207065,42.501639],[12.207905,42.502382],[12.209266,42.503537],[12.210374,42.504477],[12.21059,42.504661],[12.210862,42.508161],[12.207595,42.509342],[12.206096,42.509307],[12.204169,42.508236],[12.202143,42.507108],[12.201564,42.507206],[12.201299,42.507501],[12.201019,42.507977],[12.200101,42.510556],[12.200077,42.510738],[12.200067,42.510827],[12.200316,42.511405],[12.201125,42.512494],[12.201641,42.51307],[12.205729,42.516854],[12.207225,42.517885],[12.207695,42.518209],[12.210028,42.522425],[12.21167,42.526008],[12.211047,42.528371],[12.212019,42.533152],[12.212176,42.53385],[12.213044,42.534186],[12.213073,42.53414],[12.213248,42.533874],[12.214644,42.53276],[12.214805,42.532632],[12.215665,42.53207],[12.216077,42.5318],[12.216391,42.531708],[12.217147,42.531486],[12.22417,42.530978],[12.235731,42.532034],[12.240562,42.535751],[12.259497,42.536789],[12.266613,42.536528]]]}},{"type":"Feature","id":"056010","properties":{"istat":"056010","name":"Calcata","province":"VT","label":[42.211962,12.424397]},"geometry":{"type":"Polygon","coordinates":[[[12.424093,42.23478],[12.426836,42.232331],[12.429193,42.230635],[12.432157,42.223825],[12.433122,42.220824],[12.43278,42.220537],[12.432147,42.220263],[12.43211,42.220247],[12.431486,42.220135],[12.428307,42.214591],[12.434029,42.203999],[12.435251,42.200301],[12.434669,42.197941],[12.434626,42.196033],[12.434764,42.193413],[12.434924,42.193021],[12.434565,42.190646],[12.434336,42.189991],[12.434082,42.189328],[12.431081,42.185145],[12.429427,42.183897],[12.425907,42.18131],[12.414452,42.18067],[12.411495,42.182204],[12.412003,42.186007],[12.412692,42.19138],[12.415491,42.19841],[12.417826,42.202838],[12.41914,42.204294],[12.420222,42.206612],[12.420634,42.207514],[12.420472,42.208541],[12.420187,42.209332],[12.417562,42.215489],[12.418243,42.230362],[12.419318,42.234589],[12.418005,42.24353],[12.417028,42.246015],[12.418422,42.246035],[12.419911,42.246009],[12.420814,42.245667],[12.421261,42.24496],[12.421531,42.244115],[12.421659,42.243332],[12.421173,42.242892],[12.420266,42.24268],[12.419624,42.242461],[12.41951,42.241942],[12.419593,42.240764],[12.419639,42.240142],[12.419643,42.240096],[12.420453,42.23882],[12.42105,42.23788],[12.424093,42.23478]]]}},{"type":"Feature","id":"056011","properties":{"istat":"056011","name":"Canepina","province":"VT","label":[42.37701,12.217636]},"geometry":{"type":"Polygon","coordinates":[[[12.213158,42.402067],[12.218872,42.401848],[12.22112,42.401641],[12.225156,42.401145],[12.229223,42.400602],[12.230969,42.400319],[12.232958,42.399754],[12.247495,42.394804],[12.250683,42.392751],[12.249917,42.389198],[12.246447,42.372453],[12.243989,42.369965],[12.235261,42.365062],[12.224957,42.360427],[12.223503,42.360481],[12.223174,42.360472],[12.222668,42.360315],[12.22225,42.359958],[12.220186,42.358009],[12.216292,42.352165],[12.214592,42.349507],[12.208145,42.353848],[12.193512,42.361794],[12.193277,42.36189],[12.191954,42.362432],[12.190886,42.362705],[12.185762,42.363695],[12.185171,42.363802],[12.184047,42.363885],[12.183087,42.36389],[12.18266,42.363855],[12.182418,42.363836],[12.181486,42.363691],[12.181341,42.363662],[12.180859,42.363562],[12.180714,42.363531],[12.179953,42.363354],[12.177409,42.36276],[12.176047,42.362248],[12.175366,42.361988],[12.175573,42.362725],[12.176459,42.364429],[12.176694,42.364747],[12.179543,42.36754],[12.183395,42.369748],[12.185693,42.371034],[12.187248,42.375156],[12.188512,42.378864],[12.189447,42.382659],[12.190706,42.384983],[12.191524,42.386031],[12.192748,42.387433],[12.194674,42.389469],[12.196988,42.391777],[12.209487,42.40131],[12.213158,42.402067]]]}},{"type":"Feature","id":"056012","properties":{"istat":"056012","name":"Canino","province":"VT","label":[42.435852,11.696271]},"geometry":{"type":"Polygon","coordinates":[[[11.777894,42.482516],[11.778575,42.481624],[11.777865,42.480696],[11.775021,42.47769],[11.771188,42.474729],[11.764281,42.463357],[11.763651,42.462296],[11.763403,42.46164],[11.762324,42.458677],[11.762229,42.458121],[11.762299,42.457475],[11.762615,42.456369],[11.763929,42.453843],[11.763769,42.448493],[11.761466,42.437739],[11.759119,42.433495],[11.757827,42.431721],[11.75687,42.428417],[11.756464,42.421893],[11.754907,42.407541],[11.747854,42.400092],[11.74338,42.396597],[11.738612,42.394176],[11.73524,42.391722],[11.727332,42.385472],[11.723391,42.379398],[11.723315,42.376153],[11.72304,42.37511],[11.722346,42.373362],[11.7216,42.372668],[11.721276,42.372512],[11.721091,42.372423],[11.719127,42.371831],[11.71528,42.371656],[11.71447,42.3729],[11.7139,42.37411],[11.711814,42.374958],[11.710536,42.37547],[11.705401,42.376874],[11.704469,42.376982],[11.700337,42.377169],[11.701659,42.378854],[11.701657,42.379327],[11.701648,42.38079],[11.70141,42.381232],[11.699037,42.385169],[11.6978,42.387198],[11.696899,42.387966],[11.696299,42.38844],[11.688585,42.392975],[11.68709,42.393798],[11.677285,42.399073],[11.669842,42.400694],[11.6559,42.402035],[11.654813,42.402367],[11.653536,42.402346],[11.649796,42.401718],[11.648108,42.401433],[11.647702,42.401361],[11.647434,42.401313],[11.647129,42.400987],[11.646732,42.396421],[11.645706,42.392753],[11.644496,42.390782],[11.643933,42.390115],[11.64386,42.390074],[11.64315,42.389678],[11.640911,42.388983],[11.640129,42.389167],[11.639562,42.389554],[11.6385,42.390578],[11.637686,42.391457],[11.632641,42.399277],[11.634586,42.409282],[11.637254,42.415033],[11.639426,42.422051],[11.635346,42.424788],[11.632075,42.428164],[11.631943,42.429654],[11.63176,42.431976],[11.631749,42.432195],[11.631731,42.432568],[11.631701,42.433191],[11.63173,42.433206],[11.632554,42.433559],[11.632035,42.436301],[11.630016,42.440395],[11.629181,42.441063],[11.628419,42.441148],[11.626396,42.440451],[11.626073,42.439973],[11.625976,42.439655],[11.62573,42.438985],[11.625427,42.438439],[11.622479,42.435606],[11.62098,42.434835],[11.620742,42.434712],[11.620679,42.43468],[11.620521,42.434613],[11.619566,42.434205],[11.619128,42.434197],[11.61888,42.434338],[11.618549,42.434616],[11.617721,42.435441],[11.61756,42.43566],[11.617709,42.436044],[11.618099,42.43676],[11.619119,42.439479],[11.619132,42.439548],[11.619197,42.439909],[11.619188,42.440376],[11.619178,42.440599],[11.61917,42.440797],[11.618337,42.443351],[11.618095,42.443953],[11.617971,42.444228],[11.617872,42.444449],[11.617555,42.44501],[11.6175,42.445087],[11.616344,42.455027],[11.615738,42.461164],[11.615967,42.466662],[11.617817,42.469158],[11.619751,42.472907],[11.619857,42.473174],[11.6199,42.473292],[11.61995,42.47345],[11.619976,42.473566],[11.620021,42.473808],[11.620033,42.474231],[11.620032,42.474722],[11.620004,42.47504],[11.619993,42.475168],[11.619902,42.475772],[11.619782,42.476258],[11.61962,42.476753],[11.619448,42.477207],[11.619428,42.477257],[11.617905,42.4807],[11.616705,42.482829],[11.616525,42.483181],[11.616438,42.483352],[11.616209,42.483929],[11.616039,42.484449],[11.615935,42.485099],[11.615935,42.485644],[11.616052,42.486128],[11.61685,42.487507],[11.620182,42.488268],[11.624873,42.490181],[11.627811,42.497389],[11.642206,42.495752],[11.657252,42.494571],[11.666013,42.492702],[11.680061,42.482784],[11.688859,42.487778],[11.692918,42.490321],[11.695666,42.492166],[11.696337,42.492618],[11.700656,42.485753],[11.702087,42.483293],[11.704689,42.483907],[11.707059,42.48476],[11.708359,42.485265],[11.714808,42.488192],[11.715788,42.488637],[11.716071,42.488818],[11.716401,42.489028],[11.717233,42.489999],[11.717513,42.490568],[11.718103,42.491014],[11.719197,42.491267],[11.728179,42.491377],[11.73314,42.490232],[11.733903,42.488427],[11.73369,42.487446],[11.733859,42.48515],[11.734724,42.483225],[11.737522,42.482928],[11.742483,42.486299],[11.743812,42.487222],[11.744245,42.487675],[11.744296,42.487763],[11.744613,42.48831],[11.751592,42.486754],[11.757328,42.485033],[11.757856,42.485299],[11.759095,42.485927],[11.759394,42.486204],[11.759424,42.486234],[11.760861,42.487978],[11.761188,42.488763],[11.761726,42.492181],[11.768251,42.497921],[11.768542,42.498162],[11.769512,42.498917],[11.770503,42.499335],[11.771922,42.499791],[11.77233,42.499888],[11.772795,42.499995],[11.772877,42.499988],[11.773122,42.499965],[11.775373,42.49688],[11.775291,42.494646],[11.774665,42.492939],[11.77533,42.490055],[11.777894,42.482516]]]}},{"type":"Feature","id":"056013","properties":{"istat":"056013","name":"Capodimonte","province":"VT","label":[42.536857,11.877693]},"geometry":{"type":"Polygon","coordinates":[[[11.950839,42.59428],[11.950187,42.571238],[11.91259,42.544322],[11.911508,42.543609],[11.911409,42.54361],[11.908663,42.544426],[11.90844,42.544499],[11.906455,42.545154],[11.902832,42.546348],[11.902109,42.545691],[11.901902,42.54535],[11.901867,42.545279],[11.901804,42.545132],[11.899301,42.538689],[11.891896,42.529385],[11.892934,42.522551],[11.891975,42.506002],[11.898836,42.499026],[11.907611,42.496408],[11.911376,42.492022],[11.910033,42.490579],[11.908998,42.489448],[11.908414,42.487068],[11.908509,42.486777],[11.908766,42.486446],[11.908835,42.486359],[11.909376,42.486201],[11.902373,42.484808],[11.892509,42.48001],[11.89195,42.480029],[11.889131,42.482531],[11.88893,42.482896],[11.888683,42.483353],[11.888613,42.483976],[11.888719,42.484977],[11.881059,42.485328],[11.87674,42.48463],[11.87629,42.488266],[11.873861,42.499115],[11.87341,42.499945],[11.872884,42.500913],[11.870917,42.503758],[11.868943,42.506443],[11.867483,42.509237],[11.869262,42.517876],[11.86831,42.527124],[11.868023,42.527762],[11.860617,42.53552],[11.854467,42.538195],[11.851155,42.538984],[11.850656,42.538434],[11.849966,42.53855],[11.848041,42.539071],[11.841411,42.541068],[11.840173,42.54199],[11.837803,42.545074],[11.838019,42.546091],[11.840725,42.549441],[11.84097,42.549659],[11.841752,42.550352],[11.842787,42.550894],[11.843118,42.551118],[11.843502,42.55138],[11.845192,42.552919],[11.845962,42.553903],[11.845979,42.553926],[11.84606,42.55436],[11.843578,42.565854],[11.840019,42.574211],[11.83932,42.575737],[11.838694,42.57704],[11.837529,42.580298],[11.836564,42.584028],[11.835571,42.588686],[11.835541,42.589141],[11.835551,42.589624],[11.835553,42.589677],[11.835731,42.590158],[11.835827,42.590343],[11.835918,42.590517],[11.836107,42.590878],[11.838107,42.593391],[11.838175,42.593448],[11.838601,42.593802],[11.838791,42.59394],[11.839039,42.59412],[11.839377,42.594201],[11.839561,42.594245],[11.839632,42.594262],[11.841155,42.594234],[11.853314,42.593399],[11.860472,42.592686],[11.883192,42.59257],[11.917552,42.593298],[11.937654,42.593748],[11.950839,42.59428]]]}},{"type":"Feature","id":"056014","properties":{"istat":"056014","name":"Capranica","province":"VT","label":[42.25926,12.161221]},"geometry":{"type":"Polygon","coordinates":[[[12.122684,42.295018],[12.13409,42.2934],[12.149817,42.288368],[12.156029,42.286739],[12.173924,42.283601],[12.182849,42.283083],[12.185407,42.282827],[12.189853,42.281038],[12.191632,42.280223],[12.197567,42.275735],[12.19843,42.275053],[12.20068,42.271578],[12.201259,42.270301],[12.201812,42.267552],[12.202706,42.261999],[12.201208,42.256173],[12.198782,42.251951],[12.19783,42.250627],[12.187964,42.241505],[12.180921,42.234956],[12.18028,42.235451],[12.179426,42.235623],[12.178619,42.235682],[12.177518,42.235744],[12.176146,42.235692],[12.174964,42.235343],[12.172965,42.233614],[12.172647,42.233312],[12.172201,42.232888],[12.170909,42.231555],[12.164154,42.226078],[12.159528,42.222504],[12.157177,42.221016],[12.153566,42.219557],[12.152121,42.21925],[12.15129,42.219138],[12.15093,42.219157],[12.150353,42.219277],[12.150079,42.219622],[12.149676,42.221258],[12.144069,42.224785],[12.13706,42.225607],[12.13644,42.225813],[12.13578,42.226191],[12.133695,42.228374],[12.132773,42.22861],[12.132031,42.229045],[12.131654,42.229726],[12.131379,42.230544],[12.131451,42.232291],[12.131826,42.233494],[12.131686,42.236546],[12.130363,42.240662],[12.129987,42.241401],[12.129141,42.242694],[12.123792,42.247775],[12.123489,42.248053],[12.123266,42.248226],[12.123008,42.248372],[12.122303,42.24859],[12.122015,42.248647],[12.120935,42.248861],[12.119431,42.24906],[12.119081,42.250915],[12.118668,42.253813],[12.120074,42.25725],[12.120807,42.261269],[12.12025,42.265516],[12.117684,42.274226],[12.114528,42.277374],[12.107824,42.278682],[12.110216,42.284929],[12.111942,42.295391],[12.112816,42.295637],[12.114697,42.29591],[12.115942,42.29607],[12.116747,42.296161],[12.118038,42.296265],[12.120252,42.29639],[12.122684,42.295018]]]}},{"type":"Feature","id":"056015","properties":{"istat":"056015","name":"Caprarola","province":"VT","label":[42.322822,12.203098]},"geometry":{"type":"Polygon","coordinates":[[[12.185171,42.363802],[12.185762,42.363695],[12.190886,42.362705],[12.191954,42.362432],[12.193277,42.36189],[12.193512,42.361794],[12.208145,42.353848],[12.214592,42.349507],[12.21487,42.348765],[12.215347,42.34836],[12.21573,42.348237],[12.216428,42.348127],[12.231435,42.350055],[12.233707,42.350302],[12.234062,42.350328],[12.235546,42.35038],[12.236791,42.350278],[12.237878,42.350161],[12.238444,42.3501],[12.239014,42.349756],[12.239176,42.349656],[12.239657,42.349332],[12.241447,42.348021],[12.24076,42.34741],[12.240957,42.343415],[12.250351,42.332362],[12.253371,42.329079],[12.253939,42.328545],[12.265608,42.320352],[12.276779,42.314842],[12.291994,42.305171],[12.296574,42.305012],[12.297425,42.304821],[12.294285,42.298182],[12.292277,42.294479],[12.292231,42.294418],[12.291873,42.293941],[12.291514,42.29333],[12.290902,42.292042],[12.289792,42.28962],[12.289485,42.288346],[12.289457,42.288197],[12.289383,42.287804],[12.289417,42.287621],[12.289501,42.287166],[12.289507,42.28713],[12.289692,42.286965],[12.291021,42.284745],[12.291312,42.28357],[12.291564,42.281659],[12.290627,42.281627],[12.289588,42.28167],[12.288776,42.281901],[12.286701,42.282604],[12.288231,42.284298],[12.288299,42.284418],[12.288404,42.284608],[12.288521,42.285195],[12.288918,42.287268],[12.288976,42.287658],[12.288769,42.287864],[12.288533,42.288],[12.288022,42.288212],[12.274463,42.294389],[12.264711,42.295124],[12.264095,42.294934],[12.261428,42.294767],[12.260571,42.294828],[12.258981,42.295066],[12.257851,42.295292],[12.256015,42.295659],[12.247339,42.297957],[12.240595,42.300667],[12.239918,42.302851],[12.239198,42.304668],[12.238901,42.305023],[12.238567,42.305384],[12.238012,42.305926],[12.237582,42.30606],[12.230251,42.307676],[12.224682,42.307432],[12.213,42.306545],[12.197785,42.306552],[12.169836,42.31374],[12.154188,42.317671],[12.153693,42.317797],[12.152688,42.318137],[12.151187,42.318645],[12.146781,42.320351],[12.145853,42.320723],[12.145256,42.321171],[12.144855,42.32166],[12.144298,42.322409],[12.143914,42.323234],[12.143099,42.326625],[12.142179,42.32791],[12.139734,42.329531],[12.138295,42.330381],[12.136574,42.331387],[12.135693,42.331974],[12.135605,42.332071],[12.133847,42.334023],[12.133621,42.334277],[12.130991,42.338797],[12.130913,42.340898],[12.130864,42.349278],[12.131526,42.351353],[12.132297,42.353458],[12.133838,42.355428],[12.134444,42.355884],[12.134792,42.356055],[12.140894,42.358395],[12.156922,42.362544],[12.158204,42.362788],[12.163456,42.363011],[12.16664,42.362351],[12.167229,42.362209],[12.16868,42.361867],[12.173394,42.361403],[12.174303,42.361369],[12.174753,42.361618],[12.175366,42.361988],[12.176047,42.362248],[12.177409,42.36276],[12.179953,42.363354],[12.180714,42.363531],[12.180859,42.363562],[12.181341,42.363662],[12.181486,42.363691],[12.182418,42.363836],[12.18266,42.363855],[12.183087,42.36389],[12.184047,42.363885],[12.185171,42.363802]]]}},{"type":"Feature","id":"056016","properties":{"istat":"056016","name":"Carbognano","province":"VT","label":[42.326183,12.273661]},"geometry":{"type":"Polygon","coordinates":[[[12.262535,42.352919],[12.267999,42.349117],[12.267488,42.34652],[12.270351,42.346236],[12.272033,42.346134],[12.272828,42.346233],[12.273217,42.346248],[12.273781,42.346129],[12.274608,42.345902],[12.2768,42.344372],[12.277344,42.34342],[12.277832,42.341916],[12.280193,42.332961],[12.280272,42.331831],[12.280736,42.331031],[12.281674,42.329712],[12.295604,42.323822],[12.305766,42.318885],[12.311542,42.31608],[12.316193,42.314009],[12.318905,42.312773],[12.322473,42.306506],[12.327687,42.300746],[12.33104,42.298622],[12.330125,42.295992],[12.325216,42.296067],[12.318334,42.296023],[12.308637,42.295932],[12.299596,42.295691],[12.292277,42.294479],[12.294285,42.298182],[12.297425,42.304821],[12.296574,42.305012],[12.291994,42.305171],[12.276779,42.314842],[12.265608,42.320352],[12.253939,42.328545],[12.253371,42.329079],[12.250351,42.332362],[12.240957,42.343415],[12.24076,42.34741],[12.241447,42.348021],[12.239657,42.349332],[12.239176,42.349656],[12.239014,42.349756],[12.238444,42.3501],[12.237878,42.350161],[12.236791,42.350278],[12.235546,42.35038],[12.234062,42.350328],[12.233707,42.350302],[12.238515,42.35194],[12.249353,42.353758],[12.257195,42.354413],[12.262535,42.352919]]]}},{"type":"Feature","id":"056017","properties":{"istat":"056017","name":"Castel Sant'Elia","province":"VT","label":[42.245658,12.382913]},"geometry":{"type":"Polygon","coordinates":[[[12.367657,42.272288],[12.368401,42.270051],[12.3693,42.268949],[12.369716,42.268793],[12.370388,42.268903],[12.376181,42.270417],[12.39165,42.275047],[12.399902,42.277558],[12.405964,42.280264],[12.406374,42.280234],[12.407404,42.279969],[12.407725,42.279847],[12.408272,42.279421],[12.411541,42.276802],[12.413267,42.272879],[12.413765,42.269685],[12.412952,42.269669],[12.411376,42.269252],[12.410148,42.268506],[12.409595,42.267901],[12.409177,42.267355],[12.408791,42.266745],[12.408484,42.266209],[12.407833,42.264473],[12.407724,42.264017],[12.407971,42.262055],[12.408179,42.261662],[12.408567,42.261196],[12.409302,42.260886],[12.40995,42.260758],[12.412244,42.257443],[12.411409,42.255441],[12.408243,42.251173],[12.404914,42.248791],[12.408836,42.244136],[12.411997,42.24044],[12.41238,42.239897],[12.412491,42.239057],[12.41249,42.23858],[12.412387,42.237808],[12.412273,42.237001],[12.408831,42.229805],[12.408535,42.229517],[12.407946,42.229363],[12.405852,42.228984],[12.405359,42.229017],[12.404274,42.229157],[12.403344,42.229442],[12.402989,42.229601],[12.40261,42.229783],[12.401066,42.233033],[12.399805,42.23415],[12.399567,42.237619],[12.399884,42.238123],[12.400005,42.239245],[12.395087,42.23976],[12.394576,42.239721],[12.393978,42.239428],[12.385547,42.234329],[12.373593,42.224051],[12.371841,42.219582],[12.371852,42.218168],[12.371466,42.215478],[12.371428,42.215355],[12.371274,42.214858],[12.368279,42.212961],[12.35934,42.210283],[12.354366,42.209704],[12.348107,42.21167],[12.346919,42.212785],[12.347402,42.216409],[12.348049,42.21766],[12.348244,42.21792],[12.348944,42.218336],[12.351274,42.219714],[12.354692,42.221373],[12.356413,42.222061],[12.356861,42.222066],[12.358008,42.221754],[12.359495,42.221467],[12.360202,42.221518],[12.361512,42.22202],[12.366183,42.225093],[12.368617,42.22779],[12.37004,42.229725],[12.370474,42.231023],[12.370224,42.232016],[12.368696,42.234519],[12.367819,42.235355],[12.364848,42.236014],[12.362676,42.238028],[12.362462,42.238367],[12.358962,42.24439],[12.357582,42.246925],[12.356595,42.250029],[12.349787,42.256356],[12.354861,42.264024],[12.355361,42.269106],[12.352772,42.270068],[12.348804,42.273814],[12.34674,42.276287],[12.346413,42.276747],[12.346123,42.277246],[12.345969,42.277764],[12.346511,42.277928],[12.350045,42.27879],[12.351099,42.278897],[12.352447,42.27893],[12.353099,42.278857],[12.355133,42.278585],[12.355584,42.278847],[12.356127,42.282937],[12.356633,42.28299],[12.361432,42.2832],[12.367657,42.272288]]]}},{"type":"Feature","id":"056018","properties":{"istat":"056018","name":"Castiglione in Teverina","province":"VT","label":[42.654152,12.175059]},"geometry":{"type":"Polygon","coordinates":[[[12.197281,42.663846],[12.197502,42.663753],[12.197663,42.663686],[12.204336,42.660461],[12.208933,42.656194],[12.221932,42.647035],[12.226919,42.643479],[12.228017,42.638108],[12.227918,42.637607],[12.226813,42.636503],[12.225652,42.635549],[12.225274,42.634993],[12.224708,42.634437],[12.224222,42.633987],[12.22387,42.633763],[12.223572,42.633673],[12.214791,42.632236],[12.21257,42.63201],[12.209593,42.631738],[12.207773,42.631658],[12.205921,42.631824],[12.205772,42.631843],[12.204799,42.631985],[12.194374,42.634415],[12.185244,42.640887],[12.184133,42.645956],[12.180353,42.64869],[12.171669,42.647495],[12.170644,42.647262],[12.170241,42.646981],[12.169201,42.644722],[12.168975,42.644114],[12.168694,42.643359],[12.169341,42.640684],[12.169594,42.64038],[12.170659,42.639482],[12.17071,42.639468],[12.171165,42.639342],[12.175909,42.638828],[12.179446,42.637608],[12.179665,42.637102],[12.180225,42.635637],[12.18019,42.635386],[12.180129,42.634953],[12.17623,42.628479],[12.171136,42.629005],[12.165173,42.63121],[12.160971,42.63306],[12.158387,42.634783],[12.15804,42.635446],[12.157852,42.635806],[12.158332,42.63709],[12.16091,42.641406],[12.161386,42.641368],[12.163845,42.641525],[12.16412,42.641645],[12.164697,42.641899],[12.165292,42.642161],[12.166737,42.642985],[12.167168,42.643608],[12.16425,42.645971],[12.163016,42.646928],[12.162309,42.647443],[12.159783,42.648391],[12.159599,42.648391],[12.158503,42.648395],[12.156605,42.648042],[12.156498,42.648009],[12.155453,42.647686],[12.154927,42.647134],[12.154295,42.646354],[12.153619,42.645517],[12.152365,42.64491],[12.152326,42.644891],[12.152036,42.644819],[12.151671,42.644729],[12.149368,42.644779],[12.148241,42.644918],[12.146231,42.645239],[12.137204,42.649917],[12.137064,42.650105],[12.136052,42.651456],[12.135762,42.651843],[12.135923,42.652109],[12.140775,42.656302],[12.146209,42.65894],[12.148729,42.665772],[12.154479,42.671327],[12.160928,42.67669],[12.166844,42.675956],[12.173299,42.673801],[12.175907,42.672752],[12.180825,42.669802],[12.184682,42.667184],[12.184902,42.666996],[12.185756,42.666268],[12.197281,42.663846]]]}},{"type":"Feature","id":"056019","properties":{"istat":"056019","name":"Celleno","province":"VT","label":[42.555351,12.126784]},"geometry":{"type":"Polygon","coordinates":[[[12.144151,42.582769],[12.152219,42.579846],[12.152805,42.579614],[12.153927,42.578169],[12.15477,42.576471],[12.155116,42.57505],[12.156137,42.566708],[12.155656,42.561436],[12.161409,42.555053],[12.155806,42.547569],[12.149521,42.543398],[12.142794,42.54017],[12.137821,42.538532],[12.135271,42.539176],[12.134853,42.538834],[12.133959,42.538035],[12.133157,42.536328],[12.13268,42.535278],[12.131679,42.532258],[12.131384,42.529492],[12.131572,42.527632],[12.125861,42.5318],[12.125441,42.532181],[12.123372,42.533966],[12.1226,42.534424],[12.122545,42.534454],[12.117929,42.536901],[12.113784,42.539081],[12.105586,42.542],[12.097789,42.546703],[12.09436,42.549792],[12.092746,42.554391],[12.092586,42.554864],[12.092332,42.55565],[12.092116,42.559505],[12.091828,42.568806],[12.093345,42.572943],[12.093657,42.573628],[12.09485,42.575847],[12.095573,42.577182],[12.095832,42.577571],[12.096375,42.57839],[12.096753,42.578884],[12.102284,42.580098],[12.113118,42.582136],[12.118032,42.582457],[12.119976,42.582328],[12.122173,42.582164],[12.122874,42.582046],[12.123244,42.581649],[12.123812,42.581034],[12.126003,42.580227],[12.127469,42.580061],[12.127638,42.580101],[12.127863,42.580154],[12.129372,42.580603],[12.130167,42.580897],[12.131586,42.58152],[12.132453,42.582279],[12.132848,42.582872],[12.144151,42.582769]]]}},{"type":"Feature","id":"056020","properties":{"istat":"056020","name":"Cellere","province":"VT","label":[42.512861,11.777141]},"geometry":{"type":"Polygon","coordinates":[[[11.817625,42.513925],[11.815135,42.507444],[11.815537,42.500694],[11.817899,42.494585],[11.819649,42.491782],[11.804867,42.486531],[11.807652,42.492357],[11.800041,42.492952],[11.794768,42.488362],[11.785562,42.482536],[11.778575,42.481624],[11.777894,42.482516],[11.77533,42.490055],[11.774665,42.492939],[11.775291,42.494646],[11.775373,42.49688],[11.773122,42.499965],[11.772877,42.499988],[11.772795,42.499995],[11.77233,42.499888],[11.771922,42.499791],[11.770503,42.499335],[11.769512,42.498917],[11.768542,42.498162],[11.768251,42.497921],[11.761726,42.492181],[11.761188,42.488763],[11.760861,42.487978],[11.759424,42.486234],[11.759394,42.486204],[11.759095,42.485927],[11.757856,42.485299],[11.757328,42.485033],[11.751592,42.486754],[11.744613,42.48831],[11.744296,42.487763],[11.744245,42.487675],[11.743812,42.487222],[11.742483,42.486299],[11.737522,42.482928],[11.734724,42.483225],[11.733859,42.48515],[11.73369,42.487446],[11.733903,42.488427],[11.73314,42.490232],[11.728179,42.491377],[11.719197,42.491267],[11.718103,42.491014],[11.717513,42.490568],[11.717233,42.489999],[11.716401,42.489028],[11.716071,42.488818],[11.715788,42.488637],[11.714808,42.488192],[11.708359,42.485265],[11.707059,42.48476],[11.704689,42.483907],[11.702087,42.483293],[11.700656,42.485753],[11.696337,42.492618],[11.693805,42.494001],[11.693088,42.494514],[11.692848,42.494685],[11.691982,42.49541],[11.690405,42.496728],[11.687031,42.499793],[11.68654,42.50025],[11.686507,42.500517],[11.686487,42.500697],[11.686739,42.500918],[11.690135,42.502984],[11.691055,42.503494],[11.691528,42.503735],[11.699672,42.505622],[11.714454,42.505548],[11.715475,42.505186],[11.717116,42.505238],[11.718738,42.505296],[11.720649,42.505622],[11.723676,42.506397],[11.724016,42.50651],[11.72491,42.506813],[11.72554,42.507042],[11.726023,42.507218],[11.727187,42.507713],[11.728073,42.508097],[11.728173,42.50814],[11.728478,42.508273],[11.729282,42.508622],[11.733776,42.510703],[11.73424,42.510997],[11.735504,42.511797],[11.749205,42.521135],[11.757154,42.522862],[11.760423,42.520122],[11.762063,42.51875],[11.770699,42.521725],[11.776786,42.524688],[11.78254,42.531181],[11.786816,42.535855],[11.796108,42.545231],[11.796656,42.545182],[11.796787,42.545148],[11.797065,42.545077],[11.798324,42.544668],[11.798386,42.544642],[11.799555,42.544134],[11.81586,42.538957],[11.816631,42.536556],[11.818613,42.529376],[11.818388,42.521547],[11.817625,42.513925]]]}},{"type":"Feature","id":"056021","properties":{"istat":"056021","name":"Civita Castellana","province":"VT","label":[42.301142,12.423897]},"geometry":{"type":"Polygon","coordinates":[[[12.448867,42.358589],[12.451379,42.358292],[12.452107,42.358123],[12.454649,42.357428],[12.461001,42.354968],[12.462979,42.354417],[12.463346,42.354436],[12.463584,42.354448],[12.464802,42.354655],[12.469,42.355639],[12.473273,42.356572],[12.474766,42.356874],[12.474941,42.356445],[12.475116,42.355999],[12.475358,42.355132],[12.475412,42.354387],[12.475142,42.353292],[12.474694,42.352306],[12.473171,42.350916],[12.471663,42.349764],[12.469299,42.348193],[12.46869,42.347946],[12.467887,42.347988],[12.466849,42.347821],[12.465943,42.347164],[12.464251,42.345712],[12.463184,42.344479],[12.462102,42.337884],[12.462166,42.337134],[12.462171,42.337072],[12.462851,42.335574],[12.463234,42.334793],[12.466587,42.330176],[12.467724,42.32875],[12.469259,42.327398],[12.470143,42.32684],[12.472927,42.325819],[12.474242,42.32541],[12.475202,42.325251],[12.475366,42.325227],[12.476427,42.325096],[12.477386,42.325071],[12.477908,42.325092],[12.478464,42.325142],[12.478783,42.325256],[12.478978,42.325325],[12.479438,42.325351],[12.480167,42.325343],[12.480781,42.325157],[12.481544,42.324887],[12.48274,42.324369],[12.483421,42.324069],[12.487282,42.32129],[12.487696,42.320949],[12.488262,42.320432],[12.488938,42.319751],[12.489198,42.31949],[12.489441,42.318861],[12.489363,42.318391],[12.489115,42.318209],[12.488773,42.317967],[12.488473,42.317895],[12.487688,42.31778],[12.485683,42.317548],[12.484584,42.317424],[12.482525,42.317325],[12.480171,42.317329],[12.476191,42.313708],[12.480528,42.305643],[12.481464,42.304089],[12.486939,42.298195],[12.488227,42.296945],[12.489116,42.296224],[12.491921,42.294946],[12.492809,42.294874],[12.493429,42.294832],[12.493563,42.294843],[12.493628,42.294848],[12.494034,42.294881],[12.494685,42.294979],[12.494933,42.29503],[12.495374,42.29512],[12.501669,42.296878],[12.503214,42.297064],[12.505659,42.297197],[12.506934,42.297153],[12.515819,42.295791],[12.519594,42.294762],[12.51571,42.287636],[12.511909,42.28298],[12.509205,42.280996],[12.504922,42.277733],[12.505368,42.275162],[12.50601,42.274152],[12.500707,42.271536],[12.495313,42.270255],[12.490529,42.26978],[12.483214,42.262246],[12.479219,42.251476],[12.477102,42.248271],[12.476502,42.248497],[12.473543,42.249469],[12.472241,42.249847],[12.470434,42.250212],[12.469715,42.250315],[12.468896,42.250196],[12.467778,42.24964],[12.462378,42.250078],[12.454989,42.256595],[12.446424,42.264457],[12.434094,42.266552],[12.421666,42.268648],[12.417136,42.270758],[12.413765,42.269685],[12.413267,42.272879],[12.411541,42.276802],[12.408272,42.279421],[12.407725,42.279847],[12.407404,42.279969],[12.406374,42.280234],[12.405964,42.280264],[12.399902,42.277558],[12.39165,42.275047],[12.376181,42.270417],[12.370388,42.268903],[12.369716,42.268793],[12.3693,42.268949],[12.368401,42.270051],[12.367657,42.272288],[12.361432,42.2832],[12.356633,42.28299],[12.356644,42.285349],[12.357547,42.293255],[12.360466,42.296821],[12.366052,42.304541],[12.376703,42.310314],[12.385161,42.31373],[12.385798,42.313828],[12.386562,42.314039],[12.386905,42.3142],[12.387296,42.314382],[12.38762,42.314985],[12.38784,42.315942],[12.387898,42.316575],[12.387582,42.317251],[12.385702,42.320913],[12.384531,42.322649],[12.387187,42.323431],[12.388628,42.323883],[12.390247,42.324416],[12.401005,42.328077],[12.410075,42.337177],[12.412526,42.338054],[12.414057,42.338728],[12.414773,42.339175],[12.415229,42.339509],[12.421932,42.350348],[12.424788,42.352415],[12.430993,42.352823],[12.432782,42.354233],[12.434031,42.354898],[12.438028,42.356718],[12.442106,42.357789],[12.445073,42.358375],[12.446693,42.358587],[12.448867,42.358589]]]}},{"type":"Feature","id":"056022","properties":{"istat":"056022","name":"Civitella d'Agliano","province":"VT","label":[42.612646,12.198439]},"geometry":{"type":"Polygon","coordinates":[[[12.184133,42.645956],[12.185244,42.640887],[12.194374,42.634415],[12.204799,42.631985],[12.205772,42.631843],[12.205921,42.631824],[12.207773,42.631658],[12.209593,42.631738],[12.21257,42.63201],[12.214791,42.632236],[12.223572,42.633673],[12.22387,42.633763],[12.224222,42.633987],[12.224708,42.634437],[12.225274,42.634993],[12.225652,42.635549],[12.225919,42.635506],[12.226003,42.635492],[12.226911,42.635313],[12.230336,42.634375],[12.238788,42.631642],[12.242669,42.629213],[12.243341,42.628092],[12.239639,42.623084],[12.238711,42.622832],[12.237318,42.622313],[12.236654,42.621962],[12.236002,42.621396],[12.230519,42.613789],[12.230252,42.613373],[12.229478,42.61192],[12.229135,42.611094],[12.229195,42.610402],[12.231312,42.609066],[12.231356,42.609044],[12.231713,42.608865],[12.233311,42.608154],[12.236838,42.607329],[12.23873,42.606975],[12.23906,42.60696],[12.246137,42.600884],[12.247556,42.596693],[12.243867,42.597667],[12.237378,42.587009],[12.235854,42.583311],[12.232585,42.582881],[12.222351,42.58222],[12.213696,42.584818],[12.211208,42.588422],[12.202873,42.592568],[12.202006,42.592772],[12.199948,42.592812],[12.199079,42.592755],[12.198364,42.59259],[12.19497,42.591636],[12.191073,42.590124],[12.183748,42.585795],[12.179645,42.582189],[12.180623,42.580046],[12.173248,42.581953],[12.17237,42.578267],[12.171999,42.575972],[12.168562,42.576707],[12.17041,42.580028],[12.172765,42.589854],[12.172841,42.590693],[12.171108,42.591804],[12.170596,42.592053],[12.169892,42.592333],[12.169315,42.592516],[12.168963,42.592544],[12.166368,42.592336],[12.161124,42.592747],[12.160234,42.593222],[12.158133,42.594667],[12.152242,42.599756],[12.151572,42.601434],[12.165006,42.611463],[12.170721,42.61483],[12.176766,42.618931],[12.17621,42.625376],[12.17623,42.628479],[12.180129,42.634953],[12.18019,42.635386],[12.180225,42.635637],[12.179665,42.637102],[12.179446,42.637608],[12.175909,42.638828],[12.171165,42.639342],[12.17071,42.639468],[12.170659,42.639482],[12.169594,42.64038],[12.169341,42.640684],[12.168694,42.643359],[12.168975,42.644114],[12.169201,42.644722],[12.170241,42.646981],[12.170644,42.647262],[12.171669,42.647495],[12.180353,42.64869],[12.184133,42.645956]]]}},{"type":"Feature","id":"056023","properties":{"istat":"056023","name":"Corchiano","province":"VT","label":[42.357441,12.35676]},"geometry":{"type":"Polygon","coordinates":[[[12.325253,42.393906],[12.346365,42.390292],[12.349525,42.389232],[12.35068,42.388716],[12.355423,42.386502],[12.364004,42.381065],[12.366711,42.379151],[12.368594,42.376872],[12.368931,42.376367],[12.368708,42.37604],[12.367917,42.375802],[12.366397,42.375509],[12.359909,42.374835],[12.357784,42.374623],[12.357116,42.374709],[12.356879,42.37474],[12.35598,42.367779],[12.357088,42.3631],[12.357845,42.36038],[12.358327,42.359849],[12.359252,42.359664],[12.364121,42.358733],[12.369145,42.359117],[12.373657,42.359907],[12.37963,42.359861],[12.382313,42.356387],[12.384168,42.353879],[12.393265,42.351367],[12.399036,42.352074],[12.41961,42.354591],[12.421757,42.354729],[12.424638,42.353013],[12.424788,42.352415],[12.421932,42.350348],[12.415229,42.339509],[12.414773,42.339175],[12.414057,42.338728],[12.412526,42.338054],[12.410075,42.337177],[12.401005,42.328077],[12.390247,42.324416],[12.388628,42.323883],[12.387187,42.323431],[12.384531,42.322649],[12.38287,42.321991],[12.37868,42.320805],[12.377354,42.32052],[12.37619,42.320316],[12.374925,42.320501],[12.373685,42.3207],[12.360719,42.3234],[12.353742,42.325509],[12.351395,42.326374],[12.35066,42.326693],[12.3402,42.33599],[12.340013,42.343289],[12.334904,42.345874],[12.328552,42.347242],[12.323648,42.350527],[12.329731,42.353719],[12.331915,42.357176],[12.332125,42.357705],[12.332104,42.358453],[12.33198,42.358871],[12.331833,42.359303],[12.331656,42.359646],[12.330329,42.362125],[12.329729,42.363187],[12.329362,42.363594],[12.328866,42.364103],[12.328309,42.364376],[12.316901,42.381519],[12.314602,42.389158],[12.314557,42.389655],[12.31486,42.390357],[12.316178,42.392778],[12.31654,42.393172],[12.317014,42.393672],[12.317414,42.394092],[12.317913,42.394609],[12.320319,42.394603],[12.325253,42.393906]]]}},{"type":"Feature","id":"056024","properties":{"istat":"056024","name":"Fabrica di Roma","province":"VT","label":[42.321452,12.335278]},"geometry":{"type":"Polygon","coordinates":[[[12.296574,42.359284],[12.300775,42.359248],[12.302079,42.358864],[12.305514,42.357423],[12.316144,42.352852],[12.323648,42.350527],[12.328552,42.347242],[12.334904,42.345874],[12.340013,42.343289],[12.3402,42.33599],[12.35066,42.326693],[12.351395,42.326374],[12.353742,42.325509],[12.360719,42.3234],[12.373685,42.3207],[12.374925,42.320501],[12.37619,42.320316],[12.377354,42.32052],[12.37868,42.320805],[12.38287,42.321991],[12.384531,42.322649],[12.385702,42.320913],[12.387582,42.317251],[12.387898,42.316575],[12.38784,42.315942],[12.38762,42.314985],[12.387296,42.314382],[12.386905,42.3142],[12.386562,42.314039],[12.385798,42.313828],[12.385161,42.31373],[12.376703,42.310314],[12.366052,42.304541],[12.360466,42.296821],[12.357547,42.293255],[12.356644,42.285349],[12.356633,42.28299],[12.356127,42.282937],[12.354661,42.283412],[12.342769,42.284705],[12.336715,42.287948],[12.336866,42.28897],[12.336848,42.28979],[12.3367,42.290659],[12.336399,42.292372],[12.336235,42.293099],[12.335992,42.293795],[12.335655,42.294552],[12.335419,42.294737],[12.331132,42.296687],[12.330125,42.295992],[12.33104,42.298622],[12.327687,42.300746],[12.322473,42.306506],[12.318905,42.312773],[12.316193,42.314009],[12.311542,42.31608],[12.305766,42.318885],[12.295604,42.323822],[12.281674,42.329712],[12.280736,42.331031],[12.280272,42.331831],[12.280193,42.332961],[12.277832,42.341916],[12.277344,42.34342],[12.2768,42.344372],[12.274608,42.345902],[12.273781,42.346129],[12.273217,42.346248],[12.272828,42.346233],[12.272033,42.346134],[12.270351,42.346236],[12.267488,42.34652],[12.267999,42.349117],[12.274074,42.350402],[12.274305,42.350639],[12.274576,42.35236],[12.274531,42.354072],[12.274706,42.356516],[12.274755,42.357006],[12.274845,42.357363],[12.274982,42.357638],[12.275276,42.358184],[12.275488,42.358497],[12.275894,42.358859],[12.276191,42.359055],[12.276314,42.359135],[12.278963,42.359731],[12.281535,42.360125],[12.287499,42.360638],[12.292575,42.360146],[12.296574,42.359284]]]}},{"type":"Feature","id":"056025","properties":{"istat":"056025","name":"Faleria","province":"VT","label":[42.236265,12.451419]},"geometry":{"type":"Polygon","coordinates":[[[12.434094,42.266552],[12.446424,42.264457],[12.454989,42.256595],[12.462378,42.250078],[12.467778,42.24964],[12.468896,42.250196],[12.469715,42.250315],[12.470434,42.250212],[12.472241,42.249847],[12.473543,42.249469],[12.476502,42.248497],[12.477102,42.248271],[12.483768,42.241365],[12.479577,42.239146],[12.48002,42.237751],[12.480432,42.234402],[12.480385,42.234084],[12.479801,42.23384],[12.47972,42.233806],[12.479682,42.233791],[12.479081,42.233605],[12.478868,42.23354],[12.476601,42.232938],[12.475594,42.232703],[12.473694,42.232644],[12.472527,42.232679],[12.471825,42.232682],[12.471176,42.232636],[12.471076,42.232628],[12.470284,42.232459],[12.469961,42.232209],[12.469685,42.231995],[12.469521,42.231701],[12.469379,42.231446],[12.468033,42.225699],[12.468388,42.223196],[12.463941,42.211994],[12.46214,42.207362],[12.460119,42.204563],[12.457767,42.202546],[12.456925,42.2024],[12.454992,42.202287],[12.453476,42.203206],[12.453345,42.20329],[12.452983,42.203522],[12.452403,42.203896],[12.44133,42.202136],[12.435251,42.200301],[12.434029,42.203999],[12.428307,42.214591],[12.431486,42.220135],[12.43211,42.220247],[12.432147,42.220263],[12.43278,42.220537],[12.433122,42.220824],[12.432157,42.223825],[12.429193,42.230635],[12.426836,42.232331],[12.424093,42.23478],[12.42105,42.23788],[12.420453,42.23882],[12.419643,42.240096],[12.419639,42.240142],[12.419593,42.240764],[12.41951,42.241942],[12.419624,42.242461],[12.420266,42.24268],[12.421173,42.242892],[12.421659,42.243332],[12.421531,42.244115],[12.421261,42.24496],[12.420814,42.245667],[12.419911,42.246009],[12.418422,42.246035],[12.417028,42.246015],[12.41699,42.246041],[12.416302,42.246773],[12.41334,42.250134],[12.412785,42.255112],[12.412244,42.257443],[12.40995,42.260758],[12.409302,42.260886],[12.408567,42.261196],[12.408179,42.261662],[12.407971,42.262055],[12.407724,42.264017],[12.407833,42.264473],[12.408484,42.266209],[12.408791,42.266745],[12.409177,42.267355],[12.409595,42.267901],[12.410148,42.268506],[12.411376,42.269252],[12.412952,42.269669],[12.413765,42.269685],[12.417136,42.270758],[12.421666,42.268648],[12.434094,42.266552]]]}},{"type":"Feature","id":"056026","properties":{"istat":"056026","name":"Farnese","province":"VT","label":[42.565835,11.714006]},"geometry":{"type":"Polygon","coordinates":[[[11.72599,42.610928],[11.726767,42.610806],[11.726786,42.610333],[11.726715,42.609747],[11.726643,42.609179],[11.726622,42.608621],[11.72665,42.607909],[11.726726,42.607554],[11.726812,42.607156],[11.727147,42.606533],[11.72741,42.606374],[11.727945,42.606195],[11.729012,42.606003],[11.729216,42.605981],[11.729293,42.605973],[11.729343,42.605968],[11.729893,42.605914],[11.730977,42.605906],[11.73313,42.606062],[11.733621,42.60614],[11.734422,42.606311],[11.735974,42.606664],[11.736304,42.607013],[11.737061,42.605603],[11.743885,42.597106],[11.745606,42.59602],[11.74704,42.595662],[11.7483,42.595496],[11.754535,42.595725],[11.755246,42.595811],[11.755921,42.596196],[11.756281,42.596615],[11.756499,42.59688],[11.756425,42.597156],[11.758602,42.598729],[11.76193,42.60103],[11.762619,42.601203],[11.763694,42.600902],[11.775069,42.592433],[11.775713,42.591801],[11.77576,42.591754],[11.775796,42.591717],[11.776947,42.590514],[11.777422,42.587954],[11.776745,42.581938],[11.774476,42.576],[11.772625,42.573798],[11.769031,42.57067],[11.767933,42.56979],[11.766626,42.569022],[11.765065,42.568454],[11.763497,42.568022],[11.761758,42.568391],[11.760453,42.567006],[11.755599,42.561142],[11.751948,42.556179],[11.73322,42.540842],[11.730123,42.538458],[11.730066,42.538416],[11.725363,42.535023],[11.723712,42.533987],[11.722469,42.533395],[11.721891,42.533251],[11.72003,42.533574],[11.717491,42.533963],[11.716823,42.533988],[11.715654,42.533989],[11.712042,42.532373],[11.711402,42.531531],[11.710293,42.530073],[11.709852,42.529493],[11.709563,42.528726],[11.709528,42.528606],[11.709407,42.52819],[11.709334,42.527947],[11.708661,42.526676],[11.705726,42.522918],[11.70538,42.522764],[11.703618,42.522298],[11.697596,42.522043],[11.693835,42.526359],[11.692905,42.527944],[11.692533,42.529037],[11.692491,42.529164],[11.688464,42.535477],[11.674216,42.556189],[11.669139,42.564664],[11.667685,42.567453],[11.66615,42.572685],[11.665681,42.576005],[11.665957,42.576203],[11.666415,42.576149],[11.667159,42.576092],[11.668194,42.576104],[11.676315,42.578908],[11.679607,42.580455],[11.681735,42.581812],[11.68578,42.584832],[11.685605,42.585841],[11.684597,42.587872],[11.683282,42.590175],[11.681206,42.592697],[11.679851,42.595246],[11.683189,42.596649],[11.691932,42.599514],[11.696624,42.60021],[11.697795,42.600391],[11.699098,42.600845],[11.700422,42.601374],[11.704015,42.604099],[11.708528,42.607537],[11.710292,42.610022],[11.719351,42.610937],[11.722269,42.611089],[11.72599,42.610928]]]}},{"type":"Feature","id":"056027","properties":{"istat":"056027","name":"Gallese","province":"VT","label":[42.378012,12.412785]},"geometry":{"type":"MultiPolygon","coordinates":[[[[12.324206,42.402688],[12.33782,42.401802],[12.339137,42.401713],[12.344402,42.400948],[12.345512,42.40072],[12.346264,42.400565],[12.347734,42.400148],[12.34905,42.399745],[12.349829,42.399303],[12.354961,42.396137],[12.357714,42.394426],[12.35986,42.392252],[12.361089,42.390703],[12.361536,42.390199],[12.362439,42.389592],[12.363302,42.389125],[12.364,42.388798],[12.371395,42.385483],[12.371995,42.385335],[12.372087,42.385361],[12.372174,42.385386],[12.372266,42.385413],[12.372463,42.385719],[12.372507,42.385788],[12.373017,42.387007],[12.373502,42.388532],[12.375256,42.393645],[12.378861,42.395857],[12.38051,42.395543],[12.386009,42.394057],[12.389726,42.39066],[12.391846,42.389103],[12.392619,42.388557],[12.394262,42.388148],[12.396083,42.387967],[12.405052,42.388819],[12.405826,42.389007],[12.40696,42.389302],[12.40732,42.389449],[12.410156,42.391066],[12.411816,42.392606],[12.421346,42.395826],[12.434822,42.394629],[12.436363,42.394574],[12.437127,42.394762],[12.437858,42.395765],[12.442029,42.395114],[12.44222,42.392587],[12.439383,42.391371],[12.438843,42.391009],[12.438039,42.390119],[12.436612,42.38797],[12.436472,42.387675],[12.436406,42.387535],[12.436362,42.387176],[12.436514,42.386852],[12.436699,42.386486],[12.43702,42.385864],[12.437355,42.385305],[12.438253,42.383945],[12.438892,42.383656],[12.443414,42.382583],[12.446881,42.383064],[12.4562,42.381896],[12.457648,42.380615],[12.458897,42.368585],[12.45461,42.362922],[12.454649,42.357428],[12.452107,42.358123],[12.451379,42.358292],[12.448867,42.358589],[12.446693,42.358587],[12.445073,42.358375],[12.442106,42.357789],[12.438028,42.356718],[12.434031,42.354898],[12.432782,42.354233],[12.430993,42.352823],[12.424788,42.352415],[12.424638,42.353013],[12.421757,42.354729],[12.41961,42.354591],[12.399036,42.352074],[12.393265,42.351367],[12.384168,42.353879],[12.382313,42.356387],[12.37963,42.359861],[12.373657,42.359907],[12.369145,42.359117],[12.364121,42.358733],[12.359252,42.359664],[12.358327,42.359849],[12.357845,42.36038],[12.357088,42.3631],[12.35598,42.367779],[12.356879,42.37474],[12.357116,42.374709],[12.357784,42.374623],[12.359909,42.374835],[12.366397,42.375509],[12.367917,42.375802],[12.368708,42.37604],[12.368931,42.376367],[12.368594,42.376872],[12.366711,42.379151],[12.364004,42.381065],[12.355423,42.386502],[12.35068,42.388716],[12.349525,42.389232],[12.346365,42.390292],[12.325253,42.393906],[12.320319,42.394603],[12.317913,42.394609],[12.316357,42.401795],[12.319455,42.40248],[12.324206,42.402688]]],[[[12.488055,42.398675],[12.487132,42.394195],[12.485816,42.392457],[12.474462,42.387485],[12.474015,42.387458],[12.471878,42.388295],[12.468715,42.39066],[12.466901,42.393355],[12.466256,42.394889],[12.466327,42.39526],[12.46642,42.395649],[12.46664,42.395912],[12.46901,42.398641],[12.470266,42.39977],[12.470357,42.399852],[12.471184,42.400425],[12.473588,42.401973],[12.473941,42.402132],[12.474328,42.402306],[12.475561,42.402764],[12.477214,42.40325],[12.479034,42.403731],[12.480323,42.404051],[12.481362,42.404164],[12.488055,42.398675]]]]}},{"type":"Feature","id":"056028","properties":{"istat":"056028","name":"Gradoli","province":"VT","label":[42.619427,11.881057]},"geometry":{"type":"Polygon","coordinates":[[[11.872689,42.651234],[11.885208,42.649996],[11.887093,42.649607],[11.888189,42.649016],[11.89457,42.644272],[11.894747,42.644118],[11.898557,42.64074],[11.934702,42.60896],[11.94728,42.598174],[11.950839,42.59428],[11.937654,42.593748],[11.917552,42.593298],[11.883192,42.59257],[11.860472,42.592686],[11.853314,42.593399],[11.841155,42.594234],[11.839632,42.594262],[11.839561,42.594245],[11.839377,42.594201],[11.839039,42.59412],[11.838791,42.59394],[11.838601,42.593802],[11.838175,42.593448],[11.838107,42.593391],[11.838026,42.593592],[11.837832,42.594077],[11.837784,42.594353],[11.837936,42.595043],[11.841268,42.601394],[11.841889,42.602265],[11.842005,42.611637],[11.836628,42.627218],[11.835717,42.62946],[11.835594,42.629714],[11.835417,42.630081],[11.834965,42.631014],[11.834715,42.631531],[11.8346,42.63177],[11.832899,42.63363],[11.832823,42.633702],[11.832504,42.633988],[11.831618,42.634644],[11.828258,42.63619],[11.824495,42.639012],[11.827305,42.649559],[11.829562,42.647284],[11.837798,42.646987],[11.842564,42.650676],[11.844044,42.651331],[11.848005,42.652062],[11.852162,42.65241],[11.853651,42.652534],[11.854085,42.652518],[11.856428,42.652387],[11.858065,42.652294],[11.872689,42.651234]]]}},{"type":"Feature","id":"056029","properties":{"istat":"056029","name":"Graffignano","province":"VT","label":[42.563819,12.221693]},"geometry":{"type":"Polygon","coordinates":[[[12.211208,42.588422],[12.213696,42.584818],[12.222351,42.58222],[12.232585,42.582881],[12.235854,42.583311],[12.237927,42.579416],[12.24006,42.575061],[12.239761,42.574723],[12.238658,42.572958],[12.238614,42.5725],[12.238657,42.572179],[12.23872,42.572006],[12.238905,42.571721],[12.239582,42.570964],[12.242205,42.569489],[12.244237,42.568828],[12.244803,42.568644],[12.246722,42.56802],[12.248276,42.567598],[12.251541,42.566712],[12.26156,42.560687],[12.266405,42.559432],[12.269889,42.56013],[12.271225,42.560321],[12.27257,42.560382],[12.275043,42.559915],[12.275132,42.55976],[12.275336,42.55938],[12.275853,42.558416],[12.275925,42.558246],[12.278061,42.553174],[12.278813,42.550888],[12.279068,42.549526],[12.278999,42.548821],[12.27772,42.546047],[12.278554,42.541558],[12.277582,42.541626],[12.273547,42.540508],[12.273328,42.539005],[12.269346,42.536585],[12.266613,42.536528],[12.259497,42.536789],[12.240562,42.535751],[12.235731,42.532034],[12.22417,42.530978],[12.217147,42.531486],[12.216391,42.531708],[12.216077,42.5318],[12.215665,42.53207],[12.214805,42.532632],[12.214644,42.53276],[12.213248,42.533874],[12.213073,42.53414],[12.213044,42.534186],[12.213004,42.534831],[12.213046,42.535383],[12.213095,42.535661],[12.214084,42.5381],[12.220703,42.545438],[12.225852,42.548471],[12.223784,42.550728],[12.213874,42.554652],[12.206836,42.553972],[12.197546,42.554069],[12.18837,42.56102],[12.188067,42.561326],[12.186002,42.566313],[12.185214,42.568532],[12.185223,42.571591],[12.185224,42.571675],[12.186837,42.572769],[12.191542,42.572741],[12.192152,42.574734],[12.186278,42.577115],[12.180623,42.580046],[12.179645,42.582189],[12.183748,42.585795],[12.191073,42.590124],[12.19497,42.591636],[12.198364,42.59259],[12.199079,42.592755],[12.199948,42.592812],[12.202006,42.592772],[12.202873,42.592568],[12.211208,42.588422]]]}},{"type":"Feature","id":"056030","properties":{"istat":"056030","name":"Grotte di Castro","province":"VT","label":[42.65276,11.861895]},"geometry":{"type":"Polygon","coordinates":[[[11.892105,42.703629],[11.892107,42.702792],[11.8909,42.698518],[11.895836,42.687582],[11.895729,42.685258],[11.89421,42.683532],[11.888181,42.682725],[11.891887,42.670943],[11.893657,42.667378],[11.897399,42.662178],[11.897928,42.656649],[11.895394,42.652985],[11.896154,42.651917],[11.896294,42.65172],[11.896724,42.651115],[11.897307,42.650515],[11.898591,42.649253],[11.906029,42.64309],[11.94728,42.598174],[11.934702,42.60896],[11.898557,42.64074],[11.894747,42.644118],[11.89457,42.644272],[11.888189,42.649016],[11.887093,42.649607],[11.885208,42.649996],[11.872689,42.651234],[11.858065,42.652294],[11.856428,42.652387],[11.854085,42.652518],[11.853651,42.652534],[11.852162,42.65241],[11.848005,42.652062],[11.844044,42.651331],[11.842564,42.650676],[11.837798,42.646987],[11.829562,42.647284],[11.827305,42.649559],[11.828773,42.654606],[11.829264,42.656566],[11.829342,42.65699],[11.829825,42.6596],[11.829932,42.662276],[11.828997,42.664303],[11.82795,42.666274],[11.827796,42.666755],[11.827602,42.667363],[11.827959,42.670308],[11.828027,42.670661],[11.828307,42.672109],[11.830687,42.680002],[11.832372,42.684951],[11.834932,42.692399],[11.835588,42.69377],[11.836722,42.696141],[11.838778,42.699011],[11.839638,42.700211],[11.843035,42.700481],[11.853292,42.703388],[11.861635,42.705208],[11.874658,42.70582],[11.878883,42.707141],[11.879466,42.707288],[11.889856,42.705905],[11.892098,42.705444],[11.892105,42.703629]]]}},{"type":"Feature","id":"056031","properties":{"istat":"056031","name":"Ischia di Castro","province":"VT","label":[42.529783,11.629299]},"geometry":{"type":"Polygon","coordinates":[[[11.658418,42.577045],[11.662612,42.576976],[11.664594,42.576809],[11.665034,42.576626],[11.665133,42.576585],[11.665428,42.576455],[11.66548,42.576433],[11.665957,42.576203],[11.665681,42.576005],[11.66615,42.572685],[11.667685,42.567453],[11.669139,42.564664],[11.674216,42.556189],[11.688464,42.535477],[11.692491,42.529164],[11.692533,42.529037],[11.692905,42.527944],[11.693835,42.526359],[11.697596,42.522043],[11.703618,42.522298],[11.70538,42.522764],[11.705726,42.522918],[11.708661,42.526676],[11.709334,42.527947],[11.709407,42.52819],[11.709528,42.528606],[11.709563,42.528726],[11.709852,42.529493],[11.710293,42.530073],[11.711402,42.531531],[11.712042,42.532373],[11.715654,42.533989],[11.716823,42.533988],[11.717491,42.533963],[11.72003,42.533574],[11.721891,42.533251],[11.722469,42.533395],[11.723712,42.533987],[11.725363,42.535023],[11.730066,42.538416],[11.730123,42.538458],[11.73322,42.540842],[11.751948,42.556179],[11.755599,42.561142],[11.760453,42.567006],[11.761758,42.568391],[11.763497,42.568022],[11.765065,42.568454],[11.766626,42.569022],[11.767933,42.56979],[11.774853,42.56844],[11.783677,42.563283],[11.796669,42.549717],[11.797682,42.549704],[11.798406,42.549596],[11.798998,42.549496],[11.799092,42.549457],[11.799802,42.549153],[11.800141,42.548902],[11.800272,42.548803],[11.800602,42.548021],[11.80064,42.54748],[11.800458,42.546665],[11.799555,42.544134],[11.798386,42.544642],[11.798324,42.544668],[11.797065,42.545077],[11.796787,42.545148],[11.796656,42.545182],[11.796108,42.545231],[11.786816,42.535855],[11.78254,42.531181],[11.776786,42.524688],[11.770699,42.521725],[11.762063,42.51875],[11.760423,42.520122],[11.757154,42.522862],[11.749205,42.521135],[11.735504,42.511797],[11.73424,42.510997],[11.733776,42.510703],[11.729282,42.508622],[11.728478,42.508273],[11.728173,42.50814],[11.728073,42.508097],[11.727187,42.507713],[11.726023,42.507218],[11.72554,42.507042],[11.72491,42.506813],[11.724016,42.50651],[11.723676,42.506397],[11.720649,42.505622],[11.718738,42.505296],[11.717116,42.505238],[11.715475,42.505186],[11.714454,42.505548],[11.699672,42.505622],[11.691528,42.503735],[11.691055,42.503494],[11.690135,42.502984],[11.686739,42.500918],[11.686487,42.500697],[11.686507,42.500517],[11.68654,42.50025],[11.687031,42.499793],[11.690405,42.496728],[11.691982,42.49541],[11.692848,42.494685],[11.693088,42.494514],[11.693805,42.494001],[11.696337,42.492618],[11.695666,42.492166],[11.692918,42.490321],[11.688859,42.487778],[11.680061,42.482784],[11.666013,42.492702],[11.657252,42.494571],[11.642206,42.495752],[11.627811,42.497389],[11.624873,42.490181],[11.620182,42.488268],[11.61685,42.487507],[11.616599,42.487984],[11.616294,42.488481],[11.616172,42.488626],[11.612594,42.4909],[11.609393,42.492601],[11.608908,42.492766],[11.608783,42.492807],[11.606614,42.493367],[11.606133,42.493461],[11.605938,42.493499],[11.599271,42.494558],[11.592827,42.495366],[11.585557,42.500925],[11.586159,42.501686],[11.58646,42.502119],[11.586512,42.502195],[11.586662,42.502459],[11.586842,42.502833],[11.586916,42.503016],[11.587028,42.503295],[11.587067,42.503464],[11.587113,42.503667],[11.587132,42.504049],[11.587061,42.504319],[11.586855,42.504623],[11.586642,42.504873],[11.586313,42.505191],[11.585944,42.505496],[11.584421,42.506675],[11.583631,42.507143],[11.580541,42.50877],[11.58023,42.508907],[11.579752,42.509114],[11.57932,42.509266],[11.578852,42.50943],[11.578804,42.509446],[11.578626,42.509507],[11.578456,42.509565],[11.574514,42.510779],[11.571271,42.510312],[11.566106,42.51181],[11.562111,42.514859],[11.560857,42.517028],[11.56494,42.527108],[11.56792,42.53221],[11.570118,42.534489],[11.577753,42.540022],[11.585843,42.541762],[11.586889,42.545336],[11.5824,42.549402],[11.580579,42.560119],[11.578557,42.566211],[11.578718,42.567199],[11.580241,42.567988],[11.589244,42.571401],[11.598716,42.569659],[11.603837,42.568306],[11.60414,42.568217],[11.604595,42.568084],[11.604755,42.568025],[11.605182,42.567867],[11.607247,42.566796],[11.608271,42.565976],[11.608491,42.564812],[11.608713,42.56339],[11.608703,42.563232],[11.608679,42.56282],[11.608775,42.562205],[11.60892,42.561585],[11.609232,42.561173],[11.609778,42.560552],[11.611676,42.559014],[11.611959,42.558785],[11.612784,42.558129],[11.613729,42.557435],[11.613886,42.557324],[11.614013,42.557234],[11.614461,42.557447],[11.615006,42.557993],[11.617231,42.561472],[11.619977,42.5643],[11.624126,42.568356],[11.625021,42.569091],[11.625479,42.569252],[11.625766,42.569338],[11.626021,42.569406],[11.626107,42.569429],[11.626972,42.569621],[11.627055,42.56964],[11.627101,42.569649],[11.62744,42.5697],[11.627494,42.569708],[11.628031,42.569723],[11.628274,42.569727],[11.628713,42.569734],[11.630021,42.569558],[11.630195,42.569481],[11.630834,42.569197],[11.632394,42.568315],[11.632641,42.568121],[11.632799,42.567828],[11.633187,42.567086],[11.633288,42.566385],[11.637113,42.565248],[11.643762,42.5667],[11.646034,42.567867],[11.647734,42.568823],[11.65296,42.571824],[11.655757,42.575281],[11.658418,42.577045]]]}},{"type":"Feature","id":"056032","properties":{"istat":"056032","name":"Latera","province":"VT","label":[42.618793,11.811159]},"geometry":{"type":"Polygon","coordinates":[[[11.804776,42.643999],[11.807114,42.644126],[11.807223,42.644122],[11.807832,42.644095],[11.810914,42.643475],[11.813483,42.642818],[11.816383,42.641954],[11.822331,42.640024],[11.822479,42.639965],[11.824223,42.639141],[11.824495,42.639012],[11.828258,42.63619],[11.831618,42.634644],[11.832504,42.633988],[11.832823,42.633702],[11.832899,42.63363],[11.8346,42.63177],[11.834715,42.631531],[11.834965,42.631014],[11.835417,42.630081],[11.835594,42.629714],[11.835717,42.62946],[11.836628,42.627218],[11.842005,42.611637],[11.841889,42.602265],[11.841268,42.601394],[11.837936,42.595043],[11.837784,42.594353],[11.837832,42.594077],[11.838026,42.593592],[11.838107,42.593391],[11.836008,42.593857],[11.826955,42.595549],[11.826899,42.595555],[11.818946,42.596012],[11.815311,42.595534],[11.811813,42.595071],[11.807025,42.594814],[11.803132,42.59495],[11.80129,42.59536],[11.799741,42.595704],[11.79909,42.595897],[11.797903,42.596251],[11.795242,42.597043],[11.792539,42.597983],[11.792291,42.59807],[11.784449,42.604321],[11.784315,42.604446],[11.784075,42.604674],[11.783909,42.604832],[11.783102,42.605601],[11.782505,42.607835],[11.782337,42.61263],[11.782576,42.617854],[11.782988,42.619732],[11.783522,42.622722],[11.783814,42.625795],[11.783906,42.627602],[11.783847,42.628601],[11.783766,42.629983],[11.78363,42.630421],[11.783324,42.631403],[11.783242,42.631662],[11.780886,42.634683],[11.781411,42.635245],[11.782057,42.635824],[11.784138,42.63765],[11.784326,42.637796],[11.784568,42.637982],[11.786573,42.639267],[11.787158,42.639531],[11.787652,42.639663],[11.78813,42.639726],[11.788692,42.639728],[11.789498,42.639765],[11.790233,42.639843],[11.790645,42.639935],[11.79085,42.639981],[11.791107,42.640038],[11.791514,42.640132],[11.791846,42.640236],[11.793828,42.641199],[11.794153,42.641372],[11.794988,42.642062],[11.795331,42.642357],[11.796446,42.64349],[11.804776,42.643999]]]}},{"type":"Feature","id":"056033","properties":{"istat":"056033","name":"Lubriano","province":"VT","label":[42.647887,12.095051]},"geometry":{"type":"Polygon","coordinates":[[[12.1172,42.650974],[12.11785,42.650551],[12.119544,42.649825],[12.124062,42.649288],[12.124336,42.649397],[12.124773,42.649592],[12.125245,42.649805],[12.125347,42.649851],[12.125545,42.650148],[12.125706,42.65044],[12.125769,42.650937],[12.125802,42.652554],[12.126027,42.65388],[12.126183,42.654799],[12.127056,42.656153],[12.128991,42.65868],[12.129983,42.659945],[12.132099,42.661508],[12.132327,42.661668],[12.137686,42.658163],[12.140775,42.656302],[12.135923,42.652109],[12.135762,42.651843],[12.136052,42.651456],[12.137064,42.650105],[12.137204,42.649917],[12.146231,42.645239],[12.148241,42.644918],[12.149368,42.644779],[12.151671,42.644729],[12.152036,42.644819],[12.152326,42.644891],[12.152365,42.64491],[12.153619,42.645517],[12.154295,42.646354],[12.154927,42.647134],[12.155453,42.647686],[12.156498,42.648009],[12.156605,42.648042],[12.158503,42.648395],[12.159599,42.648391],[12.159783,42.648391],[12.162309,42.647443],[12.163016,42.646928],[12.16425,42.645971],[12.167168,42.643608],[12.166737,42.642985],[12.165292,42.642161],[12.164697,42.641899],[12.16412,42.641645],[12.163845,42.641525],[12.161386,42.641368],[12.16091,42.641406],[12.158332,42.63709],[12.157852,42.635806],[12.156676,42.636919],[12.148263,42.637246],[12.139381,42.635959],[12.13651,42.635513],[12.133372,42.634791],[12.129032,42.633086],[12.123552,42.632713],[12.099478,42.631297],[12.09796,42.631433],[12.093528,42.632048],[12.091854,42.632989],[12.091003,42.633548],[12.089919,42.634316],[12.089434,42.634896],[12.089322,42.635336],[12.089432,42.63585],[12.086763,42.64364],[12.072083,42.644809],[12.06948,42.64496],[12.068212,42.644971],[12.067663,42.644968],[12.061862,42.644592],[12.058059,42.644108],[12.054926,42.642868],[12.049049,42.647766],[12.048109,42.649443],[12.050437,42.64986],[12.063079,42.652161],[12.066666,42.652875],[12.070523,42.654352],[12.073717,42.656672],[12.094509,42.655489],[12.106734,42.664673],[12.106816,42.664244],[12.107416,42.662656],[12.108116,42.660806],[12.108412,42.66038],[12.1172,42.650974]]]}},{"type":"Feature","id":"056034","properties":{"istat":"056034","name":"Marta","province":"VT","label":[42.526511,11.924717]},"geometry":{"type":"Polygon","coordinates":[[[11.965622,42.566544],[11.952168,42.537108],[11.956358,42.52872],[11.957845,42.524301],[11.95446,42.523214],[11.953948,42.522952],[11.951427,42.521099],[11.950926,42.520714],[11.950442,42.520341],[11.949603,42.519561],[11.948998,42.518586],[11.940807,42.504389],[11.939745,42.500374],[11.9394,42.499473],[11.936738,42.493242],[11.934674,42.490157],[11.931236,42.486828],[11.928586,42.483707],[11.927786,42.482765],[11.923878,42.483162],[11.918676,42.483808],[11.911377,42.484765],[11.90957,42.485246],[11.909376,42.486201],[11.908835,42.486359],[11.908766,42.486446],[11.908509,42.486777],[11.908414,42.487068],[11.908998,42.489448],[11.910033,42.490579],[11.911376,42.492022],[11.907611,42.496408],[11.898836,42.499026],[11.891975,42.506002],[11.892934,42.522551],[11.891896,42.529385],[11.899301,42.538689],[11.901804,42.545132],[11.901867,42.545279],[11.901902,42.54535],[11.902109,42.545691],[11.902832,42.546348],[11.906455,42.545154],[11.90844,42.544499],[11.908663,42.544426],[11.911409,42.54361],[11.911508,42.543609],[11.91259,42.544322],[11.950187,42.571238],[11.952087,42.570743],[11.965622,42.566544]]]}},{"type":"Feature","id":"056035","properties":{"istat":"056035","name":"Montalto di Castro","province":"VT","label":[42.367901,11.588384]},"geometry":{"type":"Polygon","coordinates":[[[11.632554,42.433559],[11.63173,42.433206],[11.631701,42.433191],[11.631731,42.432568],[11.631749,42.432195],[11.63176,42.431976],[11.631943,42.429654],[11.632075,42.428164],[11.635346,42.424788],[11.639426,42.422051],[11.637254,42.415033],[11.634586,42.409282],[11.632641,42.399277],[11.637686,42.391457],[11.6385,42.390578],[11.639562,42.389554],[11.640129,42.389167],[11.640911,42.388983],[11.64315,42.389678],[11.64386,42.390074],[11.643933,42.390115],[11.644496,42.390782],[11.645706,42.392753],[11.646732,42.396421],[11.647129,42.400987],[11.647434,42.401313],[11.647702,42.401361],[11.648108,42.401433],[11.649796,42.401718],[11.653536,42.402346],[11.654813,42.402367],[11.6559,42.402035],[11.669842,42.400694],[11.677285,42.399073],[11.68709,42.393798],[11.688585,42.392975],[11.696299,42.38844],[11.696899,42.387966],[11.6978,42.387198],[11.699037,42.385169],[11.70141,42.381232],[11.701648,42.38079],[11.701657,42.379327],[11.701659,42.378854],[11.700337,42.377169],[11.699452,42.376815],[11.697908,42.372573],[11.69732,42.370446],[11.697314,42.369957],[11.697312,42.369654],[11.697619,42.365147],[11.699153,42.361545],[11.695007,42.355358],[11.693354,42.353592],[11.689317,42.349702],[11.688699,42.34949],[11.688307,42.349356],[11.687211,42.34927],[11.686025,42.348957],[11.682515,42.347858],[11.682133,42.347659],[11.68184,42.347503],[11.681713,42.347434],[11.676969,42.343989],[11.672124,42.339946],[11.66574,42.338492],[11.664652,42.338288],[11.66277,42.33826],[11.662145,42.338405],[11.660512,42.33883],[11.657208,42.337871],[11.656368,42.337517],[11.649796,42.334711],[11.649469,42.334336],[11.649209,42.334029],[11.647573,42.331135],[11.645541,42.326024],[11.643937,42.321284],[11.644949,42.321135],[11.645489,42.321005],[11.646075,42.320785],[11.646265,42.320706],[11.646408,42.320647],[11.649104,42.318652],[11.650817,42.317271],[11.651129,42.316946],[11.651038,42.316451],[11.649822,42.314354],[11.648447,42.312513],[11.647595,42.311542],[11.645304,42.310131],[11.644544,42.309667],[11.636646,42.299948],[11.631939,42.295202],[11.623489,42.300015],[11.605208,42.309204],[11.598073,42.313173],[11.595584,42.314726],[11.580388,42.324202],[11.572699,42.328972],[11.56241,42.335046],[11.551641,42.340322],[11.546564,42.342596],[11.542898,42.344134],[11.535405,42.347158],[11.515389,42.354982],[11.498534,42.361356],[11.496703,42.362041],[11.492539,42.363571],[11.488325,42.365083],[11.485704,42.366008],[11.483213,42.366822],[11.475462,42.36898],[11.467059,42.37183],[11.454479,42.376118],[11.454118,42.376238],[11.449852,42.37754],[11.453668,42.38528],[11.451817,42.389978],[11.450808,42.395048],[11.456697,42.401149],[11.462183,42.404699],[11.46719,42.407752],[11.473314,42.411487],[11.476853,42.414048],[11.480094,42.418025],[11.481994,42.42114],[11.481892,42.421363],[11.481758,42.421654],[11.481625,42.421977],[11.481519,42.422342],[11.481434,42.422683],[11.481051,42.427316],[11.481032,42.433602],[11.481146,42.43376],[11.481344,42.434036],[11.481909,42.434493],[11.486704,42.438004],[11.488448,42.439137],[11.488604,42.439221],[11.488888,42.43937],[11.497447,42.438599],[11.505651,42.436425],[11.508364,42.435615],[11.511355,42.434789],[11.515703,42.433892],[11.51813,42.433585],[11.520835,42.433937],[11.521588,42.434067],[11.52167,42.434144],[11.526562,42.436225],[11.53908,42.440601],[11.543511,42.442115],[11.54428,42.442156],[11.545898,42.441717],[11.546224,42.441629],[11.547341,42.441291],[11.547431,42.441215],[11.547564,42.441102],[11.547845,42.440846],[11.548104,42.440603],[11.548259,42.440397],[11.550993,42.439585],[11.554521,42.438768],[11.554944,42.438761],[11.555146,42.438758],[11.555185,42.43876],[11.55557,42.438774],[11.555984,42.438789],[11.565772,42.43936],[11.572356,42.438107],[11.574547,42.437587],[11.575659,42.437484],[11.582348,42.43701],[11.585547,42.436796],[11.595104,42.436471],[11.606323,42.43647],[11.614109,42.436271],[11.617709,42.436044],[11.61756,42.43566],[11.617721,42.435441],[11.618549,42.434616],[11.61888,42.434338],[11.619128,42.434197],[11.619566,42.434205],[11.620521,42.434613],[11.620679,42.43468],[11.620742,42.434712],[11.62098,42.434835],[11.622479,42.435606],[11.625427,42.438439],[11.62573,42.438985],[11.625976,42.439655],[11.626073,42.439973],[11.626396,42.440451],[11.628419,42.441148],[11.629181,42.441063],[11.630016,42.440395],[11.632035,42.436301],[11.632554,42.433559]]]}},{"type":"Feature","id":"056037","properties":{"istat":"056037","name":"Monte Romano","province":"VT","label":[42.329054,11.880897]},"geometry":{"type":"Polygon","coordinates":[[[11.966693,42.424462],[11.962875,42.415565],[11.961083,42.411532],[11.958633,42.39621],[11.956957,42.389703],[11.958438,42.385527],[11.958977,42.384833],[11.959962,42.38302],[11.960166,42.382473],[11.960091,42.381891],[11.959864,42.381424],[11.959001,42.38069],[11.955625,42.378026],[11.951819,42.37627],[11.948443,42.376113],[11.94474,42.374556],[11.940003,42.371607],[11.937853,42.369811],[11.9362,42.367423],[11.934342,42.364255],[11.932584,42.36166],[11.926383,42.357008],[11.922516,42.354756],[11.912871,42.349833],[11.905944,42.346744],[11.904141,42.343404],[11.903611,42.340604],[11.903604,42.339637],[11.903986,42.337306],[11.904032,42.337022],[11.905394,42.331499],[11.90633,42.32786],[11.9073,42.318565],[11.906262,42.309899],[11.905678,42.305612],[11.905331,42.305824],[11.904308,42.306448],[11.904132,42.306476],[11.903863,42.306518],[11.902253,42.306338],[11.901958,42.306032],[11.905256,42.300533],[11.912034,42.291079],[11.91832,42.284804],[11.920202,42.283806],[11.925383,42.27783],[11.92757,42.275036],[11.929637,42.271732],[11.932913,42.265481],[11.93293,42.265431],[11.933264,42.264427],[11.933073,42.263464],[11.932908,42.262743],[11.930991,42.259042],[11.930034,42.257233],[11.929636,42.25653],[11.929418,42.256145],[11.92881,42.255065],[11.932668,42.253902],[11.929068,42.250991],[11.924977,42.244796],[11.925178,42.244174],[11.925166,42.243692],[11.925141,42.242842],[11.924799,42.24119],[11.923945,42.238983],[11.923129,42.237554],[11.921717,42.235609],[11.920686,42.234491],[11.918174,42.232583],[11.917311,42.232533],[11.916489,42.232611],[11.914374,42.23298],[11.913142,42.23334],[11.912337,42.234022],[11.912052,42.234674],[11.912027,42.235219],[11.912117,42.235384],[11.912284,42.235689],[11.912399,42.235898],[11.912867,42.236227],[11.912971,42.2363],[11.910107,42.240365],[11.897625,42.237408],[11.89242,42.233293],[11.890201,42.230287],[11.88318,42.229896],[11.882892,42.234571],[11.881889,42.238147],[11.880859,42.240785],[11.880597,42.241283],[11.879262,42.243052],[11.875613,42.247511],[11.871907,42.251673],[11.868218,42.255751],[11.860349,42.258135],[11.860007,42.25821],[11.858059,42.258638],[11.857188,42.258888],[11.855419,42.259597],[11.853153,42.260925],[11.851027,42.263614],[11.851222,42.264165],[11.855041,42.266957],[11.858113,42.271608],[11.858373,42.27274],[11.858723,42.274604],[11.858837,42.27619],[11.858828,42.276557],[11.858704,42.277647],[11.858579,42.278584],[11.858476,42.27913],[11.859182,42.28208],[11.860867,42.289112],[11.862445,42.294934],[11.864276,42.297505],[11.859729,42.305602],[11.861811,42.310364],[11.862736,42.312307],[11.862935,42.315052],[11.854889,42.318275],[11.853097,42.31864],[11.856177,42.320805],[11.857263,42.325781],[11.856964,42.325861],[11.856053,42.326108],[11.855636,42.32639],[11.855418,42.326538],[11.855303,42.327483],[11.856129,42.330248],[11.857353,42.334265],[11.857869,42.334955],[11.858197,42.335208],[11.858497,42.335421],[11.859118,42.335734],[11.859566,42.33571],[11.860017,42.335464],[11.860192,42.33536],[11.86062,42.335102],[11.861731,42.334233],[11.86208,42.333837],[11.862166,42.333313],[11.862238,42.332818],[11.862125,42.332512],[11.861979,42.332146],[11.861948,42.331712],[11.862015,42.331498],[11.862107,42.331207],[11.862543,42.331082],[11.862689,42.331041],[11.862802,42.331009],[11.864089,42.331063],[11.865888,42.331373],[11.867962,42.331889],[11.872223,42.335154],[11.873727,42.336747],[11.874365,42.337433],[11.874613,42.337836],[11.874572,42.338535],[11.874218,42.340075],[11.873983,42.340899],[11.873892,42.341218],[11.87368,42.341619],[11.872328,42.343121],[11.871986,42.343436],[11.872936,42.349063],[11.877063,42.357091],[11.879551,42.35814],[11.883701,42.359729],[11.886175,42.365776],[11.888821,42.369262],[11.890758,42.371613],[11.893972,42.375202],[11.899203,42.379639],[11.907714,42.392999],[11.910786,42.399476],[11.912885,42.405242],[11.921151,42.417362],[11.923619,42.419923],[11.925456,42.421272],[11.930489,42.418442],[11.940887,42.420674],[11.952772,42.424009],[11.965542,42.426076],[11.966693,42.424462]]]}},{"type":"Feature","id":"056036","properties":{"istat":"056036","name":"Montefiascone","province":"VT","label":[42.53229,12.023895]},"geometry":{"type":"Polygon","coordinates":[[[12.00986,42.599656],[12.013454,42.601165],[12.014083,42.601062],[12.016187,42.599161],[12.017836,42.596677],[12.018863,42.594948],[12.018893,42.593005],[12.019007,42.59132],[12.021647,42.588914],[12.021953,42.588756],[12.022623,42.588424],[12.022715,42.588381],[12.022945,42.588272],[12.030588,42.588056],[12.031588,42.5883],[12.033324,42.588965],[12.041003,42.586443],[12.041376,42.586077],[12.049214,42.582064],[12.052455,42.581041],[12.053067,42.582632],[12.057689,42.582937],[12.058641,42.582965],[12.060731,42.582873],[12.061555,42.582752],[12.063521,42.582371],[12.064,42.582192],[12.064148,42.582134],[12.064419,42.582027],[12.064651,42.581774],[12.064687,42.58148],[12.069249,42.570021],[12.076404,42.56833],[12.08412,42.558149],[12.09162,42.549528],[12.09133,42.539063],[12.092534,42.535042],[12.093898,42.529539],[12.09339,42.529121],[12.085413,42.523064],[12.077615,42.517372],[12.061821,42.508178],[12.057241,42.509124],[12.055409,42.507783],[12.054933,42.507435],[12.050998,42.504313],[12.050902,42.504237],[12.049898,42.50344],[12.049862,42.503408],[12.048828,42.502447],[12.050622,42.498752],[12.051491,42.49584],[12.048178,42.49499],[12.046912,42.494979],[12.042443,42.494656],[12.041403,42.494549],[12.040484,42.494407],[12.040105,42.494151],[12.039868,42.493991],[12.037316,42.49151],[12.036964,42.491033],[12.036459,42.490137],[12.033493,42.484588],[12.025746,42.477938],[12.020002,42.473342],[12.010991,42.46615],[12.005579,42.462614],[12.001076,42.461255],[12.000197,42.461285],[11.999619,42.461555],[11.998049,42.462834],[11.995411,42.465447],[11.989928,42.472887],[11.989616,42.474433],[11.989825,42.475169],[11.99097,42.478048],[11.992169,42.481817],[11.992943,42.485849],[11.993309,42.488207],[11.993187,42.488405],[11.992813,42.489008],[11.991643,42.489502],[11.991041,42.489542],[11.99083,42.489555],[11.990191,42.489478],[11.989754,42.489426],[11.98915,42.489362],[11.988726,42.489317],[11.988228,42.489335],[11.987864,42.489405],[11.987591,42.489761],[11.987309,42.490232],[11.987116,42.491039],[11.9868,42.493388],[11.986798,42.497486],[11.987384,42.500361],[11.989143,42.505956],[11.989892,42.508147],[11.990141,42.510599],[11.989825,42.512338],[11.989657,42.513255],[11.989354,42.514051],[11.983031,42.520219],[11.976816,42.524404],[11.959616,42.524422],[11.957845,42.524301],[11.956358,42.52872],[11.952168,42.537108],[11.965622,42.566544],[11.952087,42.570743],[11.950187,42.571238],[11.950839,42.59428],[11.952087,42.594016],[11.993389,42.585546],[11.994502,42.585391],[11.994657,42.58537],[11.994756,42.585357],[11.994861,42.585359],[11.996697,42.585441],[11.996766,42.585453],[11.997511,42.585586],[11.998332,42.585732],[11.998534,42.585781],[12.000231,42.586195],[12.001589,42.586592],[12.007018,42.58937],[12.009708,42.590791],[12.007277,42.597688],[12.006019,42.600897],[12.007525,42.600776],[12.00986,42.599656]]]}},{"type":"Feature","id":"056038","properties":{"istat":"056038","name":"Monterosi","province":"VT","label":[42.185328,12.296755]},"geometry":{"type":"Polygon","coordinates":[[[12.311027,42.201487],[12.311475,42.200906],[12.311656,42.200672],[12.312116,42.19951],[12.314186,42.193215],[12.31364,42.189056],[12.313186,42.186819],[12.311941,42.183838],[12.310612,42.179734],[12.310374,42.178886],[12.310378,42.178039],[12.311851,42.172382],[12.312514,42.169535],[12.312552,42.167004],[12.31017,42.164741],[12.30759,42.161704],[12.306621,42.159668],[12.305974,42.159804],[12.304977,42.16018],[12.299833,42.163452],[12.299215,42.163916],[12.298953,42.164225],[12.296468,42.167381],[12.284337,42.173317],[12.283793,42.172864],[12.283164,42.1724],[12.282993,42.172319],[12.282283,42.17198],[12.280865,42.171732],[12.277813,42.171252],[12.275429,42.17128],[12.274365,42.17154],[12.273539,42.171744],[12.272662,42.172331],[12.272061,42.173123],[12.271882,42.173637],[12.271968,42.174373],[12.272652,42.176118],[12.273004,42.176865],[12.273195,42.177054],[12.273374,42.177228],[12.274206,42.177875],[12.277886,42.182233],[12.283969,42.188385],[12.287473,42.190576],[12.2868,42.196498],[12.285605,42.198225],[12.286743,42.200092],[12.288972,42.201262],[12.297458,42.207237],[12.297635,42.207564],[12.298127,42.208185],[12.29855,42.208641],[12.299433,42.209061],[12.299976,42.209248],[12.300502,42.20935],[12.301085,42.209374],[12.301531,42.209377],[12.301702,42.209378],[12.302181,42.209261],[12.302907,42.209011],[12.303061,42.208943],[12.303653,42.208678],[12.304003,42.208425],[12.304036,42.208401],[12.30467,42.207932],[12.309417,42.203483],[12.309829,42.203039],[12.309863,42.202997],[12.310065,42.202735],[12.311027,42.201487]]]}},{"type":"Feature","id":"056039","properties":{"istat":"056039","name":"Nepi","province":"VT","label":[42.22142,12.322499]},"geometry":{"type":"MultiPolygon","coordinates":[[[[12.274206,42.177875],[12.271424,42.181916],[12.272823,42.183978],[12.276783,42.188554],[12.283074,42.19543],[12.285605,42.198225],[12.2868,42.196498],[12.287473,42.190576],[12.283969,42.188385],[12.277886,42.182233],[12.274206,42.177875]]],[[[12.325216,42.296067],[12.330125,42.295992],[12.331132,42.296687],[12.335419,42.294737],[12.335655,42.294552],[12.335992,42.293795],[12.336235,42.293099],[12.336399,42.292372],[12.3367,42.290659],[12.336848,42.28979],[12.336866,42.28897],[12.336715,42.287948],[12.342769,42.284705],[12.354661,42.283412],[12.356127,42.282937],[12.355584,42.278847],[12.355133,42.278585],[12.353099,42.278857],[12.352447,42.27893],[12.351099,42.278897],[12.350045,42.27879],[12.346511,42.277928],[12.345969,42.277764],[12.346123,42.277246],[12.346413,42.276747],[12.34674,42.276287],[12.348804,42.273814],[12.352772,42.270068],[12.355361,42.269106],[12.354861,42.264024],[12.349787,42.256356],[12.356595,42.250029],[12.357582,42.246925],[12.358962,42.24439],[12.362462,42.238367],[12.362676,42.238028],[12.364848,42.236014],[12.367819,42.235355],[12.368696,42.234519],[12.370224,42.232016],[12.370474,42.231023],[12.37004,42.229725],[12.368617,42.22779],[12.366183,42.225093],[12.361512,42.22202],[12.360202,42.221518],[12.359495,42.221467],[12.358008,42.221754],[12.356861,42.222066],[12.356413,42.222061],[12.354692,42.221373],[12.351274,42.219714],[12.348944,42.218336],[12.348244,42.21792],[12.348049,42.21766],[12.347402,42.216409],[12.346919,42.212785],[12.348107,42.21167],[12.354366,42.209704],[12.35934,42.210283],[12.368279,42.212961],[12.371274,42.214858],[12.371428,42.215355],[12.371466,42.215478],[12.371852,42.218168],[12.371841,42.219582],[12.373593,42.224051],[12.385547,42.234329],[12.393978,42.239428],[12.394576,42.239721],[12.395087,42.23976],[12.400005,42.239245],[12.399884,42.238123],[12.399567,42.237619],[12.399805,42.23415],[12.401066,42.233033],[12.400624,42.232949],[12.399592,42.2327],[12.398264,42.232114],[12.397799,42.231808],[12.397308,42.231246],[12.396954,42.23077],[12.396795,42.230266],[12.396696,42.229553],[12.392064,42.2225],[12.386771,42.216633],[12.379174,42.21281],[12.378635,42.212901],[12.378465,42.21293],[12.377417,42.213014],[12.376092,42.212954],[12.374674,42.212726],[12.373861,42.212484],[12.372546,42.211915],[12.371799,42.211519],[12.371545,42.211071],[12.370988,42.209399],[12.37042,42.20769],[12.370328,42.20733],[12.370384,42.207013],[12.37277,42.198541],[12.373669,42.188821],[12.373741,42.180832],[12.373111,42.180391],[12.373049,42.180348],[12.372552,42.179872],[12.372071,42.17903],[12.370364,42.175857],[12.370159,42.175188],[12.370116,42.174865],[12.370081,42.174605],[12.37008,42.174145],[12.37011,42.173789],[12.37019,42.17348],[12.370291,42.172874],[12.368201,42.171378],[12.361274,42.168627],[12.354877,42.166717],[12.353091,42.165698],[12.349326,42.162021],[12.34537,42.157049],[12.344655,42.153567],[12.334387,42.152623],[12.331605,42.149656],[12.330713,42.147197],[12.329549,42.146258],[12.32622,42.146224],[12.323,42.14716],[12.319873,42.148696],[12.317346,42.149665],[12.31424,42.150691],[12.312288,42.151319],[12.312008,42.151296],[12.311664,42.151207],[12.311278,42.150997],[12.310925,42.150737],[12.309741,42.148651],[12.30937,42.148774],[12.308876,42.149036],[12.305773,42.150764],[12.304727,42.151412],[12.302966,42.1527],[12.302793,42.152868],[12.302536,42.153514],[12.302664,42.154344],[12.303049,42.155463],[12.303251,42.155848],[12.306621,42.159668],[12.30759,42.161704],[12.31017,42.164741],[12.312552,42.167004],[12.312514,42.169535],[12.311851,42.172382],[12.310378,42.178039],[12.310374,42.178886],[12.310612,42.179734],[12.311941,42.183838],[12.313186,42.186819],[12.31364,42.189056],[12.314186,42.193215],[12.312116,42.19951],[12.311656,42.200672],[12.311475,42.200906],[12.311027,42.201487],[12.310065,42.202735],[12.309863,42.202997],[12.309829,42.203039],[12.309417,42.203483],[12.30467,42.207932],[12.304036,42.208401],[12.304003,42.208425],[12.303653,42.208678],[12.303061,42.208943],[12.302907,42.209011],[12.302181,42.209261],[12.301702,42.209378],[12.301531,42.209377],[12.301085,42.209374],[12.300502,42.20935],[12.299976,42.209248],[12.299433,42.209061],[12.29855,42.208641],[12.298127,42.208185],[12.297635,42.207564],[12.297458,42.207237],[12.288972,42.201262],[12.286743,42.200092],[12.284979,42.202475],[12.284986,42.209899],[12.285191,42.211969],[12.285915,42.213106],[12.286474,42.214141],[12.286921,42.214971],[12.287007,42.215131],[12.287122,42.215347],[12.288741,42.218538],[12.289787,42.220618],[12.290848,42.222732],[12.290916,42.222867],[12.290936,42.222929],[12.291759,42.225554],[12.291904,42.226824],[12.291912,42.226895],[12.29135,42.230333],[12.289665,42.234065],[12.294488,42.24217],[12.29524,42.243643],[12.295471,42.244109],[12.292002,42.248018],[12.290695,42.250158],[12.293675,42.249415],[12.293832,42.249389],[12.294335,42.249306],[12.299212,42.255861],[12.302839,42.261501],[12.303819,42.26358],[12.304321,42.26506],[12.304876,42.266841],[12.305172,42.267881],[12.305156,42.269885],[12.305146,42.270515],[12.305143,42.270579],[12.304424,42.270983],[12.303262,42.271255],[12.297128,42.274574],[12.291774,42.278695],[12.286701,42.282604],[12.288776,42.281901],[12.289588,42.28167],[12.290627,42.281627],[12.291564,42.281659],[12.291312,42.28357],[12.291021,42.284745],[12.289692,42.286965],[12.289507,42.28713],[12.289501,42.287166],[12.289417,42.287621],[12.289383,42.287804],[12.289457,42.288197],[12.289485,42.288346],[12.289792,42.28962],[12.290902,42.292042],[12.291514,42.29333],[12.291873,42.293941],[12.292231,42.294418],[12.292277,42.294479],[12.299596,42.295691],[12.308637,42.295932],[12.318334,42.296023],[12.325216,42.296067]]]]}},{"type":"Feature","id":"056040","properties":{"istat":"056040","name":"Onano","province":"VT","label":[42.682477,11.80812]},"geometry":{"type":"Polygon","coordinates":[[[11.81965,42.711649],[11.823583,42.707852],[11.824523,42.707023],[11.825164,42.706584],[11.833996,42.70181],[11.839638,42.700211],[11.838778,42.699011],[11.836722,42.696141],[11.835588,42.69377],[11.834932,42.692399],[11.832372,42.684951],[11.830687,42.680002],[11.828307,42.672109],[11.828027,42.670661],[11.827959,42.670308],[11.827602,42.667363],[11.827796,42.666755],[11.82795,42.666274],[11.828997,42.664303],[11.829932,42.662276],[11.829825,42.6596],[11.829342,42.65699],[11.829264,42.656566],[11.828773,42.654606],[11.827305,42.649559],[11.824495,42.639012],[11.824223,42.639141],[11.822479,42.639965],[11.822331,42.640024],[11.816383,42.641954],[11.813483,42.642818],[11.810914,42.643475],[11.807832,42.644095],[11.807223,42.644122],[11.807114,42.644126],[11.804776,42.643999],[11.807864,42.650038],[11.809282,42.652952],[11.809358,42.653358],[11.809413,42.653885],[11.809436,42.654154],[11.809456,42.654384],[11.809466,42.655397],[11.809456,42.655847],[11.809421,42.656348],[11.809347,42.656845],[11.809266,42.657257],[11.809038,42.658266],[11.808941,42.658667],[11.808713,42.659188],[11.808407,42.659751],[11.806642,42.662179],[11.801783,42.666972],[11.799939,42.668452],[11.794156,42.669227],[11.786191,42.670594],[11.785159,42.672192],[11.784287,42.679523],[11.785424,42.687459],[11.78208,42.700832],[11.77996,42.705345],[11.781442,42.707457],[11.782176,42.707336],[11.784161,42.707071],[11.784706,42.707041],[11.784943,42.707028],[11.795782,42.706549],[11.796391,42.70653],[11.797081,42.706513],[11.797792,42.706595],[11.798022,42.706626],[11.798578,42.706701],[11.800555,42.707023],[11.801556,42.707192],[11.804919,42.717633],[11.808495,42.730193],[11.809087,42.729843],[11.810121,42.728656],[11.815216,42.719602],[11.816411,42.71652],[11.816703,42.714861],[11.81965,42.711649]]]}},{"type":"Feature","id":"056041","properties":{"istat":"056041","name":"Oriolo Romano","province":"VT","label":[42.174536,12.131343]},"geometry":{"type":"Polygon","coordinates":[[[12.14024,42.189018],[12.142869,42.187294],[12.144651,42.186358],[12.14647,42.185421],[12.147958,42.184667],[12.148841,42.184219],[12.149175,42.18405],[12.156527,42.180632],[12.159962,42.17942],[12.161383,42.179203],[12.163218,42.179111],[12.166261,42.178681],[12.167051,42.17829],[12.167501,42.177836],[12.168533,42.176421],[12.168849,42.175302],[12.167951,42.17377],[12.165736,42.168572],[12.165473,42.167594],[12.165452,42.167571],[12.165289,42.167416],[12.165245,42.167375],[12.1647,42.166863],[12.159674,42.163895],[12.158623,42.163323],[12.157919,42.162939],[12.156876,42.162437],[12.155792,42.162048],[12.154647,42.161643],[12.153624,42.161301],[12.152299,42.160937],[12.149652,42.16051],[12.147914,42.157703],[12.147522,42.156134],[12.144689,42.155135],[12.143725,42.154748],[12.143164,42.154434],[12.142593,42.153896],[12.139485,42.149299],[12.135936,42.147275],[12.135889,42.148037],[12.135551,42.149037],[12.135092,42.149802],[12.134461,42.150747],[12.133813,42.151588],[12.132311,42.153034],[12.128752,42.155986],[12.118891,42.160964],[12.117802,42.161489],[12.116518,42.160952],[12.094582,42.161195],[12.087732,42.161482],[12.086893,42.166019],[12.089929,42.17171],[12.09934,42.177812],[12.108162,42.18358],[12.11967,42.196978],[12.122146,42.202012],[12.122817,42.201813],[12.124551,42.201172],[12.12595,42.200571],[12.126662,42.200017],[12.130926,42.195847],[12.14024,42.189018]]]}},{"type":"Feature","id":"056042","properties":{"istat":"056042","name":"Orte","province":"VT","label":[42.444835,12.379213]},"geometry":{"type":"Polygon","coordinates":[[[12.410098,42.496623],[12.42139,42.492527],[12.427825,42.48694],[12.427405,42.486386],[12.426342,42.485427],[12.424491,42.483898],[12.423239,42.48326],[12.42165,42.482479],[12.421168,42.48234],[12.416858,42.480767],[12.413651,42.479107],[12.413015,42.476861],[12.412376,42.468515],[12.412394,42.468245],[12.412441,42.467563],[12.412846,42.467182],[12.413205,42.467072],[12.413614,42.466984],[12.414218,42.466916],[12.415114,42.466822],[12.427566,42.465212],[12.430248,42.458648],[12.430267,42.458559],[12.430321,42.458313],[12.430382,42.458023],[12.429348,42.457378],[12.429166,42.457316],[12.428344,42.457035],[12.427963,42.456988],[12.427217,42.456897],[12.426375,42.456842],[12.425657,42.456827],[12.42455,42.456856],[12.422853,42.457154],[12.422119,42.457325],[12.421279,42.457534],[12.419798,42.458029],[12.41858,42.458452],[12.418174,42.458454],[12.417899,42.458455],[12.417741,42.458365],[12.41741,42.458177],[12.415372,42.456759],[12.414336,42.455819],[12.414045,42.455532],[12.413677,42.455168],[12.412912,42.453354],[12.412841,42.453093],[12.412789,42.452903],[12.412748,42.452625],[12.413129,42.447265],[12.413885,42.442405],[12.414224,42.442379],[12.415395,42.442195],[12.415844,42.441957],[12.417565,42.44096],[12.418378,42.439826],[12.41905,42.438889],[12.419092,42.43883],[12.419233,42.438177],[12.419286,42.437906],[12.419453,42.436726],[12.419464,42.436469],[12.419356,42.435477],[12.419088,42.434296],[12.417665,42.43161],[12.417458,42.431396],[12.415877,42.429784],[12.415832,42.429738],[12.414932,42.429067],[12.413673,42.428231],[12.413594,42.428104],[12.413523,42.427988],[12.412993,42.426901],[12.41302,42.426849],[12.41365,42.425598],[12.415116,42.424222],[12.415845,42.423537],[12.417038,42.422418],[12.417755,42.422207],[12.419,42.421841],[12.420676,42.421584],[12.42227,42.421604],[12.423941,42.421937],[12.431226,42.423934],[12.434094,42.424921],[12.434553,42.42508],[12.43606,42.425599],[12.437478,42.426063],[12.438227,42.426308],[12.439,42.42642],[12.439452,42.426433],[12.441355,42.42634],[12.441789,42.426268],[12.444552,42.425663],[12.446288,42.424981],[12.448868,42.423714],[12.451248,42.424165],[12.454305,42.426941],[12.45536,42.427625],[12.455516,42.427712],[12.455965,42.427962],[12.459182,42.428977],[12.459842,42.429173],[12.461147,42.429381],[12.461582,42.429436],[12.462143,42.429405],[12.462558,42.429348],[12.463121,42.429245],[12.463603,42.429086],[12.464298,42.428426],[12.467006,42.424243],[12.467221,42.423763],[12.467284,42.423465],[12.467608,42.421942],[12.46732,42.420397],[12.466713,42.419466],[12.46615,42.418947],[12.465618,42.418585],[12.465127,42.418384],[12.464875,42.418324],[12.464308,42.418233],[12.460364,42.416281],[12.458636,42.406558],[12.449924,42.40082],[12.444694,42.398816],[12.437858,42.395765],[12.437127,42.394762],[12.436363,42.394574],[12.434822,42.394629],[12.421346,42.395826],[12.411816,42.392606],[12.410156,42.391066],[12.40732,42.389449],[12.40696,42.389302],[12.405826,42.389007],[12.405052,42.388819],[12.396083,42.387967],[12.394262,42.388148],[12.392619,42.388557],[12.391846,42.389103],[12.389726,42.39066],[12.386009,42.394057],[12.38051,42.395543],[12.378861,42.395857],[12.377807,42.397018],[12.37779,42.397049],[12.37742,42.39775],[12.377449,42.398114],[12.377456,42.398213],[12.378975,42.402071],[12.379524,42.416096],[12.377275,42.420828],[12.373005,42.427879],[12.364535,42.432558],[12.359679,42.432696],[12.352164,42.43591],[12.350648,42.4369],[12.34994,42.438236],[12.340204,42.451032],[12.339973,42.451127],[12.338513,42.45173],[12.337293,42.452116],[12.334813,42.452814],[12.333627,42.452705],[12.332364,42.452291],[12.333132,42.453477],[12.335377,42.45694],[12.335448,42.457051],[12.335576,42.45738],[12.335077,42.464805],[12.334939,42.465885],[12.333549,42.467638],[12.315263,42.481868],[12.314927,42.481959],[12.312128,42.482895],[12.311173,42.483256],[12.310592,42.483525],[12.305673,42.485828],[12.304823,42.486812],[12.305338,42.487913],[12.312762,42.487852],[12.314151,42.487884],[12.315132,42.487999],[12.315835,42.488173],[12.316143,42.488278],[12.316442,42.48838],[12.32079,42.491701],[12.32204,42.492869],[12.323393,42.494531],[12.323907,42.494791],[12.324177,42.494846],[12.324471,42.494869],[12.324921,42.494878],[12.325366,42.494757],[12.325809,42.49461],[12.325856,42.494595],[12.329493,42.492967],[12.330666,42.492384],[12.335177,42.490118],[12.338908,42.487871],[12.345949,42.482183],[12.346471,42.480299],[12.34721,42.478633],[12.348025,42.477353],[12.348975,42.476114],[12.351226,42.473653],[12.352637,42.473995],[12.359698,42.475872],[12.363386,42.477448],[12.374962,42.483127],[12.385348,42.489164],[12.390168,42.498192],[12.395103,42.499108],[12.401796,42.499094],[12.410098,42.496623]]]}},{"type":"Feature","id":"056043","properties":{"istat":"056043","name":"Piansano","province":"VT","label":[42.511581,11.842345]},"geometry":{"type":"Polygon","coordinates":[[[11.849966,42.53855],[11.850656,42.538434],[11.851155,42.538984],[11.854467,42.538195],[11.860617,42.53552],[11.868023,42.527762],[11.86831,42.527124],[11.869262,42.517876],[11.867483,42.509237],[11.868943,42.506443],[11.870917,42.503758],[11.872884,42.500913],[11.87341,42.499945],[11.873861,42.499115],[11.87629,42.488266],[11.87674,42.48463],[11.874709,42.484524],[11.873867,42.484437],[11.872203,42.484236],[11.871385,42.484076],[11.870719,42.483944],[11.863591,42.48207],[11.856752,42.480656],[11.848337,42.480614],[11.84271,42.480528],[11.841693,42.480377],[11.839882,42.479832],[11.838027,42.479167],[11.835832,42.480932],[11.834062,42.483795],[11.834273,42.486086],[11.834526,42.487128],[11.835338,42.489234],[11.835179,42.489545],[11.834705,42.489776],[11.834192,42.489991],[11.833504,42.490125],[11.825512,42.491214],[11.824325,42.490528],[11.823224,42.489564],[11.82297,42.489053],[11.822911,42.488887],[11.82272,42.488352],[11.822601,42.487887],[11.822338,42.486844],[11.822281,42.486553],[11.822209,42.48619],[11.822192,42.486108],[11.82217,42.486006],[11.822161,42.485964],[11.821873,42.485703],[11.821585,42.485753],[11.82109,42.485857],[11.820656,42.486224],[11.820448,42.486504],[11.820313,42.486728],[11.819397,42.489105],[11.819309,42.489616],[11.819649,42.491782],[11.817899,42.494585],[11.815537,42.500694],[11.815135,42.507444],[11.817625,42.513925],[11.818388,42.521547],[11.818613,42.529376],[11.816631,42.536556],[11.81586,42.538957],[11.819546,42.539168],[11.823209,42.539411],[11.82476,42.539526],[11.830482,42.540325],[11.831181,42.540452],[11.831873,42.540701],[11.832319,42.540861],[11.83518,42.542771],[11.836089,42.543523],[11.837803,42.545074],[11.840173,42.54199],[11.841411,42.541068],[11.848041,42.539071],[11.849966,42.53855]]]}},{"type":"Feature","id":"056044","properties":{"istat":"056044","name":"Proceno","province":"VT","label":[42.783301,11.797989]},"geometry":{"type":"Polygon","coordinates":[[[11.787042,42.815285],[11.791384,42.812143],[11.803286,42.801198],[11.802773,42.798293],[11.804844,42.795675],[11.806045,42.795061],[11.80685,42.794856],[11.809683,42.79697],[11.81085,42.798427],[11.811412,42.799635],[11.811547,42.805191],[11.811382,42.805686],[11.811353,42.805772],[11.811212,42.806136],[11.810908,42.806919],[11.816703,42.809075],[11.817344,42.810045],[11.817618,42.810435],[11.817802,42.810574],[11.818074,42.810779],[11.820304,42.811463],[11.822499,42.811791],[11.824178,42.811957],[11.825096,42.811957],[11.825961,42.811872],[11.826687,42.811715],[11.832757,42.810196],[11.833646,42.80985],[11.833984,42.809463],[11.836793,42.80513],[11.840302,42.796493],[11.84516,42.783172],[11.844764,42.777801],[11.844372,42.776835],[11.844334,42.776741],[11.844122,42.77577],[11.844125,42.775683],[11.844193,42.774102],[11.844287,42.772397],[11.845418,42.761582],[11.846831,42.755618],[11.846859,42.755576],[11.846874,42.755328],[11.846102,42.754749],[11.845915,42.754613],[11.845168,42.754069],[11.843119,42.753062],[11.842072,42.752602],[11.840663,42.751984],[11.838885,42.751272],[11.833681,42.749316],[11.83239,42.748858],[11.828743,42.749099],[11.825123,42.748646],[11.823232,42.748382],[11.819337,42.747055],[11.818918,42.746701],[11.818696,42.746386],[11.818658,42.745772],[11.81672,42.745508],[11.816193,42.745466],[11.815507,42.745429],[11.815199,42.745447],[11.814898,42.745465],[11.814335,42.745504],[11.813691,42.745771],[11.81344,42.745921],[11.813306,42.746179],[11.813247,42.746502],[11.81321,42.746814],[11.813203,42.746884],[11.813258,42.747565],[11.813335,42.747914],[11.813084,42.748852],[11.812503,42.749946],[11.81183,42.750747],[11.808644,42.753172],[11.806955,42.753572],[11.800357,42.75498],[11.793609,42.755975],[11.788814,42.756415],[11.783915,42.757188],[11.77942,42.758018],[11.779107,42.758322],[11.779031,42.758851],[11.778984,42.759203],[11.77894,42.759864],[11.77894,42.760141],[11.778966,42.760262],[11.779002,42.760427],[11.779097,42.760677],[11.779469,42.761381],[11.779667,42.761652],[11.779743,42.761755],[11.780318,42.76234],[11.776943,42.766997],[11.766664,42.775932],[11.764527,42.778971],[11.764483,42.779002],[11.764192,42.779204],[11.764164,42.779223],[11.764107,42.779262],[11.76325,42.779678],[11.762823,42.779855],[11.762025,42.779598],[11.757059,42.782089],[11.750204,42.783431],[11.746018,42.78576],[11.748684,42.788196],[11.748759,42.788297],[11.749321,42.789058],[11.749553,42.789561],[11.749697,42.789874],[11.749967,42.790463],[11.750059,42.790827],[11.750095,42.790969],[11.750207,42.791407],[11.750322,42.791862],[11.751981,42.798354],[11.752924,42.801443],[11.752993,42.801576],[11.753349,42.802236],[11.758035,42.807635],[11.764622,42.811916],[11.768565,42.81541],[11.768865,42.816227],[11.768879,42.816265],[11.768937,42.816424],[11.768505,42.819958],[11.769067,42.820188],[11.77424,42.82107],[11.774589,42.820987],[11.77526,42.820828],[11.775595,42.820744],[11.775802,42.820692],[11.775874,42.820674],[11.787042,42.815285]]]}},{"type":"Feature","id":"056045","properties":{"istat":"056045","name":"Ronciglione","province":"VT","label":[42.287932,12.220066]},"geometry":{"type":"Polygon","coordinates":[[[12.213,42.306545],[12.224682,42.307432],[12.230251,42.307676],[12.237582,42.30606],[12.238012,42.305926],[12.238567,42.305384],[12.238901,42.305023],[12.239198,42.304668],[12.239918,42.302851],[12.240595,42.300667],[12.247339,42.297957],[12.256015,42.295659],[12.257851,42.295292],[12.258981,42.295066],[12.260571,42.294828],[12.261428,42.294767],[12.264095,42.294934],[12.264711,42.295124],[12.274463,42.294389],[12.288022,42.288212],[12.288533,42.288],[12.288769,42.287864],[12.288976,42.287658],[12.288918,42.287268],[12.288521,42.285195],[12.288404,42.284608],[12.288299,42.284418],[12.288231,42.284298],[12.286701,42.282604],[12.291774,42.278695],[12.297128,42.274574],[12.303262,42.271255],[12.304424,42.270983],[12.305143,42.270579],[12.305146,42.270515],[12.305156,42.269885],[12.305172,42.267881],[12.304876,42.266841],[12.304321,42.26506],[12.303819,42.26358],[12.302839,42.261501],[12.299212,42.255861],[12.294335,42.249306],[12.293832,42.249389],[12.293675,42.249415],[12.290695,42.250158],[12.282824,42.251266],[12.270577,42.255471],[12.270464,42.255893],[12.270142,42.256221],[12.267782,42.258216],[12.262225,42.262836],[12.258766,42.263727],[12.244801,42.265713],[12.24427,42.265746],[12.241547,42.265845],[12.23418,42.265495],[12.230247,42.265381],[12.224648,42.26783],[12.22426,42.268089],[12.223802,42.268404],[12.207779,42.26689],[12.201812,42.267552],[12.201259,42.270301],[12.20068,42.271578],[12.19843,42.275053],[12.197567,42.275735],[12.191632,42.280223],[12.189853,42.281038],[12.185407,42.282827],[12.182849,42.283083],[12.173924,42.283601],[12.156029,42.286739],[12.149817,42.288368],[12.13409,42.2934],[12.122684,42.295018],[12.120252,42.29639],[12.120077,42.297164],[12.126682,42.303612],[12.122868,42.309298],[12.123158,42.309611],[12.129464,42.311505],[12.134095,42.312891],[12.134825,42.312994],[12.135647,42.31311],[12.137461,42.313483],[12.13844,42.313889],[12.140281,42.315045],[12.141309,42.316696],[12.141805,42.317651],[12.142271,42.320195],[12.143099,42.326625],[12.143914,42.323234],[12.144298,42.322409],[12.144855,42.32166],[12.145256,42.321171],[12.145853,42.320723],[12.146781,42.320351],[12.151187,42.318645],[12.152688,42.318137],[12.153693,42.317797],[12.154188,42.317671],[12.169836,42.31374],[12.197785,42.306552],[12.213,42.306545]]]}},{"type":"Feature","id":"056047","properties":{"istat":"056047","name":"San Lorenzo Nuovo","province":"VT","label":[42.649884,11.91108]},"geometry":{"type":"Polygon","coordinates":[[[11.915252,42.705468],[11.920251,42.704887],[11.926293,42.704741],[11.926113,42.704304],[11.926131,42.704214],[11.926204,42.703859],[11.926267,42.703806],[11.926364,42.703725],[11.926543,42.703573],[11.931637,42.700984],[11.937758,42.699256],[11.93847,42.699199],[11.938926,42.699163],[11.940501,42.698724],[11.943045,42.697986],[11.944093,42.697671],[11.948764,42.696011],[11.948718,42.695543],[11.947783,42.693519],[11.947712,42.693436],[11.94733,42.692986],[11.942369,42.685991],[11.941059,42.683667],[11.938983,42.679266],[11.937645,42.674861],[11.937341,42.672574],[11.936761,42.668728],[11.936301,42.666377],[11.936142,42.666129],[11.935092,42.664851],[11.930301,42.659805],[11.923976,42.656495],[11.924338,42.646338],[11.950839,42.59428],[11.94728,42.598174],[11.906029,42.64309],[11.898591,42.649253],[11.897307,42.650515],[11.896724,42.651115],[11.896294,42.65172],[11.896154,42.651917],[11.895394,42.652985],[11.897928,42.656649],[11.897399,42.662178],[11.893657,42.667378],[11.891887,42.670943],[11.888181,42.682725],[11.89421,42.683532],[11.895729,42.685258],[11.895836,42.687582],[11.8909,42.698518],[11.892107,42.702792],[11.892653,42.702319],[11.893622,42.701479],[11.894527,42.700704],[11.8977,42.701921],[11.905549,42.704175],[11.910128,42.705284],[11.913142,42.705937],[11.915252,42.705468]]]}},{"type":"Feature","id":"056048","properties":{"istat":"056048","name":"Soriano nel Cimino","province":"VT","label":[42.439127,12.248573]},"geometry":{"type":"Polygon","coordinates":[[[12.230246,42.48048],[12.229395,42.477384],[12.22886,42.476918],[12.228512,42.47654],[12.228365,42.476288],[12.227667,42.47402],[12.22754,42.471773],[12.227643,42.470261],[12.235686,42.464506],[12.244397,42.464777],[12.249254,42.466958],[12.249937,42.467974],[12.250388,42.470085],[12.250626,42.471201],[12.251013,42.47281],[12.251233,42.47329],[12.255424,42.476903],[12.264276,42.479448],[12.267869,42.482852],[12.275541,42.484146],[12.279485,42.484402],[12.280522,42.484462],[12.281629,42.484471],[12.282719,42.484359],[12.284274,42.48359],[12.291641,42.480897],[12.293118,42.480364],[12.293924,42.478909],[12.294431,42.475554],[12.294479,42.474841],[12.293932,42.472263],[12.293521,42.470902],[12.294083,42.465591],[12.296207,42.460321],[12.29617,42.459845],[12.295873,42.458584],[12.295592,42.458074],[12.295276,42.457606],[12.294462,42.456932],[12.291422,42.454822],[12.289625,42.454203],[12.290762,42.451027],[12.294972,42.448223],[12.299095,42.446862],[12.30386,42.445608],[12.304834,42.445444],[12.309368,42.445368],[12.305434,42.440826],[12.302594,42.437428],[12.303831,42.428486],[12.303789,42.427425],[12.303698,42.426626],[12.303047,42.425326],[12.300889,42.421312],[12.299097,42.417363],[12.298551,42.416001],[12.295556,42.413336],[12.290446,42.407896],[12.279605,42.403196],[12.276956,42.402961],[12.272806,42.403088],[12.271898,42.401241],[12.269664,42.3947],[12.267826,42.393461],[12.254427,42.392113],[12.250683,42.392751],[12.247495,42.394804],[12.232958,42.399754],[12.230969,42.400319],[12.229223,42.400602],[12.225156,42.401145],[12.22112,42.401641],[12.218872,42.401848],[12.213158,42.402067],[12.209487,42.40131],[12.196988,42.391777],[12.194674,42.389469],[12.192748,42.387433],[12.191524,42.386031],[12.190859,42.386627],[12.19069,42.386779],[12.190495,42.38698],[12.190238,42.387243],[12.186572,42.39238],[12.185782,42.393555],[12.184849,42.394944],[12.183591,42.397592],[12.183315,42.398675],[12.183778,42.400176],[12.184512,42.401564],[12.185101,42.40238],[12.185978,42.403554],[12.187059,42.40461],[12.187779,42.410444],[12.186693,42.412757],[12.189559,42.41609],[12.190539,42.419129],[12.191296,42.424038],[12.191231,42.425431],[12.190703,42.42626],[12.193302,42.43544],[12.192654,42.449471],[12.194697,42.452488],[12.19689,42.45379],[12.197034,42.453909],[12.197398,42.454208],[12.197694,42.454537],[12.198235,42.45514],[12.198291,42.455213],[12.198716,42.455761],[12.199324,42.45913],[12.199019,42.462749],[12.198789,42.465398],[12.196769,42.471195],[12.194034,42.474387],[12.191977,42.477272],[12.190307,42.479628],[12.189618,42.481916],[12.190565,42.483074],[12.19486,42.484737],[12.198863,42.485742],[12.199134,42.485613],[12.199683,42.48535],[12.200468,42.484981],[12.203094,42.483985],[12.203788,42.483749],[12.207402,42.483036],[12.212959,42.48365],[12.2146,42.484113],[12.215233,42.484586],[12.216396,42.485467],[12.216816,42.485833],[12.219846,42.490867],[12.220493,42.491376],[12.221179,42.491699],[12.222472,42.491766],[12.223975,42.491634],[12.226838,42.490995],[12.227542,42.490727],[12.228203,42.489367],[12.228724,42.487425],[12.230246,42.48048]]]}},{"type":"Feature","id":"056049","properties":{"istat":"056049","name":"Sutri","province":"VT","label":[42.221675,12.251924]},"geometry":{"type":"Polygon","coordinates":[[[12.223802,42.268404],[12.22426,42.268089],[12.224648,42.26783],[12.230247,42.265381],[12.23418,42.265495],[12.241547,42.265845],[12.24427,42.265746],[12.244801,42.265713],[12.258766,42.263727],[12.262225,42.262836],[12.267782,42.258216],[12.270142,42.256221],[12.270464,42.255893],[12.270577,42.255471],[12.282824,42.251266],[12.290695,42.250158],[12.292002,42.248018],[12.295471,42.244109],[12.29524,42.243643],[12.294488,42.24217],[12.289665,42.234065],[12.29135,42.230333],[12.291912,42.226895],[12.291904,42.226824],[12.291759,42.225554],[12.290936,42.222929],[12.290916,42.222867],[12.290848,42.222732],[12.289787,42.220618],[12.288741,42.218538],[12.287122,42.215347],[12.287007,42.215131],[12.286921,42.214971],[12.286474,42.214141],[12.285915,42.213106],[12.285191,42.211969],[12.284986,42.209899],[12.284979,42.202475],[12.286743,42.200092],[12.285605,42.198225],[12.283074,42.19543],[12.276783,42.188554],[12.272823,42.183978],[12.271424,42.181916],[12.264542,42.180447],[12.257358,42.178724],[12.255889,42.17819],[12.252168,42.177143],[12.249967,42.176764],[12.248249,42.176768],[12.246567,42.176802],[12.246296,42.176809],[12.245231,42.17684],[12.244716,42.176854],[12.242939,42.176909],[12.235274,42.177153],[12.229908,42.180451],[12.222495,42.183226],[12.220474,42.183706],[12.217302,42.185452],[12.216321,42.186196],[12.215756,42.186713],[12.215741,42.186736],[12.215137,42.188346],[12.214452,42.191072],[12.216047,42.195795],[12.21658,42.19605],[12.216849,42.196326],[12.217011,42.19665],[12.217302,42.19761],[12.217589,42.199548],[12.217785,42.20214],[12.2176,42.202884],[12.21583,42.206562],[12.213614,42.211108],[12.212513,42.213314],[12.212264,42.217004],[12.212362,42.217514],[12.213202,42.220514],[12.214285,42.224354],[12.215211,42.225879],[12.213265,42.227462],[12.210669,42.228822],[12.200263,42.231054],[12.194267,42.231897],[12.189755,42.232486],[12.185402,42.233166],[12.182112,42.234275],[12.180921,42.234956],[12.187964,42.241505],[12.19783,42.250627],[12.198782,42.251951],[12.201208,42.256173],[12.202706,42.261999],[12.201812,42.267552],[12.207779,42.26689],[12.223802,42.268404]]]}},{"type":"Feature","id":"056050","properties":{"istat":"056050","name":"Tarquinia","province":"VT","label":[42.256307,11.769291]},"geometry":{"type":"Polygon","coordinates":[[[11.781673,42.317735],[11.780756,42.311985],[11.780484,42.311609],[11.780455,42.311232],[11.780837,42.308016],[11.781078,42.306606],[11.781188,42.306557],[11.781444,42.306443],[11.781768,42.306314],[11.78181,42.306309],[11.784237,42.306164],[11.786822,42.306525],[11.787775,42.306929],[11.788988,42.30749],[11.789819,42.307915],[11.790487,42.308196],[11.791227,42.308484],[11.791988,42.308677],[11.795589,42.308652],[11.800334,42.3043],[11.801291,42.303155],[11.801698,42.302492],[11.801938,42.301914],[11.808877,42.298877],[11.813406,42.297131],[11.81782,42.298225],[11.831535,42.301723],[11.838996,42.302025],[11.839462,42.302391],[11.840159,42.303465],[11.838444,42.304861],[11.831949,42.309358],[11.836395,42.312511],[11.845385,42.31395],[11.853097,42.31864],[11.854889,42.318275],[11.862935,42.315052],[11.862736,42.312307],[11.861811,42.310364],[11.859729,42.305602],[11.864276,42.297505],[11.862445,42.294934],[11.860867,42.289112],[11.859182,42.28208],[11.858476,42.27913],[11.858579,42.278584],[11.858704,42.277647],[11.858828,42.276557],[11.858837,42.27619],[11.858723,42.274604],[11.858373,42.27274],[11.858113,42.271608],[11.855041,42.266957],[11.851222,42.264165],[11.851027,42.263614],[11.853153,42.260925],[11.855419,42.259597],[11.857188,42.258888],[11.858059,42.258638],[11.860007,42.25821],[11.860349,42.258135],[11.868218,42.255751],[11.871907,42.251673],[11.875613,42.247511],[11.879262,42.243052],[11.880597,42.241283],[11.880859,42.240785],[11.881889,42.238147],[11.882892,42.234571],[11.88318,42.229896],[11.882737,42.230003],[11.881351,42.229362],[11.880793,42.229097],[11.879366,42.22803],[11.879672,42.227081],[11.879995,42.227018],[11.881581,42.226709],[11.8819,42.225971],[11.881869,42.225875],[11.881622,42.225103],[11.881533,42.224828],[11.879032,42.221984],[11.876627,42.220314],[11.873477,42.218691],[11.870769,42.211577],[11.868856,42.210277],[11.866061,42.206867],[11.86592,42.205643],[11.867587,42.201067],[11.869147,42.199542],[11.866399,42.197134],[11.852101,42.188548],[11.848348,42.183446],[11.847577,42.181898],[11.845751,42.179521],[11.840289,42.175667],[11.834309,42.173607],[11.830376,42.169429],[11.828011,42.166898],[11.827728,42.166495],[11.827501,42.166024],[11.827576,42.165252],[11.827767,42.164648],[11.828142,42.164108],[11.829382,42.161542],[11.830979,42.157986],[11.831021,42.157305],[11.828253,42.151133],[11.827065,42.149753],[11.825347,42.14808],[11.824635,42.147566],[11.822808,42.146485],[11.822703,42.146554],[11.820434,42.148048],[11.81848,42.149023],[11.803607,42.155791],[11.790504,42.159992],[11.772231,42.163825],[11.767366,42.163272],[11.755906,42.16155],[11.747192,42.161844],[11.745346,42.161424],[11.743548,42.160976],[11.736279,42.159097],[11.733767,42.158058],[11.734061,42.15924],[11.735612,42.164312],[11.737278,42.166241],[11.738363,42.167104],[11.73983,42.168524],[11.739964,42.169253],[11.739836,42.169846],[11.739343,42.170867],[11.738022,42.172554],[11.736842,42.173667],[11.731361,42.178818],[11.730038,42.180043],[11.728922,42.18094],[11.727767,42.18168],[11.726094,42.182713],[11.720843,42.189216],[11.715431,42.198101],[11.710036,42.208038],[11.707437,42.21563],[11.705848,42.218764],[11.705392,42.219455],[11.704192,42.221276],[11.696888,42.232289],[11.694062,42.235572],[11.691976,42.237408],[11.689352,42.239579],[11.68853,42.240259],[11.685351,42.242102],[11.685321,42.242119],[11.679635,42.247401],[11.673799,42.254263],[11.672502,42.255793],[11.671896,42.256821],[11.669179,42.26144],[11.667584,42.264176],[11.667136,42.264928],[11.666291,42.266225],[11.665354,42.267591],[11.664954,42.267991],[11.663733,42.269204],[11.660081,42.272437],[11.649812,42.281322],[11.641048,42.28845],[11.631939,42.295202],[11.636646,42.299948],[11.644544,42.309667],[11.645304,42.310131],[11.647595,42.311542],[11.648447,42.312513],[11.649822,42.314354],[11.651038,42.316451],[11.651129,42.316946],[11.650817,42.317271],[11.649104,42.318652],[11.646408,42.320647],[11.646265,42.320706],[11.646075,42.320785],[11.645489,42.321005],[11.644949,42.321135],[11.643937,42.321284],[11.645541,42.326024],[11.647573,42.331135],[11.649209,42.334029],[11.649469,42.334336],[11.649796,42.334711],[11.656368,42.337517],[11.657208,42.337871],[11.660512,42.33883],[11.662145,42.338405],[11.66277,42.33826],[11.664652,42.338288],[11.66574,42.338492],[11.672124,42.339946],[11.676969,42.343989],[11.681713,42.347434],[11.68184,42.347503],[11.682133,42.347659],[11.682515,42.347858],[11.686025,42.348957],[11.687211,42.34927],[11.688319,42.340981],[11.692641,42.334176],[11.698928,42.327089],[11.701849,42.324209],[11.704275,42.32219],[11.705729,42.322125],[11.708029,42.322327],[11.708501,42.322559],[11.722425,42.334665],[11.727384,42.339405],[11.735092,42.347087],[11.741476,42.350739],[11.750044,42.35605],[11.752096,42.358873],[11.752687,42.359868],[11.754765,42.361083],[11.756656,42.361884],[11.758127,42.362474],[11.759708,42.363107],[11.760698,42.363375],[11.761857,42.36369],[11.766128,42.364753],[11.768602,42.36522],[11.769783,42.365377],[11.771045,42.365323],[11.772362,42.365174],[11.773478,42.364864],[11.775322,42.364265],[11.783561,42.360535],[11.789045,42.358016],[11.790024,42.357343],[11.790642,42.356491],[11.791029,42.355097],[11.790999,42.354127],[11.79075,42.353688],[11.789645,42.352328],[11.788423,42.351308],[11.785885,42.349592],[11.784798,42.348893],[11.780479,42.346166],[11.779709,42.345761],[11.779044,42.345515],[11.778351,42.337154],[11.781298,42.32479],[11.781673,42.317735]]]}},{"type":"Feature","id":"056051","properties":{"istat":"056051","name":"Tessennano","province":"VT","label":[42.460229,11.782156]},"geometry":{"type":"Polygon","coordinates":[[[11.792488,42.448643],[11.782552,42.443262],[11.781183,42.443358],[11.779904,42.443024],[11.779861,42.442968],[11.779208,42.442132],[11.777126,42.438994],[11.773011,42.431027],[11.772369,42.429663],[11.757827,42.431721],[11.759119,42.433495],[11.761466,42.437739],[11.763769,42.448493],[11.763929,42.453843],[11.762615,42.456369],[11.762299,42.457475],[11.762229,42.458121],[11.762324,42.458677],[11.763403,42.46164],[11.763651,42.462296],[11.764281,42.463357],[11.771188,42.474729],[11.775021,42.47769],[11.777865,42.480696],[11.778575,42.481624],[11.785562,42.482536],[11.794768,42.488362],[11.800041,42.492952],[11.807652,42.492357],[11.804867,42.486531],[11.805338,42.483097],[11.802755,42.472778],[11.802321,42.465148],[11.80297,42.463912],[11.803168,42.463132],[11.802804,42.462331],[11.800497,42.458817],[11.799884,42.457899],[11.792488,42.448643]]]}},{"type":"Feature","id":"056052","properties":{"istat":"056052","name":"Tuscania","province":"VT","label":[42.388597,11.818098]},"geometry":{"type":"Polygon","coordinates":[[[11.911377,42.484765],[11.918676,42.483808],[11.923878,42.483162],[11.927786,42.482765],[11.928287,42.480447],[11.929026,42.475016],[11.929645,42.463123],[11.931106,42.455522],[11.931218,42.453493],[11.931002,42.451945],[11.930727,42.450993],[11.929223,42.447105],[11.928279,42.444865],[11.928015,42.444374],[11.927975,42.444301],[11.925297,42.434702],[11.923534,42.428129],[11.925456,42.421272],[11.923619,42.419923],[11.921151,42.417362],[11.912885,42.405242],[11.910786,42.399476],[11.907714,42.392999],[11.899203,42.379639],[11.893972,42.375202],[11.890758,42.371613],[11.888821,42.369262],[11.886175,42.365776],[11.883701,42.359729],[11.879551,42.35814],[11.877063,42.357091],[11.872936,42.349063],[11.871986,42.343436],[11.872328,42.343121],[11.87368,42.341619],[11.873892,42.341218],[11.873983,42.340899],[11.874218,42.340075],[11.874572,42.338535],[11.874613,42.337836],[11.874365,42.337433],[11.873727,42.336747],[11.872223,42.335154],[11.867962,42.331889],[11.865888,42.331373],[11.864089,42.331063],[11.862802,42.331009],[11.862689,42.331041],[11.862543,42.331082],[11.862107,42.331207],[11.862015,42.331498],[11.861948,42.331712],[11.861979,42.332146],[11.862125,42.332512],[11.862238,42.332818],[11.862166,42.333313],[11.86208,42.333837],[11.861731,42.334233],[11.86062,42.335102],[11.860192,42.33536],[11.860017,42.335464],[11.859566,42.33571],[11.859118,42.335734],[11.858497,42.335421],[11.858197,42.335208],[11.857869,42.334955],[11.857353,42.334265],[11.856129,42.330248],[11.855303,42.327483],[11.855418,42.326538],[11.855636,42.32639],[11.856053,42.326108],[11.856964,42.325861],[11.857263,42.325781],[11.856177,42.320805],[11.853097,42.31864],[11.845385,42.31395],[11.836395,42.312511],[11.831949,42.309358],[11.838444,42.304861],[11.840159,42.303465],[11.839462,42.302391],[11.838996,42.302025],[11.831535,42.301723],[11.81782,42.298225],[11.813406,42.297131],[11.808877,42.298877],[11.801938,42.301914],[11.801698,42.302492],[11.801291,42.303155],[11.800334,42.3043],[11.795589,42.308652],[11.791988,42.308677],[11.791227,42.308484],[11.790487,42.308196],[11.789819,42.307915],[11.788988,42.30749],[11.787775,42.306929],[11.786822,42.306525],[11.784237,42.306164],[11.78181,42.306309],[11.781768,42.306314],[11.781444,42.306443],[11.781188,42.306557],[11.781078,42.306606],[11.780837,42.308016],[11.780455,42.311232],[11.780484,42.311609],[11.780756,42.311985],[11.781673,42.317735],[11.781298,42.32479],[11.778351,42.337154],[11.779044,42.345515],[11.779709,42.345761],[11.780479,42.346166],[11.784798,42.348893],[11.785885,42.349592],[11.788423,42.351308],[11.789645,42.352328],[11.79075,42.353688],[11.790999,42.354127],[11.791029,42.355097],[11.790642,42.356491],[11.790024,42.357343],[11.789045,42.358016],[11.783561,42.360535],[11.775322,42.364265],[11.773478,42.364864],[11.772362,42.365174],[11.771045,42.365323],[11.769783,42.365377],[11.768602,42.36522],[11.766128,42.364753],[11.761857,42.36369],[11.760698,42.363375],[11.759708,42.363107],[11.758127,42.362474],[11.756656,42.361884],[11.754765,42.361083],[11.752687,42.359868],[11.752096,42.358873],[11.750044,42.35605],[11.741476,42.350739],[11.735092,42.347087],[11.727384,42.339405],[11.722425,42.334665],[11.708501,42.322559],[11.708029,42.322327],[11.705729,42.322125],[11.704275,42.32219],[11.701849,42.324209],[11.698928,42.327089],[11.692641,42.334176],[11.688319,42.340981],[11.687211,42.34927],[11.688307,42.349356],[11.688699,42.34949],[11.689317,42.349702],[11.693354,42.353592],[11.695007,42.355358],[11.699153,42.361545],[11.697619,42.365147],[11.697312,42.369654],[11.697314,42.369957],[11.69732,42.370446],[11.697908,42.372573],[11.699452,42.376815],[11.700337,42.377169],[11.704469,42.376982],[11.705401,42.376874],[11.710536,42.37547],[11.711814,42.374958],[11.7139,42.37411],[11.71447,42.3729],[11.71528,42.371656],[11.719127,42.371831],[11.721091,42.372423],[11.721276,42.372512],[11.7216,42.372668],[11.722346,42.373362],[11.72304,42.37511],[11.723315,42.376153],[11.723391,42.379398],[11.727332,42.385472],[11.73524,42.391722],[11.738612,42.394176],[11.74338,42.396597],[11.747854,42.400092],[11.754907,42.407541],[11.756464,42.421893],[11.75687,42.428417],[11.757827,42.431721],[11.772369,42.429663],[11.779447,42.429784],[11.784384,42.429867],[11.785231,42.429793],[11.789349,42.429161],[11.792025,42.428664],[11.795279,42.427787],[11.805022,42.430723],[11.806971,42.433859],[11.813138,42.436184],[11.816184,42.437172],[11.819357,42.437742],[11.826106,42.440293],[11.834536,42.444504],[11.839167,42.446951],[11.840028,42.447452],[11.842952,42.450846],[11.845607,42.456656],[11.846276,42.459107],[11.846191,42.459933],[11.845834,42.460401],[11.841335,42.469914],[11.838027,42.479167],[11.839882,42.479832],[11.841693,42.480377],[11.84271,42.480528],[11.848337,42.480614],[11.856752,42.480656],[11.863591,42.48207],[11.870719,42.483944],[11.871385,42.484076],[11.872203,42.484236],[11.873867,42.484437],[11.874709,42.484524],[11.87674,42.48463],[11.881059,42.485328],[11.888719,42.484977],[11.888613,42.483976],[11.888683,42.483353],[11.88893,42.482896],[11.889131,42.482531],[11.89195,42.480029],[11.892509,42.48001],[11.902373,42.484808],[11.909376,42.486201],[11.90957,42.485246],[11.911377,42.484765]]]}},{"type":"Feature","id":"056053","properties":{"istat":"056053","name":"Valentano","province":"VT","label":[42.589382,11.806352]},"geometry":{"type":"Polygon","coordinates":[[[11.754251,42.639006],[11.758633,42.638349],[11.768188,42.636617],[11.774459,42.635281],[11.780886,42.634683],[11.783242,42.631662],[11.783324,42.631403],[11.78363,42.630421],[11.783766,42.629983],[11.783847,42.628601],[11.783906,42.627602],[11.783814,42.625795],[11.783522,42.622722],[11.782988,42.619732],[11.782576,42.617854],[11.782337,42.61263],[11.782505,42.607835],[11.783102,42.605601],[11.783909,42.604832],[11.784075,42.604674],[11.784315,42.604446],[11.784449,42.604321],[11.792291,42.59807],[11.792539,42.597983],[11.795242,42.597043],[11.797903,42.596251],[11.79909,42.595897],[11.799741,42.595704],[11.80129,42.59536],[11.803132,42.59495],[11.807025,42.594814],[11.811813,42.595071],[11.815311,42.595534],[11.818946,42.596012],[11.826899,42.595555],[11.826955,42.595549],[11.836008,42.593857],[11.838107,42.593391],[11.836107,42.590878],[11.835918,42.590517],[11.835827,42.590343],[11.835731,42.590158],[11.835553,42.589677],[11.835551,42.589624],[11.835541,42.589141],[11.835571,42.588686],[11.836564,42.584028],[11.837529,42.580298],[11.838694,42.57704],[11.83932,42.575737],[11.840019,42.574211],[11.843578,42.565854],[11.84606,42.55436],[11.845979,42.553926],[11.845962,42.553903],[11.845192,42.552919],[11.843502,42.55138],[11.843118,42.551118],[11.842787,42.550894],[11.841752,42.550352],[11.84097,42.549659],[11.840725,42.549441],[11.838019,42.546091],[11.837803,42.545074],[11.836089,42.543523],[11.83518,42.542771],[11.832319,42.540861],[11.831873,42.540701],[11.831181,42.540452],[11.830482,42.540325],[11.82476,42.539526],[11.823209,42.539411],[11.819546,42.539168],[11.81586,42.538957],[11.799555,42.544134],[11.800458,42.546665],[11.80064,42.54748],[11.800602,42.548021],[11.800272,42.548803],[11.800141,42.548902],[11.799802,42.549153],[11.799092,42.549457],[11.798998,42.549496],[11.798406,42.549596],[11.797682,42.549704],[11.796669,42.549717],[11.783677,42.563283],[11.774853,42.56844],[11.767933,42.56979],[11.769031,42.57067],[11.772625,42.573798],[11.774476,42.576],[11.776745,42.581938],[11.777422,42.587954],[11.776947,42.590514],[11.775796,42.591717],[11.77576,42.591754],[11.775713,42.591801],[11.775069,42.592433],[11.763694,42.600902],[11.762619,42.601203],[11.76193,42.60103],[11.758602,42.598729],[11.756425,42.597156],[11.756499,42.59688],[11.756281,42.596615],[11.755921,42.596196],[11.755246,42.595811],[11.754535,42.595725],[11.7483,42.595496],[11.74704,42.595662],[11.745606,42.59602],[11.743885,42.597106],[11.737061,42.605603],[11.736304,42.607013],[11.735939,42.6099],[11.738502,42.613277],[11.744301,42.618289],[11.747913,42.62084],[11.748943,42.621452],[11.750443,42.623048],[11.750828,42.623735],[11.751811,42.625559],[11.75183,42.625595],[11.750336,42.634994],[11.750222,42.635265],[11.750121,42.63565],[11.74979,42.637608],[11.749757,42.639649],[11.754251,42.639006]]]}},{"type":"Feature","id":"056054","properties":{"istat":"056054","name":"Vallerano","province":"VT","label":[42.375743,12.260131]},"geometry":{"type":"Polygon","coordinates":[[[12.279746,42.392044],[12.279848,42.391631],[12.279886,42.391234],[12.279858,42.390911],[12.279715,42.390284],[12.27939,42.390289],[12.278779,42.390469],[12.275772,42.38847],[12.270685,42.384095],[12.272489,42.377858],[12.273778,42.373629],[12.276928,42.371346],[12.282121,42.367704],[12.285188,42.366877],[12.290573,42.365575],[12.291486,42.365359],[12.292356,42.365046],[12.294298,42.364297],[12.294795,42.363828],[12.296634,42.360646],[12.296677,42.359861],[12.296574,42.359284],[12.292575,42.360146],[12.287499,42.360638],[12.281535,42.360125],[12.278963,42.359731],[12.276314,42.359135],[12.276191,42.359055],[12.275894,42.358859],[12.275488,42.358497],[12.275276,42.358184],[12.274982,42.357638],[12.274845,42.357363],[12.274755,42.357006],[12.274706,42.356516],[12.274531,42.354072],[12.274576,42.35236],[12.274305,42.350639],[12.274074,42.350402],[12.267999,42.349117],[12.262535,42.352919],[12.257195,42.354413],[12.249353,42.353758],[12.238515,42.35194],[12.233707,42.350302],[12.231435,42.350055],[12.216428,42.348127],[12.21573,42.348237],[12.215347,42.34836],[12.21487,42.348765],[12.214592,42.349507],[12.216292,42.352165],[12.220186,42.358009],[12.22225,42.359958],[12.222668,42.360315],[12.223174,42.360472],[12.223503,42.360481],[12.224957,42.360427],[12.235261,42.365062],[12.243989,42.369965],[12.246447,42.372453],[12.249917,42.389198],[12.250683,42.392751],[12.254427,42.392113],[12.267826,42.393461],[12.269664,42.3947],[12.271898,42.401241],[12.272806,42.403088],[12.275579,42.399367],[12.278025,42.395636],[12.279746,42.392044]]]}},{"type":"Feature","id":"056055","properties":{"istat":"056055","name":"Vasanello","province":"VT","label":[42.419096,12.338991]},"geometry":{"type":"Polygon","coordinates":[[[12.34994,42.438236],[12.350648,42.4369],[12.352164,42.43591],[12.359679,42.432696],[12.364535,42.432558],[12.373005,42.427879],[12.377275,42.420828],[12.379524,42.416096],[12.378975,42.402071],[12.377456,42.398213],[12.377449,42.398114],[12.37742,42.39775],[12.37779,42.397049],[12.377807,42.397018],[12.378861,42.395857],[12.375256,42.393645],[12.373502,42.388532],[12.373017,42.387007],[12.372507,42.385788],[12.372463,42.385719],[12.372266,42.385413],[12.372174,42.385386],[12.372087,42.385361],[12.371995,42.385335],[12.371395,42.385483],[12.364,42.388798],[12.363302,42.389125],[12.362439,42.389592],[12.361536,42.390199],[12.361089,42.390703],[12.35986,42.392252],[12.357714,42.394426],[12.354961,42.396137],[12.349829,42.399303],[12.34905,42.399745],[12.347734,42.400148],[12.346264,42.400565],[12.345512,42.40072],[12.344402,42.400948],[12.339137,42.401713],[12.33782,42.401802],[12.324206,42.402688],[12.319455,42.40248],[12.316357,42.401795],[12.313618,42.401712],[12.312527,42.404783],[12.312345,42.406913],[12.309051,42.412543],[12.303057,42.414322],[12.298551,42.416001],[12.299097,42.417363],[12.300889,42.421312],[12.303047,42.425326],[12.303698,42.426626],[12.303789,42.427425],[12.303831,42.428486],[12.302594,42.437428],[12.305434,42.440826],[12.309368,42.445368],[12.314678,42.444593],[12.325644,42.446152],[12.326267,42.446413],[12.328148,42.44775],[12.328454,42.448002],[12.328981,42.448554],[12.332364,42.452291],[12.333627,42.452705],[12.334813,42.452814],[12.337293,42.452116],[12.338513,42.45173],[12.339973,42.451127],[12.340204,42.451032],[12.34994,42.438236]]]}},{"type":"Feature","id":"056056","properties":{"istat":"056056","name":"Vejano","province":"VT","label":[42.205293,12.089745]},"geometry":{"type":"MultiPolygon","coordinates":[[[[12.017919,42.186668],[12.020017,42.186491],[12.022292,42.186112],[12.023496,42.185842],[12.022501,42.183994],[12.021516,42.182106],[12.021343,42.178857],[12.02265,42.168974],[12.024966,42.165833],[12.025971,42.165338],[12.027289,42.164547],[12.028232,42.163748],[12.028984,42.162778],[12.030635,42.158813],[12.030831,42.158123],[12.031144,42.155026],[12.029594,42.152753],[12.024196,42.153794],[12.007446,42.157725],[12.002266,42.158464],[12.000531,42.161481],[11.99891,42.167372],[11.997718,42.171503],[11.998463,42.17187],[11.998499,42.171887],[11.999194,42.17222],[11.999442,42.172335],[11.999855,42.172364],[12.003006,42.172449],[12.004153,42.172432],[12.007961,42.172008],[12.012167,42.170587],[12.013546,42.170321],[12.01483,42.175186],[12.015762,42.180277],[12.016544,42.183498],[12.01693,42.184974],[12.017253,42.185636],[12.017529,42.18612],[12.017662,42.186307],[12.017828,42.18654],[12.017919,42.186668]]],[[[12.122558,42.217039],[12.120302,42.204435],[12.120275,42.203891],[12.120357,42.203578],[12.120658,42.203047],[12.121045,42.202541],[12.121331,42.2022],[12.122146,42.202012],[12.11967,42.196978],[12.108162,42.18358],[12.09934,42.177812],[12.089929,42.17171],[12.086893,42.166019],[12.087732,42.161482],[12.08118,42.161363],[12.071872,42.162612],[12.071356,42.163211],[12.071224,42.163332],[12.070718,42.163796],[12.070022,42.164175],[12.069721,42.164255],[12.069306,42.164365],[12.067639,42.164459],[12.063988,42.164552],[12.06268,42.164538],[12.061174,42.164434],[12.060384,42.164378],[12.057727,42.164057],[12.055521,42.16514],[12.048012,42.16832],[12.037897,42.172493],[12.037843,42.173372],[12.039272,42.17921],[12.041119,42.186676],[12.041225,42.187004],[12.04126,42.187113],[12.041738,42.187465],[12.043017,42.188363],[12.046158,42.190229],[12.055943,42.198807],[12.057896,42.201614],[12.0593,42.206151],[12.059259,42.206801],[12.059153,42.207199],[12.057946,42.211717],[12.057383,42.213317],[12.056805,42.214957],[12.058095,42.214697],[12.058377,42.214641],[12.060303,42.214382],[12.064267,42.214438],[12.06582,42.214505],[12.065862,42.214533],[12.066208,42.21476],[12.065962,42.216185],[12.065494,42.217799],[12.065318,42.218404],[12.065294,42.218751],[12.065283,42.218914],[12.065448,42.219585],[12.06583,42.220997],[12.067245,42.224179],[12.068457,42.225452],[12.082827,42.232419],[12.085298,42.233365],[12.08616,42.233423],[12.088752,42.232912],[12.089788,42.232272],[12.091522,42.230577],[12.091988,42.230094],[12.0922,42.229875],[12.092445,42.22962],[12.092991,42.229011],[12.093261,42.228711],[12.094759,42.226618],[12.095209,42.225417],[12.095231,42.224349],[12.095212,42.223517],[12.099867,42.223503],[12.101977,42.228241],[12.10314,42.230493],[12.106526,42.235309],[12.109571,42.239067],[12.116333,42.245236],[12.119431,42.24906],[12.120935,42.248861],[12.122015,42.248647],[12.122303,42.24859],[12.123008,42.248372],[12.123266,42.248226],[12.123489,42.248053],[12.123792,42.247775],[12.129141,42.242694],[12.129987,42.241401],[12.130363,42.240662],[12.131686,42.236546],[12.131826,42.233494],[12.131451,42.232291],[12.131379,42.230544],[12.131654,42.229726],[12.132031,42.229045],[12.132773,42.22861],[12.133695,42.228374],[12.133382,42.227437],[12.133202,42.226982],[12.132863,42.226201],[12.131732,42.22419],[12.131471,42.223833],[12.130911,42.223546],[12.129598,42.222965],[12.122558,42.217039]]]]}},{"type":"Feature","id":"056057","properties":{"istat":"056057","name":"Vetralla","province":"VT","label":[42.30311,12.018415]},"geometry":{"type":"Polygon","coordinates":[[[12.029452,42.352527],[12.036118,42.349478],[12.041297,42.348614],[12.048592,42.347846],[12.050114,42.347688],[12.050649,42.347701],[12.054341,42.348251],[12.054933,42.348433],[12.055625,42.348685],[12.055945,42.349018],[12.063086,42.347822],[12.073831,42.345546],[12.107875,42.340728],[12.109548,42.340669],[12.113904,42.340609],[12.124198,42.338897],[12.12696,42.338768],[12.128583,42.338701],[12.130221,42.338701],[12.130991,42.338797],[12.133621,42.334277],[12.133847,42.334023],[12.135605,42.332071],[12.135693,42.331974],[12.136574,42.331387],[12.138295,42.330381],[12.139734,42.329531],[12.142179,42.32791],[12.143099,42.326625],[12.142271,42.320195],[12.141805,42.317651],[12.141309,42.316696],[12.140281,42.315045],[12.13844,42.313889],[12.137461,42.313483],[12.135647,42.31311],[12.134825,42.312994],[12.134095,42.312891],[12.129464,42.311505],[12.123158,42.309611],[12.122868,42.309298],[12.113583,42.305148],[12.120077,42.297164],[12.120252,42.29639],[12.118038,42.296265],[12.116747,42.296161],[12.115942,42.29607],[12.114697,42.29591],[12.112816,42.295637],[12.111942,42.295391],[12.110216,42.284929],[12.107824,42.278682],[12.10203,42.278465],[12.091553,42.278877],[12.091094,42.27904],[12.0894,42.279594],[12.088157,42.279983],[12.086913,42.28035],[12.085967,42.280578],[12.085555,42.280637],[12.085111,42.2807],[12.083304,42.280924],[12.082265,42.280934],[12.077413,42.280017],[12.074871,42.279524],[12.072177,42.278567],[12.068651,42.277365],[12.067801,42.277103],[12.067655,42.277058],[12.064853,42.276318],[12.064021,42.276165],[12.063704,42.277244],[12.059524,42.282494],[12.05703,42.285166],[12.048553,42.290143],[12.040831,42.292177],[12.031327,42.294698],[12.030264,42.295014],[12.028063,42.296153],[12.025634,42.297365],[12.024858,42.29762],[12.023116,42.297981],[12.022449,42.297959],[12.021692,42.29787],[12.021465,42.297842],[12.020923,42.297773],[12.000815,42.293461],[11.997773,42.290457],[11.997719,42.290402],[11.997571,42.290255],[11.997221,42.289903],[11.99678,42.289456],[11.995306,42.287752],[11.992274,42.284153],[11.989139,42.281425],[11.986164,42.280144],[11.980003,42.279831],[11.979386,42.27986],[11.976828,42.280647],[11.973822,42.282093],[11.96908,42.283487],[11.969319,42.277686],[11.967536,42.274846],[11.958857,42.263999],[11.953107,42.261162],[11.946119,42.261936],[11.945317,42.262137],[11.944414,42.262277],[11.943508,42.262223],[11.942814,42.262007],[11.941803,42.261407],[11.934312,42.255917],[11.932668,42.253902],[11.92881,42.255065],[11.929418,42.256145],[11.929636,42.25653],[11.930034,42.257233],[11.930991,42.259042],[11.932908,42.262743],[11.933073,42.263464],[11.933264,42.264427],[11.93293,42.265431],[11.932913,42.265481],[11.929637,42.271732],[11.92757,42.275036],[11.925383,42.27783],[11.920202,42.283806],[11.91832,42.284804],[11.912034,42.291079],[11.905256,42.300533],[11.901958,42.306032],[11.902253,42.306338],[11.903863,42.306518],[11.904132,42.306476],[11.904308,42.306448],[11.905331,42.305824],[11.905678,42.305612],[11.907999,42.304409],[11.913884,42.30181],[11.91584,42.301355],[11.918516,42.301242],[11.920182,42.301276],[11.920289,42.301278],[11.922545,42.304453],[11.922689,42.304744],[11.922873,42.305115],[11.922893,42.305156],[11.923014,42.305455],[11.923101,42.305767],[11.923383,42.30734],[11.923517,42.308706],[11.923697,42.309197],[11.923804,42.30941],[11.92396,42.309613],[11.926583,42.312851],[11.928515,42.315192],[11.930019,42.316843],[11.93192,42.318604],[11.933084,42.31965],[11.934398,42.320774],[11.936231,42.321321],[11.939862,42.322294],[11.95008,42.32377],[11.955176,42.321919],[11.957672,42.321616],[11.958882,42.321787],[11.962747,42.326426],[11.964763,42.328983],[11.966523,42.33132],[11.969223,42.335613],[11.973304,42.341387],[11.975223,42.34359],[11.978067,42.344347],[11.979354,42.344602],[11.98031,42.344532],[11.981993,42.344259],[11.983074,42.343686],[11.984753,42.342985],[11.985105,42.342917],[11.986556,42.342636],[11.988091,42.342483],[11.988482,42.342492],[11.9904,42.342531],[11.996971,42.343922],[12.002783,42.347453],[12.0077,42.353985],[12.019744,42.354395],[12.029452,42.352527]]]}},{"type":"Feature","id":"056058","properties":{"istat":"056058","name":"Vignanello","province":"VT","label":[42.382807,12.293785]},"geometry":{"type":"Polygon","coordinates":[[[12.303057,42.414322],[12.309051,42.412543],[12.312345,42.406913],[12.312527,42.404783],[12.313618,42.401712],[12.316357,42.401795],[12.317913,42.394609],[12.317414,42.394092],[12.317014,42.393672],[12.31654,42.393172],[12.316178,42.392778],[12.31486,42.390357],[12.314557,42.389655],[12.314602,42.389158],[12.316901,42.381519],[12.328309,42.364376],[12.328866,42.364103],[12.329362,42.363594],[12.329729,42.363187],[12.330329,42.362125],[12.331656,42.359646],[12.331833,42.359303],[12.33198,42.358871],[12.332104,42.358453],[12.332125,42.357705],[12.331915,42.357176],[12.329731,42.353719],[12.323648,42.350527],[12.316144,42.352852],[12.305514,42.357423],[12.302079,42.358864],[12.300775,42.359248],[12.296574,42.359284],[12.296677,42.359861],[12.296634,42.360646],[12.294795,42.363828],[12.294298,42.364297],[12.292356,42.365046],[12.291486,42.365359],[12.290573,42.365575],[12.285188,42.366877],[12.282121,42.367704],[12.276928,42.371346],[12.273778,42.373629],[12.272489,42.377858],[12.270685,42.384095],[12.275772,42.38847],[12.278779,42.390469],[12.27939,42.390289],[12.279715,42.390284],[12.279858,42.390911],[12.279886,42.391234],[12.279848,42.391631],[12.279746,42.392044],[12.278025,42.395636],[12.275579,42.399367],[12.272806,42.403088],[12.276956,42.402961],[12.279605,42.403196],[12.290446,42.407896],[12.295556,42.413336],[12.298551,42.416001],[12.303057,42.414322]]]}},{"type":"Feature","id":"056046","properties":{"istat":"056046","name":"Villa San Giovanni in Tuscia","province":"VT","label":[42.2835,12.042964]},"geometry":{"type":"Polygon","coordinates":[[[12.040831,42.292177],[12.048553,42.290143],[12.05703,42.285166],[12.059524,42.282494],[12.063704,42.277244],[12.064021,42.276165],[12.063584,42.275645],[12.063246,42.275244],[12.062516,42.274377],[12.061803,42.273883],[12.054413,42.270972],[12.049675,42.270312],[12.036888,42.273709],[12.032553,42.27512],[12.030703,42.275988],[12.028111,42.279866],[12.027844,42.280373],[12.02718,42.284506],[12.027171,42.284956],[12.027169,42.285037],[12.027356,42.285658],[12.027591,42.286246],[12.029701,42.292514],[12.030264,42.295014],[12.031327,42.294698],[12.040831,42.292177]]]}},{"type":"Feature","id":"056059","properties":{"istat":"056059","name":"Viterbo","province":"VT","label":[42.44214,12.048101]},"geometry":{"type":"MultiPolygon","coordinates":[[[[12.122868,42.309298],[12.126682,42.303612],[12.120077,42.297164],[12.113583,42.305148],[12.122868,42.309298]]],[[[12.124701,42.58648],[12.124931,42.586394],[12.125348,42.586238],[12.131153,42.584039],[12.132848,42.582872],[12.132453,42.582279],[12.131586,42.58152],[12.130167,42.580897],[12.129372,42.580603],[12.127863,42.580154],[12.127638,42.580101],[12.127469,42.580061],[12.126003,42.580227],[12.123812,42.581034],[12.123244,42.581649],[12.122874,42.582046],[12.122173,42.582164],[12.119976,42.582328],[12.118032,42.582457],[12.113118,42.582136],[12.102284,42.580098],[12.096753,42.578884],[12.096375,42.57839],[12.095832,42.577571],[12.095573,42.577182],[12.09485,42.575847],[12.093657,42.573628],[12.093345,42.572943],[12.091828,42.568806],[12.092116,42.559505],[12.092332,42.55565],[12.092586,42.554864],[12.092746,42.554391],[12.09436,42.549792],[12.097789,42.546703],[12.105586,42.542],[12.113784,42.539081],[12.117929,42.536901],[12.122545,42.534454],[12.1226,42.534424],[12.123372,42.533966],[12.125441,42.532181],[12.125861,42.5318],[12.131572,42.527632],[12.131384,42.529492],[12.131679,42.532258],[12.13268,42.535278],[12.133157,42.536328],[12.133959,42.538035],[12.134853,42.538834],[12.135271,42.539176],[12.137821,42.538532],[12.142794,42.54017],[12.149521,42.543398],[12.155806,42.547569],[12.161409,42.555053],[12.155656,42.561436],[12.156137,42.566708],[12.155116,42.57505],[12.15477,42.576471],[12.153927,42.578169],[12.152805,42.579614],[12.152219,42.579846],[12.152626,42.580936],[12.153762,42.580974],[12.15861,42.58],[12.162869,42.578317],[12.168562,42.576707],[12.171999,42.575972],[12.17237,42.578267],[12.173248,42.581953],[12.180623,42.580046],[12.186278,42.577115],[12.192152,42.574734],[12.191542,42.572741],[12.186837,42.572769],[12.185224,42.571675],[12.185223,42.571591],[12.185214,42.568532],[12.186002,42.566313],[12.188067,42.561326],[12.18837,42.56102],[12.197546,42.554069],[12.206836,42.553972],[12.213874,42.554652],[12.223784,42.550728],[12.225852,42.548471],[12.220703,42.545438],[12.214084,42.5381],[12.213095,42.535661],[12.213046,42.535383],[12.213004,42.534831],[12.213044,42.534186],[12.212176,42.53385],[12.212019,42.533152],[12.211047,42.528371],[12.21167,42.526008],[12.210028,42.522425],[12.207695,42.518209],[12.207225,42.517885],[12.205729,42.516854],[12.201641,42.51307],[12.201125,42.512494],[12.200316,42.511405],[12.200067,42.510827],[12.200077,42.510738],[12.200101,42.510556],[12.201019,42.507977],[12.201299,42.507501],[12.201564,42.507206],[12.202143,42.507108],[12.201856,42.506193],[12.201463,42.505921],[12.200907,42.505752],[12.194607,42.503911],[12.19362,42.503655],[12.193054,42.503774],[12.191056,42.504951],[12.188442,42.506506],[12.179775,42.501742],[12.176386,42.498565],[12.17317,42.497358],[12.165301,42.495198],[12.158941,42.4931],[12.155075,42.488163],[12.152086,42.48541],[12.147711,42.48232],[12.147664,42.483078],[12.145557,42.485935],[12.143837,42.486556],[12.136081,42.483319],[12.135043,42.482753],[12.13511,42.481903],[12.135134,42.481643],[12.136348,42.480128],[12.138129,42.478968],[12.13944,42.477964],[12.139747,42.477723],[12.139921,42.477586],[12.142446,42.470305],[12.144028,42.465443],[12.144019,42.461058],[12.14429,42.459659],[12.147109,42.457164],[12.156026,42.452547],[12.160614,42.450174],[12.167228,42.447479],[12.169479,42.43998],[12.173244,42.433764],[12.175338,42.432864],[12.178237,42.431037],[12.182942,42.42739],[12.18423,42.423001],[12.186097,42.414457],[12.186693,42.412757],[12.187779,42.410444],[12.187059,42.40461],[12.185978,42.403554],[12.185101,42.40238],[12.184512,42.401564],[12.183778,42.400176],[12.183315,42.398675],[12.183591,42.397592],[12.184849,42.394944],[12.185782,42.393555],[12.186572,42.39238],[12.190238,42.387243],[12.190495,42.38698],[12.19069,42.386779],[12.190859,42.386627],[12.191524,42.386031],[12.190706,42.384983],[12.189447,42.382659],[12.188512,42.378864],[12.187248,42.375156],[12.185693,42.371034],[12.183395,42.369748],[12.179543,42.36754],[12.176694,42.364747],[12.176459,42.364429],[12.175573,42.362725],[12.175366,42.361988],[12.174753,42.361618],[12.174303,42.361369],[12.173394,42.361403],[12.16868,42.361867],[12.167229,42.362209],[12.16664,42.362351],[12.163456,42.363011],[12.158204,42.362788],[12.156922,42.362544],[12.140894,42.358395],[12.134792,42.356055],[12.134444,42.355884],[12.133838,42.355428],[12.132297,42.353458],[12.131526,42.351353],[12.130864,42.349278],[12.130913,42.340898],[12.130991,42.338797],[12.130221,42.338701],[12.128583,42.338701],[12.12696,42.338768],[12.124198,42.338897],[12.113904,42.340609],[12.109548,42.340669],[12.107875,42.340728],[12.073831,42.345546],[12.063086,42.347822],[12.055945,42.349018],[12.055625,42.348685],[12.054933,42.348433],[12.054341,42.348251],[12.050649,42.347701],[12.050114,42.347688],[12.048592,42.347846],[12.041297,42.348614],[12.036118,42.349478],[12.029452,42.352527],[12.019744,42.354395],[12.0077,42.353985],[12.002783,42.347453],[11.996971,42.343922],[11.9904,42.342531],[11.988482,42.342492],[11.988091,42.342483],[11.986556,42.342636],[11.985105,42.342917],[11.984753,42.342985],[11.983074,42.343686],[11.981993,42.344259],[11.98031,42.344532],[11.979354,42.344602],[11.978067,42.344347],[11.975223,42.34359],[11.973304,42.341387],[11.969223,42.335613],[11.966523,42.33132],[11.964763,42.328983],[11.962747,42.326426],[11.958882,42.321787],[11.957672,42.321616],[11.955176,42.321919],[11.95008,42.32377],[11.939862,42.322294],[11.936231,42.321321],[11.934398,42.320774],[11.933084,42.31965],[11.93192,42.318604],[11.930019,42.316843],[11.928515,42.315192],[11.926583,42.312851],[11.92396,42.309613],[11.923804,42.30941],[11.923697,42.309197],[11.923517,42.308706],[11.923383,42.30734],[11.923101,42.305767],[11.923014,42.305455],[11.922893,42.305156],[11.922873,42.305115],[11.922689,42.304744],[11.922545,42.304453],[11.920289,42.301278],[11.920182,42.301276],[11.918516,42.301242],[11.91584,42.301355],[11.913884,42.30181],[11.907999,42.304409],[11.905678,42.305612],[11.906262,42.309899],[11.9073,42.318565],[11.90633,42.32786],[11.905394,42.331499],[11.904032,42.337022],[11.903986,42.337306],[11.903604,42.339637],[11.903611,42.340604],[11.904141,42.343404],[11.905944,42.346744],[11.912871,42.349833],[11.922516,42.354756],[11.926383,42.357008],[11.932584,42.36166],[11.934342,42.364255],[11.9362,42.367423],[11.937853,42.369811],[11.940003,42.371607],[11.94474,42.374556],[11.948443,42.376113],[11.951819,42.37627],[11.955625,42.378026],[11.959001,42.38069],[11.959864,42.381424],[11.960091,42.381891],[11.960166,42.382473],[11.959962,42.38302],[11.958977,42.384833],[11.958438,42.385527],[11.956957,42.389703],[11.958633,42.39621],[11.961083,42.411532],[11.962875,42.415565],[11.966693,42.424462],[11.965542,42.426076],[11.952772,42.424009],[11.940887,42.420674],[11.930489,42.418442],[11.925456,42.421272],[11.923534,42.428129],[11.925297,42.434702],[11.927975,42.444301],[11.928015,42.444374],[11.928279,42.444865],[11.929223,42.447105],[11.930727,42.450993],[11.931002,42.451945],[11.931218,42.453493],[11.931106,42.455522],[11.929645,42.463123],[11.929026,42.475016],[11.928287,42.480447],[11.927786,42.482765],[11.928586,42.483707],[11.931236,42.486828],[11.934674,42.490157],[11.936738,42.493242],[11.9394,42.499473],[11.939745,42.500374],[11.940807,42.504389],[11.948998,42.518586],[11.949603,42.519561],[11.950442,42.520341],[11.950926,42.520714],[11.951427,42.521099],[11.953948,42.522952],[11.95446,42.523214],[11.957845,42.524301],[11.959616,42.524422],[11.976816,42.524404],[11.983031,42.520219],[11.989354,42.514051],[11.989657,42.513255],[11.989825,42.512338],[11.990141,42.510599],[11.989892,42.508147],[11.989143,42.505956],[11.987384,42.500361],[11.986798,42.497486],[11.9868,42.493388],[11.987116,42.491039],[11.987309,42.490232],[11.987591,42.489761],[11.987864,42.489405],[11.988228,42.489335],[11.988726,42.489317],[11.98915,42.489362],[11.989754,42.489426],[11.990191,42.489478],[11.99083,42.489555],[11.991041,42.489542],[11.991643,42.489502],[11.992813,42.489008],[11.993187,42.488405],[11.993309,42.488207],[11.992943,42.485849],[11.992169,42.481817],[11.99097,42.478048],[11.989825,42.475169],[11.989616,42.474433],[11.989928,42.472887],[11.995411,42.465447],[11.998049,42.462834],[11.999619,42.461555],[12.000197,42.461285],[12.001076,42.461255],[12.005579,42.462614],[12.010991,42.46615],[12.020002,42.473342],[12.025746,42.477938],[12.033493,42.484588],[12.036459,42.490137],[12.036964,42.491033],[12.037316,42.49151],[12.039868,42.493991],[12.040105,42.494151],[12.040484,42.494407],[12.041403,42.494549],[12.042443,42.494656],[12.046912,42.494979],[12.048178,42.49499],[12.051491,42.49584],[12.050622,42.498752],[12.048828,42.502447],[12.049862,42.503408],[12.049898,42.50344],[12.050902,42.504237],[12.050998,42.504313],[12.054933,42.507435],[12.055409,42.507783],[12.057241,42.509124],[12.061821,42.508178],[12.077615,42.517372],[12.085413,42.523064],[12.09339,42.529121],[12.093898,42.529539],[12.092534,42.535042],[12.09133,42.539063],[12.09162,42.549528],[12.08412,42.558149],[12.076404,42.56833],[12.069249,42.570021],[12.064687,42.58148],[12.064651,42.581774],[12.064419,42.582027],[12.064148,42.582134],[12.064,42.582192],[12.063521,42.582371],[12.061555,42.582752],[12.060731,42.582873],[12.058641,42.582965],[12.057689,42.582937],[12.053067,42.582632],[12.053165,42.5857],[12.053506,42.586561],[12.053609,42.586823],[12.066828,42.587001],[12.081067,42.584345],[12.085159,42.584298],[12.090855,42.584887],[12.111701,42.585803],[12.120148,42.586312],[12.122056,42.586719],[12.124701,42.58648]]]]}},{"type":"Feature","id":"056060","properties":{"istat":"056060","name":"Vitorchiano","province":"VT","label":[42.460358,12.171687]},"geometry":{"type":"Polygon","coordinates":[[[12.21059,42.504661],[12.210374,42.504477],[12.209266,42.503537],[12.207905,42.502382],[12.207065,42.501639],[12.206049,42.500741],[12.206383,42.498057],[12.213887,42.49316],[12.219846,42.490867],[12.216816,42.485833],[12.216396,42.485467],[12.215233,42.484586],[12.2146,42.484113],[12.212959,42.48365],[12.207402,42.483036],[12.203788,42.483749],[12.203094,42.483985],[12.200468,42.484981],[12.199683,42.48535],[12.199134,42.485613],[12.198863,42.485742],[12.19486,42.484737],[12.190565,42.483074],[12.189618,42.481916],[12.190307,42.479628],[12.191977,42.477272],[12.194034,42.474387],[12.196769,42.471195],[12.198789,42.465398],[12.199019,42.462749],[12.199324,42.45913],[12.198716,42.455761],[12.198291,42.455213],[12.198235,42.45514],[12.197694,42.454537],[12.197398,42.454208],[12.197034,42.453909],[12.19689,42.45379],[12.194697,42.452488],[12.192654,42.449471],[12.193302,42.43544],[12.190703,42.42626],[12.191231,42.425431],[12.191296,42.424038],[12.190539,42.419129],[12.189559,42.41609],[12.186693,42.412757],[12.186097,42.414457],[12.18423,42.423001],[12.182942,42.42739],[12.178237,42.431037],[12.175338,42.432864],[12.173244,42.433764],[12.169479,42.43998],[12.167228,42.447479],[12.160614,42.450174],[12.156026,42.452547],[12.147109,42.457164],[12.14429,42.459659],[12.144019,42.461058],[12.144028,42.465443],[12.142446,42.470305],[12.139921,42.477586],[12.139747,42.477723],[12.13944,42.477964],[12.138129,42.478968],[12.136348,42.480128],[12.135134,42.481643],[12.13511,42.481903],[12.135043,42.482753],[12.136081,42.483319],[12.143837,42.486556],[12.145557,42.485935],[12.147664,42.483078],[12.147711,42.48232],[12.152086,42.48541],[12.155075,42.488163],[12.158941,42.4931],[12.165301,42.495198],[12.17317,42.497358],[12.176386,42.498565],[12.179775,42.501742],[12.188442,42.506506],[12.191056,42.504951],[12.193054,42.503774],[12.19362,42.503655],[12.194607,42.503911],[12.200907,42.505752],[12.201463,42.505921],[12.201856,42.506193],[12.202143,42.507108],[12.204169,42.508236],[12.206096,42.509307],[12.207595,42.509342],[12.210862,42.508161],[12.21059,42.504661]]]}}]}
