{"type":"FeatureCollection","version":"7.14","province":"FR","source":{"publisher":"ISTAT","reference_date":"2026-01-01","source_url":"https://www.istat.it/storage/cartografia/confini_amministrativi/generalizzati/2026/Limiti01012026_g.zip","source_page":"https://www.istat.it/notizia/confini-delle-unita-amministrative-a-fini-statistici-al-1-gennaio-2018-2/","license":"CC BY 4.0","license_url":"https://creativecommons.org/licenses/by/4.0/","source_sha256":"b011a590656c3a3ebc297fba80726a376aa843b6f164641cf6a4a990021a81d6","transform":"Generalized ISTAT municipality boundaries: Lazio subsets, WGS84 UTM32N to EPSG:4326, coordinates rounded to 6 decimals. Not legal/cadastral boundaries."},"features":[{"type":"Feature","id":"060001","properties":{"istat":"060001","name":"Acquafondata","province":"FR","label":[41.545764,13.959381]},"geometry":{"type":"Polygon","coordinates":[[[13.995151,41.572514],[13.997676,41.572117],[14.000451,41.571023],[14.000961,41.570613],[14.00119,41.570312],[14.001504,41.569897],[14.001659,41.569691],[14.001632,41.569455],[14.003015,41.567729],[14.003406,41.567257],[14.003652,41.566994],[14.003784,41.566853],[14.004113,41.566551],[14.004159,41.56653],[14.00443,41.566411],[14.004498,41.566381],[14.010776,41.565612],[14.014821,41.5643],[14.018897,41.562758],[14.023775,41.560704],[14.025095,41.558129],[14.025857,41.556025],[14.025961,41.55567],[14.025995,41.555442],[14.026012,41.555325],[14.025877,41.554903],[14.025582,41.554466],[14.025371,41.554196],[14.025133,41.553937],[14.024993,41.553785],[14.024813,41.553649],[14.024768,41.553615],[14.020702,41.542364],[14.005886,41.539356],[14.003245,41.541367],[13.995739,41.546943],[13.99336,41.547992],[13.990835,41.548457],[13.990187,41.548494],[13.989564,41.548472],[13.989099,41.548371],[13.984452,41.546493],[13.981537,41.545035],[13.981145,41.544822],[13.981177,41.544254],[13.977521,41.537368],[13.973111,41.535835],[13.968928,41.534976],[13.968366,41.53491],[13.966417,41.534576],[13.964206,41.534186],[13.963715,41.534099],[13.96086,41.533453],[13.960419,41.533332],[13.959918,41.533156],[13.959371,41.532891],[13.959074,41.532715],[13.958718,41.532478],[13.958446,41.53227],[13.957926,41.531869],[13.957809,41.531662],[13.957671,41.53129],[13.9577,41.530983],[13.95802,41.529754],[13.958518,41.528589],[13.956733,41.52474],[13.952164,41.520098],[13.94858,41.518921],[13.948009,41.518765],[13.946471,41.518393],[13.942804,41.517508],[13.942253,41.517505],[13.940402,41.52372],[13.936682,41.533532],[13.936092,41.536629],[13.936593,41.543118],[13.934242,41.550648],[13.933914,41.550888],[13.933909,41.551257],[13.934001,41.551474],[13.9344,41.552114],[13.940278,41.558505],[13.944971,41.562368],[13.961315,41.570179],[13.978107,41.571774],[13.981271,41.572645],[13.987469,41.5736],[13.995151,41.572514]]]}},{"type":"Feature","id":"060002","properties":{"istat":"060002","name":"Acuto","province":"FR","label":[41.794457,13.170947]},"geometry":{"type":"Polygon","coordinates":[[[13.187449,41.800484],[13.197411,41.78994],[13.205768,41.782977],[13.208095,41.781359],[13.209371,41.780507],[13.212579,41.778485],[13.21225,41.777767],[13.211143,41.775606],[13.210614,41.774752],[13.210316,41.774603],[13.209463,41.774178],[13.209244,41.774154],[13.207075,41.773914],[13.199094,41.77323],[13.197733,41.773248],[13.196237,41.773402],[13.195598,41.774321],[13.194671,41.775444],[13.193174,41.776688],[13.192148,41.777203],[13.181931,41.779865],[13.175771,41.781078],[13.160338,41.782697],[13.141825,41.784065],[13.140657,41.784062],[13.139128,41.783685],[13.136691,41.782656],[13.140982,41.786553],[13.153189,41.798974],[13.155585,41.803561],[13.156217,41.805037],[13.156722,41.808008],[13.15666,41.809485],[13.158575,41.810552],[13.165604,41.814403],[13.17436,41.812135],[13.180556,41.809927],[13.183884,41.808245],[13.184634,41.807683],[13.184806,41.807554],[13.186111,41.803981],[13.186646,41.801487],[13.187449,41.800484]]]}},{"type":"Feature","id":"060003","properties":{"istat":"060003","name":"Alatri","province":"FR","label":[41.710931,13.344234]},"geometry":{"type":"MultiPolygon","coordinates":[[[[13.309828,41.766934],[13.317479,41.763247],[13.322776,41.760306],[13.323142,41.759202],[13.32365,41.758598],[13.324414,41.757898],[13.327509,41.756404],[13.328322,41.756058],[13.328555,41.755959],[13.329268,41.755815],[13.336398,41.756847],[13.354412,41.760838],[13.356011,41.761425],[13.357095,41.762217],[13.356935,41.755731],[13.357597,41.75336],[13.35841,41.751691],[13.358904,41.751294],[13.359121,41.751123],[13.368646,41.746394],[13.372452,41.746177],[13.376233,41.745988],[13.37956,41.747081],[13.380967,41.747649],[13.385905,41.749501],[13.39629,41.747304],[13.398927,41.746488],[13.402604,41.735956],[13.403261,41.734144],[13.402799,41.73242],[13.402701,41.732062],[13.401188,41.726615],[13.401035,41.726356],[13.400368,41.725224],[13.400137,41.724979],[13.399382,41.724184],[13.398529,41.723759],[13.397434,41.723337],[13.396296,41.722884],[13.39528,41.722479],[13.393602,41.721706],[13.39047,41.720106],[13.390441,41.720085],[13.389172,41.719116],[13.388773,41.718708],[13.388493,41.718422],[13.388363,41.718249],[13.388178,41.718001],[13.387786,41.716855],[13.387778,41.715256],[13.388654,41.70811],[13.390739,41.70374],[13.391427,41.691874],[13.386901,41.686397],[13.385212,41.68186],[13.385147,41.681548],[13.385143,41.681233],[13.386533,41.677519],[13.387272,41.675884],[13.387409,41.674695],[13.38737,41.674319],[13.387321,41.673856],[13.387129,41.672954],[13.386833,41.67256],[13.386489,41.672101],[13.386406,41.672012],[13.38595,41.671522],[13.385176,41.670773],[13.384703,41.670526],[13.381074,41.668638],[13.376986,41.66784],[13.370487,41.666917],[13.364273,41.663723],[13.363329,41.659784],[13.357093,41.660822],[13.343976,41.663674],[13.336086,41.665526],[13.328967,41.66534],[13.328547,41.665252],[13.328477,41.665235],[13.328378,41.665159],[13.328194,41.665014],[13.326896,41.662789],[13.326222,41.661446],[13.324371,41.655465],[13.316594,41.654275],[13.316258,41.654357],[13.315808,41.65454],[13.314678,41.655065],[13.314288,41.655273],[13.313945,41.655529],[13.31366,41.65585],[13.313004,41.656595],[13.312755,41.656915],[13.312654,41.65714],[13.312332,41.657976],[13.312227,41.658295],[13.312081,41.658867],[13.312158,41.659135],[13.3125,41.660265],[13.313908,41.661977],[13.315034,41.664424],[13.314381,41.667803],[13.31393,41.668077],[13.310487,41.672978],[13.312198,41.675021],[13.312721,41.67754],[13.308701,41.681554],[13.306621,41.682983],[13.302908,41.686638],[13.300701,41.691057],[13.29869,41.696692],[13.291906,41.700588],[13.289775,41.702464],[13.289057,41.704247],[13.290245,41.704743],[13.291514,41.705375],[13.292724,41.705978],[13.293958,41.706616],[13.298179,41.7092],[13.299135,41.70993],[13.301185,41.711933],[13.301291,41.712113],[13.301726,41.712858],[13.304001,41.725095],[13.304134,41.727904],[13.303096,41.731017],[13.294668,41.739275],[13.285095,41.745612],[13.283707,41.745402],[13.282917,41.745505],[13.282787,41.745527],[13.281234,41.746111],[13.281096,41.746765],[13.281419,41.748202],[13.284573,41.749413],[13.288968,41.751945],[13.294894,41.762591],[13.294969,41.762765],[13.295266,41.763452],[13.296514,41.767713],[13.297175,41.768151],[13.30399,41.768409],[13.309828,41.766934]]],[[[13.461508,41.813679],[13.462503,41.811209],[13.464583,41.809139],[13.469702,41.806629],[13.470374,41.806414],[13.482437,41.803413],[13.487566,41.803311],[13.479897,41.799132],[13.475975,41.79698],[13.464167,41.789018],[13.458722,41.785168],[13.455909,41.78305],[13.451273,41.779214],[13.450121,41.778257],[13.449279,41.777558],[13.448335,41.776771],[13.44411,41.77937],[13.442974,41.78004],[13.440001,41.781573],[13.4389,41.782001],[13.438131,41.782299],[13.427933,41.785043],[13.422343,41.783251],[13.420495,41.782606],[13.419365,41.78251],[13.417851,41.782415],[13.412364,41.782411],[13.413607,41.784726],[13.412801,41.796899],[13.412953,41.809782],[13.413651,41.810251],[13.417171,41.81156],[13.41743,41.811635],[13.418526,41.811946],[13.419105,41.812111],[13.419234,41.812118],[13.420273,41.81217],[13.420672,41.811977],[13.421286,41.811681],[13.422635,41.810629],[13.424157,41.809432],[13.426355,41.807681],[13.42821,41.806641],[13.428821,41.806775],[13.436407,41.810646],[13.437865,41.811576],[13.448543,41.819076],[13.44952,41.819993],[13.451554,41.822818],[13.45214,41.822732],[13.453811,41.821902],[13.454844,41.821136],[13.455639,41.820385],[13.461508,41.813679]]]]}},{"type":"Feature","id":"060004","properties":{"istat":"060004","name":"Alvito","province":"FR","label":[41.706547,13.742318]},"geometry":{"type":"Polygon","coordinates":[[[13.749373,41.761242],[13.756444,41.757739],[13.762041,41.751677],[13.767172,41.748875],[13.779392,41.746899],[13.786192,41.744117],[13.788008,41.743442],[13.789579,41.743007],[13.790018,41.742978],[13.790142,41.74297],[13.781593,41.738636],[13.781261,41.738389],[13.78066,41.737725],[13.778629,41.734506],[13.778079,41.733616],[13.775284,41.725763],[13.774132,41.720616],[13.77161,41.712285],[13.771639,41.703803],[13.77206,41.703799],[13.772613,41.703767],[13.77341,41.703549],[13.774987,41.70279],[13.780501,41.699724],[13.782471,41.697927],[13.783739,41.696321],[13.78463,41.694294],[13.784624,41.692736],[13.786516,41.681337],[13.78797,41.677034],[13.786455,41.675162],[13.782101,41.673597],[13.780845,41.672645],[13.777971,41.670172],[13.777773,41.669982],[13.77749,41.669647],[13.773959,41.665122],[13.769663,41.654851],[13.765157,41.653653],[13.756954,41.648735],[13.752998,41.654576],[13.752604,41.655083],[13.75226,41.655511],[13.750258,41.657859],[13.749778,41.658405],[13.749401,41.658718],[13.749025,41.6589],[13.748503,41.659102],[13.74417,41.660677],[13.74307,41.661054],[13.744767,41.664132],[13.742293,41.66718],[13.734863,41.673059],[13.72964,41.676078],[13.726672,41.683354],[13.726635,41.683955],[13.726507,41.685027],[13.726449,41.685502],[13.726344,41.685952],[13.726242,41.686276],[13.726042,41.686586],[13.723507,41.690206],[13.721158,41.691721],[13.714088,41.696144],[13.712722,41.709292],[13.714791,41.710395],[13.720841,41.71381],[13.721481,41.714176],[13.721652,41.714596],[13.721697,41.715229],[13.721638,41.715781],[13.721609,41.716051],[13.721547,41.716618],[13.720942,41.717219],[13.720271,41.717741],[13.720074,41.717875],[13.717761,41.719443],[13.716869,41.720164],[13.716612,41.72044],[13.714834,41.722715],[13.714599,41.723026],[13.714399,41.72343],[13.714367,41.723828],[13.71435,41.72409],[13.715175,41.728366],[13.719111,41.730763],[13.723829,41.745677],[13.72812,41.756151],[13.729618,41.758871],[13.731607,41.761684],[13.733011,41.763106],[13.744055,41.768017],[13.748669,41.769554],[13.748637,41.766924],[13.749373,41.761242]]]}},{"type":"Feature","id":"060005","properties":{"istat":"060005","name":"Amaseno","province":"FR","label":[41.45548,13.327807]},"geometry":{"type":"Polygon","coordinates":[[[13.366546,41.488511],[13.365952,41.487827],[13.365565,41.487441],[13.365239,41.487098],[13.364586,41.486264],[13.364358,41.485682],[13.364411,41.484311],[13.366904,41.472322],[13.367022,41.471781],[13.367066,41.471586],[13.370853,41.470542],[13.371574,41.470424],[13.371953,41.470374],[13.372643,41.470284],[13.378523,41.469781],[13.378598,41.469615],[13.378688,41.469415],[13.378878,41.469007],[13.381287,41.465124],[13.383258,41.463347],[13.383859,41.462779],[13.384496,41.462174],[13.385652,41.460977],[13.386218,41.460371],[13.386514,41.460044],[13.386509,41.459716],[13.386399,41.459328],[13.384845,41.456803],[13.383418,41.454494],[13.382672,41.452726],[13.382382,41.449969],[13.382338,41.447859],[13.383136,41.441755],[13.383512,41.441065],[13.384516,41.439694],[13.385473,41.438779],[13.385865,41.438419],[13.386036,41.438263],[13.386562,41.437815],[13.386847,41.437586],[13.387135,41.437352],[13.387404,41.437149],[13.387724,41.436953],[13.387806,41.436902],[13.388125,41.436549],[13.388096,41.436276],[13.387728,41.435677],[13.385518,41.433529],[13.384426,41.432684],[13.382945,41.431583],[13.378143,41.428416],[13.374524,41.42616],[13.371145,41.423916],[13.364138,41.418942],[13.361337,41.416942],[13.358568,41.413467],[13.351125,41.406379],[13.349186,41.404571],[13.341945,41.405854],[13.340844,41.406107],[13.33655,41.406566],[13.327753,41.406727],[13.323685,41.406749],[13.323035,41.406692],[13.322109,41.406611],[13.320992,41.406288],[13.320427,41.405485],[13.31787,41.403466],[13.313299,41.402129],[13.311846,41.401846],[13.306501,41.402556],[13.302814,41.406966],[13.296267,41.415797],[13.292983,41.419203],[13.28694,41.422394],[13.281286,41.424865],[13.270803,41.428925],[13.265858,41.430401],[13.261297,41.431496],[13.254682,41.432577],[13.256832,41.434918],[13.260017,41.439825],[13.261303,41.445896],[13.261651,41.446774],[13.262108,41.447581],[13.265563,41.452043],[13.266658,41.452508],[13.26816,41.453177],[13.273053,41.456467],[13.27818,41.460004],[13.288411,41.463894],[13.293867,41.466012],[13.29741,41.469279],[13.297449,41.471728],[13.296422,41.476647],[13.2962,41.477348],[13.294814,41.480876],[13.294372,41.481743],[13.293769,41.482383],[13.290925,41.484871],[13.295716,41.485772],[13.301995,41.488574],[13.30582,41.491493],[13.312522,41.494502],[13.312693,41.494546],[13.313295,41.494702],[13.313391,41.4947],[13.313619,41.494693],[13.314183,41.494673],[13.315771,41.494398],[13.316069,41.494232],[13.316428,41.494031],[13.317,41.493667],[13.326284,41.494137],[13.326127,41.495557],[13.326239,41.495913],[13.326469,41.496264],[13.328703,41.497873],[13.333975,41.500204],[13.337529,41.501317],[13.343816,41.502362],[13.348626,41.503939],[13.353938,41.505769],[13.35816,41.507496],[13.358548,41.507796],[13.359531,41.508731],[13.360337,41.509524],[13.360897,41.510111],[13.36379,41.508493],[13.364281,41.508087],[13.364775,41.507447],[13.365011,41.507123],[13.365301,41.506562],[13.368549,41.496512],[13.368854,41.495325],[13.368976,41.49474],[13.368994,41.494032],[13.368967,41.493659],[13.368891,41.492875],[13.368852,41.492516],[13.368744,41.492101],[13.36849,41.491215],[13.368331,41.49087],[13.367918,41.49017],[13.367173,41.489266],[13.366546,41.488511]]]}},{"type":"Feature","id":"060006","properties":{"istat":"060006","name":"Anagni","province":"FR","label":[41.732031,13.164617]},"geometry":{"type":"Polygon","coordinates":[[[13.114585,41.791726],[13.123281,41.789032],[13.13338,41.787269],[13.134404,41.786845],[13.135605,41.785308],[13.136691,41.782656],[13.139128,41.783685],[13.140657,41.784062],[13.141825,41.784065],[13.160338,41.782697],[13.175771,41.781078],[13.181931,41.779865],[13.192148,41.777203],[13.193174,41.776688],[13.194671,41.775444],[13.195598,41.774321],[13.196237,41.773402],[13.195681,41.77308],[13.194499,41.772313],[13.193366,41.771531],[13.192286,41.770593],[13.191634,41.769838],[13.191424,41.769148],[13.191336,41.768697],[13.191225,41.768111],[13.191388,41.765734],[13.191949,41.764245],[13.192874,41.762112],[13.193576,41.760646],[13.194142,41.759761],[13.195118,41.758397],[13.195346,41.75816],[13.196048,41.757431],[13.197284,41.756215],[13.198235,41.755339],[13.202408,41.752309],[13.203693,41.751591],[13.20389,41.751492],[13.204378,41.751249],[13.204655,41.75111],[13.204886,41.751002],[13.205545,41.750695],[13.218644,41.745005],[13.230204,41.742238],[13.231888,41.741815],[13.235833,41.740459],[13.23837,41.738735],[13.240934,41.735971],[13.241683,41.734543],[13.242229,41.733711],[13.242781,41.733249],[13.243033,41.733039],[13.244164,41.732646],[13.245242,41.732336],[13.246134,41.732249],[13.23857,41.731813],[13.229882,41.726803],[13.221443,41.72462],[13.213729,41.722976],[13.207046,41.717968],[13.205176,41.71647],[13.205007,41.716098],[13.205308,41.713849],[13.205366,41.713536],[13.20613,41.710235],[13.207874,41.706317],[13.209932,41.704058],[13.213949,41.699152],[13.206416,41.691748],[13.205675,41.687323],[13.201155,41.678335],[13.197436,41.674694],[13.196584,41.673771],[13.18815,41.676816],[13.172113,41.682731],[13.166866,41.687645],[13.167345,41.690707],[13.167452,41.691977],[13.161227,41.691905],[13.154156,41.690109],[13.153063,41.688478],[13.152342,41.688018],[13.151456,41.687896],[13.14878,41.68776],[13.147724,41.687744],[13.142383,41.690044],[13.139042,41.692605],[13.139318,41.693325],[13.139499,41.693799],[13.139081,41.694214],[13.138929,41.694365],[13.13714,41.694633],[13.137072,41.694643],[13.132659,41.695139],[13.119439,41.692707],[13.117647,41.692362],[13.116183,41.691878],[13.115421,41.691235],[13.114382,41.688553],[13.114051,41.687484],[13.114175,41.686579],[13.114511,41.684915],[13.114999,41.683916],[13.116633,41.68017],[13.116353,41.672481],[13.116278,41.671318],[13.115409,41.671466],[13.11013,41.674145],[13.108882,41.674892],[13.105186,41.678064],[13.103766,41.67929],[13.102717,41.679885],[13.101444,41.68027],[13.10058,41.680209],[13.100542,41.680179],[13.099936,41.679705],[13.099147,41.678824],[13.097561,41.686089],[13.093707,41.688059],[13.091223,41.687395],[13.09084,41.68948],[13.091131,41.692644],[13.091621,41.695166],[13.092083,41.697013],[13.093316,41.699625],[13.093819,41.700544],[13.095804,41.70371],[13.094737,41.705639],[13.091449,41.710829],[13.087657,41.714572],[13.086902,41.719011],[13.082716,41.723109],[13.08236,41.723724],[13.082259,41.727409],[13.082808,41.729687],[13.083162,41.730341],[13.084048,41.73085],[13.085597,41.731326],[13.086629,41.731802],[13.087156,41.732279],[13.087143,41.732749],[13.087124,41.733379],[13.086689,41.737072],[13.084156,41.74139],[13.079775,41.744729],[13.07915,41.745134],[13.078175,41.745551],[13.077409,41.745799],[13.077132,41.745886],[13.076257,41.746155],[13.07508,41.746139],[13.075212,41.74531],[13.075393,41.744484],[13.075245,41.743819],[13.074446,41.74319],[13.069201,41.740823],[13.06735,41.740785],[13.065699,41.740911],[13.064089,41.74127],[13.062984,41.742061],[13.062544,41.743081],[13.063621,41.746856],[13.063803,41.747117],[13.06389,41.747242],[13.063994,41.747392],[13.064577,41.748231],[13.066992,41.751117],[13.067332,41.751429],[13.073187,41.753789],[13.08083,41.754916],[13.086717,41.757338],[13.088172,41.759278],[13.088267,41.761319],[13.087787,41.762453],[13.087781,41.763083],[13.088703,41.764423],[13.089455,41.765049],[13.099742,41.768564],[13.096641,41.775904],[13.095985,41.776072],[13.089956,41.777773],[13.088099,41.778303],[13.086935,41.779407],[13.086712,41.780009],[13.087327,41.780811],[13.088562,41.781739],[13.089872,41.782598],[13.104055,41.789245],[13.107596,41.792044],[13.108901,41.792273],[13.112126,41.79237],[13.114585,41.791726]]]}},{"type":"Feature","id":"060007","properties":{"istat":"060007","name":"Aquino","province":"FR","label":[41.476543,13.713774]},"geometry":{"type":"Polygon","coordinates":[[[13.730431,41.497924],[13.730048,41.495405],[13.728445,41.491667],[13.727531,41.489972],[13.72762,41.48992],[13.728743,41.489264],[13.730881,41.488355],[13.73101,41.488348],[13.73133,41.488337],[13.731457,41.488333],[13.736054,41.488409],[13.740891,41.48857],[13.741308,41.487494],[13.741572,41.486795],[13.741665,41.486309],[13.742055,41.484078],[13.742132,41.48354],[13.742167,41.483299],[13.742224,41.48282],[13.742263,41.482102],[13.742262,41.481508],[13.741911,41.475037],[13.739679,41.467047],[13.737094,41.465832],[13.731323,41.46077],[13.734702,41.456331],[13.735719,41.453899],[13.737217,41.448907],[13.73616,41.446583],[13.73434,41.444767],[13.733791,41.4447],[13.733047,41.444762],[13.732255,41.444889],[13.725061,41.448549],[13.71762,41.453104],[13.714831,41.45493],[13.712438,41.456649],[13.707846,41.46056],[13.705188,41.463055],[13.70325,41.464724],[13.700598,41.466804],[13.699808,41.467408],[13.698861,41.468037],[13.698607,41.468205],[13.696728,41.469308],[13.694499,41.470525],[13.691914,41.471639],[13.690673,41.472041],[13.689769,41.472316],[13.681862,41.47539],[13.685316,41.476374],[13.685391,41.476427],[13.685719,41.476659],[13.686174,41.477167],[13.686454,41.477557],[13.686604,41.477769],[13.686815,41.478069],[13.686853,41.478562],[13.686857,41.47894],[13.686786,41.479479],[13.686536,41.480651],[13.687908,41.489202],[13.691866,41.495509],[13.696622,41.497482],[13.704374,41.504532],[13.704584,41.505415],[13.705445,41.507793],[13.705619,41.508155],[13.706973,41.507523],[13.71174,41.505225],[13.718151,41.502089],[13.720151,41.501129],[13.723279,41.499709],[13.723941,41.499411],[13.724766,41.49904],[13.726541,41.498332],[13.727225,41.498209],[13.730431,41.497924]]]}},{"type":"Feature","id":"060008","properties":{"istat":"060008","name":"Arce","province":"FR","label":[41.561051,13.5643]},"geometry":{"type":"Polygon","coordinates":[[[13.586918,41.598551],[13.586834,41.597505],[13.584587,41.595097],[13.580545,41.591499],[13.581666,41.586912],[13.586111,41.581203],[13.589388,41.578137],[13.595877,41.572757],[13.597229,41.570663],[13.598017,41.568637],[13.597531,41.566694],[13.597148,41.565548],[13.5959,41.563928],[13.595618,41.563628],[13.595194,41.563272],[13.59077,41.55883],[13.579765,41.544427],[13.578232,41.532378],[13.578527,41.528706],[13.573754,41.528788],[13.564304,41.526333],[13.563648,41.525134],[13.563472,41.524943],[13.559536,41.523011],[13.558549,41.522613],[13.55521,41.521382],[13.554518,41.521202],[13.553862,41.521066],[13.551892,41.520753],[13.543846,41.52041],[13.541987,41.521537],[13.536285,41.527102],[13.534306,41.528368],[13.53229,41.530034],[13.531133,41.533018],[13.53213,41.533429],[13.532521,41.533611],[13.532885,41.533957],[13.536712,41.538637],[13.536921,41.53893],[13.539129,41.542597],[13.540165,41.544492],[13.541077,41.546513],[13.539216,41.556235],[13.537724,41.558612],[13.533093,41.563973],[13.532567,41.564444],[13.532288,41.564621],[13.531437,41.565114],[13.530248,41.56571],[13.526575,41.567449],[13.525269,41.567892],[13.524995,41.567897],[13.524813,41.567901],[13.518048,41.567933],[13.510734,41.571998],[13.506832,41.574767],[13.511241,41.57657],[13.514806,41.582457],[13.515002,41.584179],[13.516807,41.587606],[13.517052,41.587898],[13.517389,41.588207],[13.517428,41.588243],[13.517605,41.588303],[13.517975,41.588429],[13.518501,41.588521],[13.520464,41.588669],[13.52396,41.588481],[13.529282,41.589254],[13.538649,41.59148],[13.541705,41.592696],[13.548949,41.59661],[13.549529,41.596929],[13.552218,41.598479],[13.5505,41.602329],[13.553999,41.601474],[13.555975,41.601157],[13.558619,41.601254],[13.573474,41.603157],[13.579437,41.60424],[13.584538,41.60534],[13.585191,41.605643],[13.58588,41.605967],[13.587011,41.604197],[13.586918,41.598551]]]}},{"type":"Feature","id":"060009","properties":{"istat":"060009","name":"Arnara","province":"FR","label":[41.57965,13.382431]},"geometry":{"type":"Polygon","coordinates":[[[13.394193,41.601808],[13.399235,41.599765],[13.399107,41.592846],[13.40141,41.589471],[13.401626,41.587531],[13.401172,41.586468],[13.39926,41.582273],[13.396847,41.577026],[13.391637,41.567493],[13.386762,41.559544],[13.383531,41.55833],[13.380128,41.554895],[13.379253,41.555801],[13.374022,41.564537],[13.36804,41.576339],[13.365402,41.583436],[13.36736,41.590134],[13.361349,41.595232],[13.358524,41.602529],[13.359248,41.60474],[13.371729,41.606637],[13.372704,41.605533],[13.373073,41.605204],[13.373599,41.604783],[13.374723,41.604011],[13.375781,41.603426],[13.376377,41.603129],[13.376587,41.603337],[13.377021,41.603766],[13.377219,41.603992],[13.377392,41.604275],[13.377622,41.604675],[13.382943,41.605051],[13.394193,41.601808]]]}},{"type":"Feature","id":"060010","properties":{"istat":"060010","name":"Arpino","province":"FR","label":[41.647538,13.620644]},"geometry":{"type":"Polygon","coordinates":[[[13.627212,41.690765],[13.634493,41.684537],[13.630722,41.680494],[13.629737,41.679327],[13.629468,41.678983],[13.62934,41.678803],[13.62931,41.678546],[13.629543,41.678264],[13.630887,41.677151],[13.631341,41.6768],[13.631898,41.676579],[13.635685,41.674725],[13.639983,41.672615],[13.64178,41.671579],[13.642233,41.671291],[13.642927,41.670803],[13.643147,41.67056],[13.644997,41.668388],[13.645341,41.667968],[13.645774,41.66737],[13.648033,41.664046],[13.651219,41.660864],[13.654343,41.659081],[13.668003,41.651868],[13.673604,41.649848],[13.678319,41.648922],[13.682132,41.649163],[13.680393,41.646155],[13.677195,41.638632],[13.678264,41.632808],[13.680571,41.626825],[13.680936,41.626023],[13.681294,41.625495],[13.682481,41.62383],[13.683042,41.623398],[13.684319,41.62263],[13.684596,41.622497],[13.685116,41.622296],[13.686242,41.621876],[13.687862,41.621274],[13.688152,41.621168],[13.689142,41.620929],[13.69629,41.619979],[13.697045,41.618873],[13.698284,41.616949],[13.698374,41.616644],[13.697141,41.612913],[13.696945,41.61252],[13.696667,41.612023],[13.695242,41.610087],[13.694095,41.608635],[13.691861,41.606943],[13.691635,41.606813],[13.689258,41.605851],[13.684092,41.604236],[13.683625,41.604156],[13.681668,41.604204],[13.675492,41.604614],[13.674626,41.604712],[13.674225,41.604949],[13.673951,41.605406],[13.673678,41.60588],[13.673488,41.60641],[13.67355,41.606831],[13.673676,41.607159],[13.673828,41.607405],[13.673869,41.6077],[13.673718,41.608013],[13.673509,41.608264],[13.671168,41.608877],[13.666741,41.607059],[13.666032,41.611779],[13.666119,41.612203],[13.666077,41.61251],[13.664147,41.614723],[13.659185,41.619003],[13.656139,41.620626],[13.649817,41.623291],[13.643132,41.623274],[13.642898,41.623261],[13.642569,41.623242],[13.628037,41.620233],[13.619151,41.616971],[13.619081,41.616894],[13.618753,41.616546],[13.617913,41.615986],[13.617519,41.615853],[13.616205,41.616099],[13.612035,41.616897],[13.610538,41.6173],[13.610176,41.617441],[13.609823,41.617617],[13.609456,41.617929],[13.609175,41.618214],[13.608928,41.618553],[13.60847,41.619692],[13.608317,41.62014],[13.608231,41.620413],[13.602591,41.622945],[13.593705,41.62471],[13.587177,41.628519],[13.581269,41.633482],[13.575103,41.637599],[13.566881,41.640219],[13.564808,41.640816],[13.562375,41.641514],[13.561433,41.641736],[13.561013,41.641713],[13.561199,41.645761],[13.558346,41.650354],[13.556816,41.652225],[13.554848,41.654139],[13.552512,41.655488],[13.557699,41.659362],[13.560268,41.660738],[13.571685,41.665193],[13.584274,41.668931],[13.58817,41.67045],[13.589615,41.671351],[13.589481,41.672509],[13.591055,41.674764],[13.593043,41.676307],[13.598226,41.679235],[13.602534,41.681629],[13.604525,41.68407],[13.606616,41.687119],[13.606073,41.688021],[13.605467,41.688559],[13.617211,41.693122],[13.627212,41.690765]]]}},{"type":"Feature","id":"060011","properties":{"istat":"060011","name":"Atina","province":"FR","label":[41.619806,13.795055]},"geometry":{"type":"Polygon","coordinates":[[[13.76891,41.648351],[13.772594,41.642233],[13.777689,41.641323],[13.786188,41.642711],[13.787924,41.643647],[13.788246,41.643787],[13.788988,41.643828],[13.789387,41.643716],[13.794522,41.642039],[13.797729,41.640685],[13.805596,41.637312],[13.805673,41.636687],[13.805679,41.636642],[13.805746,41.636329],[13.806097,41.636125],[13.806469,41.636186],[13.807283,41.636346],[13.810099,41.636996],[13.81748,41.638961],[13.822088,41.641392],[13.823209,41.641906],[13.825939,41.64303],[13.829081,41.640625],[13.833146,41.634871],[13.835598,41.630653],[13.838462,41.626306],[13.839417,41.625279],[13.838686,41.624891],[13.837618,41.624541],[13.836078,41.624047],[13.835822,41.623966],[13.835488,41.623861],[13.83541,41.623837],[13.835059,41.623743],[13.834813,41.623677],[13.833604,41.623548],[13.832715,41.623509],[13.832103,41.623503],[13.831492,41.623587],[13.830982,41.623735],[13.827146,41.616109],[13.823596,41.606179],[13.822129,41.602369],[13.818023,41.603059],[13.815093,41.603218],[13.811212,41.602809],[13.810747,41.60264],[13.809748,41.602164],[13.808809,41.601668],[13.80785,41.601001],[13.806862,41.600161],[13.805694,41.598953],[13.805643,41.597654],[13.800564,41.595895],[13.800203,41.595928],[13.799578,41.596013],[13.799148,41.596127],[13.799095,41.596141],[13.796635,41.596875],[13.79597,41.597136],[13.795449,41.597365],[13.79459,41.597743],[13.794341,41.597865],[13.794118,41.597975],[13.793887,41.598169],[13.790599,41.598189],[13.783563,41.594639],[13.782415,41.593763],[13.781611,41.591204],[13.78134,41.590256],[13.778265,41.590484],[13.778164,41.59069],[13.778005,41.590895],[13.77776,41.591144],[13.77713,41.591508],[13.776755,41.591694],[13.77114,41.594174],[13.770635,41.59424],[13.768867,41.594399],[13.76822,41.594413],[13.76588,41.594461],[13.764713,41.594563],[13.763956,41.594635],[13.763134,41.595583],[13.761185,41.598388],[13.759752,41.600509],[13.758889,41.6023],[13.758558,41.604565],[13.76052,41.61427],[13.761618,41.624696],[13.761624,41.625029],[13.761287,41.625709],[13.760967,41.626064],[13.7578,41.62851],[13.757544,41.628705],[13.757177,41.628959],[13.756621,41.629225],[13.75335,41.630773],[13.751735,41.634226],[13.751137,41.63593],[13.75155,41.639474],[13.751854,41.641793],[13.75191,41.642183],[13.751938,41.64238],[13.752016,41.642713],[13.752038,41.642807],[13.752071,41.642946],[13.752207,41.643408],[13.752474,41.643213],[13.75268,41.64306],[13.753249,41.642861],[13.753537,41.642917],[13.754389,41.643502],[13.754958,41.643952],[13.755416,41.644414],[13.755757,41.644805],[13.756014,41.645159],[13.756185,41.645638],[13.756673,41.647167],[13.756819,41.64771],[13.756954,41.648735],[13.765157,41.653653],[13.76891,41.648351]]]}},{"type":"Feature","id":"060012","properties":{"istat":"060012","name":"Ausonia","province":"FR","label":[41.345786,13.736581]},"geometry":{"type":"Polygon","coordinates":[[[13.733738,41.368599],[13.750414,41.366879],[13.765714,41.367172],[13.769681,41.367546],[13.769941,41.367469],[13.770736,41.366514],[13.771209,41.365472],[13.771776,41.363965],[13.771866,41.363599],[13.771943,41.36324],[13.771915,41.363096],[13.771845,41.36274],[13.770959,41.359761],[13.770083,41.359189],[13.767413,41.357622],[13.764849,41.356597],[13.763378,41.354119],[13.76048,41.344336],[13.755683,41.328854],[13.754744,41.325885],[13.752341,41.317351],[13.752426,41.31475],[13.750373,41.315303],[13.748527,41.316226],[13.743505,41.321426],[13.733049,41.329515],[13.720822,41.333291],[13.717084,41.334948],[13.714701,41.337023],[13.712398,41.341142],[13.712207,41.347237],[13.712265,41.352443],[13.711928,41.355193],[13.711604,41.355958],[13.710572,41.357955],[13.709897,41.358225],[13.709216,41.358217],[13.709343,41.360193],[13.709997,41.362282],[13.711486,41.364368],[13.711779,41.364662],[13.712648,41.365491],[13.714219,41.366939],[13.714678,41.367321],[13.715359,41.367843],[13.715443,41.367906],[13.715482,41.367935],[13.715529,41.367947],[13.715568,41.367956],[13.715922,41.368031],[13.72073,41.372187],[13.722758,41.374295],[13.7273,41.371227],[13.728148,41.370697],[13.731867,41.368901],[13.732539,41.368774],[13.733738,41.368599]]]}},{"type":"Feature","id":"060013","properties":{"istat":"060013","name":"Belmonte Castello","province":"FR","label":[41.578167,13.812523]},"geometry":{"type":"Polygon","coordinates":[[[13.822129,41.602369],[13.823243,41.602408],[13.82369,41.602335],[13.824243,41.602204],[13.825075,41.601971],[13.827517,41.600976],[13.82915,41.600246],[13.829562,41.600035],[13.829781,41.599855],[13.832752,41.596812],[13.832342,41.594989],[13.83203,41.59362],[13.831822,41.59185],[13.831829,41.591481],[13.831877,41.589458],[13.831883,41.589214],[13.831935,41.58887],[13.832035,41.588672],[13.832256,41.588388],[13.834627,41.587311],[13.835061,41.587172],[13.835578,41.587132],[13.836162,41.587121],[13.836782,41.586199],[13.83692,41.58586],[13.837261,41.584936],[13.837703,41.583715],[13.837832,41.583165],[13.83788,41.582546],[13.837848,41.5823],[13.837707,41.582113],[13.837632,41.582036],[13.837342,41.581736],[13.83674,41.581163],[13.834074,41.578705],[13.832701,41.577628],[13.832477,41.577453],[13.829339,41.57519],[13.826789,41.573641],[13.825703,41.573268],[13.823969,41.57256],[13.823429,41.572328],[13.82323,41.572197],[13.823192,41.572172],[13.823142,41.571989],[13.823114,41.571874],[13.823094,41.571649],[13.823236,41.57122],[13.824546,41.567622],[13.825105,41.566572],[13.825197,41.566431],[13.825229,41.566383],[13.8254,41.56615],[13.827149,41.563866],[13.827221,41.563775],[13.82739,41.563559],[13.828654,41.562637],[13.829721,41.561998],[13.833238,41.559198],[13.833494,41.558985],[13.833656,41.558559],[13.833758,41.556934],[13.832872,41.556175],[13.830239,41.554877],[13.829991,41.554401],[13.829823,41.554335],[13.829466,41.554194],[13.82918,41.554084],[13.828906,41.554028],[13.826547,41.554501],[13.825355,41.555392],[13.823841,41.557595],[13.819207,41.5618],[13.813811,41.565178],[13.810362,41.566098],[13.803644,41.567504],[13.797252,41.571977],[13.79646,41.572726],[13.784241,41.586574],[13.78134,41.590256],[13.781611,41.591204],[13.782415,41.593763],[13.783563,41.594639],[13.790599,41.598189],[13.793887,41.598169],[13.794118,41.597975],[13.794341,41.597865],[13.79459,41.597743],[13.795449,41.597365],[13.79597,41.597136],[13.796635,41.596875],[13.799095,41.596141],[13.799148,41.596127],[13.799578,41.596013],[13.800203,41.595928],[13.800564,41.595895],[13.805643,41.597654],[13.805694,41.598953],[13.806862,41.600161],[13.80785,41.601001],[13.808809,41.601668],[13.809748,41.602164],[13.810747,41.60264],[13.811212,41.602809],[13.815093,41.603218],[13.818023,41.603059],[13.822129,41.602369]]]}},{"type":"Feature","id":"060014","properties":{"istat":"060014","name":"Boville Ernica","province":"FR","label":[41.638002,13.461781]},"geometry":{"type":"Polygon","coordinates":[[[13.467045,41.672011],[13.480387,41.667679],[13.483606,41.667189],[13.487974,41.665852],[13.49072,41.664997],[13.491109,41.66481],[13.49144,41.664573],[13.49188,41.6642],[13.492068,41.66385],[13.492906,41.661963],[13.494152,41.658438],[13.494863,41.656312],[13.4945,41.654373],[13.493519,41.650107],[13.49181,41.648185],[13.497042,41.624529],[13.497217,41.624225],[13.497352,41.623625],[13.497394,41.623327],[13.497413,41.623047],[13.497473,41.620429],[13.497422,41.61994],[13.497374,41.619546],[13.497311,41.619443],[13.497201,41.619264],[13.49718,41.619238],[13.497014,41.619024],[13.496862,41.618854],[13.496581,41.618541],[13.493046,41.61466],[13.487568,41.612317],[13.476499,41.607707],[13.47467,41.607094],[13.471905,41.606275],[13.470505,41.607131],[13.465904,41.611897],[13.457621,41.618792],[13.455574,41.620294],[13.454811,41.620067],[13.454275,41.61989],[13.453645,41.619667],[13.453336,41.619526],[13.453192,41.619456],[13.447042,41.619216],[13.442375,41.626591],[13.439459,41.630408],[13.433849,41.635655],[13.42993,41.636351],[13.429071,41.639653],[13.429763,41.64176],[13.431255,41.64522],[13.432935,41.648107],[13.435075,41.650468],[13.445215,41.661795],[13.44935,41.667064],[13.453604,41.66933],[13.463409,41.673018],[13.467045,41.672011]]]}},{"type":"Feature","id":"060015","properties":{"istat":"060015","name":"Broccostella","province":"FR","label":[41.704786,13.653731]},"geometry":{"type":"Polygon","coordinates":[[[13.664797,41.717504],[13.666906,41.716649],[13.677827,41.714065],[13.678088,41.714221],[13.678458,41.714314],[13.678773,41.714247],[13.679209,41.714036],[13.680097,41.713523],[13.680671,41.713094],[13.680858,41.712794],[13.680973,41.712442],[13.68079,41.711991],[13.680033,41.710811],[13.678193,41.706699],[13.678419,41.705695],[13.678516,41.705056],[13.678539,41.704515],[13.678501,41.704048],[13.676097,41.701072],[13.674202,41.699132],[13.671546,41.697948],[13.670939,41.697726],[13.670352,41.697583],[13.670005,41.697508],[13.669791,41.697462],[13.668026,41.697349],[13.666914,41.697354],[13.666092,41.697211],[13.662915,41.696967],[13.656676,41.697755],[13.648867,41.69279],[13.64887,41.692756],[13.648919,41.692156],[13.648894,41.691635],[13.648855,41.69119],[13.648752,41.69092],[13.648484,41.690557],[13.647385,41.689112],[13.647168,41.688846],[13.647115,41.688785],[13.646798,41.688429],[13.646269,41.687874],[13.645807,41.687478],[13.645275,41.687095],[13.643324,41.686192],[13.63651,41.68455],[13.635936,41.684457],[13.635037,41.684389],[13.634493,41.684537],[13.627212,41.690765],[13.617211,41.693122],[13.617821,41.693248],[13.619912,41.693756],[13.620609,41.694376],[13.630442,41.70667],[13.635478,41.71412],[13.640984,41.717489],[13.645022,41.719239],[13.651343,41.722782],[13.651759,41.723027],[13.653065,41.723856],[13.653618,41.724365],[13.65423,41.724966],[13.65443,41.725196],[13.654641,41.725485],[13.655868,41.724886],[13.656317,41.724656],[13.657338,41.724128],[13.658545,41.723305],[13.659475,41.722543],[13.661337,41.720859],[13.661341,41.720067],[13.661252,41.719751],[13.661257,41.719508],[13.661341,41.719362],[13.661445,41.71918],[13.661781,41.718962],[13.664797,41.717504]]]}},{"type":"Feature","id":"060016","properties":{"istat":"060016","name":"Campoli Appennino","province":"FR","label":[41.751448,13.709562]},"geometry":{"type":"Polygon","coordinates":[[[13.729153,41.791704],[13.729182,41.791573],[13.7292,41.791492],[13.729335,41.790877],[13.729514,41.790356],[13.729586,41.790162],[13.729613,41.79009],[13.729757,41.789703],[13.730048,41.788921],[13.730301,41.788339],[13.730709,41.787768],[13.731217,41.787072],[13.731344,41.786939],[13.731571,41.786703],[13.731764,41.786501],[13.732756,41.785788],[13.733414,41.78554],[13.733654,41.78545],[13.740092,41.782157],[13.741745,41.781181],[13.742329,41.780732],[13.743616,41.779557],[13.748649,41.773587],[13.748709,41.773483],[13.74911,41.772781],[13.749293,41.772121],[13.749442,41.771517],[13.749486,41.771339],[13.749422,41.771134],[13.749295,41.770731],[13.748982,41.770118],[13.748931,41.770025],[13.748669,41.769554],[13.744055,41.768017],[13.733011,41.763106],[13.731607,41.761684],[13.729618,41.758871],[13.72812,41.756151],[13.723829,41.745677],[13.719111,41.730763],[13.715175,41.728366],[13.71435,41.72409],[13.714367,41.723828],[13.714399,41.72343],[13.714599,41.723026],[13.714834,41.722715],[13.716612,41.72044],[13.716869,41.720164],[13.717761,41.719443],[13.720074,41.717875],[13.720271,41.717741],[13.720942,41.717219],[13.721547,41.716618],[13.721609,41.716051],[13.721638,41.715781],[13.721697,41.715229],[13.721652,41.714596],[13.721481,41.714176],[13.720841,41.71381],[13.714791,41.710395],[13.712722,41.709292],[13.711454,41.71493],[13.711028,41.715205],[13.710106,41.715684],[13.709875,41.715797],[13.709523,41.715955],[13.709172,41.71606],[13.707181,41.71647],[13.706435,41.716523],[13.705978,41.716528],[13.705426,41.716465],[13.704518,41.716303],[13.703462,41.716087],[13.695269,41.714019],[13.691167,41.711792],[13.690281,41.71045],[13.690023,41.710177],[13.689739,41.709923],[13.689359,41.709718],[13.689211,41.709642],[13.68887,41.709468],[13.687454,41.70877],[13.686627,41.708849],[13.682816,41.709328],[13.682294,41.709566],[13.680593,41.71041],[13.680033,41.710811],[13.68079,41.711991],[13.680973,41.712442],[13.680858,41.712794],[13.680671,41.713094],[13.680097,41.713523],[13.679209,41.714036],[13.678773,41.714247],[13.678458,41.714314],[13.678088,41.714221],[13.677827,41.714065],[13.666906,41.716649],[13.664797,41.717504],[13.661781,41.718962],[13.661445,41.71918],[13.661341,41.719362],[13.661257,41.719508],[13.661252,41.719751],[13.661341,41.720067],[13.661337,41.720859],[13.659475,41.722543],[13.658545,41.723305],[13.657338,41.724128],[13.656317,41.724656],[13.655868,41.724886],[13.654641,41.725485],[13.653788,41.729481],[13.66041,41.730882],[13.668182,41.735216],[13.674399,41.739865],[13.680706,41.743691],[13.688288,41.747564],[13.697572,41.755332],[13.697185,41.76138],[13.698896,41.774955],[13.700514,41.778791],[13.701724,41.779678],[13.702937,41.781001],[13.708197,41.78693],[13.708118,41.787226],[13.707802,41.787487],[13.707356,41.78761],[13.71077,41.791794],[13.710792,41.791821],[13.71137,41.792521],[13.712887,41.794277],[13.713994,41.79529],[13.716492,41.797398],[13.717056,41.797676],[13.718147,41.79797],[13.719336,41.797961],[13.720813,41.797603],[13.727485,41.797783],[13.729558,41.7989],[13.729297,41.796825],[13.729153,41.791704]]]}},{"type":"Feature","id":"060017","properties":{"istat":"060017","name":"Casalattico","province":"FR","label":[41.606145,13.724432]},"geometry":{"type":"Polygon","coordinates":[[[13.76052,41.61427],[13.758558,41.604565],[13.758889,41.6023],[13.759752,41.600509],[13.761185,41.598388],[13.763134,41.595583],[13.763956,41.594635],[13.764713,41.594563],[13.76588,41.594461],[13.76822,41.594413],[13.768867,41.594399],[13.770635,41.59424],[13.77114,41.594174],[13.776755,41.591694],[13.77713,41.591508],[13.77776,41.591144],[13.778005,41.590895],[13.778164,41.59069],[13.778265,41.590484],[13.776751,41.590547],[13.776295,41.590552],[13.770057,41.589506],[13.768756,41.589143],[13.76674,41.588316],[13.765553,41.587645],[13.765127,41.587352],[13.764785,41.587074],[13.764761,41.587048],[13.764585,41.586816],[13.763343,41.585261],[13.763038,41.584918],[13.759204,41.582119],[13.755612,41.579882],[13.747325,41.580397],[13.7319,41.583433],[13.704371,41.589882],[13.682521,41.594751],[13.676355,41.597587],[13.673775,41.598205],[13.670006,41.598895],[13.665429,41.599693],[13.666741,41.607059],[13.671168,41.608877],[13.673509,41.608264],[13.673718,41.608013],[13.673869,41.6077],[13.673828,41.607405],[13.673676,41.607159],[13.67355,41.606831],[13.673488,41.60641],[13.673678,41.60588],[13.673951,41.605406],[13.674225,41.604949],[13.674626,41.604712],[13.675492,41.604614],[13.681668,41.604204],[13.683625,41.604156],[13.684092,41.604236],[13.689258,41.605851],[13.691635,41.606813],[13.691861,41.606943],[13.694095,41.608635],[13.695242,41.610087],[13.696667,41.612023],[13.696945,41.61252],[13.697141,41.612913],[13.698374,41.616644],[13.698284,41.616949],[13.697045,41.618873],[13.69629,41.619979],[13.709604,41.623472],[13.72254,41.626123],[13.724862,41.625896],[13.730378,41.62494],[13.737839,41.6265],[13.742428,41.628755],[13.745058,41.630613],[13.748359,41.632079],[13.749247,41.632452],[13.749716,41.632491],[13.751372,41.631842],[13.75335,41.630773],[13.756621,41.629225],[13.757177,41.628959],[13.757544,41.628705],[13.7578,41.62851],[13.760967,41.626064],[13.761287,41.625709],[13.761624,41.625029],[13.761618,41.624696],[13.76052,41.61427]]]}},{"type":"Feature","id":"060018","properties":{"istat":"060018","name":"Casalvieri","province":"FR","label":[41.645399,13.718086]},"geometry":{"type":"Polygon","coordinates":[[[13.72877,41.668997],[13.735419,41.665654],[13.736744,41.664162],[13.737443,41.663422],[13.738019,41.662826],[13.738332,41.662692],[13.740875,41.661758],[13.742119,41.661338],[13.742518,41.661218],[13.74307,41.661054],[13.74417,41.660677],[13.748503,41.659102],[13.749025,41.6589],[13.749401,41.658718],[13.749778,41.658405],[13.750258,41.657859],[13.75226,41.655511],[13.752604,41.655083],[13.752998,41.654576],[13.756954,41.648735],[13.756819,41.64771],[13.756673,41.647167],[13.756185,41.645638],[13.756014,41.645159],[13.755757,41.644805],[13.755416,41.644414],[13.754958,41.643952],[13.754389,41.643502],[13.753537,41.642917],[13.753249,41.642861],[13.75268,41.64306],[13.752474,41.643213],[13.752207,41.643408],[13.752071,41.642946],[13.752038,41.642807],[13.752016,41.642713],[13.751938,41.64238],[13.75191,41.642183],[13.751854,41.641793],[13.75155,41.639474],[13.751137,41.63593],[13.751735,41.634226],[13.75335,41.630773],[13.751372,41.631842],[13.749716,41.632491],[13.749247,41.632452],[13.748359,41.632079],[13.745058,41.630613],[13.742428,41.628755],[13.737839,41.6265],[13.730378,41.62494],[13.724862,41.625896],[13.72254,41.626123],[13.709604,41.623472],[13.69629,41.619979],[13.689142,41.620929],[13.688152,41.621168],[13.687862,41.621274],[13.686242,41.621876],[13.685116,41.622296],[13.684596,41.622497],[13.684319,41.62263],[13.683042,41.623398],[13.682481,41.62383],[13.681294,41.625495],[13.680936,41.626023],[13.680571,41.626825],[13.678264,41.632808],[13.677195,41.638632],[13.680393,41.646155],[13.682132,41.649163],[13.682306,41.649471],[13.682644,41.649988],[13.68395,41.651925],[13.686895,41.655343],[13.691164,41.659721],[13.691565,41.660814],[13.691856,41.66237],[13.692458,41.66736],[13.69282,41.667643],[13.693211,41.667919],[13.693361,41.668012],[13.693567,41.668139],[13.694113,41.668413],[13.695518,41.668968],[13.696223,41.669232],[13.6972,41.669575],[13.69757,41.669658],[13.698158,41.669774],[13.698638,41.669808],[13.699602,41.66962],[13.702453,41.668851],[13.708088,41.668174],[13.716748,41.671172],[13.72877,41.668997]]]}},{"type":"Feature","id":"060019","properties":{"istat":"060019","name":"Cassino","province":"FR","label":[41.480488,13.826972]},"geometry":{"type":"Polygon","coordinates":[[[13.826932,41.53985],[13.827147,41.539647],[13.828808,41.53811],[13.83416,41.533157],[13.841094,41.527544],[13.843916,41.525314],[13.844024,41.525278],[13.844294,41.52519],[13.844349,41.525174],[13.861541,41.52076],[13.882678,41.517535],[13.890376,41.516536],[13.893261,41.51752],[13.896431,41.517183],[13.89673,41.517147],[13.898785,41.516853],[13.901112,41.515983],[13.901649,41.515764],[13.901777,41.515712],[13.902187,41.515487],[13.902526,41.515293],[13.902756,41.515152],[13.90472,41.513839],[13.905194,41.513464],[13.905801,41.509427],[13.905166,41.505834],[13.900551,41.500702],[13.900344,41.500548],[13.899628,41.500241],[13.89894,41.499974],[13.895913,41.49891],[13.895184,41.498828],[13.893953,41.498728],[13.892217,41.498595],[13.885468,41.495367],[13.879217,41.488921],[13.876711,41.486331],[13.876644,41.483232],[13.873317,41.481001],[13.864441,41.47833],[13.85615,41.475075],[13.843583,41.469205],[13.844216,41.465178],[13.846442,41.460549],[13.846653,41.460171],[13.846768,41.459975],[13.846973,41.459626],[13.847978,41.458404],[13.848597,41.457932],[13.855109,41.453259],[13.86005,41.450011],[13.863337,41.447793],[13.866179,41.445191],[13.870754,41.44027],[13.875138,41.435983],[13.880127,41.434717],[13.888624,41.433293],[13.888668,41.433294],[13.889473,41.433302],[13.891188,41.433859],[13.891458,41.433971],[13.891723,41.43408],[13.893977,41.435235],[13.895796,41.435995],[13.896082,41.436059],[13.896503,41.43601],[13.896874,41.435913],[13.898296,41.435415],[13.898523,41.434659],[13.899564,41.432777],[13.901431,41.430442],[13.902722,41.429059],[13.908258,41.428557],[13.903938,41.425598],[13.891464,41.425024],[13.887331,41.426749],[13.876575,41.426218],[13.86327,41.418821],[13.861205,41.416568],[13.860342,41.416354],[13.857313,41.416957],[13.8538,41.418727],[13.850859,41.420603],[13.842105,41.420297],[13.837537,41.418117],[13.829395,41.417069],[13.825078,41.417593],[13.824633,41.417715],[13.823619,41.418208],[13.823329,41.418387],[13.82288,41.418779],[13.820844,41.42017],[13.817448,41.421317],[13.817027,41.421411],[13.815154,41.421769],[13.812083,41.420993],[13.810774,41.421786],[13.808459,41.423386],[13.805636,41.429172],[13.803344,41.4354],[13.805649,41.441269],[13.807164,41.443131],[13.808529,41.445843],[13.808618,41.446031],[13.808746,41.446302],[13.808693,41.446628],[13.808616,41.446818],[13.805645,41.448935],[13.803573,41.44967],[13.798027,41.451099],[13.79645,41.451597],[13.789402,41.455268],[13.784194,41.458447],[13.783773,41.458559],[13.782681,41.45874],[13.782369,41.458762],[13.781974,41.458769],[13.781698,41.458754],[13.781141,41.459092],[13.77984,41.460356],[13.777561,41.462892],[13.777712,41.463134],[13.777865,41.463325],[13.778195,41.463582],[13.780739,41.465222],[13.782216,41.466107],[13.783261,41.472527],[13.781972,41.476736],[13.781491,41.478813],[13.782015,41.479975],[13.78367,41.482653],[13.785362,41.48441],[13.78836,41.485505],[13.78871,41.485427],[13.790377,41.484597],[13.790753,41.484405],[13.790997,41.484157],[13.791146,41.48384],[13.791199,41.483626],[13.796199,41.484401],[13.798554,41.490702],[13.794179,41.494661],[13.793567,41.494746],[13.793264,41.494898],[13.793008,41.495156],[13.792237,41.496093],[13.791991,41.496423],[13.791744,41.496798],[13.79146,41.497292],[13.790527,41.499055],[13.789598,41.50328],[13.789503,41.503901],[13.789478,41.50464],[13.7895,41.504877],[13.789558,41.505497],[13.78962,41.50598],[13.789826,41.506498],[13.790168,41.506862],[13.790628,41.507244],[13.791084,41.507574],[13.791974,41.508295],[13.792363,41.508634],[13.79281,41.509061],[13.793152,41.509425],[13.793615,41.51023],[13.793753,41.510584],[13.794072,41.51148],[13.795293,41.515985],[13.796073,41.521822],[13.797108,41.523508],[13.797728,41.525602],[13.797601,41.530564],[13.796437,41.531923],[13.798693,41.534358],[13.805025,41.536803],[13.810034,41.538214],[13.819304,41.542624],[13.822822,41.544461],[13.826932,41.53985]]]}},{"type":"Feature","id":"060020","properties":{"istat":"060020","name":"Castelliri","province":"FR","label":[41.686164,13.53358]},"geometry":{"type":"Polygon","coordinates":[[[13.520965,41.719007],[13.526902,41.713856],[13.535563,41.709845],[13.537535,41.708732],[13.539863,41.705745],[13.540037,41.705477],[13.543352,41.699745],[13.544655,41.694683],[13.544578,41.694339],[13.544463,41.693646],[13.544434,41.693292],[13.544453,41.693007],[13.544768,41.691784],[13.545041,41.691381],[13.545601,41.690607],[13.547063,41.6886],[13.547696,41.687751],[13.55011,41.684576],[13.552189,41.682972],[13.556366,41.676683],[13.557506,41.664955],[13.557699,41.659362],[13.552512,41.655488],[13.546023,41.657357],[13.540198,41.660636],[13.538749,41.661481],[13.538694,41.661515],[13.537956,41.661994],[13.528244,41.669185],[13.525606,41.672679],[13.522465,41.678764],[13.519708,41.683658],[13.515418,41.691066],[13.512578,41.699074],[13.51265,41.699571],[13.512698,41.700073],[13.512813,41.701392],[13.512855,41.702136],[13.512961,41.706402],[13.51251,41.707199],[13.507278,41.715674],[13.505823,41.717797],[13.520965,41.719007]]]}},{"type":"Feature","id":"060021","properties":{"istat":"060021","name":"Castelnuovo Parano","province":"FR","label":[41.381407,13.746307]},"geometry":{"type":"Polygon","coordinates":[[[13.753874,41.392918],[13.76113,41.388746],[13.764143,41.386924],[13.764509,41.386567],[13.764682,41.386343],[13.764939,41.386005],[13.765761,41.384907],[13.769103,41.380159],[13.775107,41.373161],[13.769681,41.367546],[13.765714,41.367172],[13.750414,41.366879],[13.733738,41.368599],[13.732539,41.368774],[13.731867,41.368901],[13.728148,41.370697],[13.7273,41.371227],[13.722758,41.374295],[13.722405,41.374607],[13.721376,41.375829],[13.720261,41.377185],[13.718433,41.379551],[13.718024,41.380203],[13.718299,41.380327],[13.718595,41.380418],[13.718869,41.380447],[13.720317,41.380455],[13.722689,41.380862],[13.7232,41.381021],[13.725577,41.381792],[13.726002,41.38204],[13.726949,41.383517],[13.725888,41.386047],[13.72463,41.387395],[13.724184,41.387598],[13.723808,41.387816],[13.723706,41.388069],[13.723695,41.388096],[13.723787,41.388312],[13.723938,41.388531],[13.724968,41.389677],[13.725356,41.389986],[13.72577,41.390252],[13.728916,41.390406],[13.731166,41.390196],[13.731535,41.390262],[13.733035,41.39061],[13.739872,41.392741],[13.743213,41.395624],[13.753874,41.392918]]]}},{"type":"Feature","id":"060023","properties":{"istat":"060023","name":"Castro dei Volsci","province":"FR","label":[41.501291,13.418843]},"geometry":{"type":"Polygon","coordinates":[[[13.389265,41.532107],[13.395347,41.531372],[13.396379,41.531663],[13.401822,41.535509],[13.419296,41.532898],[13.44032,41.530394],[13.443497,41.531029],[13.445681,41.531408],[13.448687,41.53136],[13.454784,41.530695],[13.455228,41.530646],[13.455534,41.530314],[13.45577,41.530013],[13.458918,41.524641],[13.460797,41.524316],[13.473392,41.525275],[13.477094,41.525955],[13.475503,41.522217],[13.475451,41.522054],[13.475303,41.52159],[13.475429,41.521306],[13.475626,41.521055],[13.476104,41.520609],[13.479205,41.518475],[13.480666,41.517916],[13.483413,41.517654],[13.483842,41.517633],[13.484037,41.517658],[13.484213,41.517681],[13.484797,41.517789],[13.490809,41.519112],[13.490474,41.518586],[13.48997,41.517742],[13.489041,41.516178],[13.487852,41.514101],[13.487127,41.512534],[13.486457,41.5104],[13.486721,41.505775],[13.482468,41.506742],[13.475972,41.504785],[13.465389,41.497796],[13.46515,41.497633],[13.464553,41.497221],[13.464142,41.496871],[13.463938,41.496689],[13.463799,41.496564],[13.463168,41.495996],[13.462702,41.495537],[13.462676,41.495511],[13.458563,41.491115],[13.456557,41.488843],[13.454143,41.487081],[13.451459,41.485605],[13.450947,41.485326],[13.449555,41.484599],[13.448192,41.484012],[13.447511,41.483748],[13.445841,41.483118],[13.445715,41.483071],[13.445104,41.482844],[13.4433,41.48218],[13.4421,41.481777],[13.441518,41.481561],[13.44064,41.481216],[13.440049,41.480884],[13.439602,41.480563],[13.43905,41.480098],[13.43864,41.479713],[13.438402,41.479343],[13.438307,41.479195],[13.437959,41.478632],[13.437886,41.478207],[13.437972,41.477641],[13.439093,41.473308],[13.439221,41.472965],[13.439489,41.47277],[13.440244,41.472277],[13.4409,41.471896],[13.442339,41.470818],[13.442741,41.470501],[13.443209,41.469965],[13.44443,41.468505],[13.444743,41.467952],[13.444899,41.467392],[13.44534,41.464994],[13.436743,41.460959],[13.434923,41.462493],[13.433898,41.463302],[13.432097,41.464457],[13.429719,41.465773],[13.422635,41.469504],[13.41451,41.47268],[13.401067,41.473925],[13.392817,41.475326],[13.381257,41.475903],[13.380171,41.474301],[13.379953,41.473918],[13.37983,41.473672],[13.379691,41.473392],[13.379467,41.472797],[13.379243,41.47218],[13.378523,41.469781],[13.372643,41.470284],[13.371953,41.470374],[13.371574,41.470424],[13.370853,41.470542],[13.367066,41.471586],[13.367022,41.471781],[13.366904,41.472322],[13.364411,41.484311],[13.364358,41.485682],[13.364586,41.486264],[13.365239,41.487098],[13.365565,41.487441],[13.365952,41.487827],[13.366546,41.488511],[13.367173,41.489266],[13.367918,41.49017],[13.368331,41.49087],[13.36849,41.491215],[13.368744,41.492101],[13.368852,41.492516],[13.368891,41.492875],[13.368967,41.493659],[13.368994,41.494032],[13.368976,41.49474],[13.368854,41.495325],[13.368549,41.496512],[13.365301,41.506562],[13.365011,41.507123],[13.364775,41.507447],[13.364281,41.508087],[13.36379,41.508493],[13.360897,41.510111],[13.35367,41.513546],[13.356419,41.51761],[13.364625,41.526789],[13.373722,41.537756],[13.37357,41.538086],[13.373596,41.538333],[13.373618,41.538544],[13.374358,41.540123],[13.375555,41.54213],[13.375947,41.542768],[13.37642,41.543457],[13.37808,41.54568],[13.37842,41.546001],[13.378667,41.546122],[13.378869,41.546222],[13.379228,41.54628],[13.379392,41.546286],[13.379658,41.546296],[13.379992,41.54617],[13.38007,41.54614],[13.380729,41.545643],[13.381234,41.544173],[13.383995,41.535847],[13.384097,41.535587],[13.384226,41.535262],[13.384377,41.534968],[13.384625,41.534621],[13.384897,41.534291],[13.385353,41.53381],[13.385745,41.533448],[13.3861,41.533156],[13.386465,41.532935],[13.386902,41.532733],[13.389265,41.532107]]]}},{"type":"Feature","id":"060022","properties":{"istat":"060022","name":"Castrocielo","province":"FR","label":[41.509889,13.696853]},"geometry":{"type":"Polygon","coordinates":[[[13.701347,41.538425],[13.705762,41.538307],[13.71199,41.536711],[13.712287,41.536261],[13.712295,41.535801],[13.712286,41.535555],[13.712273,41.535181],[13.711996,41.530906],[13.715447,41.526209],[13.724502,41.519205],[13.726875,41.516789],[13.728271,41.515795],[13.739909,41.512618],[13.742063,41.512741],[13.744037,41.514415],[13.730431,41.497924],[13.727225,41.498209],[13.726541,41.498332],[13.724766,41.49904],[13.723941,41.499411],[13.723279,41.499709],[13.720151,41.501129],[13.718151,41.502089],[13.71174,41.505225],[13.706973,41.507523],[13.705619,41.508155],[13.705445,41.507793],[13.704584,41.505415],[13.704374,41.504532],[13.696622,41.497482],[13.691866,41.495509],[13.687908,41.489202],[13.686536,41.480651],[13.686786,41.479479],[13.686857,41.47894],[13.686853,41.478562],[13.686815,41.478069],[13.686604,41.477769],[13.686454,41.477557],[13.686174,41.477167],[13.685719,41.476659],[13.685391,41.476427],[13.685316,41.476374],[13.681862,41.47539],[13.68031,41.476371],[13.67705,41.478233],[13.672039,41.480751],[13.669493,41.481941],[13.661227,41.485337],[13.651332,41.489952],[13.644455,41.493418],[13.64379,41.4938],[13.645626,41.495901],[13.64648,41.496946],[13.646816,41.497491],[13.649304,41.501735],[13.649725,41.503847],[13.65033,41.505385],[13.651478,41.507229],[13.654657,41.511624],[13.657829,41.512809],[13.666766,41.513721],[13.670402,41.519559],[13.672719,41.524112],[13.683311,41.540544],[13.687772,41.546993],[13.688206,41.546863],[13.690872,41.544827],[13.691361,41.544402],[13.691812,41.543992],[13.69212,41.543637],[13.693041,41.541991],[13.701347,41.538425]]]}},{"type":"Feature","id":"060024","properties":{"istat":"060024","name":"Ceccano","province":"FR","label":[41.566754,13.328891]},"geometry":{"type":"Polygon","coordinates":[[[13.327451,41.608341],[13.329893,41.60672],[13.333967,41.604148],[13.334475,41.604012],[13.336896,41.603582],[13.339798,41.603748],[13.341602,41.604486],[13.344102,41.605296],[13.345566,41.605749],[13.348666,41.606559],[13.349422,41.606553],[13.351119,41.606381],[13.35266,41.606214],[13.353164,41.606155],[13.359248,41.60474],[13.358524,41.602529],[13.361349,41.595232],[13.36736,41.590134],[13.365402,41.583436],[13.36804,41.576339],[13.374022,41.564537],[13.379253,41.555801],[13.380128,41.554895],[13.380729,41.545643],[13.38007,41.54614],[13.379992,41.54617],[13.379658,41.546296],[13.379392,41.546286],[13.379228,41.54628],[13.378869,41.546222],[13.378667,41.546122],[13.37842,41.546001],[13.37808,41.54568],[13.37642,41.543457],[13.375947,41.542768],[13.375555,41.54213],[13.374358,41.540123],[13.373618,41.538544],[13.373596,41.538333],[13.37357,41.538086],[13.373722,41.537756],[13.364625,41.526789],[13.356419,41.51761],[13.35367,41.513546],[13.348645,41.515555],[13.340697,41.519899],[13.335363,41.523135],[13.325653,41.52794],[13.311193,41.531771],[13.305812,41.534917],[13.30063,41.539771],[13.286256,41.554666],[13.285425,41.556223],[13.285013,41.55953],[13.285426,41.562199],[13.284619,41.568972],[13.28332,41.570934],[13.282869,41.571657],[13.283772,41.57514],[13.285839,41.581505],[13.29604,41.596706],[13.29654,41.602792],[13.294066,41.604645],[13.292485,41.607756],[13.297476,41.609141],[13.300248,41.611427],[13.311093,41.617589],[13.311329,41.617715],[13.314024,41.618928],[13.314296,41.618933],[13.314503,41.618932],[13.320929,41.614138],[13.326715,41.609113],[13.327451,41.608341]]]}},{"type":"Feature","id":"060025","properties":{"istat":"060025","name":"Ceprano","province":"FR","label":[41.547891,13.496152]},"geometry":{"type":"Polygon","coordinates":[[[13.504512,41.574512],[13.506832,41.574767],[13.510734,41.571998],[13.518048,41.567933],[13.524813,41.567901],[13.524995,41.567897],[13.525269,41.567892],[13.526575,41.567449],[13.530248,41.56571],[13.531437,41.565114],[13.532288,41.564621],[13.532567,41.564444],[13.533093,41.563973],[13.537724,41.558612],[13.539216,41.556235],[13.541077,41.546513],[13.540165,41.544492],[13.539129,41.542597],[13.536921,41.53893],[13.536712,41.538637],[13.532885,41.533957],[13.532521,41.533611],[13.53213,41.533429],[13.531133,41.533018],[13.53229,41.530034],[13.534306,41.528368],[13.536285,41.527102],[13.541987,41.521537],[13.543846,41.52041],[13.540651,41.520685],[13.540345,41.520697],[13.53999,41.520711],[13.539395,41.520658],[13.531659,41.519662],[13.527055,41.518827],[13.515612,41.515599],[13.505209,41.516148],[13.501718,41.516794],[13.494857,41.518476],[13.490809,41.519112],[13.484797,41.517789],[13.484213,41.517681],[13.484037,41.517658],[13.483842,41.517633],[13.483413,41.517654],[13.480666,41.517916],[13.479205,41.518475],[13.476104,41.520609],[13.475626,41.521055],[13.475429,41.521306],[13.475303,41.52159],[13.475451,41.522054],[13.475503,41.522217],[13.477094,41.525955],[13.477135,41.526362],[13.476462,41.528325],[13.476295,41.5288],[13.474586,41.530132],[13.465298,41.537156],[13.461358,41.538016],[13.457186,41.539047],[13.454186,41.541667],[13.451943,41.546283],[13.451104,41.549269],[13.450594,41.552517],[13.450646,41.552866],[13.45171,41.554522],[13.452145,41.558476],[13.454694,41.559615],[13.458363,41.562646],[13.462796,41.567376],[13.471056,41.573128],[13.473154,41.574477],[13.48371,41.579266],[13.485137,41.579854],[13.486634,41.580394],[13.487001,41.580477],[13.488373,41.579921],[13.504512,41.574512]]]}},{"type":"Feature","id":"060026","properties":{"istat":"060026","name":"Cervaro","province":"FR","label":[41.473522,13.888994]},"geometry":{"type":"Polygon","coordinates":[[[13.918354,41.515534],[13.919207,41.515389],[13.92006,41.515235],[13.920324,41.515184],[13.921769,41.514829],[13.922043,41.51474],[13.922203,41.514689],[13.931566,41.512981],[13.937911,41.511853],[13.938628,41.511165],[13.940028,41.509889],[13.944556,41.506318],[13.952149,41.501403],[13.954841,41.50072],[13.954801,41.496377],[13.947746,41.489839],[13.945719,41.48926],[13.943465,41.487917],[13.93716,41.483696],[13.932669,41.478568],[13.928459,41.475377],[13.922406,41.471968],[13.918858,41.470582],[13.914698,41.465978],[13.913806,41.462816],[13.909072,41.458044],[13.905247,41.456223],[13.898802,41.445766],[13.89201,41.43901],[13.891555,41.435371],[13.891723,41.43408],[13.891458,41.433971],[13.891188,41.433859],[13.889473,41.433302],[13.888668,41.433294],[13.888624,41.433293],[13.880127,41.434717],[13.875138,41.435983],[13.870754,41.44027],[13.866179,41.445191],[13.863337,41.447793],[13.86005,41.450011],[13.855109,41.453259],[13.848597,41.457932],[13.847978,41.458404],[13.846973,41.459626],[13.846768,41.459975],[13.846653,41.460171],[13.846442,41.460549],[13.844216,41.465178],[13.843583,41.469205],[13.85615,41.475075],[13.864441,41.47833],[13.873317,41.481001],[13.876644,41.483232],[13.876711,41.486331],[13.879217,41.488921],[13.885468,41.495367],[13.892217,41.498595],[13.893953,41.498728],[13.895184,41.498828],[13.895913,41.49891],[13.89894,41.499974],[13.899628,41.500241],[13.900344,41.500548],[13.900551,41.500702],[13.905166,41.505834],[13.905801,41.509427],[13.905194,41.513464],[13.911055,41.515545],[13.911509,41.515642],[13.913339,41.515875],[13.918354,41.515534]]]}},{"type":"Feature","id":"060027","properties":{"istat":"060027","name":"Colfelice","province":"FR","label":[41.539945,13.596669]},"geometry":{"type":"MultiPolygon","coordinates":[[[[13.587541,41.501632],[13.586778,41.50037],[13.586615,41.50021],[13.585727,41.49971],[13.585098,41.499388],[13.584838,41.499268],[13.584517,41.499128],[13.583816,41.498886],[13.583542,41.498829],[13.583208,41.498761],[13.582897,41.498711],[13.582181,41.498622],[13.581796,41.498597],[13.581379,41.498596],[13.580849,41.49863],[13.580178,41.498734],[13.579756,41.498809],[13.57926,41.499054],[13.578835,41.499346],[13.577615,41.500844],[13.577392,41.501177],[13.577027,41.503051],[13.576984,41.503386],[13.577034,41.503874],[13.584818,41.502951],[13.586039,41.501921],[13.587541,41.501632]]],[[[13.601605,41.56827],[13.615954,41.564388],[13.619734,41.563722],[13.62301,41.565319],[13.623959,41.56352],[13.624351,41.559741],[13.625792,41.549137],[13.625797,41.549087],[13.625814,41.548942],[13.625831,41.548782],[13.625727,41.548571],[13.625453,41.54806],[13.62523,41.547767],[13.624738,41.547228],[13.624326,41.546808],[13.623974,41.546462],[13.621229,41.544178],[13.617811,41.541406],[13.610476,41.538483],[13.605623,41.536071],[13.604398,41.534137],[13.60318,41.531591],[13.602758,41.530073],[13.600849,41.521799],[13.601132,41.521571],[13.6014,41.521349],[13.601586,41.521044],[13.601563,41.520774],[13.601557,41.520703],[13.60119,41.519381],[13.601066,41.519057],[13.600832,41.518675],[13.600578,41.518284],[13.599797,41.517312],[13.594534,41.513188],[13.587928,41.509765],[13.586888,41.510207],[13.586584,41.51043],[13.586436,41.510652],[13.585514,41.513363],[13.585085,41.516473],[13.585362,41.516422],[13.585624,41.516479],[13.585884,41.516595],[13.586124,41.516702],[13.586605,41.517223],[13.586822,41.517593],[13.586833,41.517634],[13.586901,41.517918],[13.586568,41.520529],[13.585069,41.52245],[13.583894,41.523734],[13.578527,41.528706],[13.578232,41.532378],[13.579765,41.544427],[13.59077,41.55883],[13.595194,41.563272],[13.595618,41.563628],[13.5959,41.563928],[13.597148,41.565548],[13.597531,41.566694],[13.598017,41.568637],[13.597229,41.570663],[13.601605,41.56827]]]]}},{"type":"Feature","id":"060029","properties":{"istat":"060029","name":"Colle San Magno","province":"FR","label":[41.557678,13.71282]},"geometry":{"type":"Polygon","coordinates":[[[13.670006,41.598895],[13.673775,41.598205],[13.676355,41.597587],[13.682521,41.594751],[13.704371,41.589882],[13.7319,41.583433],[13.747325,41.580397],[13.755612,41.579882],[13.754717,41.574639],[13.754057,41.570309],[13.754046,41.566591],[13.749187,41.559765],[13.748582,41.555621],[13.749429,41.549157],[13.752357,41.543377],[13.752391,41.543372],[13.752644,41.543331],[13.752874,41.543293],[13.753452,41.543161],[13.753678,41.543108],[13.753981,41.543035],[13.754223,41.542976],[13.756634,41.542291],[13.756984,41.542186],[13.757515,41.541975],[13.757638,41.541164],[13.757661,41.53929],[13.757637,41.538751],[13.757409,41.536901],[13.757301,41.536235],[13.757178,41.535763],[13.757007,41.535239],[13.756223,41.533079],[13.754707,41.527128],[13.754127,41.521745],[13.746986,41.520415],[13.746361,41.515937],[13.744037,41.514415],[13.742063,41.512741],[13.739909,41.512618],[13.728271,41.515795],[13.726875,41.516789],[13.724502,41.519205],[13.715447,41.526209],[13.711996,41.530906],[13.712273,41.535181],[13.712286,41.535555],[13.712295,41.535801],[13.712287,41.536261],[13.71199,41.536711],[13.705762,41.538307],[13.701347,41.538425],[13.693041,41.541991],[13.69212,41.543637],[13.691812,41.543992],[13.691361,41.544402],[13.690872,41.544827],[13.688206,41.546863],[13.687772,41.546993],[13.68722,41.546957],[13.684716,41.546866],[13.683718,41.54697],[13.683249,41.547092],[13.682965,41.548666],[13.682821,41.549833],[13.682718,41.550202],[13.682411,41.551219],[13.682173,41.55171],[13.681946,41.552138],[13.681674,41.552622],[13.680067,41.554974],[13.679416,41.555766],[13.679197,41.555928],[13.674316,41.559427],[13.673781,41.5598],[13.67315,41.560199],[13.670866,41.561602],[13.670274,41.561852],[13.667713,41.562757],[13.666783,41.563016],[13.66607,41.563288],[13.664752,41.563859],[13.66428,41.564067],[13.663479,41.564482],[13.661657,41.565632],[13.660281,41.566625],[13.659585,41.567238],[13.659325,41.567586],[13.658722,41.568399],[13.660112,41.568441],[13.663075,41.568533],[13.663394,41.568556],[13.664055,41.568641],[13.664464,41.568796],[13.66485,41.56896],[13.66522,41.569211],[13.665401,41.569374],[13.665977,41.57008],[13.666117,41.570304],[13.66643,41.570895],[13.666601,41.571338],[13.666768,41.573132],[13.666399,41.574128],[13.666187,41.57452],[13.666014,41.574779],[13.665039,41.578406],[13.664623,41.581992],[13.665236,41.595064],[13.665429,41.599693],[13.670006,41.598895]]]}},{"type":"Feature","id":"060028","properties":{"istat":"060028","name":"Collepardo","province":"FR","label":[41.772422,13.401178]},"geometry":{"type":"Polygon","coordinates":[[[13.3989,41.786809],[13.410784,41.782588],[13.412364,41.782411],[13.417851,41.782415],[13.419365,41.78251],[13.420495,41.782606],[13.422343,41.783251],[13.427933,41.785043],[13.438131,41.782299],[13.4389,41.782001],[13.440001,41.781573],[13.442974,41.78004],[13.44411,41.77937],[13.448335,41.776771],[13.435521,41.766868],[13.43425,41.765869],[13.432901,41.764808],[13.430703,41.762669],[13.428436,41.758993],[13.427982,41.757849],[13.42545,41.753139],[13.417411,41.748951],[13.413922,41.748019],[13.411361,41.747635],[13.411142,41.747603],[13.401258,41.746565],[13.399612,41.746489],[13.398927,41.746488],[13.39629,41.747304],[13.385905,41.749501],[13.380967,41.747649],[13.37956,41.747081],[13.376233,41.745988],[13.372452,41.746177],[13.368646,41.746394],[13.359121,41.751123],[13.358904,41.751294],[13.35841,41.751691],[13.357597,41.75336],[13.356935,41.755731],[13.357095,41.762217],[13.35751,41.765726],[13.357924,41.767402],[13.359255,41.771382],[13.359589,41.772268],[13.359706,41.772576],[13.360537,41.773472],[13.36197,41.774362],[13.365878,41.776348],[13.367398,41.7762],[13.369589,41.77613],[13.376515,41.777284],[13.378347,41.77765],[13.380339,41.778308],[13.381452,41.779027],[13.383496,41.781479],[13.384503,41.783088],[13.385678,41.787095],[13.386338,41.789568],[13.38658,41.790932],[13.387011,41.793445],[13.387728,41.796984],[13.388699,41.798561],[13.388758,41.798655],[13.388949,41.798482],[13.389521,41.797964],[13.39354,41.793686],[13.3989,41.786809]]]}},{"type":"Feature","id":"060030","properties":{"istat":"060030","name":"Coreno Ausonio","province":"FR","label":[41.336431,13.789034]},"geometry":{"type":"Polygon","coordinates":[[[13.776549,41.371485],[13.780624,41.366782],[13.785854,41.365556],[13.786489,41.36539],[13.786791,41.365296],[13.788608,41.364667],[13.791848,41.36206],[13.797283,41.357288],[13.811966,41.345867],[13.821442,41.340032],[13.823138,41.338741],[13.820618,41.338023],[13.819456,41.334839],[13.818275,41.330783],[13.817645,41.325281],[13.817773,41.324826],[13.818292,41.323863],[13.819816,41.321471],[13.814837,41.320073],[13.809635,41.319652],[13.802061,41.3196],[13.796535,41.317976],[13.793709,41.312449],[13.791478,41.310075],[13.782366,41.308888],[13.776963,41.307027],[13.766005,41.302302],[13.763024,41.301351],[13.763334,41.30457],[13.76307,41.305323],[13.761719,41.307302],[13.758754,41.309946],[13.757783,41.310715],[13.756757,41.311239],[13.755762,41.311524],[13.754911,41.311604],[13.753985,41.311687],[13.752426,41.31475],[13.752341,41.317351],[13.754744,41.325885],[13.755683,41.328854],[13.76048,41.344336],[13.763378,41.354119],[13.764849,41.356597],[13.767413,41.357622],[13.770083,41.359189],[13.770959,41.359761],[13.771845,41.36274],[13.771915,41.363096],[13.771943,41.36324],[13.771866,41.363599],[13.771776,41.363965],[13.771209,41.365472],[13.770736,41.366514],[13.769941,41.367469],[13.769681,41.367546],[13.775107,41.373161],[13.776549,41.371485]]]}},{"type":"Feature","id":"060031","properties":{"istat":"060031","name":"Esperia","province":"FR","label":[41.370942,13.641038]},"geometry":{"type":"Polygon","coordinates":[[[13.691276,41.427067],[13.696992,41.424538],[13.699392,41.421664],[13.699094,41.419812],[13.699087,41.419533],[13.699113,41.418848],[13.699138,41.418553],[13.699333,41.41743],[13.69961,41.4161],[13.700068,41.414141],[13.700571,41.412959],[13.700683,41.412706],[13.700855,41.41251],[13.70123,41.412306],[13.701771,41.412189],[13.70483,41.411806],[13.704974,41.411816],[13.705152,41.41183],[13.705462,41.411876],[13.705854,41.411999],[13.706613,41.412369],[13.706752,41.412484],[13.706834,41.412559],[13.706861,41.412623],[13.706903,41.412737],[13.706938,41.412832],[13.706969,41.413111],[13.706963,41.413435],[13.706908,41.413757],[13.706829,41.414134],[13.706727,41.41444],[13.706132,41.416148],[13.711227,41.41258],[13.718217,41.409868],[13.722607,41.414368],[13.727367,41.415698],[13.733486,41.412975],[13.733827,41.41075],[13.731279,41.402053],[13.729248,41.395345],[13.728702,41.395142],[13.728192,41.394857],[13.727885,41.394635],[13.727592,41.394346],[13.727307,41.393682],[13.727207,41.393268],[13.727237,41.392888],[13.72739,41.392414],[13.727688,41.391888],[13.728916,41.390406],[13.72577,41.390252],[13.725356,41.389986],[13.724968,41.389677],[13.723938,41.388531],[13.723787,41.388312],[13.723695,41.388096],[13.723706,41.388069],[13.723808,41.387816],[13.724184,41.387598],[13.72463,41.387395],[13.725888,41.386047],[13.726949,41.383517],[13.726002,41.38204],[13.725577,41.381792],[13.7232,41.381021],[13.722689,41.380862],[13.720317,41.380455],[13.718869,41.380447],[13.718595,41.380418],[13.718299,41.380327],[13.718024,41.380203],[13.718433,41.379551],[13.720261,41.377185],[13.721376,41.375829],[13.722405,41.374607],[13.722758,41.374295],[13.72073,41.372187],[13.715922,41.368031],[13.715568,41.367956],[13.715529,41.367947],[13.715482,41.367935],[13.715443,41.367906],[13.715359,41.367843],[13.714678,41.367321],[13.714219,41.366939],[13.712648,41.365491],[13.711779,41.364662],[13.711486,41.364368],[13.709997,41.362282],[13.709343,41.360193],[13.709216,41.358217],[13.704186,41.358649],[13.69934,41.356506],[13.693274,41.350798],[13.690521,41.346886],[13.688635,41.343654],[13.683175,41.340037],[13.683051,41.339956],[13.682372,41.339511],[13.681442,41.339401],[13.680063,41.339619],[13.672868,41.341411],[13.668172,41.343124],[13.664834,41.341544],[13.657736,41.337758],[13.65566,41.334907],[13.652524,41.329879],[13.651827,41.328341],[13.651529,41.326328],[13.653023,41.324236],[13.654461,41.321139],[13.654485,41.320389],[13.65329,41.319377],[13.652809,41.318987],[13.651347,41.317974],[13.6471,41.318889],[13.640905,41.319158],[13.634204,41.318532],[13.631273,41.318146],[13.627914,41.317647],[13.627123,41.317166],[13.626397,41.31652],[13.623799,41.316777],[13.618502,41.319264],[13.617655,41.31973],[13.616133,41.321134],[13.604933,41.334012],[13.60389,41.335436],[13.603515,41.336185],[13.603377,41.336537],[13.603312,41.336797],[13.603279,41.337248],[13.603372,41.337852],[13.60312,41.339082],[13.602854,41.340349],[13.602392,41.341254],[13.5986,41.344197],[13.591843,41.352625],[13.589644,41.354348],[13.584317,41.358477],[13.583432,41.359089],[13.582833,41.359445],[13.582609,41.359576],[13.574293,41.363846],[13.573758,41.364111],[13.572972,41.36448],[13.572743,41.364574],[13.571921,41.364908],[13.571155,41.365213],[13.568503,41.366022],[13.560546,41.36804],[13.561918,41.369696],[13.565258,41.374484],[13.565421,41.374606],[13.566375,41.375318],[13.567744,41.376173],[13.568475,41.376603],[13.572872,41.378963],[13.573821,41.379307],[13.574784,41.379548],[13.575666,41.379747],[13.57632,41.379852],[13.576948,41.379895],[13.577142,41.379909],[13.577539,41.379943],[13.579015,41.380257],[13.577839,41.383159],[13.576834,41.385373],[13.576515,41.386072],[13.57616,41.386852],[13.576079,41.387028],[13.575113,41.388053],[13.570873,41.392404],[13.564936,41.398331],[13.564902,41.398362],[13.564142,41.39906],[13.563041,41.399631],[13.561267,41.400336],[13.564506,41.401475],[13.5663,41.402103],[13.56712,41.402377],[13.568012,41.402638],[13.569392,41.402989],[13.572596,41.403794],[13.579709,41.405042],[13.588491,41.406585],[13.60157,41.409017],[13.616792,41.411892],[13.621152,41.412779],[13.636002,41.416687],[13.64047,41.421063],[13.645886,41.425287],[13.64637,41.425618],[13.648337,41.42657],[13.648847,41.426774],[13.650656,41.426732],[13.654142,41.426537],[13.65615,41.426037],[13.672339,41.420346],[13.683623,41.426806],[13.691276,41.427067]]]}},{"type":"Feature","id":"060032","properties":{"istat":"060032","name":"Falvaterra","province":"FR","label":[41.502359,13.521617]},"geometry":{"type":"Polygon","coordinates":[[[13.543846,41.52041],[13.543412,41.515448],[13.543515,41.513094],[13.543538,41.512758],[13.54357,41.512371],[13.543785,41.511849],[13.544485,41.511624],[13.546123,41.508052],[13.543735,41.49916],[13.543588,41.498788],[13.54305,41.498188],[13.542388,41.497764],[13.541723,41.497466],[13.540322,41.496936],[13.535835,41.489762],[13.535913,41.489539],[13.53608,41.488992],[13.536263,41.487796],[13.536095,41.487262],[13.533278,41.484173],[13.529362,41.480469],[13.526001,41.481272],[13.523205,41.483125],[13.518566,41.486952],[13.517756,41.488305],[13.517384,41.488788],[13.516279,41.490061],[13.51343,41.493135],[13.513061,41.493487],[13.511902,41.494428],[13.511269,41.494908],[13.51066,41.495351],[13.509626,41.496022],[13.509054,41.496373],[13.493076,41.505558],[13.490211,41.506354],[13.486721,41.505775],[13.486457,41.5104],[13.487127,41.512534],[13.487852,41.514101],[13.489041,41.516178],[13.48997,41.517742],[13.490474,41.518586],[13.490809,41.519112],[13.494857,41.518476],[13.501718,41.516794],[13.505209,41.516148],[13.515612,41.515599],[13.527055,41.518827],[13.531659,41.519662],[13.539395,41.520658],[13.53999,41.520711],[13.540345,41.520697],[13.540651,41.520685],[13.543846,41.52041]]]}},{"type":"Feature","id":"060033","properties":{"istat":"060033","name":"Ferentino","province":"FR","label":[41.682269,13.255397]},"geometry":{"type":"MultiPolygon","coordinates":[[[[13.23857,41.731813],[13.246134,41.732249],[13.246769,41.732349],[13.247079,41.732398],[13.248979,41.731058],[13.249804,41.730398],[13.253132,41.72733],[13.263244,41.724514],[13.272064,41.722184],[13.281898,41.716543],[13.284271,41.710202],[13.283891,41.709577],[13.283921,41.708838],[13.283926,41.708702],[13.284089,41.707967],[13.284388,41.707609],[13.28659,41.70524],[13.289057,41.704247],[13.289775,41.702464],[13.291906,41.700588],[13.29869,41.696692],[13.300701,41.691057],[13.302908,41.686638],[13.306621,41.682983],[13.308701,41.681554],[13.312721,41.67754],[13.312198,41.675021],[13.310487,41.672978],[13.31393,41.668077],[13.314381,41.667803],[13.315034,41.664424],[13.313908,41.661977],[13.3125,41.660265],[13.309104,41.65924],[13.299944,41.656352],[13.294599,41.653603],[13.283001,41.645363],[13.277219,41.641124],[13.276891,41.640781],[13.276624,41.640502],[13.276168,41.640038],[13.27559,41.639632],[13.274918,41.639179],[13.273503,41.638233],[13.265281,41.633244],[13.264914,41.633033],[13.264509,41.632899],[13.263822,41.6327],[13.26272,41.634222],[13.259911,41.636919],[13.249772,41.644228],[13.241079,41.646441],[13.234864,41.646361],[13.231749,41.645529],[13.227622,41.648504],[13.225406,41.651278],[13.224185,41.652557],[13.223412,41.653148],[13.2195,41.654764],[13.216297,41.654612],[13.204274,41.6629],[13.195517,41.667682],[13.192163,41.668206],[13.196584,41.673771],[13.197436,41.674694],[13.201155,41.678335],[13.205675,41.687323],[13.206416,41.691748],[13.213949,41.699152],[13.209932,41.704058],[13.207874,41.706317],[13.20613,41.710235],[13.205366,41.713536],[13.205308,41.713849],[13.205007,41.716098],[13.205176,41.71647],[13.207046,41.717968],[13.213729,41.722976],[13.221443,41.72462],[13.229882,41.726803],[13.23857,41.731813]]],[[[13.222787,41.77354],[13.224611,41.77288],[13.225035,41.772727],[13.227149,41.77201],[13.235958,41.768372],[13.23646,41.76815],[13.237773,41.767571],[13.238426,41.767006],[13.238098,41.766262],[13.237144,41.762835],[13.23719,41.76205],[13.23763,41.76094],[13.238273,41.760295],[13.239167,41.760136],[13.240443,41.75967],[13.242761,41.758463],[13.243808,41.757889],[13.243884,41.757846],[13.246685,41.756188],[13.248226,41.755231],[13.249047,41.754714],[13.249527,41.754278],[13.250061,41.753646],[13.25022,41.753145],[13.251569,41.748606],[13.24945,41.747361],[13.248576,41.746808],[13.248492,41.74675],[13.247974,41.746389],[13.247825,41.746278],[13.247231,41.745831],[13.244225,41.743165],[13.243171,41.742123],[13.242856,41.741793],[13.242488,41.741212],[13.240317,41.740536],[13.235833,41.740459],[13.231888,41.741815],[13.230204,41.742238],[13.218644,41.745005],[13.205545,41.750695],[13.204886,41.751002],[13.204655,41.75111],[13.204378,41.751249],[13.20389,41.751492],[13.203693,41.751591],[13.202408,41.752309],[13.198235,41.755339],[13.197284,41.756215],[13.196048,41.757431],[13.195346,41.75816],[13.195118,41.758397],[13.194142,41.759761],[13.193576,41.760646],[13.192874,41.762112],[13.191949,41.764245],[13.191388,41.765734],[13.191225,41.768111],[13.191336,41.768697],[13.191424,41.769148],[13.191634,41.769838],[13.192286,41.770593],[13.193366,41.771531],[13.194499,41.772313],[13.195681,41.77308],[13.196237,41.773402],[13.197733,41.773248],[13.199094,41.77323],[13.207075,41.773914],[13.209244,41.774154],[13.209463,41.774178],[13.210316,41.774603],[13.210614,41.774752],[13.211143,41.775606],[13.21225,41.777767],[13.212579,41.778485],[13.213083,41.778106],[13.214629,41.777014],[13.219041,41.774992],[13.222787,41.77354]]]]}},{"type":"Feature","id":"060034","properties":{"istat":"060034","name":"Filettino","province":"FR","label":[41.896816,13.329314]},"geometry":{"type":"Polygon","coordinates":[[[13.350047,41.921035],[13.351058,41.921196],[13.351211,41.921221],[13.352392,41.921788],[13.354775,41.922952],[13.356556,41.925739],[13.358226,41.925663],[13.359897,41.925532],[13.364374,41.924754],[13.365247,41.924134],[13.36583,41.923419],[13.365885,41.92301],[13.365958,41.92246],[13.365966,41.922406],[13.365868,41.921598],[13.37267,41.915825],[13.378351,41.911797],[13.380547,41.908124],[13.382736,41.900793],[13.377815,41.891233],[13.373684,41.885601],[13.370052,41.882233],[13.364843,41.877601],[13.361105,41.872665],[13.358982,41.869315],[13.362058,41.867419],[13.365688,41.864958],[13.366593,41.864252],[13.367277,41.863326],[13.36733,41.862957],[13.367469,41.861924],[13.367124,41.860434],[13.365929,41.857688],[13.367021,41.845612],[13.368539,41.840674],[13.366834,41.833068],[13.365497,41.833956],[13.360992,41.83591],[13.356586,41.836767],[13.35553,41.836568],[13.354575,41.83669],[13.352509,41.836957],[13.346512,41.839368],[13.343703,41.842208],[13.335642,41.841428],[13.335584,41.840912],[13.335136,41.840528],[13.334794,41.840235],[13.327132,41.836369],[13.326669,41.836369],[13.326453,41.836764],[13.322272,41.839114],[13.319784,41.840356],[13.317589,41.84138],[13.31562,41.842301],[13.314419,41.842863],[13.309335,41.845679],[13.306802,41.847184],[13.305717,41.848102],[13.305659,41.849365],[13.305413,41.854988],[13.306003,41.855511],[13.306132,41.855596],[13.307055,41.856219],[13.30776,41.856926],[13.307912,41.857163],[13.308223,41.857651],[13.308406,41.858427],[13.308051,41.859585],[13.307045,41.860307],[13.303959,41.861742],[13.302399,41.862404],[13.295365,41.864153],[13.294134,41.864262],[13.292532,41.864228],[13.290749,41.864155],[13.288713,41.864235],[13.287503,41.864371],[13.285419,41.864858],[13.284046,41.865716],[13.283056,41.86668],[13.281097,41.868676],[13.280377,41.869431],[13.280132,41.869688],[13.279186,41.8708],[13.27806,41.875515],[13.277742,41.877481],[13.278955,41.884783],[13.282122,41.890742],[13.282696,41.891378],[13.282675,41.891584],[13.282582,41.892521],[13.281705,41.893716],[13.274174,41.899917],[13.272471,41.900881],[13.269713,41.906143],[13.268678,41.912372],[13.270741,41.916319],[13.271555,41.91696],[13.272722,41.917952],[13.273264,41.918886],[13.275077,41.922312],[13.275448,41.923325],[13.275646,41.924893],[13.275772,41.92605],[13.276989,41.93056],[13.279286,41.932604],[13.283863,41.936142],[13.287646,41.938509],[13.292273,41.941766],[13.296273,41.948612],[13.298255,41.954271],[13.302554,41.954405],[13.308416,41.953059],[13.32135,41.945662],[13.323929,41.943543],[13.325419,41.94197],[13.326069,41.941482],[13.32735,41.940419],[13.330071,41.937895],[13.333464,41.934401],[13.333962,41.933889],[13.334979,41.931911],[13.335376,41.931],[13.33606,41.928822],[13.338691,41.925535],[13.345495,41.922176],[13.350047,41.921035]]]}},{"type":"Feature","id":"060035","properties":{"istat":"060035","name":"Fiuggi","province":"FR","label":[41.802968,13.217981]},"geometry":{"type":"Polygon","coordinates":[[[13.244634,41.835352],[13.249408,41.834637],[13.257256,41.833065],[13.258085,41.832842],[13.258166,41.83282],[13.26075,41.831706],[13.261287,41.831407],[13.260264,41.82788],[13.255649,41.81152],[13.255492,41.810721],[13.255248,41.809477],[13.255145,41.807878],[13.255175,41.806839],[13.255179,41.806693],[13.25523,41.806133],[13.252714,41.805267],[13.250728,41.803977],[13.250162,41.803498],[13.249107,41.802439],[13.245863,41.798264],[13.245784,41.798139],[13.245425,41.797573],[13.244769,41.796463],[13.240089,41.787573],[13.239033,41.784371],[13.23849,41.780929],[13.240466,41.766337],[13.238426,41.767006],[13.237773,41.767571],[13.23646,41.76815],[13.235958,41.768372],[13.227149,41.77201],[13.225035,41.772727],[13.224611,41.77288],[13.222787,41.77354],[13.219041,41.774992],[13.214629,41.777014],[13.213083,41.778106],[13.212579,41.778485],[13.209371,41.780507],[13.208095,41.781359],[13.205768,41.782977],[13.197411,41.78994],[13.187449,41.800484],[13.186646,41.801487],[13.186111,41.803981],[13.184806,41.807554],[13.184634,41.807683],[13.183884,41.808245],[13.180556,41.809927],[13.17436,41.812135],[13.177246,41.814398],[13.180403,41.816286],[13.181988,41.817228],[13.183745,41.818205],[13.18627,41.819379],[13.187503,41.819898],[13.188847,41.820241],[13.196483,41.827786],[13.201753,41.833861],[13.201676,41.834295],[13.201327,41.83523],[13.200546,41.837036],[13.200243,41.837315],[13.201325,41.837472],[13.201412,41.837484],[13.202827,41.837739],[13.209463,41.838958],[13.223487,41.837522],[13.244634,41.835352]]]}},{"type":"Feature","id":"060036","properties":{"istat":"060036","name":"Fontana Liri","province":"FR","label":[41.621679,13.57231]},"geometry":{"type":"Polygon","coordinates":[[[13.575103,41.637599],[13.581269,41.633482],[13.587177,41.628519],[13.593705,41.62471],[13.602591,41.622945],[13.608231,41.620413],[13.603164,41.617537],[13.601527,41.613862],[13.5995,41.610513],[13.597361,41.610576],[13.58588,41.605967],[13.585191,41.605643],[13.584538,41.60534],[13.579437,41.60424],[13.573474,41.603157],[13.558619,41.601254],[13.555975,41.601157],[13.553999,41.601474],[13.5505,41.602329],[13.54956,41.604153],[13.547262,41.606018],[13.543943,41.608963],[13.540852,41.611961],[13.539519,41.613573],[13.538999,41.615318],[13.538759,41.618537],[13.53991,41.626577],[13.549299,41.635409],[13.552835,41.637471],[13.556562,41.636172],[13.558414,41.636387],[13.561728,41.640838],[13.561626,41.641125],[13.56139,41.641477],[13.561013,41.641713],[13.561433,41.641736],[13.562375,41.641514],[13.564808,41.640816],[13.566881,41.640219],[13.575103,41.637599]]]}},{"type":"Feature","id":"060037","properties":{"istat":"060037","name":"Fontechiari","province":"FR","label":[41.67367,13.662946]},"geometry":{"type":"Polygon","coordinates":[[[13.662915,41.696967],[13.666092,41.697211],[13.666914,41.697354],[13.669547,41.694712],[13.674453,41.687525],[13.677084,41.684001],[13.679899,41.680933],[13.682711,41.679148],[13.684367,41.678077],[13.685165,41.677211],[13.685912,41.67635],[13.686962,41.675107],[13.691837,41.668705],[13.692458,41.66736],[13.691856,41.66237],[13.691565,41.660814],[13.691164,41.659721],[13.686895,41.655343],[13.68395,41.651925],[13.682644,41.649988],[13.682306,41.649471],[13.682132,41.649163],[13.678319,41.648922],[13.673604,41.649848],[13.668003,41.651868],[13.654343,41.659081],[13.651219,41.660864],[13.648033,41.664046],[13.645774,41.66737],[13.645341,41.667968],[13.644997,41.668388],[13.643147,41.67056],[13.642927,41.670803],[13.642233,41.671291],[13.64178,41.671579],[13.639983,41.672615],[13.635685,41.674725],[13.631898,41.676579],[13.631341,41.6768],[13.630887,41.677151],[13.629543,41.678264],[13.62931,41.678546],[13.62934,41.678803],[13.629468,41.678983],[13.629737,41.679327],[13.630722,41.680494],[13.634493,41.684537],[13.635037,41.684389],[13.635936,41.684457],[13.63651,41.68455],[13.643324,41.686192],[13.645275,41.687095],[13.645807,41.687478],[13.646269,41.687874],[13.646798,41.688429],[13.647115,41.688785],[13.647168,41.688846],[13.647385,41.689112],[13.648484,41.690557],[13.648752,41.69092],[13.648855,41.69119],[13.648894,41.691635],[13.648919,41.692156],[13.64887,41.692756],[13.648867,41.69279],[13.656676,41.697755],[13.662915,41.696967]]]}},{"type":"Feature","id":"060038","properties":{"istat":"060038","name":"Frosinone","province":"FR","label":[41.636017,13.325195]},"geometry":{"type":"Polygon","coordinates":[[[13.343976,41.663674],[13.357093,41.660822],[13.363329,41.659784],[13.366087,41.659472],[13.376235,41.658554],[13.381265,41.654823],[13.386971,41.653741],[13.387406,41.653675],[13.388151,41.653624],[13.389507,41.653666],[13.390035,41.653714],[13.392499,41.654024],[13.390218,41.65065],[13.384636,41.643836],[13.379379,41.6338],[13.374882,41.622526],[13.371282,41.609545],[13.371729,41.606637],[13.359248,41.60474],[13.353164,41.606155],[13.35266,41.606214],[13.351119,41.606381],[13.349422,41.606553],[13.348666,41.606559],[13.345566,41.605749],[13.344102,41.605296],[13.341602,41.604486],[13.339798,41.603748],[13.336896,41.603582],[13.334475,41.604012],[13.333967,41.604148],[13.329893,41.60672],[13.327451,41.608341],[13.326715,41.609113],[13.320929,41.614138],[13.314503,41.618932],[13.314296,41.618933],[13.314024,41.618928],[13.311329,41.617715],[13.311093,41.617589],[13.300248,41.611427],[13.297476,41.609141],[13.292485,41.607756],[13.291687,41.60906],[13.287813,41.613964],[13.287498,41.614358],[13.28713,41.614647],[13.28669,41.61492],[13.286314,41.615087],[13.285686,41.615268],[13.285143,41.615356],[13.284613,41.61542],[13.274921,41.624192],[13.27201,41.625844],[13.26813,41.626795],[13.263822,41.6327],[13.264509,41.632899],[13.264914,41.633033],[13.265281,41.633244],[13.273503,41.638233],[13.274918,41.639179],[13.27559,41.639632],[13.276168,41.640038],[13.276624,41.640502],[13.276891,41.640781],[13.277219,41.641124],[13.283001,41.645363],[13.294599,41.653603],[13.299944,41.656352],[13.309104,41.65924],[13.3125,41.660265],[13.312158,41.659135],[13.312081,41.658867],[13.312227,41.658295],[13.312332,41.657976],[13.312654,41.65714],[13.312755,41.656915],[13.313004,41.656595],[13.31366,41.65585],[13.313945,41.655529],[13.314288,41.655273],[13.314678,41.655065],[13.315808,41.65454],[13.316258,41.654357],[13.316594,41.654275],[13.324371,41.655465],[13.326222,41.661446],[13.326896,41.662789],[13.328194,41.665014],[13.328378,41.665159],[13.328477,41.665235],[13.328547,41.665252],[13.328967,41.66534],[13.336086,41.665526],[13.343976,41.663674]]]}},{"type":"Feature","id":"060039","properties":{"istat":"060039","name":"Fumone","province":"FR","label":[41.729151,13.277438]},"geometry":{"type":"Polygon","coordinates":[[[13.271512,41.746884],[13.272044,41.746603],[13.27701,41.74667],[13.278099,41.746895],[13.281419,41.748202],[13.281096,41.746765],[13.281234,41.746111],[13.282787,41.745527],[13.282917,41.745505],[13.283707,41.745402],[13.285095,41.745612],[13.294668,41.739275],[13.303096,41.731017],[13.304134,41.727904],[13.304001,41.725095],[13.301726,41.712858],[13.301291,41.712113],[13.301185,41.711933],[13.299135,41.70993],[13.298179,41.7092],[13.293958,41.706616],[13.292724,41.705978],[13.291514,41.705375],[13.290245,41.704743],[13.289057,41.704247],[13.28659,41.70524],[13.284388,41.707609],[13.284089,41.707967],[13.283926,41.708702],[13.283921,41.708838],[13.283891,41.709577],[13.284271,41.710202],[13.281898,41.716543],[13.272064,41.722184],[13.263244,41.724514],[13.253132,41.72733],[13.249804,41.730398],[13.248979,41.731058],[13.247079,41.732398],[13.246769,41.732349],[13.246134,41.732249],[13.245242,41.732336],[13.244164,41.732646],[13.243033,41.733039],[13.242781,41.733249],[13.242229,41.733711],[13.241683,41.734543],[13.240934,41.735971],[13.23837,41.738735],[13.235833,41.740459],[13.240317,41.740536],[13.242488,41.741212],[13.242856,41.741793],[13.243171,41.742123],[13.244225,41.743165],[13.247231,41.745831],[13.247825,41.746278],[13.247974,41.746389],[13.248492,41.74675],[13.248576,41.746808],[13.24945,41.747361],[13.251569,41.748606],[13.256892,41.751876],[13.262005,41.752325],[13.263591,41.752365],[13.264734,41.752367],[13.265468,41.752313],[13.268197,41.749717],[13.269994,41.747705],[13.271202,41.747048],[13.271512,41.746884]]]}},{"type":"Feature","id":"060040","properties":{"istat":"060040","name":"Gallinaro","province":"FR","label":[41.663023,13.794652]},"geometry":{"type":"Polygon","coordinates":[[[13.830781,41.68336],[13.825469,41.677431],[13.821551,41.674898],[13.818444,41.671427],[13.81567,41.660924],[13.815596,41.660369],[13.815355,41.657723],[13.815316,41.657287],[13.815498,41.657055],[13.816552,41.655922],[13.818423,41.654177],[13.819692,41.653184],[13.826461,41.646695],[13.827051,41.645977],[13.827346,41.645551],[13.827693,41.644942],[13.827712,41.644772],[13.827737,41.644544],[13.825939,41.64303],[13.823209,41.641906],[13.822088,41.641392],[13.81748,41.638961],[13.810099,41.636996],[13.807283,41.636346],[13.806469,41.636186],[13.806097,41.636125],[13.805746,41.636329],[13.805679,41.636642],[13.805673,41.636687],[13.805596,41.637312],[13.797729,41.640685],[13.794522,41.642039],[13.789387,41.643716],[13.788988,41.643828],[13.788246,41.643787],[13.787924,41.643647],[13.786188,41.642711],[13.777689,41.641323],[13.772594,41.642233],[13.76891,41.648351],[13.765157,41.653653],[13.769663,41.654851],[13.773959,41.665122],[13.77749,41.669647],[13.777773,41.669982],[13.777971,41.670172],[13.780845,41.672645],[13.782101,41.673597],[13.786455,41.675162],[13.789104,41.676055],[13.794138,41.678064],[13.79436,41.678397],[13.794631,41.67871],[13.79488,41.678902],[13.795341,41.679211],[13.799621,41.681067],[13.80464,41.683135],[13.808973,41.682768],[13.815911,41.680433],[13.823005,41.684848],[13.826045,41.686778],[13.828211,41.685917],[13.830781,41.68336]]]}},{"type":"Feature","id":"060041","properties":{"istat":"060041","name":"Giuliano di Roma","province":"FR","label":[41.545415,13.252657]},"geometry":{"type":"Polygon","coordinates":[[[13.227494,41.559331],[13.227792,41.559315],[13.231764,41.559898],[13.233587,41.560178],[13.236109,41.560665],[13.237703,41.561079],[13.239417,41.561601],[13.240704,41.562116],[13.242076,41.562714],[13.242287,41.562877],[13.2424,41.563121],[13.242306,41.563394],[13.242136,41.563563],[13.241798,41.563729],[13.240706,41.564264],[13.239725,41.564696],[13.239242,41.564791],[13.238264,41.565065],[13.2379,41.565223],[13.237389,41.565458],[13.237034,41.56575],[13.235314,41.567325],[13.233112,41.569735],[13.232323,41.570966],[13.233724,41.574579],[13.237847,41.574606],[13.25035,41.573159],[13.271326,41.572322],[13.278538,41.572667],[13.28208,41.574276],[13.283772,41.57514],[13.282869,41.571657],[13.28332,41.570934],[13.284619,41.568972],[13.285426,41.562199],[13.285013,41.55953],[13.285425,41.556223],[13.286256,41.554666],[13.30063,41.539771],[13.305812,41.534917],[13.294963,41.525005],[13.281194,41.510423],[13.27908,41.50831],[13.277604,41.509801],[13.27527,41.515554],[13.273183,41.520582],[13.273131,41.520671],[13.272441,41.521856],[13.271856,41.522729],[13.27138,41.523347],[13.27095,41.523906],[13.264032,41.530241],[13.263016,41.531026],[13.259872,41.532989],[13.257687,41.534231],[13.254958,41.535634],[13.254801,41.53571],[13.25401,41.536086],[13.25384,41.536166],[13.253521,41.536314],[13.252723,41.53668],[13.25155,41.537061],[13.246609,41.538514],[13.242804,41.539105],[13.233068,41.539676],[13.221737,41.538834],[13.218419,41.541415],[13.212369,41.543427],[13.207895,41.547404],[13.202133,41.554855],[13.200451,41.562048],[13.200051,41.567306],[13.200236,41.572357],[13.201429,41.575131],[13.199656,41.578582],[13.210382,41.584983],[13.210773,41.581259],[13.2156,41.575841],[13.219836,41.569292],[13.222606,41.564877],[13.222835,41.564378],[13.223016,41.563948],[13.223369,41.562882],[13.223563,41.562132],[13.224035,41.561434],[13.224388,41.561115],[13.224955,41.56068],[13.225276,41.560466],[13.22657,41.559689],[13.227205,41.559404],[13.227494,41.559331]]]}},{"type":"Feature","id":"060042","properties":{"istat":"060042","name":"Guarcino","province":"FR","label":[41.805227,13.305502]},"geometry":{"type":"Polygon","coordinates":[[[13.35553,41.836568],[13.356586,41.836767],[13.360992,41.83591],[13.365497,41.833956],[13.366834,41.833068],[13.371887,41.827177],[13.364547,41.82291],[13.350473,41.815898],[13.343709,41.812094],[13.335708,41.804959],[13.331148,41.79787],[13.32899,41.792468],[13.328452,41.791435],[13.328015,41.790618],[13.326877,41.78855],[13.320613,41.782357],[13.316091,41.77823],[13.309084,41.773688],[13.306838,41.772507],[13.306153,41.772195],[13.304065,41.771725],[13.302572,41.771589],[13.301896,41.771617],[13.301091,41.771588],[13.297168,41.76889],[13.296946,41.768655],[13.297079,41.768363],[13.297175,41.768151],[13.296514,41.767713],[13.296546,41.768412],[13.29659,41.769353],[13.295552,41.77266],[13.295419,41.772936],[13.295005,41.773793],[13.293339,41.776264],[13.292582,41.777148],[13.291589,41.778204],[13.291067,41.778456],[13.289476,41.77902],[13.289715,41.780424],[13.289639,41.782381],[13.288524,41.787523],[13.288268,41.788687],[13.285731,41.796731],[13.285096,41.798461],[13.283993,41.799614],[13.278931,41.803468],[13.276809,41.804524],[13.274303,41.805495],[13.272391,41.806188],[13.272016,41.806323],[13.271975,41.806336],[13.271565,41.806457],[13.27084,41.806669],[13.269013,41.807016],[13.262007,41.807635],[13.259193,41.807768],[13.258381,41.807557],[13.258106,41.807485],[13.25523,41.806133],[13.255179,41.806693],[13.255175,41.806839],[13.255145,41.807878],[13.255248,41.809477],[13.255492,41.810721],[13.255649,41.81152],[13.260264,41.82788],[13.261287,41.831407],[13.263839,41.83278],[13.264935,41.833239],[13.266152,41.833644],[13.273915,41.835642],[13.280644,41.837084],[13.281938,41.836914],[13.288228,41.836242],[13.307148,41.837631],[13.309992,41.83806],[13.311601,41.83822],[13.31266,41.838212],[13.312806,41.83821],[13.316646,41.837836],[13.323578,41.837098],[13.324447,41.836993],[13.325286,41.836781],[13.326669,41.836369],[13.327132,41.836369],[13.334794,41.840235],[13.335136,41.840528],[13.335584,41.840912],[13.335642,41.841428],[13.343703,41.842208],[13.346512,41.839368],[13.352509,41.836957],[13.354575,41.83669],[13.35553,41.836568]]]}},{"type":"Feature","id":"060043","properties":{"istat":"060043","name":"Isola del Liri","province":"FR","label":[41.689443,13.575892]},"geometry":{"type":"Polygon","coordinates":[[[13.524946,41.718969],[13.534748,41.71821],[13.536284,41.717667],[13.540249,41.715737],[13.541766,41.714102],[13.54704,41.70935],[13.552561,41.705027],[13.554942,41.703218],[13.558231,41.700798],[13.558962,41.700296],[13.55917,41.700188],[13.559375,41.700082],[13.559752,41.699891],[13.560237,41.699678],[13.56531,41.698527],[13.574776,41.696583],[13.579456,41.696261],[13.582293,41.696792],[13.586006,41.696838],[13.589041,41.696597],[13.595088,41.695596],[13.59682,41.694871],[13.598735,41.694001],[13.601745,41.692338],[13.603036,41.691518],[13.605142,41.6898],[13.605528,41.689086],[13.605467,41.688559],[13.606073,41.688021],[13.606616,41.687119],[13.604525,41.68407],[13.602534,41.681629],[13.598226,41.679235],[13.593043,41.676307],[13.591055,41.674764],[13.589481,41.672509],[13.589615,41.671351],[13.58817,41.67045],[13.584274,41.668931],[13.571685,41.665193],[13.560268,41.660738],[13.557699,41.659362],[13.557506,41.664955],[13.556366,41.676683],[13.552189,41.682972],[13.55011,41.684576],[13.547696,41.687751],[13.547063,41.6886],[13.545601,41.690607],[13.545041,41.691381],[13.544768,41.691784],[13.544453,41.693007],[13.544434,41.693292],[13.544463,41.693646],[13.544578,41.694339],[13.544655,41.694683],[13.543352,41.699745],[13.540037,41.705477],[13.539863,41.705745],[13.537535,41.708732],[13.535563,41.709845],[13.526902,41.713856],[13.520965,41.719007],[13.524946,41.718969]]]}},{"type":"Feature","id":"060044","properties":{"istat":"060044","name":"Monte San Giovanni Campano","province":"FR","label":[41.675721,13.510866]},"geometry":{"type":"Polygon","coordinates":[[[13.502791,41.726746],[13.502821,41.726406],[13.502911,41.725615],[13.503041,41.724718],[13.503235,41.724134],[13.503582,41.723157],[13.505257,41.718829],[13.505823,41.717797],[13.507278,41.715674],[13.51251,41.707199],[13.512961,41.706402],[13.512855,41.702136],[13.512813,41.701392],[13.512698,41.700073],[13.51265,41.699571],[13.512578,41.699074],[13.515418,41.691066],[13.519708,41.683658],[13.522465,41.678764],[13.525606,41.672679],[13.528244,41.669185],[13.537956,41.661994],[13.538694,41.661515],[13.538749,41.661481],[13.540198,41.660636],[13.546023,41.657357],[13.552512,41.655488],[13.554848,41.654139],[13.556816,41.652225],[13.558346,41.650354],[13.561199,41.645761],[13.561013,41.641713],[13.56139,41.641477],[13.561626,41.641125],[13.561728,41.640838],[13.558414,41.636387],[13.556562,41.636172],[13.552835,41.637471],[13.549299,41.635409],[13.53991,41.626577],[13.538759,41.618537],[13.538999,41.615318],[13.539519,41.613573],[13.540852,41.611961],[13.543943,41.608963],[13.547262,41.606018],[13.54956,41.604153],[13.5505,41.602329],[13.552218,41.598479],[13.549529,41.596929],[13.548949,41.59661],[13.541705,41.592696],[13.538649,41.59148],[13.529282,41.589254],[13.52396,41.588481],[13.520464,41.588669],[13.519158,41.59021],[13.514083,41.598595],[13.509996,41.601417],[13.504135,41.604624],[13.497048,41.608717],[13.493046,41.61466],[13.496581,41.618541],[13.496862,41.618854],[13.497014,41.619024],[13.49718,41.619238],[13.497201,41.619264],[13.497311,41.619443],[13.497374,41.619546],[13.497422,41.61994],[13.497473,41.620429],[13.497413,41.623047],[13.497394,41.623327],[13.497352,41.623625],[13.497217,41.624225],[13.497042,41.624529],[13.49181,41.648185],[13.493519,41.650107],[13.4945,41.654373],[13.494863,41.656312],[13.494152,41.658438],[13.492906,41.661963],[13.492068,41.66385],[13.49188,41.6642],[13.49144,41.664573],[13.491109,41.66481],[13.49072,41.664997],[13.495992,41.669711],[13.496228,41.669922],[13.496825,41.670561],[13.497092,41.670915],[13.497156,41.671041],[13.497254,41.67126],[13.497401,41.671632],[13.49743,41.671919],[13.497998,41.679996],[13.497951,41.680023],[13.497634,41.680208],[13.497195,41.680491],[13.4969,41.68071],[13.493658,41.683209],[13.492924,41.683792],[13.492087,41.684675],[13.491923,41.68497],[13.491834,41.68523],[13.491827,41.685518],[13.491898,41.686078],[13.492291,41.688791],[13.4927,41.690346],[13.492812,41.690675],[13.492995,41.6911],[13.498103,41.699832],[13.501834,41.706108],[13.500725,41.712663],[13.500278,41.714256],[13.495124,41.728072],[13.49328,41.739575],[13.488514,41.742791],[13.488294,41.74298],[13.487944,41.743507],[13.487558,41.744121],[13.487356,41.744489],[13.487229,41.744822],[13.487142,41.745075],[13.488189,41.74695],[13.488363,41.747204],[13.491623,41.751264],[13.494132,41.754033],[13.495105,41.754112],[13.496197,41.754204],[13.496725,41.754296],[13.497872,41.75458],[13.498363,41.754722],[13.499843,41.755191],[13.500261,41.755341],[13.501584,41.755852],[13.502228,41.756106],[13.502608,41.756316],[13.505108,41.757897],[13.505464,41.758126],[13.509433,41.760757],[13.511651,41.762335],[13.511642,41.761998],[13.511264,41.760122],[13.510882,41.758422],[13.509562,41.753139],[13.50884,41.75048],[13.502791,41.726746]]]}},{"type":"Feature","id":"060045","properties":{"istat":"060045","name":"Morolo","province":"FR","label":[41.64419,13.193292]},"geometry":{"type":"Polygon","coordinates":[[[13.191488,41.667464],[13.191787,41.667424],[13.192163,41.668206],[13.195517,41.667682],[13.204274,41.6629],[13.216297,41.654612],[13.2195,41.654764],[13.223412,41.653148],[13.224185,41.652557],[13.225406,41.651278],[13.227622,41.648504],[13.231749,41.645529],[13.230791,41.64285],[13.231311,41.640517],[13.229478,41.635506],[13.221737,41.628434],[13.207936,41.619599],[13.195016,41.618938],[13.188992,41.619761],[13.181259,41.619454],[13.169114,41.617712],[13.162032,41.616848],[13.158532,41.617992],[13.156893,41.618641],[13.156393,41.618885],[13.155091,41.620791],[13.154956,41.621309],[13.154795,41.624804],[13.154796,41.625255],[13.154833,41.625595],[13.154843,41.625676],[13.154896,41.625958],[13.155144,41.626521],[13.1555,41.627075],[13.155811,41.627532],[13.156312,41.628063],[13.156697,41.628454],[13.157727,41.629389],[13.15838,41.635939],[13.155932,41.642655],[13.15395,41.647576],[13.157242,41.649118],[13.170709,41.658354],[13.176411,41.663241],[13.17765,41.665238],[13.180077,41.667366],[13.183562,41.670375],[13.18744,41.670332],[13.187752,41.669605],[13.188053,41.669382],[13.188667,41.668928],[13.188821,41.668813],[13.18894,41.668727],[13.189065,41.668635],[13.190578,41.667702],[13.191488,41.667464]]]}},{"type":"Feature","id":"060046","properties":{"istat":"060046","name":"Paliano","province":"FR","label":[41.773963,13.04499]},"geometry":{"type":"Polygon","coordinates":[[[13.053582,41.829885],[13.060567,41.829795],[13.06541,41.831375],[13.0661,41.831251],[13.066795,41.830975],[13.067539,41.83066],[13.080869,41.824145],[13.086023,41.8177],[13.091494,41.815029],[13.095606,41.813738],[13.097375,41.815303],[13.101322,41.81628],[13.102364,41.81633],[13.105517,41.813013],[13.107307,41.804341],[13.106995,41.794657],[13.107596,41.792044],[13.104055,41.789245],[13.089872,41.782598],[13.088562,41.781739],[13.087327,41.780811],[13.086712,41.780009],[13.086935,41.779407],[13.088099,41.778303],[13.089956,41.777773],[13.095985,41.776072],[13.096641,41.775904],[13.099742,41.768564],[13.089455,41.765049],[13.088703,41.764423],[13.087781,41.763083],[13.087787,41.762453],[13.088267,41.761319],[13.088172,41.759278],[13.086717,41.757338],[13.08083,41.754916],[13.073187,41.753789],[13.067332,41.751429],[13.066992,41.751117],[13.064577,41.748231],[13.063994,41.747392],[13.06389,41.747242],[13.063803,41.747117],[13.063621,41.746856],[13.062544,41.743081],[13.062984,41.742061],[13.064089,41.74127],[13.065699,41.740911],[13.06735,41.740785],[13.069201,41.740823],[13.074446,41.74319],[13.075245,41.743819],[13.075393,41.744484],[13.075212,41.74531],[13.07508,41.746139],[13.076257,41.746155],[13.077132,41.745886],[13.077409,41.745799],[13.078175,41.745551],[13.07915,41.745134],[13.079775,41.744729],[13.084156,41.74139],[13.086689,41.737072],[13.087124,41.733379],[13.087143,41.732749],[13.087156,41.732279],[13.086629,41.731802],[13.085597,41.731326],[13.084048,41.73085],[13.083162,41.730341],[13.082808,41.729687],[13.082259,41.727409],[13.08236,41.723724],[13.082716,41.723109],[13.086902,41.719011],[13.079809,41.720943],[13.070125,41.724042],[13.065351,41.72888],[13.065189,41.730291],[13.064329,41.730888],[13.062971,41.730477],[13.062166,41.729682],[13.061059,41.72851],[13.060552,41.727763],[13.060625,41.727305],[13.060752,41.726684],[13.058282,41.727312],[13.055142,41.729723],[13.054603,41.735226],[13.055996,41.739693],[13.055608,41.740179],[13.051276,41.742277],[13.041631,41.743464],[13.03989,41.743426],[13.034368,41.743278],[13.0326,41.745803],[13.025494,41.748538],[13.020529,41.753219],[13.014418,41.760605],[13.009832,41.76692],[13.005238,41.770056],[12.994249,41.769386],[12.992388,41.768612],[12.992207,41.769277],[12.991986,41.770167],[12.991872,41.771157],[12.992001,41.772021],[12.994037,41.779649],[12.995147,41.781083],[12.996338,41.782266],[13.000137,41.787392],[13.001909,41.79118],[13.002983,41.795352],[13.003363,41.7994],[13.005966,41.805497],[13.006574,41.806086],[13.008553,41.80748],[13.011068,41.809062],[13.010563,41.817206],[13.00879,41.819272],[13.008314,41.820266],[13.008249,41.821182],[13.009344,41.82522],[13.009825,41.825516],[13.012513,41.826546],[13.014481,41.826784],[13.014944,41.82684],[13.016515,41.827029],[13.02239,41.825591],[13.024634,41.824385],[13.025654,41.823706],[13.033492,41.827713],[13.033612,41.829982],[13.033995,41.83092],[13.034036,41.830966],[13.034208,41.831156],[13.034473,41.831344],[13.035226,41.831752],[13.035975,41.83191],[13.039798,41.832316],[13.047174,41.831934],[13.053582,41.829885]]]}},{"type":"Feature","id":"060047","properties":{"istat":"060047","name":"Pastena","province":"FR","label":[41.469235,13.487508]},"geometry":{"type":"Polygon","coordinates":[[[13.493076,41.505558],[13.509054,41.496373],[13.509626,41.496022],[13.51066,41.495351],[13.511269,41.494908],[13.511902,41.494428],[13.513061,41.493487],[13.51343,41.493135],[13.516279,41.490061],[13.517384,41.488788],[13.517756,41.488305],[13.518566,41.486952],[13.523205,41.483125],[13.526001,41.481272],[13.528396,41.476536],[13.529925,41.473298],[13.532293,41.465731],[13.537271,41.461654],[13.537437,41.46008],[13.53741,41.459663],[13.537346,41.459323],[13.537222,41.458995],[13.537061,41.458784],[13.536989,41.458693],[13.5366,41.45843],[13.531931,41.456278],[13.52919,41.455184],[13.525769,41.451888],[13.522104,41.44776],[13.51964,41.443936],[13.517041,41.439829],[13.512487,41.432188],[13.507436,41.434304],[13.505517,41.434992],[13.505276,41.435078],[13.502304,41.435757],[13.497929,41.436527],[13.496729,41.436678],[13.495557,41.436625],[13.494639,41.436458],[13.493654,41.436114],[13.484612,41.438635],[13.472219,41.443209],[13.470348,41.44375],[13.469188,41.444101],[13.467021,41.444802],[13.458236,41.448309],[13.455649,41.449373],[13.454841,41.45012],[13.4542,41.452239],[13.453488,41.455674],[13.452522,41.458543],[13.450751,41.461066],[13.44534,41.464994],[13.444899,41.467392],[13.444743,41.467952],[13.44443,41.468505],[13.443209,41.469965],[13.442741,41.470501],[13.442339,41.470818],[13.4409,41.471896],[13.440244,41.472277],[13.439489,41.47277],[13.439221,41.472965],[13.439093,41.473308],[13.437972,41.477641],[13.437886,41.478207],[13.437959,41.478632],[13.438307,41.479195],[13.438402,41.479343],[13.43864,41.479713],[13.43905,41.480098],[13.439602,41.480563],[13.440049,41.480884],[13.44064,41.481216],[13.441518,41.481561],[13.4421,41.481777],[13.4433,41.48218],[13.445104,41.482844],[13.445715,41.483071],[13.445841,41.483118],[13.447511,41.483748],[13.448192,41.484012],[13.449555,41.484599],[13.450947,41.485326],[13.451459,41.485605],[13.454143,41.487081],[13.456557,41.488843],[13.458563,41.491115],[13.462676,41.495511],[13.462702,41.495537],[13.463168,41.495996],[13.463799,41.496564],[13.463938,41.496689],[13.464142,41.496871],[13.464553,41.497221],[13.46515,41.497633],[13.465389,41.497796],[13.475972,41.504785],[13.482468,41.506742],[13.486721,41.505775],[13.490211,41.506354],[13.493076,41.505558]]]}},{"type":"Feature","id":"060048","properties":{"istat":"060048","name":"Patrica","province":"FR","label":[41.593923,13.259302]},"geometry":{"type":"Polygon","coordinates":[[[13.27201,41.625844],[13.274921,41.624192],[13.284613,41.61542],[13.285143,41.615356],[13.285686,41.615268],[13.286314,41.615087],[13.28669,41.61492],[13.28713,41.614647],[13.287498,41.614358],[13.287813,41.613964],[13.291687,41.60906],[13.292485,41.607756],[13.294066,41.604645],[13.29654,41.602792],[13.29604,41.596706],[13.285839,41.581505],[13.283772,41.57514],[13.28208,41.574276],[13.278538,41.572667],[13.271326,41.572322],[13.25035,41.573159],[13.237847,41.574606],[13.233724,41.574579],[13.232323,41.570966],[13.233112,41.569735],[13.235314,41.567325],[13.237034,41.56575],[13.237389,41.565458],[13.2379,41.565223],[13.238264,41.565065],[13.239242,41.564791],[13.239725,41.564696],[13.240706,41.564264],[13.241798,41.563729],[13.242136,41.563563],[13.242306,41.563394],[13.2424,41.563121],[13.242287,41.562877],[13.242076,41.562714],[13.240704,41.562116],[13.239417,41.561601],[13.237703,41.561079],[13.236109,41.560665],[13.233587,41.560178],[13.231764,41.559898],[13.227792,41.559315],[13.227494,41.559331],[13.227205,41.559404],[13.22657,41.559689],[13.225276,41.560466],[13.224955,41.56068],[13.224388,41.561115],[13.224035,41.561434],[13.223563,41.562132],[13.223369,41.562882],[13.223016,41.563948],[13.222835,41.564378],[13.222606,41.564877],[13.219836,41.569292],[13.2156,41.575841],[13.210773,41.581259],[13.210382,41.584983],[13.215963,41.587069],[13.220806,41.591141],[13.230548,41.598616],[13.237086,41.602184],[13.239685,41.603214],[13.24444,41.604438],[13.247576,41.605218],[13.248059,41.605313],[13.248671,41.605438],[13.248817,41.605469],[13.249246,41.605575],[13.249591,41.605661],[13.250185,41.605887],[13.250933,41.606197],[13.251573,41.606493],[13.251696,41.606594],[13.251928,41.606793],[13.256757,41.611374],[13.259077,41.613922],[13.259297,41.617753],[13.259559,41.620901],[13.259719,41.622632],[13.259901,41.623472],[13.2604,41.624465],[13.26813,41.626795],[13.27201,41.625844]]]}},{"type":"Feature","id":"060049","properties":{"istat":"060049","name":"Pescosolido","province":"FR","label":[41.770017,13.656547]},"geometry":{"type":"Polygon","coordinates":[[[13.663502,41.810686],[13.674167,41.807213],[13.681101,41.804252],[13.683594,41.80192],[13.686866,41.797059],[13.690557,41.793228],[13.692708,41.791523],[13.693842,41.791057],[13.701089,41.788555],[13.70555,41.787467],[13.70578,41.787472],[13.706598,41.787491],[13.707356,41.78761],[13.707802,41.787487],[13.708118,41.787226],[13.708197,41.78693],[13.702937,41.781001],[13.701724,41.779678],[13.700514,41.778791],[13.698896,41.774955],[13.697185,41.76138],[13.697572,41.755332],[13.688288,41.747564],[13.680706,41.743691],[13.674399,41.739865],[13.668182,41.735216],[13.66041,41.730882],[13.653788,41.729481],[13.653674,41.729533],[13.652562,41.730035],[13.652125,41.730228],[13.651642,41.730351],[13.651025,41.730484],[13.645027,41.731092],[13.642728,41.731082],[13.637679,41.733969],[13.630426,41.742312],[13.615521,41.76119],[13.615206,41.766326],[13.614434,41.773708],[13.613356,41.77797],[13.619045,41.779204],[13.619915,41.779052],[13.620733,41.77905],[13.623527,41.779482],[13.623933,41.77958],[13.624474,41.77971],[13.626838,41.780474],[13.627664,41.780756],[13.628818,41.781281],[13.630307,41.782031],[13.631272,41.782646],[13.632086,41.783274],[13.632949,41.783942],[13.635386,41.785886],[13.635908,41.786303],[13.642096,41.791356],[13.642762,41.792184],[13.642891,41.792871],[13.640671,41.800055],[13.639919,41.80095],[13.639371,41.801419],[13.637296,41.802547],[13.637574,41.803157],[13.637874,41.803725],[13.638459,41.804318],[13.644898,41.808987],[13.646866,41.810254],[13.648928,41.810936],[13.652464,41.811175],[13.660926,41.811259],[13.663502,41.810686]]]}},{"type":"Feature","id":"060050","properties":{"istat":"060050","name":"Picinisco","province":"FR","label":[41.660531,13.931608]},"geometry":{"type":"Polygon","coordinates":[[[13.916691,41.718917],[13.917635,41.71871],[13.918381,41.718547],[13.918535,41.718434],[13.919307,41.717864],[13.919701,41.717244],[13.921839,41.713132],[13.922248,41.712313],[13.922827,41.710726],[13.923031,41.709976],[13.923058,41.709874],[13.923194,41.708928],[13.923288,41.70828],[13.923695,41.707034],[13.923921,41.706412],[13.924526,41.705499],[13.92493,41.705018],[13.925697,41.70444],[13.927202,41.703532],[13.927363,41.70299],[13.927419,41.7028],[13.927749,41.701691],[13.928571,41.700027],[13.93082,41.696347],[13.932868,41.693049],[13.937358,41.689695],[13.937952,41.689368],[13.938994,41.688846],[13.940482,41.688165],[13.941015,41.687973],[13.942194,41.686331],[13.944432,41.68402],[13.949114,41.681315],[13.954771,41.679878],[13.959685,41.677689],[13.967915,41.673164],[13.973926,41.666768],[13.975701,41.664755],[13.972379,41.662068],[13.96903,41.658995],[13.967844,41.656426],[13.96555,41.651299],[13.962637,41.64867],[13.962196,41.648514],[13.961705,41.648445],[13.95872,41.648128],[13.958023,41.648069],[13.957616,41.648104],[13.957071,41.648276],[13.948329,41.643135],[13.939528,41.636487],[13.936889,41.634202],[13.926297,41.625001],[13.918245,41.615281],[13.91516,41.61332],[13.912164,41.61231],[13.902975,41.606378],[13.89854,41.603966],[13.892085,41.603219],[13.889811,41.602227],[13.889397,41.602528],[13.888701,41.603944],[13.886166,41.611728],[13.886023,41.613098],[13.885747,41.615239],[13.885088,41.618598],[13.884913,41.618957],[13.884536,41.619297],[13.88451,41.619319],[13.884244,41.619557],[13.883111,41.620434],[13.882785,41.620659],[13.881178,41.621619],[13.879792,41.621511],[13.878225,41.621245],[13.877001,41.620768],[13.869027,41.619389],[13.868488,41.619318],[13.868057,41.619268],[13.867744,41.619259],[13.867323,41.619327],[13.863649,41.620018],[13.86306,41.620133],[13.862542,41.620245],[13.862011,41.620371],[13.85938,41.621185],[13.858765,41.621396],[13.858196,41.621604],[13.857675,41.621887],[13.857612,41.621928],[13.857356,41.622093],[13.855475,41.623489],[13.855157,41.623772],[13.854925,41.624003],[13.851591,41.625899],[13.841334,41.625563],[13.839417,41.625279],[13.838462,41.626306],[13.835598,41.630653],[13.833146,41.634871],[13.829081,41.640625],[13.825939,41.64303],[13.827737,41.644544],[13.828087,41.644412],[13.830226,41.644227],[13.833833,41.644075],[13.834156,41.644098],[13.834516,41.644182],[13.839261,41.646003],[13.839763,41.646198],[13.84024,41.646421],[13.841911,41.647598],[13.843637,41.648826],[13.844034,41.649135],[13.844726,41.64994],[13.845201,41.650495],[13.849908,41.653066],[13.855907,41.655378],[13.864513,41.656382],[13.872773,41.656553],[13.872931,41.656335],[13.873189,41.656104],[13.873566,41.655849],[13.874087,41.655575],[13.874885,41.655194],[13.875359,41.654976],[13.877932,41.653944],[13.878479,41.653736],[13.880495,41.654411],[13.886403,41.656568],[13.886977,41.656791],[13.887668,41.657085],[13.895428,41.662607],[13.901708,41.668406],[13.908579,41.676116],[13.909666,41.677866],[13.910319,41.680553],[13.910443,41.681264],[13.910624,41.682435],[13.910641,41.682822],[13.910538,41.68328],[13.910461,41.68354],[13.910309,41.684006],[13.910146,41.684382],[13.909963,41.684588],[13.907866,41.687017],[13.905244,41.701405],[13.902368,41.714313],[13.904455,41.718191],[13.908974,41.718928],[13.910461,41.71913],[13.912384,41.719137],[13.916691,41.718917]]]}},{"type":"Feature","id":"060051","properties":{"istat":"060051","name":"Pico","province":"FR","label":[41.446074,13.554721]},"geometry":{"type":"Polygon","coordinates":[[[13.600834,41.476938],[13.601267,41.476889],[13.606993,41.476182],[13.604451,41.471296],[13.594232,41.46484],[13.593545,41.464498],[13.593321,41.464359],[13.592913,41.463844],[13.591982,41.46258],[13.591669,41.462124],[13.591173,41.461226],[13.589631,41.458343],[13.589374,41.456422],[13.588342,41.446572],[13.588507,41.445575],[13.588671,41.4452],[13.591252,41.441],[13.589601,41.435997],[13.577671,41.426501],[13.571316,41.424599],[13.569539,41.424056],[13.566821,41.422879],[13.566292,41.422632],[13.56536,41.422112],[13.5555,41.416074],[13.552148,41.413988],[13.548194,41.419583],[13.547625,41.419929],[13.543105,41.422391],[13.542542,41.422645],[13.5418,41.422978],[13.540521,41.423488],[13.539338,41.42394],[13.533336,41.424222],[13.525617,41.42318],[13.523534,41.423168],[13.516989,41.423142],[13.511499,41.423624],[13.512487,41.432188],[13.517041,41.439829],[13.51964,41.443936],[13.522104,41.44776],[13.525769,41.451888],[13.52919,41.455184],[13.531931,41.456278],[13.5366,41.45843],[13.536989,41.458693],[13.537061,41.458784],[13.537222,41.458995],[13.537346,41.459323],[13.53741,41.459663],[13.537437,41.46008],[13.537271,41.461654],[13.532293,41.465731],[13.529925,41.473298],[13.528396,41.476536],[13.534545,41.474469],[13.543393,41.475926],[13.548818,41.476976],[13.551192,41.477431],[13.552409,41.477644],[13.553745,41.477875],[13.554307,41.477875],[13.555051,41.477827],[13.55711,41.476818],[13.557897,41.476413],[13.559414,41.475552],[13.560239,41.475028],[13.560345,41.474925],[13.560741,41.47454],[13.562682,41.47345],[13.565414,41.472283],[13.577884,41.472124],[13.579667,41.472157],[13.581152,41.472283],[13.582545,41.472524],[13.584943,41.473508],[13.586164,41.47409],[13.589952,41.475577],[13.592907,41.476283],[13.596366,41.476982],[13.597105,41.477042],[13.600834,41.476938]]]}},{"type":"Feature","id":"060052","properties":{"istat":"060052","name":"Piedimonte San Germano","province":"FR","label":[41.482461,13.753952]},"geometry":{"type":"Polygon","coordinates":[[[13.758804,41.522145],[13.759858,41.520391],[13.762927,41.514605],[13.765079,41.50865],[13.765124,41.501868],[13.766371,41.493103],[13.766394,41.486037],[13.765101,41.479729],[13.7637,41.47133],[13.762705,41.46274],[13.756258,41.461103],[13.755474,41.461317],[13.753035,41.461268],[13.752701,41.461138],[13.752265,41.4608],[13.748849,41.457826],[13.749229,41.455816],[13.750905,41.448058],[13.752137,41.444361],[13.750985,41.443229],[13.748465,41.442293],[13.746204,41.443458],[13.74253,41.444074],[13.739207,41.444436],[13.73434,41.444767],[13.73616,41.446583],[13.737217,41.448907],[13.735719,41.453899],[13.734702,41.456331],[13.731323,41.46077],[13.737094,41.465832],[13.739679,41.467047],[13.741911,41.475037],[13.742262,41.481508],[13.742263,41.482102],[13.742224,41.48282],[13.742167,41.483299],[13.742132,41.48354],[13.742055,41.484078],[13.741665,41.486309],[13.741572,41.486795],[13.741308,41.487494],[13.740891,41.48857],[13.736054,41.488409],[13.731457,41.488333],[13.73133,41.488337],[13.73101,41.488348],[13.730881,41.488355],[13.728743,41.489264],[13.72762,41.48992],[13.727531,41.489972],[13.728445,41.491667],[13.730048,41.495405],[13.730431,41.497924],[13.744037,41.514415],[13.746361,41.515937],[13.746986,41.520415],[13.754127,41.521745],[13.758804,41.522145]]]}},{"type":"Feature","id":"060053","properties":{"istat":"060053","name":"Piglio","province":"FR","label":[41.816779,13.142062]},"geometry":{"type":"Polygon","coordinates":[[[13.19588,41.840479],[13.197045,41.839885],[13.198145,41.839294],[13.198998,41.838556],[13.200243,41.837315],[13.200546,41.837036],[13.201327,41.83523],[13.201676,41.834295],[13.201753,41.833861],[13.196483,41.827786],[13.188847,41.820241],[13.187503,41.819898],[13.18627,41.819379],[13.183745,41.818205],[13.181988,41.817228],[13.180403,41.816286],[13.177246,41.814398],[13.17436,41.812135],[13.165604,41.814403],[13.158575,41.810552],[13.15666,41.809485],[13.156722,41.808008],[13.156217,41.805037],[13.155585,41.803561],[13.153189,41.798974],[13.140982,41.786553],[13.136691,41.782656],[13.135605,41.785308],[13.134404,41.786845],[13.13338,41.787269],[13.123281,41.789032],[13.114585,41.791726],[13.112126,41.79237],[13.108901,41.792273],[13.107596,41.792044],[13.106995,41.794657],[13.107307,41.804341],[13.105517,41.813013],[13.102364,41.81633],[13.10421,41.8179],[13.106034,41.820974],[13.107425,41.824408],[13.109764,41.82924],[13.110611,41.830749],[13.111018,41.831212],[13.113519,41.832995],[13.114452,41.833601],[13.120274,41.843301],[13.120615,41.844018],[13.121283,41.845458],[13.121834,41.846802],[13.121848,41.84709],[13.121864,41.847431],[13.126053,41.846107],[13.136487,41.843681],[13.137936,41.843552],[13.139647,41.843526],[13.150219,41.843612],[13.154482,41.843683],[13.155011,41.844087],[13.156044,41.845454],[13.157563,41.847551],[13.158347,41.848734],[13.159318,41.849297],[13.162012,41.849866],[13.164001,41.850258],[13.16466,41.850234],[13.166393,41.85017],[13.171435,41.849753],[13.172286,41.849586],[13.173204,41.849405],[13.177503,41.848195],[13.179301,41.847621],[13.180154,41.847342],[13.184153,41.84603],[13.191549,41.842482],[13.19588,41.840479]]]}},{"type":"Feature","id":"060054","properties":{"istat":"060054","name":"Pignataro Interamna","province":"FR","label":[41.434505,13.769004]},"geometry":{"type":"Polygon","coordinates":[[[13.789402,41.455268],[13.79645,41.451597],[13.798027,41.451099],[13.803573,41.44967],[13.805645,41.448935],[13.808616,41.446818],[13.808693,41.446628],[13.808746,41.446302],[13.808618,41.446031],[13.808529,41.445843],[13.807164,41.443131],[13.805649,41.441269],[13.803344,41.4354],[13.805636,41.429172],[13.808459,41.423386],[13.810774,41.421786],[13.812083,41.420993],[13.806873,41.419181],[13.801747,41.416838],[13.797076,41.416396],[13.792017,41.416163],[13.787862,41.415811],[13.781853,41.414648],[13.780264,41.413319],[13.774954,41.41435],[13.769861,41.419221],[13.759095,41.41969],[13.752761,41.419237],[13.750553,41.415844],[13.750626,41.415816],[13.750854,41.415728],[13.750966,41.41568],[13.751264,41.415554],[13.751531,41.415349],[13.751777,41.415046],[13.751904,41.414699],[13.751902,41.414534],[13.751899,41.414298],[13.75186,41.41385],[13.751801,41.41348],[13.751774,41.413309],[13.751749,41.413218],[13.751663,41.412913],[13.751531,41.412575],[13.751502,41.412505],[13.751353,41.412187],[13.7512,41.412013],[13.750821,41.411858],[13.739978,41.410803],[13.739391,41.410795],[13.738147,41.410819],[13.737522,41.410908],[13.736836,41.41109],[13.735762,41.411593],[13.73522,41.411903],[13.733486,41.412975],[13.727367,41.415698],[13.727044,41.416855],[13.727438,41.420013],[13.729688,41.423103],[13.731387,41.424307],[13.735357,41.428793],[13.734473,41.433611],[13.733021,41.443035],[13.733022,41.443593],[13.733241,41.444038],[13.733791,41.4447],[13.73434,41.444767],[13.739207,41.444436],[13.74253,41.444074],[13.746204,41.443458],[13.748465,41.442293],[13.750985,41.443229],[13.752137,41.444361],[13.755213,41.447519],[13.763649,41.454643],[13.769478,41.455355],[13.775583,41.456042],[13.776255,41.455987],[13.779141,41.456528],[13.779569,41.456704],[13.781698,41.458754],[13.781974,41.458769],[13.782369,41.458762],[13.782681,41.45874],[13.783773,41.458559],[13.784194,41.458447],[13.789402,41.455268]]]}},{"type":"Feature","id":"060055","properties":{"istat":"060055","name":"Pofi","province":"FR","label":[41.55901,13.418678]},"geometry":{"type":"Polygon","coordinates":[[[13.420019,41.579094],[13.422902,41.578898],[13.432146,41.57661],[13.44148,41.570576],[13.448093,41.565457],[13.451611,41.56068],[13.452145,41.558476],[13.45171,41.554522],[13.450646,41.552866],[13.450594,41.552517],[13.451104,41.549269],[13.451943,41.546283],[13.454186,41.541667],[13.457186,41.539047],[13.461358,41.538016],[13.465298,41.537156],[13.474586,41.530132],[13.476295,41.5288],[13.476462,41.528325],[13.477135,41.526362],[13.477094,41.525955],[13.473392,41.525275],[13.460797,41.524316],[13.458918,41.524641],[13.45577,41.530013],[13.455534,41.530314],[13.455228,41.530646],[13.454784,41.530695],[13.448687,41.53136],[13.445681,41.531408],[13.443497,41.531029],[13.44032,41.530394],[13.419296,41.532898],[13.401822,41.535509],[13.396379,41.531663],[13.395347,41.531372],[13.389265,41.532107],[13.386902,41.532733],[13.386465,41.532935],[13.3861,41.533156],[13.385745,41.533448],[13.385353,41.53381],[13.384897,41.534291],[13.384625,41.534621],[13.384377,41.534968],[13.384226,41.535262],[13.384097,41.535587],[13.383995,41.535847],[13.381234,41.544173],[13.380729,41.545643],[13.380128,41.554895],[13.383531,41.55833],[13.386762,41.559544],[13.391637,41.567493],[13.396847,41.577026],[13.39926,41.582273],[13.401172,41.586468],[13.401626,41.587531],[13.40141,41.589471],[13.399107,41.592846],[13.407036,41.593892],[13.412337,41.588569],[13.41438,41.584547],[13.415424,41.582589],[13.415561,41.582336],[13.416125,41.581842],[13.418845,41.579536],[13.420019,41.579094]]]}},{"type":"Feature","id":"060056","properties":{"istat":"060056","name":"Pontecorvo","province":"FR","label":[41.450826,13.655064]},"geometry":{"type":"Polygon","coordinates":[[[13.635108,41.496488],[13.636527,41.49621],[13.638054,41.49591],[13.63879,41.495731],[13.638827,41.495719],[13.639295,41.495545],[13.642498,41.494307],[13.64379,41.4938],[13.644455,41.493418],[13.651332,41.489952],[13.661227,41.485337],[13.669493,41.481941],[13.672039,41.480751],[13.67705,41.478233],[13.68031,41.476371],[13.681862,41.47539],[13.689769,41.472316],[13.690673,41.472041],[13.691914,41.471639],[13.694499,41.470525],[13.696728,41.469308],[13.698607,41.468205],[13.698861,41.468037],[13.699808,41.467408],[13.700598,41.466804],[13.70325,41.464724],[13.705188,41.463055],[13.707846,41.46056],[13.712438,41.456649],[13.714831,41.45493],[13.71762,41.453104],[13.725061,41.448549],[13.732255,41.444889],[13.733047,41.444762],[13.733791,41.4447],[13.733241,41.444038],[13.733022,41.443593],[13.733021,41.443035],[13.734473,41.433611],[13.735357,41.428793],[13.731387,41.424307],[13.729688,41.423103],[13.727438,41.420013],[13.727044,41.416855],[13.727367,41.415698],[13.722607,41.414368],[13.718217,41.409868],[13.711227,41.41258],[13.706132,41.416148],[13.706727,41.41444],[13.706829,41.414134],[13.706908,41.413757],[13.706963,41.413435],[13.706969,41.413111],[13.706938,41.412832],[13.706903,41.412737],[13.706861,41.412623],[13.706834,41.412559],[13.706752,41.412484],[13.706613,41.412369],[13.705854,41.411999],[13.705462,41.411876],[13.705152,41.41183],[13.704974,41.411816],[13.70483,41.411806],[13.701771,41.412189],[13.70123,41.412306],[13.700855,41.41251],[13.700683,41.412706],[13.700571,41.412959],[13.700068,41.414141],[13.69961,41.4161],[13.699333,41.41743],[13.699138,41.418553],[13.699113,41.418848],[13.699087,41.419533],[13.699094,41.419812],[13.699392,41.421664],[13.696992,41.424538],[13.691276,41.427067],[13.683623,41.426806],[13.672339,41.420346],[13.65615,41.426037],[13.654142,41.426537],[13.650656,41.426732],[13.648847,41.426774],[13.648337,41.42657],[13.64637,41.425618],[13.645886,41.425287],[13.64047,41.421063],[13.636002,41.416687],[13.621152,41.412779],[13.616792,41.411892],[13.60157,41.409017],[13.588491,41.406585],[13.579709,41.405042],[13.572596,41.403794],[13.569392,41.402989],[13.568012,41.402638],[13.56712,41.402377],[13.5663,41.402103],[13.564506,41.401475],[13.561267,41.400336],[13.561014,41.400472],[13.560426,41.401067],[13.559027,41.403229],[13.558304,41.40446],[13.558245,41.405516],[13.558777,41.406368],[13.559156,41.407092],[13.559216,41.407634],[13.558382,41.408572],[13.554116,41.412435],[13.552148,41.413988],[13.5555,41.416074],[13.56536,41.422112],[13.566292,41.422632],[13.566821,41.422879],[13.569539,41.424056],[13.571316,41.424599],[13.577671,41.426501],[13.589601,41.435997],[13.591252,41.441],[13.588671,41.4452],[13.588507,41.445575],[13.588342,41.446572],[13.589374,41.456422],[13.589631,41.458343],[13.591173,41.461226],[13.591669,41.462124],[13.591982,41.46258],[13.592913,41.463844],[13.593321,41.464359],[13.593545,41.464498],[13.594232,41.46484],[13.604451,41.471296],[13.606993,41.476182],[13.610018,41.481344],[13.605337,41.48419],[13.601397,41.485878],[13.595132,41.487989],[13.593005,41.489451],[13.591664,41.491666],[13.592926,41.493673],[13.593865,41.496324],[13.593671,41.499653],[13.593631,41.499898],[13.59355,41.500333],[13.593455,41.500688],[13.593278,41.501272],[13.594307,41.504094],[13.597399,41.504537],[13.59893,41.504719],[13.599779,41.504793],[13.600666,41.504802],[13.601255,41.50472],[13.604703,41.503752],[13.609694,41.502238],[13.612398,41.501333],[13.618508,41.499633],[13.622784,41.498601],[13.628836,41.497358],[13.633007,41.496708],[13.635108,41.496488]]]}},{"type":"Feature","id":"060057","properties":{"istat":"060057","name":"Posta Fibreno","province":"FR","label":[41.69854,13.693356]},"geometry":{"type":"Polygon","coordinates":[[[13.704518,41.716303],[13.705426,41.716465],[13.705978,41.716528],[13.706435,41.716523],[13.707181,41.71647],[13.709172,41.71606],[13.709523,41.715955],[13.709875,41.715797],[13.710106,41.715684],[13.711028,41.715205],[13.711454,41.71493],[13.712722,41.709292],[13.714088,41.696144],[13.704291,41.686814],[13.700953,41.683705],[13.700561,41.683565],[13.700237,41.683451],[13.699248,41.683372],[13.69881,41.683338],[13.696841,41.683261],[13.696205,41.683238],[13.696123,41.683254],[13.695804,41.683318],[13.695407,41.683396],[13.694234,41.683854],[13.69172,41.684565],[13.68967,41.684955],[13.688971,41.685064],[13.688846,41.685048],[13.68858,41.685014],[13.688444,41.684996],[13.683577,41.683191],[13.682899,41.682913],[13.682114,41.682535],[13.681839,41.682366],[13.681401,41.682096],[13.680913,41.681752],[13.680881,41.68173],[13.680785,41.681662],[13.680183,41.681196],[13.679899,41.680933],[13.677084,41.684001],[13.674453,41.687525],[13.669547,41.694712],[13.666914,41.697354],[13.668026,41.697349],[13.669791,41.697462],[13.670005,41.697508],[13.670352,41.697583],[13.670939,41.697726],[13.671546,41.697948],[13.674202,41.699132],[13.676097,41.701072],[13.678501,41.704048],[13.678539,41.704515],[13.678516,41.705056],[13.678419,41.705695],[13.678193,41.706699],[13.680033,41.710811],[13.680593,41.71041],[13.682294,41.709566],[13.682816,41.709328],[13.686627,41.708849],[13.687454,41.70877],[13.68887,41.709468],[13.689211,41.709642],[13.689359,41.709718],[13.689739,41.709923],[13.690023,41.710177],[13.690281,41.71045],[13.691167,41.711792],[13.695269,41.714019],[13.703462,41.716087],[13.704518,41.716303]]]}},{"type":"Feature","id":"060058","properties":{"istat":"060058","name":"Ripi","province":"FR","label":[41.598266,13.436707]},"geometry":{"type":"Polygon","coordinates":[[[13.433849,41.635655],[13.439459,41.630408],[13.442375,41.626591],[13.447042,41.619216],[13.453192,41.619456],[13.453336,41.619526],[13.453645,41.619667],[13.454275,41.61989],[13.454811,41.620067],[13.455574,41.620294],[13.457621,41.618792],[13.465904,41.611897],[13.470505,41.607131],[13.470894,41.604369],[13.475021,41.596766],[13.481134,41.589896],[13.484636,41.587869],[13.485757,41.587136],[13.486111,41.586861],[13.486369,41.586631],[13.486556,41.586331],[13.487244,41.585084],[13.487349,41.584764],[13.487001,41.580477],[13.486634,41.580394],[13.485137,41.579854],[13.48371,41.579266],[13.473154,41.574477],[13.471056,41.573128],[13.462796,41.567376],[13.458363,41.562646],[13.454694,41.559615],[13.452145,41.558476],[13.451611,41.56068],[13.448093,41.565457],[13.44148,41.570576],[13.432146,41.57661],[13.422902,41.578898],[13.420019,41.579094],[13.418845,41.579536],[13.416125,41.581842],[13.415561,41.582336],[13.415424,41.582589],[13.41438,41.584547],[13.412337,41.588569],[13.407036,41.593892],[13.399107,41.592846],[13.399235,41.599765],[13.399876,41.600597],[13.400352,41.601203],[13.400561,41.601456],[13.401054,41.601915],[13.401421,41.602162],[13.402152,41.602651],[13.405585,41.604729],[13.409572,41.612257],[13.414679,41.618863],[13.419623,41.623823],[13.420197,41.624391],[13.427728,41.633758],[13.42993,41.636351],[13.433849,41.635655]]]}},{"type":"Feature","id":"060059","properties":{"istat":"060059","name":"Rocca d'Arce","province":"FR","label":[41.587079,13.59891]},"geometry":{"type":"Polygon","coordinates":[[[13.600295,41.609243],[13.602674,41.607946],[13.603234,41.607585],[13.603514,41.60739],[13.605947,41.605311],[13.609889,41.601677],[13.611274,41.600343],[13.612762,41.598622],[13.612984,41.598365],[13.613107,41.598221],[13.613354,41.597928],[13.613614,41.597606],[13.613803,41.597156],[13.613853,41.597039],[13.614527,41.594094],[13.614652,41.593329],[13.614739,41.592591],[13.614674,41.592274],[13.614466,41.591895],[13.614446,41.591821],[13.614222,41.590991],[13.614867,41.589462],[13.615156,41.588824],[13.615785,41.587453],[13.616043,41.587159],[13.616347,41.586998],[13.619856,41.585556],[13.62572,41.583411],[13.628007,41.583638],[13.63216,41.584101],[13.632773,41.582361],[13.632865,41.581993],[13.632959,41.58148],[13.632722,41.580738],[13.632431,41.580349],[13.63196,41.579927],[13.628637,41.579013],[13.626144,41.578851],[13.626555,41.579384],[13.626603,41.579446],[13.626811,41.579711],[13.622362,41.580925],[13.620513,41.576134],[13.620307,41.574531],[13.620185,41.573509],[13.619851,41.57002],[13.619847,41.569687],[13.619859,41.56911],[13.619967,41.568552],[13.620119,41.568159],[13.620405,41.567693],[13.621873,41.566315],[13.62301,41.565319],[13.619734,41.563722],[13.615954,41.564388],[13.601605,41.56827],[13.597229,41.570663],[13.595877,41.572757],[13.589388,41.578137],[13.586111,41.581203],[13.581666,41.586912],[13.580545,41.591499],[13.584587,41.595097],[13.586834,41.597505],[13.586918,41.598551],[13.587011,41.604197],[13.58588,41.605967],[13.597361,41.610576],[13.600295,41.609243]]]}},{"type":"Feature","id":"060060","properties":{"istat":"060060","name":"Roccasecca","province":"FR","label":[41.539514,13.647854]},"geometry":{"type":"Polygon","coordinates":[[[13.645592,41.575657],[13.651066,41.573202],[13.657394,41.569421],[13.658722,41.568399],[13.659325,41.567586],[13.659585,41.567238],[13.660281,41.566625],[13.661657,41.565632],[13.663479,41.564482],[13.66428,41.564067],[13.664752,41.563859],[13.66607,41.563288],[13.666783,41.563016],[13.667713,41.562757],[13.670274,41.561852],[13.670866,41.561602],[13.67315,41.560199],[13.673781,41.5598],[13.674316,41.559427],[13.679197,41.555928],[13.679416,41.555766],[13.680067,41.554974],[13.681674,41.552622],[13.681946,41.552138],[13.682173,41.55171],[13.682411,41.551219],[13.682718,41.550202],[13.682821,41.549833],[13.682965,41.548666],[13.683249,41.547092],[13.683718,41.54697],[13.684716,41.546866],[13.68722,41.546957],[13.687772,41.546993],[13.683311,41.540544],[13.672719,41.524112],[13.670402,41.519559],[13.666766,41.513721],[13.657829,41.512809],[13.654657,41.511624],[13.651478,41.507229],[13.65033,41.505385],[13.649725,41.503847],[13.649304,41.501735],[13.646816,41.497491],[13.64648,41.496946],[13.645626,41.495901],[13.64379,41.4938],[13.642498,41.494307],[13.639295,41.495545],[13.638827,41.495719],[13.63879,41.495731],[13.638054,41.49591],[13.636527,41.49621],[13.635108,41.496488],[13.633007,41.496708],[13.628836,41.497358],[13.622784,41.498601],[13.618508,41.499633],[13.612398,41.501333],[13.609694,41.502238],[13.604703,41.503752],[13.601255,41.50472],[13.600666,41.504802],[13.599779,41.504793],[13.59893,41.504719],[13.597399,41.504537],[13.594307,41.504094],[13.593278,41.501272],[13.587541,41.501632],[13.586039,41.501921],[13.584818,41.502951],[13.587928,41.509765],[13.594534,41.513188],[13.599797,41.517312],[13.600578,41.518284],[13.600832,41.518675],[13.601066,41.519057],[13.60119,41.519381],[13.601557,41.520703],[13.601563,41.520774],[13.601586,41.521044],[13.6014,41.521349],[13.601132,41.521571],[13.600849,41.521799],[13.602758,41.530073],[13.60318,41.531591],[13.604398,41.534137],[13.605623,41.536071],[13.610476,41.538483],[13.617811,41.541406],[13.621229,41.544178],[13.623974,41.546462],[13.624326,41.546808],[13.624738,41.547228],[13.62523,41.547767],[13.625453,41.54806],[13.625727,41.548571],[13.625831,41.548782],[13.625814,41.548942],[13.625797,41.549087],[13.625792,41.549137],[13.624351,41.559741],[13.623959,41.56352],[13.62301,41.565319],[13.621873,41.566315],[13.620405,41.567693],[13.620119,41.568159],[13.619967,41.568552],[13.619859,41.56911],[13.619847,41.569687],[13.619851,41.57002],[13.620185,41.573509],[13.620307,41.574531],[13.620513,41.576134],[13.622362,41.580925],[13.626811,41.579711],[13.626603,41.579446],[13.626555,41.579384],[13.626144,41.578851],[13.628637,41.579013],[13.63196,41.579927],[13.632431,41.580349],[13.632722,41.580738],[13.632959,41.58148],[13.632865,41.581993],[13.632773,41.582361],[13.63216,41.584101],[13.635332,41.581675],[13.639584,41.579038],[13.645592,41.575657]]]}},{"type":"Feature","id":"060061","properties":{"istat":"060061","name":"San Biagio Saracinisco","province":"FR","label":[41.626953,13.949861]},"geometry":{"type":"Polygon","coordinates":[[[13.979006,41.66228],[13.986834,41.656407],[13.987703,41.65537],[13.988294,41.653832],[13.987477,41.650676],[13.987353,41.650123],[13.987323,41.649692],[13.987315,41.649479],[13.987307,41.649243],[13.987367,41.648349],[13.987399,41.64792],[13.988802,41.644607],[13.992271,41.642054],[13.992573,41.641829],[13.993056,41.64098],[13.993403,41.640263],[13.993639,41.639685],[13.993891,41.63903],[13.994536,41.635435],[13.996285,41.626317],[13.996666,41.62414],[13.994331,41.625416],[13.990994,41.628461],[13.987263,41.631956],[13.984571,41.633795],[13.975303,41.633068],[13.970238,41.629639],[13.970959,41.627589],[13.971626,41.625647],[13.971733,41.624971],[13.970901,41.620641],[13.969994,41.618033],[13.96531,41.606235],[13.961094,41.597614],[13.958339,41.594175],[13.953052,41.590163],[13.952107,41.589891],[13.947377,41.588743],[13.945846,41.588448],[13.945332,41.58839],[13.943343,41.588228],[13.942383,41.588202],[13.941254,41.588246],[13.938097,41.588395],[13.937686,41.588561],[13.937334,41.588802],[13.936956,41.589178],[13.930151,41.590668],[13.923337,41.590034],[13.91845,41.588771],[13.917859,41.588306],[13.917681,41.588235],[13.917584,41.588196],[13.917214,41.588248],[13.914181,41.588758],[13.909112,41.589748],[13.908417,41.594693],[13.903086,41.598514],[13.902597,41.598287],[13.902025,41.598019],[13.901395,41.597672],[13.900029,41.596857],[13.898533,41.595949],[13.897428,41.595334],[13.896711,41.595131],[13.896316,41.595057],[13.895897,41.595089],[13.895463,41.595175],[13.89463,41.595462],[13.893457,41.595945],[13.891847,41.596824],[13.891505,41.597126],[13.890377,41.599259],[13.89006,41.600245],[13.889842,41.60172],[13.889811,41.602227],[13.892085,41.603219],[13.89854,41.603966],[13.902975,41.606378],[13.912164,41.61231],[13.91516,41.61332],[13.918245,41.615281],[13.926297,41.625001],[13.936889,41.634202],[13.939528,41.636487],[13.948329,41.643135],[13.957071,41.648276],[13.957616,41.648104],[13.958023,41.648069],[13.95872,41.648128],[13.961705,41.648445],[13.962196,41.648514],[13.962637,41.64867],[13.96555,41.651299],[13.967844,41.656426],[13.96903,41.658995],[13.972379,41.662068],[13.975701,41.664755],[13.979006,41.66228]]]}},{"type":"Feature","id":"060062","properties":{"istat":"060062","name":"San Donato Val di Comino","province":"FR","label":[41.716451,13.809674]},"geometry":{"type":"Polygon","coordinates":[[[13.820146,41.745675],[13.821433,41.743279],[13.823068,41.741302],[13.823481,41.740884],[13.824272,41.740522],[13.827143,41.739361],[13.827616,41.739179],[13.829026,41.738948],[13.837186,41.738006],[13.844807,41.738165],[13.851623,41.735595],[13.851714,41.734651],[13.852188,41.734006],[13.85452,41.731994],[13.85518,41.731622],[13.856446,41.731234],[13.851593,41.727101],[13.842021,41.707172],[13.841826,41.705249],[13.841206,41.702984],[13.840709,41.701888],[13.83532,41.692847],[13.834984,41.692519],[13.83486,41.692398],[13.834776,41.692316],[13.833078,41.691181],[13.826045,41.686778],[13.823005,41.684848],[13.815911,41.680433],[13.808973,41.682768],[13.80464,41.683135],[13.799621,41.681067],[13.795341,41.679211],[13.79488,41.678902],[13.794631,41.67871],[13.79436,41.678397],[13.794138,41.678064],[13.789104,41.676055],[13.786455,41.675162],[13.78797,41.677034],[13.786516,41.681337],[13.784624,41.692736],[13.78463,41.694294],[13.783739,41.696321],[13.782471,41.697927],[13.780501,41.699724],[13.774987,41.70279],[13.77341,41.703549],[13.772613,41.703767],[13.77206,41.703799],[13.771639,41.703803],[13.77161,41.712285],[13.774132,41.720616],[13.775284,41.725763],[13.778079,41.733616],[13.778629,41.734506],[13.78066,41.737725],[13.781261,41.738389],[13.781593,41.738636],[13.790142,41.74297],[13.808079,41.75192],[13.808714,41.752775],[13.8093,41.753309],[13.810136,41.753869],[13.810889,41.75413],[13.811613,41.754258],[13.812103,41.754205],[13.812537,41.754137],[13.813277,41.753904],[13.814142,41.753444],[13.815031,41.752785],[13.81564,41.752143],[13.816243,41.75141],[13.818394,41.74843],[13.820146,41.745675]]]}},{"type":"Feature","id":"060063","properties":{"istat":"060063","name":"San Giorgio a Liri","province":"FR","label":[41.400332,13.76704]},"geometry":{"type":"Polygon","coordinates":[[[13.769861,41.419221],[13.774954,41.41435],[13.780264,41.413319],[13.781853,41.414648],[13.787862,41.415811],[13.792017,41.416163],[13.797076,41.416396],[13.79694,41.414725],[13.796592,41.410265],[13.796536,41.409408],[13.796626,41.409039],[13.796896,41.408645],[13.798298,41.406629],[13.799329,41.405167],[13.802477,41.40134],[13.804614,41.398792],[13.805388,41.397684],[13.805588,41.397252],[13.806089,41.396034],[13.806204,41.395628],[13.806258,41.395376],[13.806269,41.395096],[13.805009,41.394886],[13.801255,41.39611],[13.800238,41.398683],[13.799843,41.399325],[13.797201,41.399273],[13.796818,41.399249],[13.792739,41.396732],[13.787464,41.392171],[13.784316,41.389659],[13.780946,41.386986],[13.77891,41.385801],[13.777011,41.385052],[13.774501,41.384414],[13.770618,41.381645],[13.770018,41.381098],[13.769466,41.380576],[13.769103,41.380159],[13.765761,41.384907],[13.764939,41.386005],[13.764682,41.386343],[13.764509,41.386567],[13.764143,41.386924],[13.76113,41.388746],[13.753874,41.392918],[13.743213,41.395624],[13.739872,41.392741],[13.733035,41.39061],[13.731535,41.390262],[13.731166,41.390196],[13.728916,41.390406],[13.727688,41.391888],[13.72739,41.392414],[13.727237,41.392888],[13.727207,41.393268],[13.727307,41.393682],[13.727592,41.394346],[13.727885,41.394635],[13.728192,41.394857],[13.728702,41.395142],[13.729248,41.395345],[13.731279,41.402053],[13.733827,41.41075],[13.733486,41.412975],[13.73522,41.411903],[13.735762,41.411593],[13.736836,41.41109],[13.737522,41.410908],[13.738147,41.410819],[13.739391,41.410795],[13.739978,41.410803],[13.750821,41.411858],[13.7512,41.412013],[13.751353,41.412187],[13.751502,41.412505],[13.751531,41.412575],[13.751663,41.412913],[13.751749,41.413218],[13.751774,41.413309],[13.751801,41.41348],[13.75186,41.41385],[13.751899,41.414298],[13.751902,41.414534],[13.751904,41.414699],[13.751777,41.415046],[13.751531,41.415349],[13.751264,41.415554],[13.750966,41.41568],[13.750854,41.415728],[13.750626,41.415816],[13.750553,41.415844],[13.752761,41.419237],[13.759095,41.41969],[13.769861,41.419221]]]}},{"type":"Feature","id":"060064","properties":{"istat":"060064","name":"San Giovanni Incarico","province":"FR","label":[41.500529,13.560987]},"geometry":{"type":"Polygon","coordinates":[[[13.578527,41.528706],[13.583894,41.523734],[13.585069,41.52245],[13.586568,41.520529],[13.586901,41.517918],[13.586833,41.517634],[13.586822,41.517593],[13.586605,41.517223],[13.586124,41.516702],[13.585884,41.516595],[13.585624,41.516479],[13.585362,41.516422],[13.585085,41.516473],[13.585514,41.513363],[13.586436,41.510652],[13.586584,41.51043],[13.586888,41.510207],[13.587928,41.509765],[13.584818,41.502951],[13.577034,41.503874],[13.576984,41.503386],[13.577027,41.503051],[13.577392,41.501177],[13.577615,41.500844],[13.578835,41.499346],[13.57926,41.499054],[13.579756,41.498809],[13.580178,41.498734],[13.580849,41.49863],[13.581379,41.498596],[13.581796,41.498597],[13.582181,41.498622],[13.582897,41.498711],[13.583208,41.498761],[13.583542,41.498829],[13.583816,41.498886],[13.584517,41.499128],[13.584838,41.499268],[13.585098,41.499388],[13.585727,41.49971],[13.586615,41.50021],[13.586778,41.50037],[13.587541,41.501632],[13.593278,41.501272],[13.593455,41.500688],[13.59355,41.500333],[13.593631,41.499898],[13.593671,41.499653],[13.593865,41.496324],[13.592926,41.493673],[13.591664,41.491666],[13.593005,41.489451],[13.595132,41.487989],[13.601397,41.485878],[13.605337,41.48419],[13.610018,41.481344],[13.606993,41.476182],[13.601267,41.476889],[13.600834,41.476938],[13.597105,41.477042],[13.596366,41.476982],[13.592907,41.476283],[13.589952,41.475577],[13.586164,41.47409],[13.584943,41.473508],[13.582545,41.472524],[13.581152,41.472283],[13.579667,41.472157],[13.577884,41.472124],[13.565414,41.472283],[13.562682,41.47345],[13.560741,41.47454],[13.560345,41.474925],[13.560239,41.475028],[13.559414,41.475552],[13.557897,41.476413],[13.55711,41.476818],[13.555051,41.477827],[13.554307,41.477875],[13.553745,41.477875],[13.552409,41.477644],[13.551192,41.477431],[13.548818,41.476976],[13.543393,41.475926],[13.534545,41.474469],[13.528396,41.476536],[13.526001,41.481272],[13.529362,41.480469],[13.533278,41.484173],[13.536095,41.487262],[13.536263,41.487796],[13.53608,41.488992],[13.535913,41.489539],[13.535835,41.489762],[13.540322,41.496936],[13.541723,41.497466],[13.542388,41.497764],[13.54305,41.498188],[13.543588,41.498788],[13.543735,41.49916],[13.546123,41.508052],[13.544485,41.511624],[13.543785,41.511849],[13.54357,41.512371],[13.543538,41.512758],[13.543515,41.513094],[13.543412,41.515448],[13.543846,41.52041],[13.551892,41.520753],[13.553862,41.521066],[13.554518,41.521202],[13.55521,41.521382],[13.558549,41.522613],[13.559536,41.523011],[13.563472,41.524943],[13.563648,41.525134],[13.564304,41.526333],[13.573754,41.528788],[13.578527,41.528706]]]}},{"type":"Feature","id":"060070","properties":{"istat":"060070","name":"San Vittore del Lazio","province":"FR","label":[41.465061,13.946774]},"geometry":{"type":"Polygon","coordinates":[[[13.974007,41.498031],[13.975641,41.496997],[13.975573,41.496979],[13.975437,41.496943],[13.975189,41.496706],[13.973154,41.494336],[13.972907,41.494036],[13.972746,41.493706],[13.972691,41.493407],[13.972767,41.493111],[13.972892,41.492786],[13.9731,41.492547],[13.973424,41.492348],[13.973655,41.492253],[13.97404,41.492191],[13.974483,41.492145],[13.974951,41.492111],[13.988763,41.484498],[13.992776,41.482082],[13.991196,41.481214],[13.988945,41.479615],[13.983852,41.473367],[13.980793,41.468665],[13.977906,41.462487],[13.975032,41.463423],[13.965651,41.464072],[13.964237,41.464116],[13.963088,41.464143],[13.962275,41.464115],[13.961297,41.463955],[13.96123,41.463944],[13.960783,41.463598],[13.960726,41.463452],[13.960498,41.462863],[13.949752,41.453501],[13.933019,41.442265],[13.931237,41.440151],[13.92843,41.438422],[13.923906,41.437398],[13.919457,41.435725],[13.913586,41.433214],[13.911147,41.430891],[13.910858,41.428685],[13.908258,41.428557],[13.902722,41.429059],[13.901431,41.430442],[13.899564,41.432777],[13.898523,41.434659],[13.898296,41.435415],[13.896874,41.435913],[13.896503,41.43601],[13.896082,41.436059],[13.895796,41.435995],[13.893977,41.435235],[13.891723,41.43408],[13.891555,41.435371],[13.89201,41.43901],[13.898802,41.445766],[13.905247,41.456223],[13.909072,41.458044],[13.913806,41.462816],[13.914698,41.465978],[13.918858,41.470582],[13.922406,41.471968],[13.928459,41.475377],[13.932669,41.478568],[13.93716,41.483696],[13.943465,41.487917],[13.945719,41.48926],[13.947746,41.489839],[13.954801,41.496377],[13.954841,41.50072],[13.961022,41.502208],[13.961446,41.502168],[13.968185,41.500921],[13.974007,41.498031]]]}},{"type":"Feature","id":"060065","properties":{"istat":"060065","name":"Sant'Ambrogio sul Garigliano","province":"FR","label":[41.391698,13.861899]},"geometry":{"type":"Polygon","coordinates":[[[13.877416,41.401835],[13.879635,41.403096],[13.885421,41.399811],[13.877935,41.397586],[13.877759,41.39752],[13.877163,41.397299],[13.877071,41.397236],[13.876644,41.396942],[13.876394,41.396769],[13.876319,41.396708],[13.87558,41.396101],[13.875533,41.39581],[13.875472,41.395426],[13.875726,41.394932],[13.875794,41.3948],[13.875999,41.394511],[13.876334,41.394039],[13.880201,41.389357],[13.884137,41.38325],[13.880927,41.381694],[13.87772,41.380084],[13.876883,41.379479],[13.876263,41.378641],[13.874511,41.376213],[13.874453,41.376132],[13.873858,41.375304],[13.873615,41.374717],[13.867856,41.376986],[13.863045,41.37743],[13.859705,41.376013],[13.85457,41.375902],[13.850007,41.377368],[13.848814,41.377896],[13.849045,41.378282],[13.84904,41.378588],[13.848825,41.380596],[13.848686,41.381075],[13.848522,41.381586],[13.848384,41.381978],[13.848332,41.382125],[13.848158,41.382503],[13.848071,41.38269],[13.847824,41.383119],[13.847037,41.384228],[13.846022,41.386324],[13.845028,41.397179],[13.84799,41.402177],[13.857759,41.407877],[13.863009,41.409947],[13.863686,41.409028],[13.869254,41.404968],[13.871307,41.403814],[13.871576,41.403719],[13.871958,41.403583],[13.872174,41.403507],[13.877416,41.401835]]]}},{"type":"Feature","id":"060066","properties":{"istat":"060066","name":"Sant'Andrea del Garigliano","province":"FR","label":[41.355326,13.84942]},"geometry":{"type":"Polygon","coordinates":[[[13.849045,41.378282],[13.848814,41.377896],[13.850007,41.377368],[13.85457,41.375902],[13.859705,41.376013],[13.863045,41.37743],[13.867856,41.376986],[13.873615,41.374717],[13.872566,41.371177],[13.870753,41.364681],[13.871577,41.357784],[13.872574,41.352869],[13.875329,41.345776],[13.875612,41.345671],[13.876807,41.344959],[13.877141,41.344636],[13.877245,41.344535],[13.877365,41.344187],[13.877446,41.34395],[13.877598,41.343289],[13.877652,41.34305],[13.877944,41.341305],[13.878005,41.340649],[13.877858,41.340106],[13.87763,41.339517],[13.877374,41.339065],[13.876579,41.338787],[13.873697,41.33833],[13.868261,41.33703],[13.86321,41.334705],[13.86018,41.333744],[13.856897,41.332793],[13.843754,41.330692],[13.842422,41.331001],[13.842518,41.331246],[13.84265,41.33159],[13.84277,41.33221],[13.842804,41.33243],[13.842823,41.333311],[13.842742,41.334481],[13.842713,41.334797],[13.842632,41.335309],[13.842447,41.335668],[13.842275,41.335891],[13.837996,41.33862],[13.833308,41.342216],[13.82424,41.352623],[13.82994,41.358726],[13.829153,41.365922],[13.832272,41.37609],[13.834889,41.380167],[13.835566,41.379022],[13.835824,41.378727],[13.836639,41.377914],[13.836943,41.377631],[13.837391,41.377302],[13.838404,41.376899],[13.838849,41.376732],[13.839377,41.376601],[13.844604,41.378555],[13.844972,41.378702],[13.845789,41.379162],[13.846119,41.379482],[13.84635,41.379868],[13.846771,41.382502],[13.847037,41.384228],[13.847824,41.383119],[13.848071,41.38269],[13.848158,41.382503],[13.848332,41.382125],[13.848384,41.381978],[13.848522,41.381586],[13.848686,41.381075],[13.848825,41.380596],[13.84904,41.378588],[13.849045,41.378282]]]}},{"type":"Feature","id":"060067","properties":{"istat":"060067","name":"Sant'Apollinare","province":"FR","label":[41.398238,13.825328]},"geometry":{"type":"Polygon","coordinates":[[[13.8538,41.418727],[13.857313,41.416957],[13.860342,41.416354],[13.861205,41.416568],[13.863009,41.409947],[13.857759,41.407877],[13.84799,41.402177],[13.845028,41.397179],[13.846022,41.386324],[13.847037,41.384228],[13.846771,41.382502],[13.84635,41.379868],[13.846119,41.379482],[13.845789,41.379162],[13.844972,41.378702],[13.844604,41.378555],[13.839377,41.376601],[13.838849,41.376732],[13.838404,41.376899],[13.837391,41.377302],[13.836943,41.377631],[13.836639,41.377914],[13.835824,41.378727],[13.835566,41.379022],[13.834889,41.380167],[13.8336,41.382724],[13.829754,41.383791],[13.824714,41.384313],[13.82427,41.384124],[13.823804,41.383491],[13.82313,41.382287],[13.823116,41.38226],[13.822879,41.381802],[13.822688,41.381328],[13.822867,41.379353],[13.823349,41.377474],[13.82356,41.377316],[13.823718,41.376824],[13.823861,41.376124],[13.823671,41.375727],[13.821214,41.374975],[13.819608,41.374894],[13.812836,41.376574],[13.810607,41.379917],[13.810996,41.381742],[13.811157,41.384416],[13.810602,41.386657],[13.808601,41.390642],[13.806734,41.391519],[13.805009,41.394886],[13.806269,41.395096],[13.806258,41.395376],[13.806204,41.395628],[13.806089,41.396034],[13.805588,41.397252],[13.805388,41.397684],[13.804614,41.398792],[13.802477,41.40134],[13.799329,41.405167],[13.798298,41.406629],[13.796896,41.408645],[13.796626,41.409039],[13.796536,41.409408],[13.796592,41.410265],[13.79694,41.414725],[13.797076,41.416396],[13.801747,41.416838],[13.806873,41.419181],[13.812083,41.420993],[13.815154,41.421769],[13.817027,41.421411],[13.817448,41.421317],[13.820844,41.42017],[13.82288,41.418779],[13.823329,41.418387],[13.823619,41.418208],[13.824633,41.417715],[13.825078,41.417593],[13.829395,41.417069],[13.837537,41.418117],[13.842105,41.420297],[13.850859,41.420603],[13.8538,41.418727]]]}},{"type":"Feature","id":"060068","properties":{"istat":"060068","name":"Sant'Elia Fiumerapido","province":"FR","label":[41.557747,13.857561]},"geometry":{"type":"Polygon","coordinates":[[[13.89463,41.595462],[13.895463,41.595175],[13.895897,41.595089],[13.896316,41.595057],[13.896711,41.595131],[13.897428,41.595334],[13.898533,41.595949],[13.900029,41.596857],[13.901395,41.597672],[13.902025,41.598019],[13.902597,41.598287],[13.903086,41.598514],[13.908417,41.594693],[13.909112,41.589748],[13.908861,41.589124],[13.907382,41.586333],[13.903803,41.580922],[13.901984,41.578564],[13.898676,41.575496],[13.897741,41.574793],[13.897216,41.574626],[13.895049,41.574381],[13.894855,41.574375],[13.882195,41.569959],[13.881768,41.569703],[13.881483,41.569512],[13.880974,41.56912],[13.880681,41.568804],[13.880493,41.568492],[13.880484,41.568451],[13.880393,41.56803],[13.879771,41.561685],[13.884275,41.550896],[13.888253,41.541917],[13.88929,41.538821],[13.889711,41.535165],[13.889743,41.534736],[13.889726,41.534264],[13.889423,41.533084],[13.89527,41.525538],[13.906924,41.517473],[13.911055,41.515545],[13.905194,41.513464],[13.90472,41.513839],[13.902756,41.515152],[13.902526,41.515293],[13.902187,41.515487],[13.901777,41.515712],[13.901649,41.515764],[13.901112,41.515983],[13.898785,41.516853],[13.89673,41.517147],[13.896431,41.517183],[13.893261,41.51752],[13.890376,41.516536],[13.882678,41.517535],[13.861541,41.52076],[13.844349,41.525174],[13.844294,41.52519],[13.844024,41.525278],[13.843916,41.525314],[13.841094,41.527544],[13.83416,41.533157],[13.828808,41.53811],[13.827147,41.539647],[13.826932,41.53985],[13.822822,41.544461],[13.830222,41.54754],[13.831404,41.551794],[13.830239,41.554877],[13.832872,41.556175],[13.833758,41.556934],[13.833656,41.558559],[13.833494,41.558985],[13.833238,41.559198],[13.829721,41.561998],[13.828654,41.562637],[13.82739,41.563559],[13.827221,41.563775],[13.827149,41.563866],[13.8254,41.56615],[13.825229,41.566383],[13.825197,41.566431],[13.825105,41.566572],[13.824546,41.567622],[13.823236,41.57122],[13.823094,41.571649],[13.823114,41.571874],[13.823142,41.571989],[13.823192,41.572172],[13.82323,41.572197],[13.823429,41.572328],[13.823969,41.57256],[13.825703,41.573268],[13.826789,41.573641],[13.829339,41.57519],[13.832477,41.577453],[13.832701,41.577628],[13.834074,41.578705],[13.83674,41.581163],[13.837342,41.581736],[13.837632,41.582036],[13.837707,41.582113],[13.837848,41.5823],[13.83788,41.582546],[13.837832,41.583165],[13.837703,41.583715],[13.837261,41.584936],[13.83692,41.58586],[13.836782,41.586199],[13.836162,41.587121],[13.835866,41.589109],[13.835944,41.589453],[13.837039,41.590023],[13.837554,41.590083],[13.839629,41.589347],[13.841707,41.588575],[13.851511,41.585716],[13.861974,41.585642],[13.86525,41.596519],[13.865849,41.597957],[13.866363,41.598772],[13.866514,41.598989],[13.869213,41.598386],[13.87716,41.596094],[13.877895,41.595293],[13.878161,41.595196],[13.878483,41.595277],[13.881643,41.597083],[13.885029,41.599036],[13.886,41.599618],[13.887098,41.600452],[13.888943,41.601863],[13.889397,41.602528],[13.889811,41.602227],[13.889842,41.60172],[13.89006,41.600245],[13.890377,41.599259],[13.891505,41.597126],[13.891847,41.596824],[13.893457,41.595945],[13.89463,41.595462]]]}},{"type":"Feature","id":"060069","properties":{"istat":"060069","name":"Santopadre","province":"FR","label":[41.596051,13.639678]},"geometry":{"type":"Polygon","coordinates":[[[13.656139,41.620626],[13.659185,41.619003],[13.664147,41.614723],[13.666077,41.61251],[13.666119,41.612203],[13.666032,41.611779],[13.666741,41.607059],[13.665429,41.599693],[13.665236,41.595064],[13.664623,41.581992],[13.665039,41.578406],[13.666014,41.574779],[13.666187,41.57452],[13.666399,41.574128],[13.666768,41.573132],[13.666601,41.571338],[13.66643,41.570895],[13.666117,41.570304],[13.665977,41.57008],[13.665401,41.569374],[13.66522,41.569211],[13.66485,41.56896],[13.664464,41.568796],[13.664055,41.568641],[13.663394,41.568556],[13.663075,41.568533],[13.660112,41.568441],[13.658722,41.568399],[13.657394,41.569421],[13.651066,41.573202],[13.645592,41.575657],[13.639584,41.579038],[13.635332,41.581675],[13.63216,41.584101],[13.628007,41.583638],[13.62572,41.583411],[13.619856,41.585556],[13.616347,41.586998],[13.616043,41.587159],[13.615785,41.587453],[13.615156,41.588824],[13.614867,41.589462],[13.614222,41.590991],[13.614446,41.591821],[13.614466,41.591895],[13.614674,41.592274],[13.614739,41.592591],[13.614652,41.593329],[13.614527,41.594094],[13.613853,41.597039],[13.613803,41.597156],[13.613614,41.597606],[13.613354,41.597928],[13.613107,41.598221],[13.612984,41.598365],[13.612762,41.598622],[13.611274,41.600343],[13.609889,41.601677],[13.605947,41.605311],[13.603514,41.60739],[13.603234,41.607585],[13.602674,41.607946],[13.600295,41.609243],[13.597361,41.610576],[13.5995,41.610513],[13.601527,41.613862],[13.603164,41.617537],[13.608231,41.620413],[13.608317,41.62014],[13.60847,41.619692],[13.608928,41.618553],[13.609175,41.618214],[13.609456,41.617929],[13.609823,41.617617],[13.610176,41.617441],[13.610538,41.6173],[13.612035,41.616897],[13.616205,41.616099],[13.617519,41.615853],[13.617913,41.615986],[13.618753,41.616546],[13.619081,41.616894],[13.619151,41.616971],[13.628037,41.620233],[13.642569,41.623242],[13.642898,41.623261],[13.643132,41.623274],[13.649817,41.623291],[13.656139,41.620626]]]}},{"type":"Feature","id":"060071","properties":{"istat":"060071","name":"Serrone","province":"FR","label":[41.837569,13.091901]},"geometry":{"type":"Polygon","coordinates":[[[13.113894,41.851796],[13.121864,41.847431],[13.121848,41.84709],[13.121834,41.846802],[13.121283,41.845458],[13.120615,41.844018],[13.120274,41.843301],[13.114452,41.833601],[13.113519,41.832995],[13.111018,41.831212],[13.110611,41.830749],[13.109764,41.82924],[13.107425,41.824408],[13.106034,41.820974],[13.10421,41.8179],[13.102364,41.81633],[13.101322,41.81628],[13.097375,41.815303],[13.095606,41.813738],[13.091494,41.815029],[13.086023,41.8177],[13.080869,41.824145],[13.067539,41.83066],[13.066795,41.830975],[13.0661,41.831251],[13.06541,41.831375],[13.066146,41.83532],[13.067793,41.839818],[13.069617,41.848843],[13.071643,41.854205],[13.0799,41.85542],[13.091417,41.858242],[13.093303,41.859264],[13.096379,41.860703],[13.097899,41.86104],[13.099861,41.860722],[13.101463,41.860453],[13.10512,41.857252],[13.113894,41.851796]]]}},{"type":"Feature","id":"060072","properties":{"istat":"060072","name":"Settefrati","province":"FR","label":[41.689099,13.868619]},"geometry":{"type":"Polygon","coordinates":[[[13.904455,41.718191],[13.902368,41.714313],[13.905244,41.701405],[13.907866,41.687017],[13.909963,41.684588],[13.910146,41.684382],[13.910309,41.684006],[13.910461,41.68354],[13.910538,41.68328],[13.910641,41.682822],[13.910624,41.682435],[13.910443,41.681264],[13.910319,41.680553],[13.909666,41.677866],[13.908579,41.676116],[13.901708,41.668406],[13.895428,41.662607],[13.887668,41.657085],[13.886977,41.656791],[13.886403,41.656568],[13.880495,41.654411],[13.878479,41.653736],[13.877932,41.653944],[13.875359,41.654976],[13.874885,41.655194],[13.874087,41.655575],[13.873566,41.655849],[13.873189,41.656104],[13.872931,41.656335],[13.872773,41.656553],[13.864513,41.656382],[13.855907,41.655378],[13.849908,41.653066],[13.845201,41.650495],[13.844726,41.64994],[13.844034,41.649135],[13.843637,41.648826],[13.841911,41.647598],[13.84024,41.646421],[13.839763,41.646198],[13.839261,41.646003],[13.834516,41.644182],[13.834156,41.644098],[13.833833,41.644075],[13.830226,41.644227],[13.828087,41.644412],[13.827737,41.644544],[13.827712,41.644772],[13.827693,41.644942],[13.827346,41.645551],[13.827051,41.645977],[13.826461,41.646695],[13.819692,41.653184],[13.818423,41.654177],[13.816552,41.655922],[13.815498,41.657055],[13.815316,41.657287],[13.815355,41.657723],[13.815596,41.660369],[13.81567,41.660924],[13.818444,41.671427],[13.821551,41.674898],[13.825469,41.677431],[13.830781,41.68336],[13.828211,41.685917],[13.826045,41.686778],[13.833078,41.691181],[13.834776,41.692316],[13.83486,41.692398],[13.834984,41.692519],[13.83532,41.692847],[13.840709,41.701888],[13.841206,41.702984],[13.841826,41.705249],[13.842021,41.707172],[13.851593,41.727101],[13.856446,41.731234],[13.864421,41.730578],[13.87376,41.729425],[13.879219,41.728706],[13.88492,41.730696],[13.887474,41.731758],[13.888204,41.732073],[13.889169,41.732659],[13.891712,41.735153],[13.897639,41.732134],[13.904455,41.718191]]]}},{"type":"Feature","id":"060073","properties":{"istat":"060073","name":"Sgurgola","province":"FR","label":[41.6719,13.155707]},"geometry":{"type":"Polygon","coordinates":[[[13.139318,41.693325],[13.139042,41.692605],[13.142383,41.690044],[13.147724,41.687744],[13.14878,41.68776],[13.151456,41.687896],[13.152342,41.688018],[13.153063,41.688478],[13.154156,41.690109],[13.161227,41.691905],[13.167452,41.691977],[13.167345,41.690707],[13.166866,41.687645],[13.172113,41.682731],[13.18815,41.676816],[13.196584,41.673771],[13.192163,41.668206],[13.191787,41.667424],[13.191488,41.667464],[13.190578,41.667702],[13.189065,41.668635],[13.18894,41.668727],[13.188821,41.668813],[13.188667,41.668928],[13.188053,41.669382],[13.187752,41.669605],[13.18744,41.670332],[13.183562,41.670375],[13.180077,41.667366],[13.17765,41.665238],[13.176411,41.663241],[13.170709,41.658354],[13.157242,41.649118],[13.15395,41.647576],[13.153404,41.648397],[13.152385,41.649997],[13.151138,41.652008],[13.150646,41.652837],[13.150445,41.65442],[13.150413,41.655114],[13.150601,41.656071],[13.150874,41.657038],[13.150767,41.657875],[13.149943,41.65894],[13.149549,41.659296],[13.149279,41.659464],[13.148576,41.659732],[13.146986,41.660271],[13.146237,41.660447],[13.145681,41.660557],[13.139025,41.661874],[13.13255,41.662355],[13.125555,41.663336],[13.123374,41.66404],[13.115998,41.667758],[13.116278,41.671318],[13.116353,41.672481],[13.116633,41.68017],[13.114999,41.683916],[13.114511,41.684915],[13.114175,41.686579],[13.114051,41.687484],[13.114382,41.688553],[13.115421,41.691235],[13.116183,41.691878],[13.117647,41.692362],[13.119439,41.692707],[13.132659,41.695139],[13.137072,41.694643],[13.13714,41.694633],[13.138929,41.694365],[13.139081,41.694214],[13.139499,41.693799],[13.139318,41.693325]]]}},{"type":"Feature","id":"060074","properties":{"istat":"060074","name":"Sora","province":"FR","label":[41.732531,13.57223]},"geometry":{"type":"Polygon","coordinates":[[[13.615206,41.766326],[13.615521,41.76119],[13.630426,41.742312],[13.637679,41.733969],[13.642728,41.731082],[13.645027,41.731092],[13.651025,41.730484],[13.651642,41.730351],[13.652125,41.730228],[13.652562,41.730035],[13.653674,41.729533],[13.653788,41.729481],[13.654641,41.725485],[13.65443,41.725196],[13.65423,41.724966],[13.653618,41.724365],[13.653065,41.723856],[13.651759,41.723027],[13.651343,41.722782],[13.645022,41.719239],[13.640984,41.717489],[13.635478,41.71412],[13.630442,41.70667],[13.620609,41.694376],[13.619912,41.693756],[13.617821,41.693248],[13.617211,41.693122],[13.605467,41.688559],[13.605528,41.689086],[13.605142,41.6898],[13.603036,41.691518],[13.601745,41.692338],[13.598735,41.694001],[13.59682,41.694871],[13.595088,41.695596],[13.589041,41.696597],[13.586006,41.696838],[13.582293,41.696792],[13.579456,41.696261],[13.574776,41.696583],[13.56531,41.698527],[13.560237,41.699678],[13.559752,41.699891],[13.559375,41.700082],[13.55917,41.700188],[13.558962,41.700296],[13.558231,41.700798],[13.554942,41.703218],[13.552561,41.705027],[13.54704,41.70935],[13.541766,41.714102],[13.540249,41.715737],[13.536284,41.717667],[13.534748,41.71821],[13.524946,41.718969],[13.520965,41.719007],[13.505823,41.717797],[13.505257,41.718829],[13.503582,41.723157],[13.503235,41.724134],[13.503041,41.724718],[13.502911,41.725615],[13.502821,41.726406],[13.502791,41.726746],[13.50884,41.75048],[13.509562,41.753139],[13.510882,41.758422],[13.511264,41.760122],[13.511642,41.761998],[13.511651,41.762335],[13.511662,41.762686],[13.511824,41.762941],[13.518371,41.769643],[13.520435,41.772965],[13.523212,41.772044],[13.533919,41.768043],[13.54003,41.765235],[13.545324,41.762361],[13.551138,41.761629],[13.555424,41.762642],[13.561421,41.761477],[13.562746,41.760961],[13.564204,41.759579],[13.565339,41.758279],[13.566141,41.757535],[13.566429,41.757268],[13.56747,41.756543],[13.567971,41.756193],[13.570663,41.754744],[13.570929,41.754641],[13.571815,41.754298],[13.573834,41.754348],[13.575116,41.754617],[13.57623,41.755019],[13.577143,41.75613],[13.577321,41.756538],[13.577408,41.756736],[13.578011,41.758119],[13.579407,41.759698],[13.580899,41.761291],[13.582133,41.762565],[13.583001,41.763453],[13.586099,41.766435],[13.589307,41.76732],[13.590515,41.767614],[13.591458,41.767808],[13.59193,41.767904],[13.592799,41.768021],[13.59296,41.768043],[13.594174,41.768156],[13.600626,41.769046],[13.601822,41.769421],[13.605237,41.771206],[13.605985,41.771613],[13.606678,41.772036],[13.60919,41.773771],[13.609814,41.774318],[13.613356,41.77797],[13.614434,41.773708],[13.615206,41.766326]]]}},{"type":"Feature","id":"060075","properties":{"istat":"060075","name":"Strangolagalli","province":"FR","label":[41.593488,13.497556]},"geometry":{"type":"Polygon","coordinates":[[[13.497048,41.608717],[13.504135,41.604624],[13.509996,41.601417],[13.514083,41.598595],[13.519158,41.59021],[13.520464,41.588669],[13.518501,41.588521],[13.517975,41.588429],[13.517605,41.588303],[13.517428,41.588243],[13.517389,41.588207],[13.517052,41.587898],[13.516807,41.587606],[13.515002,41.584179],[13.514806,41.582457],[13.511241,41.57657],[13.506832,41.574767],[13.504512,41.574512],[13.488373,41.579921],[13.487001,41.580477],[13.487349,41.584764],[13.487244,41.585084],[13.486556,41.586331],[13.486369,41.586631],[13.486111,41.586861],[13.485757,41.587136],[13.484636,41.587869],[13.481134,41.589896],[13.475021,41.596766],[13.470894,41.604369],[13.470505,41.607131],[13.471905,41.606275],[13.47467,41.607094],[13.476499,41.607707],[13.487568,41.612317],[13.493046,41.61466],[13.497048,41.608717]]]}},{"type":"Feature","id":"060076","properties":{"istat":"060076","name":"Supino","province":"FR","label":[41.612648,13.207956]},"geometry":{"type":"Polygon","coordinates":[[[13.249772,41.644228],[13.259911,41.636919],[13.26272,41.634222],[13.263822,41.6327],[13.26813,41.626795],[13.2604,41.624465],[13.259901,41.623472],[13.259719,41.622632],[13.259559,41.620901],[13.259297,41.617753],[13.259077,41.613922],[13.256757,41.611374],[13.251928,41.606793],[13.251696,41.606594],[13.251573,41.606493],[13.250933,41.606197],[13.250185,41.605887],[13.249591,41.605661],[13.249246,41.605575],[13.248817,41.605469],[13.248671,41.605438],[13.248059,41.605313],[13.247576,41.605218],[13.24444,41.604438],[13.239685,41.603214],[13.237086,41.602184],[13.230548,41.598616],[13.220806,41.591141],[13.215963,41.587069],[13.210382,41.584983],[13.199656,41.578582],[13.199277,41.579296],[13.199173,41.579491],[13.198109,41.582871],[13.197833,41.585857],[13.197708,41.586496],[13.197403,41.586967],[13.19732,41.587091],[13.196332,41.587645],[13.194947,41.587848],[13.189338,41.588112],[13.186759,41.588053],[13.185556,41.587764],[13.185418,41.587111],[13.185435,41.585652],[13.185286,41.584946],[13.184437,41.584477],[13.183457,41.584306],[13.177834,41.583785],[13.175066,41.583569],[13.174887,41.584055],[13.174355,41.584201],[13.172424,41.584618],[13.172041,41.584631],[13.170915,41.58456],[13.169501,41.584463],[13.167108,41.58427],[13.163014,41.584793],[13.155841,41.586912],[13.151244,41.594115],[13.149949,41.596202],[13.150907,41.602961],[13.15485,41.60733],[13.15769,41.611296],[13.158529,41.615025],[13.162032,41.616848],[13.169114,41.617712],[13.181259,41.619454],[13.188992,41.619761],[13.195016,41.618938],[13.207936,41.619599],[13.221737,41.628434],[13.229478,41.635506],[13.231311,41.640517],[13.230791,41.64285],[13.231749,41.645529],[13.234864,41.646361],[13.241079,41.646441],[13.249772,41.644228]]]}},{"type":"Feature","id":"060077","properties":{"istat":"060077","name":"Terelle","province":"FR","label":[41.556608,13.786623]},"geometry":{"type":"Polygon","coordinates":[[[13.778265,41.590484],[13.78134,41.590256],[13.784241,41.586574],[13.79646,41.572726],[13.797252,41.571977],[13.803644,41.567504],[13.810362,41.566098],[13.813811,41.565178],[13.819207,41.5618],[13.823841,41.557595],[13.825355,41.555392],[13.826547,41.554501],[13.828906,41.554028],[13.82918,41.554084],[13.829466,41.554194],[13.829823,41.554335],[13.829991,41.554401],[13.830239,41.554877],[13.831404,41.551794],[13.830222,41.54754],[13.822822,41.544461],[13.819304,41.542624],[13.810034,41.538214],[13.805025,41.536803],[13.798693,41.534358],[13.796437,41.531923],[13.797601,41.530564],[13.797728,41.525602],[13.797108,41.523508],[13.796073,41.521822],[13.794144,41.522349],[13.773516,41.526851],[13.768817,41.527613],[13.763239,41.527859],[13.762952,41.527812],[13.762461,41.527184],[13.762087,41.526695],[13.758804,41.522145],[13.754127,41.521745],[13.754707,41.527128],[13.756223,41.533079],[13.757007,41.535239],[13.757178,41.535763],[13.757301,41.536235],[13.757409,41.536901],[13.757637,41.538751],[13.757661,41.53929],[13.757638,41.541164],[13.757515,41.541975],[13.756984,41.542186],[13.756634,41.542291],[13.754223,41.542976],[13.753981,41.543035],[13.753678,41.543108],[13.753452,41.543161],[13.752874,41.543293],[13.752644,41.543331],[13.752391,41.543372],[13.752357,41.543377],[13.749429,41.549157],[13.748582,41.555621],[13.749187,41.559765],[13.754046,41.566591],[13.754057,41.570309],[13.754717,41.574639],[13.755612,41.579882],[13.759204,41.582119],[13.763038,41.584918],[13.763343,41.585261],[13.764585,41.586816],[13.764761,41.587048],[13.764785,41.587074],[13.765127,41.587352],[13.765553,41.587645],[13.76674,41.588316],[13.768756,41.589143],[13.770057,41.589506],[13.776295,41.590552],[13.776751,41.590547],[13.778265,41.590484]]]}},{"type":"Feature","id":"060078","properties":{"istat":"060078","name":"Torre Cajetani","province":"FR","label":[41.785947,13.264209]},"geometry":{"type":"Polygon","coordinates":[[[13.269013,41.807016],[13.27084,41.806669],[13.271565,41.806457],[13.271975,41.806336],[13.272016,41.806323],[13.272391,41.806188],[13.274303,41.805495],[13.276809,41.804524],[13.278931,41.803468],[13.283993,41.799614],[13.285096,41.798461],[13.285731,41.796731],[13.288268,41.788687],[13.288524,41.787523],[13.289639,41.782381],[13.289715,41.780424],[13.289476,41.77902],[13.284394,41.780065],[13.270172,41.779609],[13.268982,41.779559],[13.25972,41.776806],[13.258289,41.776324],[13.254014,41.774231],[13.246927,41.770703],[13.243731,41.768654],[13.240466,41.766337],[13.23849,41.780929],[13.239033,41.784371],[13.240089,41.787573],[13.244769,41.796463],[13.245425,41.797573],[13.245784,41.798139],[13.245863,41.798264],[13.249107,41.802439],[13.250162,41.803498],[13.250728,41.803977],[13.252714,41.805267],[13.25523,41.806133],[13.258106,41.807485],[13.258381,41.807557],[13.259193,41.807768],[13.262007,41.807635],[13.269013,41.807016]]]}},{"type":"Feature","id":"060079","properties":{"istat":"060079","name":"Torrice","province":"FR","label":[41.629075,13.400728]},"geometry":{"type":"Polygon","coordinates":[[[13.39996,41.653995],[13.400143,41.653957],[13.400345,41.653909],[13.405372,41.652162],[13.417305,41.647436],[13.420883,41.645873],[13.421431,41.645629],[13.421645,41.645252],[13.421924,41.643661],[13.421959,41.643176],[13.427605,41.637193],[13.42993,41.636351],[13.427728,41.633758],[13.420197,41.624391],[13.419623,41.623823],[13.414679,41.618863],[13.409572,41.612257],[13.405585,41.604729],[13.402152,41.602651],[13.401421,41.602162],[13.401054,41.601915],[13.400561,41.601456],[13.400352,41.601203],[13.399876,41.600597],[13.399235,41.599765],[13.394193,41.601808],[13.382943,41.605051],[13.377622,41.604675],[13.377392,41.604275],[13.377219,41.603992],[13.377021,41.603766],[13.376587,41.603337],[13.376377,41.603129],[13.375781,41.603426],[13.374723,41.604011],[13.373599,41.604783],[13.373073,41.605204],[13.372704,41.605533],[13.371729,41.606637],[13.371282,41.609545],[13.374882,41.622526],[13.379379,41.6338],[13.384636,41.643836],[13.390218,41.65065],[13.392499,41.654024],[13.394432,41.654576],[13.395114,41.654694],[13.39996,41.653995]]]}},{"type":"Feature","id":"060080","properties":{"istat":"060080","name":"Trevi nel Lazio","province":"FR","label":[41.880634,13.249853]},"geometry":{"type":"Polygon","coordinates":[[[13.268678,41.912372],[13.269713,41.906143],[13.272471,41.900881],[13.274174,41.899917],[13.281705,41.893716],[13.282582,41.892521],[13.282675,41.891584],[13.282696,41.891378],[13.282122,41.890742],[13.278955,41.884783],[13.277742,41.877481],[13.27806,41.875515],[13.279186,41.8708],[13.280132,41.869688],[13.280377,41.869431],[13.281097,41.868676],[13.283056,41.86668],[13.284046,41.865716],[13.285419,41.864858],[13.287503,41.864371],[13.288713,41.864235],[13.290749,41.864155],[13.292532,41.864228],[13.294134,41.864262],[13.295365,41.864153],[13.302399,41.862404],[13.303959,41.861742],[13.307045,41.860307],[13.308051,41.859585],[13.308406,41.858427],[13.308223,41.857651],[13.307912,41.857163],[13.30776,41.856926],[13.307055,41.856219],[13.306132,41.855596],[13.306003,41.855511],[13.305413,41.854988],[13.305659,41.849365],[13.305717,41.848102],[13.306802,41.847184],[13.309335,41.845679],[13.314419,41.842863],[13.31562,41.842301],[13.317589,41.84138],[13.319784,41.840356],[13.322272,41.839114],[13.326453,41.836764],[13.326669,41.836369],[13.325286,41.836781],[13.324447,41.836993],[13.323578,41.837098],[13.316646,41.837836],[13.312806,41.83821],[13.31266,41.838212],[13.311601,41.83822],[13.309992,41.83806],[13.307148,41.837631],[13.288228,41.836242],[13.281938,41.836914],[13.280644,41.837084],[13.273915,41.835642],[13.266152,41.833644],[13.264935,41.833239],[13.263839,41.83278],[13.261287,41.831407],[13.26075,41.831706],[13.258166,41.83282],[13.258085,41.832842],[13.257256,41.833065],[13.249408,41.834637],[13.244634,41.835352],[13.223487,41.837522],[13.209463,41.838958],[13.202827,41.837739],[13.201412,41.837484],[13.201325,41.837472],[13.200243,41.837315],[13.198998,41.838556],[13.198145,41.839294],[13.197045,41.839885],[13.19588,41.840479],[13.191549,41.842482],[13.184153,41.84603],[13.188161,41.848671],[13.190648,41.850403],[13.190843,41.85054],[13.191288,41.851006],[13.191386,41.851376],[13.191503,41.853859],[13.191504,41.853915],[13.191149,41.855931],[13.189681,41.859586],[13.189913,41.859817],[13.19048,41.860386],[13.190924,41.860914],[13.195687,41.868817],[13.203206,41.872332],[13.20428,41.872302],[13.206628,41.872346],[13.207753,41.872634],[13.209002,41.87325],[13.213194,41.875414],[13.226423,41.883787],[13.235094,41.888874],[13.23528,41.889024],[13.236036,41.889645],[13.24375,41.896662],[13.244381,41.897418],[13.245044,41.898267],[13.245155,41.898468],[13.245296,41.898727],[13.245664,41.899401],[13.245415,41.900166],[13.243048,41.901604],[13.241972,41.902203],[13.240547,41.904025],[13.243379,41.915499],[13.253478,41.916147],[13.263797,41.915799],[13.268489,41.919312],[13.269717,41.92294],[13.270077,41.923926],[13.270724,41.924955],[13.271081,41.925292],[13.271465,41.925652],[13.272068,41.925759],[13.273518,41.926017],[13.275009,41.926173],[13.275772,41.92605],[13.275646,41.924893],[13.275448,41.923325],[13.275077,41.922312],[13.273264,41.918886],[13.272722,41.917952],[13.271555,41.91696],[13.270741,41.916319],[13.268678,41.912372]]]}},{"type":"Feature","id":"060081","properties":{"istat":"060081","name":"Trivigliano","province":"FR","label":[41.763143,13.266181]},"geometry":{"type":"Polygon","coordinates":[[[13.289476,41.77902],[13.291067,41.778456],[13.291589,41.778204],[13.292582,41.777148],[13.293339,41.776264],[13.295005,41.773793],[13.295419,41.772936],[13.295552,41.77266],[13.29659,41.769353],[13.296546,41.768412],[13.296514,41.767713],[13.295266,41.763452],[13.294969,41.762765],[13.294894,41.762591],[13.288968,41.751945],[13.284573,41.749413],[13.281419,41.748202],[13.278099,41.746895],[13.27701,41.74667],[13.272044,41.746603],[13.271512,41.746884],[13.271202,41.747048],[13.269994,41.747705],[13.268197,41.749717],[13.265468,41.752313],[13.264734,41.752367],[13.263591,41.752365],[13.262005,41.752325],[13.256892,41.751876],[13.251569,41.748606],[13.25022,41.753145],[13.250061,41.753646],[13.249527,41.754278],[13.249047,41.754714],[13.248226,41.755231],[13.246685,41.756188],[13.243884,41.757846],[13.243808,41.757889],[13.242761,41.758463],[13.240443,41.75967],[13.239167,41.760136],[13.238273,41.760295],[13.23763,41.76094],[13.23719,41.76205],[13.237144,41.762835],[13.238098,41.766262],[13.238426,41.767006],[13.240466,41.766337],[13.243731,41.768654],[13.246927,41.770703],[13.254014,41.774231],[13.258289,41.776324],[13.25972,41.776806],[13.268982,41.779559],[13.270172,41.779609],[13.284394,41.780065],[13.289476,41.77902]]]}},{"type":"Feature","id":"060082","properties":{"istat":"060082","name":"Vallecorsa","province":"FR","label":[41.436726,13.411339]},"geometry":{"type":"Polygon","coordinates":[[[13.401067,41.473925],[13.41451,41.47268],[13.422635,41.469504],[13.429719,41.465773],[13.432097,41.464457],[13.433898,41.463302],[13.434923,41.462493],[13.436743,41.460959],[13.432001,41.458473],[13.429404,41.449015],[13.437899,41.429349],[13.438424,41.428295],[13.438796,41.42679],[13.4385,41.42519],[13.435732,41.417351],[13.432439,41.410977],[13.428202,41.4021],[13.427286,41.397288],[13.420496,41.397283],[13.408865,41.397823],[13.399698,41.401967],[13.386525,41.404479],[13.375537,41.403728],[13.370524,41.400061],[13.370476,41.399945],[13.37019,41.39945],[13.366097,41.397266],[13.362759,41.397396],[13.360226,41.397801],[13.349186,41.404571],[13.351125,41.406379],[13.358568,41.413467],[13.361337,41.416942],[13.364138,41.418942],[13.371145,41.423916],[13.374524,41.42616],[13.378143,41.428416],[13.382945,41.431583],[13.384426,41.432684],[13.385518,41.433529],[13.387728,41.435677],[13.388096,41.436276],[13.388125,41.436549],[13.387806,41.436902],[13.387724,41.436953],[13.387404,41.437149],[13.387135,41.437352],[13.386847,41.437586],[13.386562,41.437815],[13.386036,41.438263],[13.385865,41.438419],[13.385473,41.438779],[13.384516,41.439694],[13.383512,41.441065],[13.383136,41.441755],[13.382338,41.447859],[13.382382,41.449969],[13.382672,41.452726],[13.383418,41.454494],[13.384845,41.456803],[13.386399,41.459328],[13.386509,41.459716],[13.386514,41.460044],[13.386218,41.460371],[13.385652,41.460977],[13.384496,41.462174],[13.383859,41.462779],[13.383258,41.463347],[13.381287,41.465124],[13.378878,41.469007],[13.378688,41.469415],[13.378598,41.469615],[13.378523,41.469781],[13.379243,41.47218],[13.379467,41.472797],[13.379691,41.473392],[13.37983,41.473672],[13.379953,41.473918],[13.380171,41.474301],[13.381257,41.475903],[13.392817,41.475326],[13.401067,41.473925]]]}},{"type":"Feature","id":"060083","properties":{"istat":"060083","name":"Vallemaio","province":"FR","label":[41.364981,13.808477]},"geometry":{"type":"Polygon","coordinates":[[[13.799843,41.399325],[13.800238,41.398683],[13.801255,41.39611],[13.805009,41.394886],[13.806734,41.391519],[13.808601,41.390642],[13.810602,41.386657],[13.811157,41.384416],[13.810996,41.381742],[13.810607,41.379917],[13.812836,41.376574],[13.819608,41.374894],[13.821214,41.374975],[13.823671,41.375727],[13.823861,41.376124],[13.823718,41.376824],[13.82356,41.377316],[13.823349,41.377474],[13.822867,41.379353],[13.822688,41.381328],[13.822879,41.381802],[13.823116,41.38226],[13.82313,41.382287],[13.823804,41.383491],[13.82427,41.384124],[13.824714,41.384313],[13.829754,41.383791],[13.8336,41.382724],[13.834889,41.380167],[13.832272,41.37609],[13.829153,41.365922],[13.82994,41.358726],[13.82424,41.352623],[13.833308,41.342216],[13.837996,41.33862],[13.842275,41.335891],[13.842447,41.335668],[13.842632,41.335309],[13.842713,41.334797],[13.842742,41.334481],[13.842823,41.333311],[13.842804,41.33243],[13.84277,41.33221],[13.84265,41.33159],[13.842518,41.331246],[13.842422,41.331001],[13.841638,41.331513],[13.83572,41.334259],[13.826794,41.338164],[13.823138,41.338741],[13.821442,41.340032],[13.811966,41.345867],[13.797283,41.357288],[13.791848,41.36206],[13.788608,41.364667],[13.786791,41.365296],[13.786489,41.36539],[13.785854,41.365556],[13.780624,41.366782],[13.776549,41.371485],[13.775107,41.373161],[13.769103,41.380159],[13.769466,41.380576],[13.770018,41.381098],[13.770618,41.381645],[13.774501,41.384414],[13.777011,41.385052],[13.77891,41.385801],[13.780946,41.386986],[13.784316,41.389659],[13.787464,41.392171],[13.792739,41.396732],[13.796818,41.399249],[13.797201,41.399273],[13.799843,41.399325]]]}},{"type":"Feature","id":"060084","properties":{"istat":"060084","name":"Vallerotonda","province":"FR","label":[41.572988,13.937187]},"geometry":{"type":"Polygon","coordinates":[[[13.987263,41.631956],[13.990994,41.628461],[13.994331,41.625416],[13.996666,41.62414],[13.997965,41.62305],[13.999632,41.62103],[14.010247,41.608935],[14.01113,41.607789],[14.009988,41.603972],[14.008835,41.60007],[14.009043,41.595866],[14.009054,41.595739],[14.009073,41.595522],[14.009174,41.595203],[14.009425,41.594444],[14.010174,41.592562],[14.003784,41.586063],[13.997814,41.579429],[13.9977,41.579043],[13.997944,41.578051],[13.99882,41.57488],[13.998948,41.574478],[13.999118,41.574246],[13.999736,41.573827],[14.000642,41.573391],[14.001137,41.573253],[14.002439,41.572723],[14.00279,41.572573],[14.003528,41.572194],[14.003842,41.571987],[14.003992,41.571867],[14.004098,41.571782],[14.00419,41.57161],[14.004222,41.571552],[14.00413,41.571254],[14.00381,41.570998],[14.001659,41.569691],[14.001504,41.569897],[14.00119,41.570312],[14.000961,41.570613],[14.000451,41.571023],[13.997676,41.572117],[13.995151,41.572514],[13.987469,41.5736],[13.981271,41.572645],[13.978107,41.571774],[13.961315,41.570179],[13.944971,41.562368],[13.940278,41.558505],[13.9344,41.552114],[13.934001,41.551474],[13.933909,41.551257],[13.933914,41.550888],[13.934242,41.550648],[13.936593,41.543118],[13.936092,41.536629],[13.936682,41.533532],[13.940402,41.52372],[13.942253,41.517505],[13.937911,41.511853],[13.931566,41.512981],[13.922203,41.514689],[13.922043,41.51474],[13.921769,41.514829],[13.920324,41.515184],[13.92006,41.515235],[13.919207,41.515389],[13.918354,41.515534],[13.913339,41.515875],[13.911509,41.515642],[13.911055,41.515545],[13.906924,41.517473],[13.89527,41.525538],[13.889423,41.533084],[13.889726,41.534264],[13.889743,41.534736],[13.889711,41.535165],[13.88929,41.538821],[13.888253,41.541917],[13.884275,41.550896],[13.879771,41.561685],[13.880393,41.56803],[13.880484,41.568451],[13.880493,41.568492],[13.880681,41.568804],[13.880974,41.56912],[13.881483,41.569512],[13.881768,41.569703],[13.882195,41.569959],[13.894855,41.574375],[13.895049,41.574381],[13.897216,41.574626],[13.897741,41.574793],[13.898676,41.575496],[13.901984,41.578564],[13.903803,41.580922],[13.907382,41.586333],[13.908861,41.589124],[13.909112,41.589748],[13.914181,41.588758],[13.917214,41.588248],[13.917584,41.588196],[13.917681,41.588235],[13.917859,41.588306],[13.91845,41.588771],[13.923337,41.590034],[13.930151,41.590668],[13.936956,41.589178],[13.937334,41.588802],[13.937686,41.588561],[13.938097,41.588395],[13.941254,41.588246],[13.942383,41.588202],[13.943343,41.588228],[13.945332,41.58839],[13.945846,41.588448],[13.947377,41.588743],[13.952107,41.589891],[13.953052,41.590163],[13.958339,41.594175],[13.961094,41.597614],[13.96531,41.606235],[13.969994,41.618033],[13.970901,41.620641],[13.971733,41.624971],[13.971626,41.625647],[13.970959,41.627589],[13.970238,41.629639],[13.975303,41.633068],[13.984571,41.633795],[13.987263,41.631956]]]}},{"type":"Feature","id":"060085","properties":{"istat":"060085","name":"Veroli","province":"FR","label":[41.7196,13.444045]},"geometry":{"type":"Polygon","coordinates":[[[13.494048,41.802418],[13.497174,41.802044],[13.503721,41.801322],[13.504407,41.801543],[13.505082,41.801598],[13.505682,41.801255],[13.506413,41.800631],[13.506875,41.799965],[13.508695,41.797286],[13.508949,41.796638],[13.511049,41.789731],[13.511244,41.788648],[13.511876,41.787826],[13.512895,41.786885],[13.517062,41.783129],[13.51794,41.782393],[13.51824,41.782142],[13.518397,41.782012],[13.519498,41.781105],[13.520289,41.78061],[13.5215,41.77985],[13.521557,41.779815],[13.520435,41.772965],[13.518371,41.769643],[13.511824,41.762941],[13.511662,41.762686],[13.511651,41.762335],[13.509433,41.760757],[13.505464,41.758126],[13.505108,41.757897],[13.502608,41.756316],[13.502228,41.756106],[13.501584,41.755852],[13.500261,41.755341],[13.499843,41.755191],[13.498363,41.754722],[13.497872,41.75458],[13.496725,41.754296],[13.496197,41.754204],[13.495105,41.754112],[13.494132,41.754033],[13.491623,41.751264],[13.488363,41.747204],[13.488189,41.74695],[13.487142,41.745075],[13.487229,41.744822],[13.487356,41.744489],[13.487558,41.744121],[13.487944,41.743507],[13.488294,41.74298],[13.488514,41.742791],[13.49328,41.739575],[13.495124,41.728072],[13.500278,41.714256],[13.500725,41.712663],[13.501834,41.706108],[13.498103,41.699832],[13.492995,41.6911],[13.492812,41.690675],[13.4927,41.690346],[13.492291,41.688791],[13.491898,41.686078],[13.491827,41.685518],[13.491834,41.68523],[13.491923,41.68497],[13.492087,41.684675],[13.492924,41.683792],[13.493658,41.683209],[13.4969,41.68071],[13.497195,41.680491],[13.497634,41.680208],[13.497951,41.680023],[13.497998,41.679996],[13.49743,41.671919],[13.497401,41.671632],[13.497254,41.67126],[13.497156,41.671041],[13.497092,41.670915],[13.496825,41.670561],[13.496228,41.669922],[13.495992,41.669711],[13.49072,41.664997],[13.487974,41.665852],[13.483606,41.667189],[13.480387,41.667679],[13.467045,41.672011],[13.463409,41.673018],[13.453604,41.66933],[13.44935,41.667064],[13.445215,41.661795],[13.435075,41.650468],[13.432935,41.648107],[13.431255,41.64522],[13.429763,41.64176],[13.429071,41.639653],[13.42993,41.636351],[13.427605,41.637193],[13.421959,41.643176],[13.421924,41.643661],[13.421645,41.645252],[13.421431,41.645629],[13.420883,41.645873],[13.417305,41.647436],[13.405372,41.652162],[13.400345,41.653909],[13.400143,41.653957],[13.39996,41.653995],[13.395114,41.654694],[13.394432,41.654576],[13.392499,41.654024],[13.390035,41.653714],[13.389507,41.653666],[13.388151,41.653624],[13.387406,41.653675],[13.386971,41.653741],[13.381265,41.654823],[13.376235,41.658554],[13.366087,41.659472],[13.363329,41.659784],[13.364273,41.663723],[13.370487,41.666917],[13.376986,41.66784],[13.381074,41.668638],[13.384703,41.670526],[13.385176,41.670773],[13.38595,41.671522],[13.386406,41.672012],[13.386489,41.672101],[13.386833,41.67256],[13.387129,41.672954],[13.387321,41.673856],[13.38737,41.674319],[13.387409,41.674695],[13.387272,41.675884],[13.386533,41.677519],[13.385143,41.681233],[13.385147,41.681548],[13.385212,41.68186],[13.386901,41.686397],[13.391427,41.691874],[13.390739,41.70374],[13.388654,41.70811],[13.387778,41.715256],[13.387786,41.716855],[13.388178,41.718001],[13.388363,41.718249],[13.388493,41.718422],[13.388773,41.718708],[13.389172,41.719116],[13.390441,41.720085],[13.39047,41.720106],[13.393602,41.721706],[13.39528,41.722479],[13.396296,41.722884],[13.397434,41.723337],[13.398529,41.723759],[13.399382,41.724184],[13.400137,41.724979],[13.400368,41.725224],[13.401035,41.726356],[13.401188,41.726615],[13.402701,41.732062],[13.402799,41.73242],[13.403261,41.734144],[13.402604,41.735956],[13.398927,41.746488],[13.399612,41.746489],[13.401258,41.746565],[13.411142,41.747603],[13.411361,41.747635],[13.413922,41.748019],[13.417411,41.748951],[13.42545,41.753139],[13.427982,41.757849],[13.428436,41.758993],[13.430703,41.762669],[13.432901,41.764808],[13.43425,41.765869],[13.435521,41.766868],[13.448335,41.776771],[13.449279,41.777558],[13.450121,41.778257],[13.451273,41.779214],[13.455909,41.78305],[13.458722,41.785168],[13.464167,41.789018],[13.475975,41.79698],[13.479897,41.799132],[13.487566,41.803311],[13.488133,41.803381],[13.494048,41.802418]]]}},{"type":"Feature","id":"060086","properties":{"istat":"060086","name":"Vicalvi","province":"FR","label":[41.678612,13.706073]},"geometry":{"type":"Polygon","coordinates":[[[13.72964,41.676078],[13.734863,41.673059],[13.742293,41.66718],[13.744767,41.664132],[13.74307,41.661054],[13.742518,41.661218],[13.742119,41.661338],[13.740875,41.661758],[13.738332,41.662692],[13.738019,41.662826],[13.737443,41.663422],[13.736744,41.664162],[13.735419,41.665654],[13.72877,41.668997],[13.716748,41.671172],[13.708088,41.668174],[13.702453,41.668851],[13.699602,41.66962],[13.698638,41.669808],[13.698158,41.669774],[13.69757,41.669658],[13.6972,41.669575],[13.696223,41.669232],[13.695518,41.668968],[13.694113,41.668413],[13.693567,41.668139],[13.693361,41.668012],[13.693211,41.667919],[13.69282,41.667643],[13.692458,41.66736],[13.691837,41.668705],[13.686962,41.675107],[13.685912,41.67635],[13.685165,41.677211],[13.684367,41.678077],[13.682711,41.679148],[13.679899,41.680933],[13.680183,41.681196],[13.680785,41.681662],[13.680881,41.68173],[13.680913,41.681752],[13.681401,41.682096],[13.681839,41.682366],[13.682114,41.682535],[13.682899,41.682913],[13.683577,41.683191],[13.688444,41.684996],[13.68858,41.685014],[13.688846,41.685048],[13.688971,41.685064],[13.68967,41.684955],[13.69172,41.684565],[13.694234,41.683854],[13.695407,41.683396],[13.695804,41.683318],[13.696123,41.683254],[13.696205,41.683238],[13.696841,41.683261],[13.69881,41.683338],[13.699248,41.683372],[13.700237,41.683451],[13.700561,41.683565],[13.700953,41.683705],[13.704291,41.686814],[13.714088,41.696144],[13.721158,41.691721],[13.723507,41.690206],[13.726042,41.686586],[13.726242,41.686276],[13.726344,41.685952],[13.726449,41.685502],[13.726507,41.685027],[13.726635,41.683955],[13.726672,41.683354],[13.72964,41.676078]]]}},{"type":"Feature","id":"060087","properties":{"istat":"060087","name":"Vico nel Lazio","province":"FR","label":[41.795293,13.358752]},"geometry":{"type":"Polygon","coordinates":[[[13.427072,41.829996],[13.433083,41.827899],[13.445539,41.82428],[13.451554,41.822818],[13.44952,41.819993],[13.448543,41.819076],[13.437865,41.811576],[13.436407,41.810646],[13.428821,41.806775],[13.42821,41.806641],[13.426355,41.807681],[13.424157,41.809432],[13.422635,41.810629],[13.421286,41.811681],[13.420672,41.811977],[13.420273,41.81217],[13.419234,41.812118],[13.419105,41.812111],[13.418526,41.811946],[13.41743,41.811635],[13.417171,41.81156],[13.413651,41.810251],[13.412953,41.809782],[13.412801,41.796899],[13.413607,41.784726],[13.412364,41.782411],[13.410784,41.782588],[13.3989,41.786809],[13.39354,41.793686],[13.389521,41.797964],[13.388949,41.798482],[13.388758,41.798655],[13.388699,41.798561],[13.387728,41.796984],[13.387011,41.793445],[13.38658,41.790932],[13.386338,41.789568],[13.385678,41.787095],[13.384503,41.783088],[13.383496,41.781479],[13.381452,41.779027],[13.380339,41.778308],[13.378347,41.77765],[13.376515,41.777284],[13.369589,41.77613],[13.367398,41.7762],[13.365878,41.776348],[13.36197,41.774362],[13.360537,41.773472],[13.359706,41.772576],[13.359589,41.772268],[13.359255,41.771382],[13.357924,41.767402],[13.35751,41.765726],[13.357095,41.762217],[13.356011,41.761425],[13.354412,41.760838],[13.336398,41.756847],[13.329268,41.755815],[13.328555,41.755959],[13.328322,41.756058],[13.327509,41.756404],[13.324414,41.757898],[13.32365,41.758598],[13.323142,41.759202],[13.322776,41.760306],[13.317479,41.763247],[13.309828,41.766934],[13.30399,41.768409],[13.297175,41.768151],[13.297079,41.768363],[13.296946,41.768655],[13.297168,41.76889],[13.301091,41.771588],[13.301896,41.771617],[13.302572,41.771589],[13.304065,41.771725],[13.306153,41.772195],[13.306838,41.772507],[13.309084,41.773688],[13.316091,41.77823],[13.320613,41.782357],[13.326877,41.78855],[13.328015,41.790618],[13.328452,41.791435],[13.32899,41.792468],[13.331148,41.79787],[13.335708,41.804959],[13.343709,41.812094],[13.350473,41.815898],[13.364547,41.82291],[13.371887,41.827177],[13.373376,41.826366],[13.374154,41.825513],[13.374974,41.824474],[13.375483,41.82381],[13.375557,41.823713],[13.376048,41.822874],[13.376092,41.821703],[13.376162,41.821435],[13.376281,41.820982],[13.378708,41.818249],[13.379517,41.817458],[13.37974,41.817375],[13.380519,41.817086],[13.382122,41.816989],[13.383506,41.816999],[13.387292,41.817259],[13.388388,41.817762],[13.390989,41.819266],[13.391512,41.819787],[13.391716,41.820889],[13.396301,41.834032],[13.397505,41.834543],[13.397767,41.834654],[13.404508,41.837128],[13.405754,41.837431],[13.40663,41.837532],[13.407463,41.837464],[13.408246,41.837238],[13.408773,41.837085],[13.416902,41.834666],[13.417764,41.834335],[13.419747,41.833534],[13.420848,41.83292],[13.422436,41.83199],[13.427072,41.829996]]]}},{"type":"Feature","id":"060088","properties":{"istat":"060088","name":"Villa Latina","province":"FR","label":[41.605062,13.855751]},"geometry":{"type":"Polygon","coordinates":[[[13.854925,41.624003],[13.855157,41.623772],[13.855475,41.623489],[13.857356,41.622093],[13.857612,41.621928],[13.857675,41.621887],[13.858196,41.621604],[13.858765,41.621396],[13.85938,41.621185],[13.862011,41.620371],[13.862542,41.620245],[13.86306,41.620133],[13.863649,41.620018],[13.867323,41.619327],[13.867744,41.619259],[13.868057,41.619268],[13.868488,41.619318],[13.869027,41.619389],[13.877001,41.620768],[13.878225,41.621245],[13.879792,41.621511],[13.881178,41.621619],[13.882785,41.620659],[13.883111,41.620434],[13.884244,41.619557],[13.88451,41.619319],[13.884536,41.619297],[13.884913,41.618957],[13.885088,41.618598],[13.885747,41.615239],[13.886023,41.613098],[13.886166,41.611728],[13.888701,41.603944],[13.889397,41.602528],[13.888943,41.601863],[13.887098,41.600452],[13.886,41.599618],[13.885029,41.599036],[13.881643,41.597083],[13.878483,41.595277],[13.878161,41.595196],[13.877895,41.595293],[13.87716,41.596094],[13.869213,41.598386],[13.866514,41.598989],[13.866363,41.598772],[13.865849,41.597957],[13.86525,41.596519],[13.861974,41.585642],[13.851511,41.585716],[13.841707,41.588575],[13.839629,41.589347],[13.837554,41.590083],[13.837039,41.590023],[13.835944,41.589453],[13.835866,41.589109],[13.836162,41.587121],[13.835578,41.587132],[13.835061,41.587172],[13.834627,41.587311],[13.832256,41.588388],[13.832035,41.588672],[13.831935,41.58887],[13.831883,41.589214],[13.831877,41.589458],[13.831829,41.591481],[13.831822,41.59185],[13.83203,41.59362],[13.832342,41.594989],[13.832752,41.596812],[13.829781,41.599855],[13.829562,41.600035],[13.82915,41.600246],[13.827517,41.600976],[13.825075,41.601971],[13.824243,41.602204],[13.82369,41.602335],[13.823243,41.602408],[13.822129,41.602369],[13.823596,41.606179],[13.827146,41.616109],[13.830982,41.623735],[13.831492,41.623587],[13.832103,41.623503],[13.832715,41.623509],[13.833604,41.623548],[13.834813,41.623677],[13.835059,41.623743],[13.83541,41.623837],[13.835488,41.623861],[13.835822,41.623966],[13.836078,41.624047],[13.837618,41.624541],[13.838686,41.624891],[13.839417,41.625279],[13.841334,41.625563],[13.851591,41.625899],[13.854925,41.624003]]]}},{"type":"Feature","id":"060089","properties":{"istat":"060089","name":"Villa Santa Lucia","province":"FR","label":[41.488369,13.782034]},"geometry":{"type":"Polygon","coordinates":[[[13.773516,41.526851],[13.794144,41.522349],[13.796073,41.521822],[13.795293,41.515985],[13.794072,41.51148],[13.793753,41.510584],[13.793615,41.51023],[13.793152,41.509425],[13.79281,41.509061],[13.792363,41.508634],[13.791974,41.508295],[13.791084,41.507574],[13.790628,41.507244],[13.790168,41.506862],[13.789826,41.506498],[13.78962,41.50598],[13.789558,41.505497],[13.7895,41.504877],[13.789478,41.50464],[13.789503,41.503901],[13.789598,41.50328],[13.790527,41.499055],[13.79146,41.497292],[13.791744,41.496798],[13.791991,41.496423],[13.792237,41.496093],[13.793008,41.495156],[13.793264,41.494898],[13.793567,41.494746],[13.794179,41.494661],[13.798554,41.490702],[13.796199,41.484401],[13.791199,41.483626],[13.791146,41.48384],[13.790997,41.484157],[13.790753,41.484405],[13.790377,41.484597],[13.78871,41.485427],[13.78836,41.485505],[13.785362,41.48441],[13.78367,41.482653],[13.782015,41.479975],[13.781491,41.478813],[13.781972,41.476736],[13.783261,41.472527],[13.782216,41.466107],[13.780739,41.465222],[13.778195,41.463582],[13.777865,41.463325],[13.777712,41.463134],[13.777561,41.462892],[13.77984,41.460356],[13.781141,41.459092],[13.781698,41.458754],[13.779569,41.456704],[13.779141,41.456528],[13.776255,41.455987],[13.775583,41.456042],[13.769478,41.455355],[13.763649,41.454643],[13.755213,41.447519],[13.752137,41.444361],[13.750905,41.448058],[13.749229,41.455816],[13.748849,41.457826],[13.752265,41.4608],[13.752701,41.461138],[13.753035,41.461268],[13.755474,41.461317],[13.756258,41.461103],[13.762705,41.46274],[13.7637,41.47133],[13.765101,41.479729],[13.766394,41.486037],[13.766371,41.493103],[13.765124,41.501868],[13.765079,41.50865],[13.762927,41.514605],[13.759858,41.520391],[13.758804,41.522145],[13.762087,41.526695],[13.762461,41.527184],[13.762952,41.527812],[13.763239,41.527859],[13.768817,41.527613],[13.773516,41.526851]]]}},{"type":"Feature","id":"060090","properties":{"istat":"060090","name":"Villa Santo Stefano","province":"FR","label":[41.509818,13.320603]},"geometry":{"type":"Polygon","coordinates":[[[13.335363,41.523135],[13.340697,41.519899],[13.348645,41.515555],[13.35367,41.513546],[13.360897,41.510111],[13.360337,41.509524],[13.359531,41.508731],[13.358548,41.507796],[13.35816,41.507496],[13.353938,41.505769],[13.348626,41.503939],[13.343816,41.502362],[13.337529,41.501317],[13.333975,41.500204],[13.328703,41.497873],[13.326469,41.496264],[13.326239,41.495913],[13.326127,41.495557],[13.326284,41.494137],[13.317,41.493667],[13.316428,41.494031],[13.316069,41.494232],[13.315771,41.494398],[13.314183,41.494673],[13.313619,41.494693],[13.313391,41.4947],[13.313295,41.494702],[13.312693,41.494546],[13.312522,41.494502],[13.30582,41.491493],[13.301995,41.488574],[13.295716,41.485772],[13.290925,41.484871],[13.289603,41.485483],[13.288774,41.486018],[13.288457,41.486692],[13.288483,41.487082],[13.288492,41.487177],[13.288756,41.489881],[13.281532,41.497115],[13.279595,41.499313],[13.279271,41.499775],[13.279215,41.50007],[13.279182,41.500441],[13.278752,41.506224],[13.27908,41.50831],[13.281194,41.510423],[13.294963,41.525005],[13.305812,41.534917],[13.311193,41.531771],[13.325653,41.52794],[13.335363,41.523135]]]}},{"type":"Feature","id":"060091","properties":{"istat":"060091","name":"Viticuso","province":"FR","label":[41.522722,13.990717]},"geometry":{"type":"Polygon","coordinates":[[[13.99336,41.547992],[13.995739,41.546943],[14.003245,41.541367],[14.005886,41.539356],[14.005448,41.538947],[14.005257,41.538753],[14.005346,41.538484],[14.007013,41.536169],[14.009394,41.534116],[14.014076,41.531219],[14.016979,41.529598],[14.017933,41.529075],[14.021821,41.527261],[14.023218,41.526813],[14.024201,41.526666],[14.024514,41.526527],[14.025724,41.525835],[14.027521,41.524338],[14.027644,41.524067],[14.027592,41.523587],[14.0275,41.523209],[14.027219,41.522947],[14.026872,41.522791],[14.026504,41.522654],[14.022654,41.521963],[14.020549,41.521654],[14.019289,41.521856],[14.015998,41.51913],[14.010539,41.514795],[13.998593,41.513929],[13.997983,41.51387],[13.997385,41.513766],[13.996847,41.513659],[13.99576,41.513382],[13.995033,41.513085],[13.994726,41.512923],[13.994439,41.51271],[13.994015,41.512301],[13.99371,41.511923],[13.993251,41.511331],[13.977778,41.498584],[13.975641,41.496997],[13.974007,41.498031],[13.968185,41.500921],[13.961446,41.502168],[13.961022,41.502208],[13.954841,41.50072],[13.952149,41.501403],[13.944556,41.506318],[13.940028,41.509889],[13.938628,41.511165],[13.937911,41.511853],[13.942253,41.517505],[13.942804,41.517508],[13.946471,41.518393],[13.948009,41.518765],[13.94858,41.518921],[13.952164,41.520098],[13.956733,41.52474],[13.958518,41.528589],[13.95802,41.529754],[13.9577,41.530983],[13.957671,41.53129],[13.957809,41.531662],[13.957926,41.531869],[13.958446,41.53227],[13.958718,41.532478],[13.959074,41.532715],[13.959371,41.532891],[13.959918,41.533156],[13.960419,41.533332],[13.96086,41.533453],[13.963715,41.534099],[13.964206,41.534186],[13.966417,41.534576],[13.968366,41.53491],[13.968928,41.534976],[13.973111,41.535835],[13.977521,41.537368],[13.981177,41.544254],[13.981145,41.544822],[13.981537,41.545035],[13.984452,41.546493],[13.989099,41.548371],[13.989564,41.548472],[13.990187,41.548494],[13.990835,41.548457],[13.99336,41.547992]]]}}]}
