{"type":"FeatureCollection","version":"7.14","province":"RI","source":{"publisher":"ISTAT","reference_date":"2026-01-01","source_url":"https://www.istat.it/storage/cartografia/confini_amministrativi/generalizzati/2026/Limiti01012026_g.zip","source_page":"https://www.istat.it/notizia/confini-delle-unita-amministrative-a-fini-statistici-al-1-gennaio-2018-2/","license":"CC BY 4.0","license_url":"https://creativecommons.org/licenses/by/4.0/","source_sha256":"b011a590656c3a3ebc297fba80726a376aa843b6f164641cf6a4a990021a81d6","transform":"Generalized ISTAT municipality boundaries: Lazio subsets, WGS84 UTM32N to EPSG:4326, coordinates rounded to 6 decimals. Not legal/cadastral boundaries."},"features":[{"type":"Feature","id":"057001","properties":{"istat":"057001","name":"Accumoli","province":"RI","label":[42.69257,13.235936]},"geometry":{"type":"Polygon","coordinates":[[[13.284131,42.739843],[13.287952,42.738538],[13.290365,42.733584],[13.291099,42.732978],[13.292298,42.732005],[13.292747,42.73166],[13.293654,42.731072],[13.294571,42.730614],[13.29666,42.729726],[13.297311,42.729575],[13.297874,42.729514],[13.298629,42.729537],[13.299436,42.729607],[13.300156,42.72967],[13.30132,42.729492],[13.302106,42.729368],[13.304446,42.728962],[13.306499,42.728577],[13.307704,42.728342],[13.308612,42.728132],[13.309043,42.728016],[13.309424,42.727908],[13.309876,42.727766],[13.310474,42.727509],[13.316939,42.724194],[13.318451,42.723394],[13.323486,42.718743],[13.327272,42.713756],[13.331326,42.709645],[13.341935,42.701469],[13.355628,42.695066],[13.357756,42.694098],[13.350885,42.682408],[13.35047,42.682999],[13.349738,42.683909],[13.348988,42.68459],[13.348376,42.685113],[13.333169,42.691889],[13.332442,42.692178],[13.331301,42.692365],[13.330015,42.6925],[13.309453,42.694533],[13.306499,42.694495],[13.300388,42.693839],[13.300015,42.693772],[13.299452,42.693671],[13.297518,42.693223],[13.296591,42.692991],[13.295953,42.692641],[13.289761,42.688304],[13.282076,42.682785],[13.268374,42.67998],[13.26695,42.678927],[13.263216,42.672371],[13.262963,42.671809],[13.263007,42.671109],[13.263552,42.668595],[13.263965,42.666918],[13.264778,42.66357],[13.264838,42.663045],[13.264843,42.662985],[13.26487,42.661603],[13.264823,42.661065],[13.264739,42.660927],[13.264462,42.660476],[13.262966,42.659005],[13.26117,42.657617],[13.258141,42.657461],[13.257381,42.657579],[13.250982,42.659551],[13.24982,42.663515],[13.249681,42.665015],[13.248029,42.666926],[13.247173,42.666994],[13.243301,42.666278],[13.241481,42.6659],[13.233857,42.661478],[13.233203,42.660899],[13.231433,42.659195],[13.220582,42.652087],[13.210763,42.647367],[13.203013,42.644339],[13.185779,42.646551],[13.175312,42.64823],[13.173192,42.648573],[13.171911,42.648989],[13.171108,42.649784],[13.170383,42.650818],[13.167476,42.652554],[13.160337,42.656239],[13.164711,42.659034],[13.165596,42.659628],[13.168406,42.66161],[13.173554,42.665375],[13.173769,42.665642],[13.174141,42.666105],[13.17426,42.667388],[13.174149,42.668319],[13.178253,42.676822],[13.179466,42.683404],[13.17885,42.683318],[13.178254,42.683246],[13.177549,42.683181],[13.176684,42.683114],[13.175895,42.683138],[13.17553,42.683438],[13.175507,42.683459],[13.17534,42.683612],[13.175259,42.683687],[13.174978,42.683949],[13.174959,42.683972],[13.174481,42.684645],[13.174463,42.68467],[13.173959,42.685385],[13.173944,42.685411],[13.173589,42.686099],[13.173315,42.686812],[13.173311,42.686839],[13.17332,42.687024],[13.173335,42.687314],[13.173529,42.687733],[13.173671,42.688041],[13.174789,42.690285],[13.175413,42.691521],[13.176633,42.693628],[13.176998,42.69417],[13.177089,42.694305],[13.18265,42.700669],[13.189238,42.708077],[13.189566,42.708465],[13.190029,42.709016],[13.19054,42.709915],[13.190642,42.710224],[13.190715,42.710445],[13.190797,42.710919],[13.190798,42.710945],[13.1908,42.711675],[13.190798,42.711702],[13.190661,42.712724],[13.190656,42.712752],[13.190373,42.713901],[13.190366,42.713928],[13.190006,42.715183],[13.189997,42.715211],[13.188855,42.718237],[13.188505,42.729073],[13.18921,42.733587],[13.195635,42.734257],[13.205373,42.731984],[13.207094,42.730874],[13.213659,42.729893],[13.223486,42.728424],[13.239212,42.726117],[13.250645,42.723301],[13.253844,42.721572],[13.254153,42.72145],[13.254432,42.721485],[13.254949,42.721752],[13.256638,42.723345],[13.257089,42.723819],[13.257432,42.724211],[13.259674,42.727486],[13.260006,42.729625],[13.261238,42.734068],[13.263366,42.738323],[13.26353,42.738632],[13.263577,42.738721],[13.264358,42.739978],[13.264502,42.740181],[13.279263,42.740858],[13.284131,42.739843]]]}},{"type":"Feature","id":"057002","properties":{"istat":"057002","name":"Amatrice","province":"RI","label":[42.63208,13.290816]},"geometry":{"type":"Polygon","coordinates":[[[13.330015,42.6925],[13.331301,42.692365],[13.332442,42.692178],[13.333169,42.691889],[13.348376,42.685113],[13.348988,42.68459],[13.349738,42.683909],[13.35047,42.682999],[13.350885,42.682408],[13.349802,42.6771],[13.349298,42.673554],[13.348794,42.668612],[13.351474,42.667445],[13.355059,42.665695],[13.355916,42.665113],[13.35719,42.664006],[13.35773,42.663419],[13.359565,42.660887],[13.360331,42.659142],[13.363519,42.655952],[13.368603,42.651669],[13.372617,42.649359],[13.376759,42.649867],[13.382389,42.649605],[13.402804,42.644578],[13.408283,42.642864],[13.409399,42.640177],[13.409088,42.636092],[13.405403,42.62832],[13.399705,42.624344],[13.397561,42.622855],[13.396874,42.622495],[13.394681,42.621701],[13.395447,42.618035],[13.39283,42.610742],[13.392234,42.610408],[13.391905,42.610224],[13.39139,42.609813],[13.391272,42.609719],[13.391227,42.609674],[13.390678,42.609116],[13.39061,42.608986],[13.390352,42.608492],[13.38917,42.602316],[13.391035,42.593309],[13.393314,42.591741],[13.393966,42.591291],[13.394013,42.591259],[13.391008,42.590339],[13.384466,42.585974],[13.383575,42.582776],[13.381781,42.581013],[13.381305,42.580947],[13.380626,42.580925],[13.380285,42.580914],[13.373878,42.580851],[13.359234,42.578275],[13.355045,42.577331],[13.344618,42.575801],[13.336526,42.577633],[13.321679,42.578625],[13.318316,42.576554],[13.313567,42.574631],[13.311938,42.574015],[13.309022,42.5733],[13.307617,42.572974],[13.300415,42.572101],[13.297308,42.571116],[13.296604,42.570694],[13.295385,42.570247],[13.293282,42.56954],[13.293115,42.569608],[13.293001,42.569655],[13.292725,42.569772],[13.292274,42.569963],[13.29126,42.570537],[13.286506,42.577242],[13.286131,42.577894],[13.285803,42.578466],[13.28535,42.579415],[13.284893,42.580517],[13.284462,42.581609],[13.282572,42.582488],[13.27936,42.583263],[13.27878,42.583343],[13.278209,42.583423],[13.262829,42.583066],[13.253326,42.581182],[13.251797,42.578826],[13.249531,42.576191],[13.248405,42.575031],[13.245935,42.572706],[13.245853,42.572723],[13.244805,42.572945],[13.244256,42.573061],[13.239709,42.57403],[13.235688,42.574914],[13.23433,42.575559],[13.234033,42.5757],[13.232803,42.576556],[13.231604,42.57759],[13.230612,42.578648],[13.219112,42.582434],[13.198217,42.586436],[13.191363,42.587518],[13.188889,42.592325],[13.181521,42.607212],[13.178611,42.615467],[13.175847,42.625757],[13.173613,42.63584],[13.170216,42.640637],[13.168939,42.64135],[13.168369,42.642519],[13.168019,42.643612],[13.167765,42.644796],[13.167158,42.649703],[13.16721,42.650407],[13.16732,42.651632],[13.167476,42.652554],[13.170383,42.650818],[13.171108,42.649784],[13.171911,42.648989],[13.173192,42.648573],[13.175312,42.64823],[13.185779,42.646551],[13.203013,42.644339],[13.210763,42.647367],[13.220582,42.652087],[13.231433,42.659195],[13.233203,42.660899],[13.233857,42.661478],[13.241481,42.6659],[13.243301,42.666278],[13.247173,42.666994],[13.248029,42.666926],[13.249681,42.665015],[13.24982,42.663515],[13.250982,42.659551],[13.257381,42.657579],[13.258141,42.657461],[13.26117,42.657617],[13.262966,42.659005],[13.264462,42.660476],[13.264739,42.660927],[13.264823,42.661065],[13.26487,42.661603],[13.264843,42.662985],[13.264838,42.663045],[13.264778,42.66357],[13.263965,42.666918],[13.263552,42.668595],[13.263007,42.671109],[13.262963,42.671809],[13.263216,42.672371],[13.26695,42.678927],[13.268374,42.67998],[13.282076,42.682785],[13.289761,42.688304],[13.295953,42.692641],[13.296591,42.692991],[13.297518,42.693223],[13.299452,42.693671],[13.300015,42.693772],[13.300388,42.693839],[13.306499,42.694495],[13.309453,42.694533],[13.330015,42.6925]]]}},{"type":"Feature","id":"057003","properties":{"istat":"057003","name":"Antrodoco","province":"RI","label":[42.402034,13.134864]},"geometry":{"type":"Polygon","coordinates":[[[13.173186,42.40673],[13.176324,42.406248],[13.189202,42.40022],[13.189806,42.396251],[13.192653,42.391635],[13.19321,42.390732],[13.193939,42.389549],[13.194158,42.389194],[13.193938,42.38882],[13.189398,42.381111],[13.187169,42.379874],[13.185731,42.379076],[13.171845,42.371368],[13.169506,42.37007],[13.166259,42.36758],[13.165586,42.367061],[13.159102,42.361634],[13.153349,42.356994],[13.152946,42.357209],[13.152621,42.357381],[13.151582,42.357869],[13.148582,42.359278],[13.147155,42.35992],[13.143592,42.361332],[13.139745,42.362691],[13.13057,42.365154],[13.112556,42.367786],[13.100589,42.365924],[13.100192,42.365421],[13.097156,42.363434],[13.096739,42.363197],[13.095161,42.362301],[13.09349,42.361744],[13.089554,42.360588],[13.087939,42.360209],[13.087141,42.360107],[13.086749,42.36011],[13.085792,42.360119],[13.085451,42.366956],[13.081998,42.381427],[13.081072,42.382725],[13.079266,42.384991],[13.075963,42.386927],[13.0751,42.387032],[13.074866,42.387061],[13.073849,42.387358],[13.073387,42.387757],[13.073026,42.388463],[13.073924,42.392033],[13.074721,42.392608],[13.076653,42.3938],[13.080029,42.395057],[13.082038,42.395656],[13.082735,42.395928],[13.083267,42.396432],[13.084947,42.398686],[13.085321,42.399231],[13.085867,42.400026],[13.086157,42.400497],[13.086086,42.40082],[13.085836,42.40104],[13.082969,42.403029],[13.079271,42.404741],[13.076412,42.405252],[13.072019,42.406647],[13.06439,42.409723],[13.062301,42.413254],[13.063742,42.417367],[13.061794,42.421016],[13.061022,42.422002],[13.065625,42.424513],[13.070552,42.426728],[13.075575,42.428834],[13.090526,42.435555],[13.098032,42.439356],[13.100365,42.440601],[13.106441,42.444709],[13.106738,42.444937],[13.107249,42.445342],[13.107641,42.445693],[13.108026,42.446201],[13.108372,42.447625],[13.116168,42.44391],[13.121507,42.442052],[13.130459,42.437368],[13.138654,42.431308],[13.142899,42.428034],[13.15007,42.420509],[13.15381,42.416298],[13.155167,42.414216],[13.158797,42.412174],[13.160106,42.411456],[13.16177,42.410693],[13.168968,42.407621],[13.173186,42.40673]]]}},{"type":"Feature","id":"057004","properties":{"istat":"057004","name":"Ascrea","province":"RI","label":[42.246658,12.95715]},"geometry":{"type":"MultiPolygon","coordinates":[[[[13.032866,42.196692],[13.032919,42.19615],[13.032913,42.196047],[13.032894,42.195754],[13.032256,42.193272],[13.031988,42.192225],[13.030616,42.190752],[13.029329,42.19009],[13.026564,42.189063],[13.024476,42.18868],[13.02395,42.188591],[13.023379,42.188665],[13.022852,42.188873],[13.0222,42.189193],[13.021619,42.189569],[13.019994,42.1989],[13.031488,42.198928],[13.032866,42.196692]]],[[[12.998794,42.203558],[12.998507,42.202038],[12.998297,42.200623],[12.998787,42.199984],[12.99932,42.199295],[13.001587,42.196527],[13.000995,42.196518],[13.000126,42.196395],[12.990542,42.19347],[12.986107,42.191229],[12.983503,42.189753],[12.98257,42.18789],[12.982938,42.186554],[12.985511,42.18297],[12.987674,42.180829],[12.987977,42.178513],[12.987142,42.177345],[12.983827,42.177284],[12.977088,42.175619],[12.975743,42.174858],[12.971594,42.173981],[12.969235,42.173573],[12.969883,42.174887],[12.970306,42.175669],[12.970416,42.175864],[12.970592,42.176177],[12.971134,42.177018],[12.971413,42.177733],[12.969483,42.183977],[12.972933,42.191574],[12.975886,42.19829],[12.974397,42.201491],[12.977233,42.204853],[12.980084,42.207758],[12.980593,42.208092],[12.981299,42.208374],[12.982579,42.208883],[12.989556,42.211193],[12.991494,42.21085],[12.997631,42.210605],[12.998794,42.203558]]],[[[12.956063,42.257667],[12.958928,42.257528],[12.96017,42.257404],[12.966039,42.255431],[12.968677,42.254458],[12.976947,42.252091],[12.979999,42.251444],[12.980253,42.250711],[12.979282,42.242749],[12.977998,42.238328],[12.975047,42.233833],[12.972905,42.234497],[12.972112,42.235027],[12.960702,42.24171],[12.954389,42.240104],[12.950766,42.23855],[12.95071,42.238202],[12.95056,42.237819],[12.950329,42.237471],[12.95014,42.237315],[12.947121,42.236271],[12.946881,42.236217],[12.946686,42.236174],[12.946311,42.236254],[12.935047,42.241936],[12.936543,42.243987],[12.932538,42.249329],[12.934585,42.251987],[12.935158,42.256325],[12.936083,42.256974],[12.936722,42.257087],[12.93753,42.257198],[12.944969,42.257739],[12.956063,42.257667]]]]}},{"type":"Feature","id":"057005","properties":{"istat":"057005","name":"Belmonte in Sabina","province":"RI","label":[42.331817,12.875655]},"geometry":{"type":"Polygon","coordinates":[[[12.871313,42.369185],[12.872001,42.368892],[12.87331,42.368118],[12.873928,42.367746],[12.874502,42.367299],[12.884441,42.356751],[12.887038,42.351647],[12.887886,42.349914],[12.888877,42.347241],[12.888749,42.342469],[12.887529,42.339471],[12.887396,42.339129],[12.887237,42.338567],[12.887232,42.337117],[12.887318,42.33657],[12.887541,42.336116],[12.897068,42.327085],[12.901147,42.326031],[12.902583,42.325799],[12.906703,42.316016],[12.906436,42.313549],[12.906944,42.307012],[12.908261,42.303172],[12.908775,42.302687],[12.909248,42.301932],[12.9097,42.301111],[12.910248,42.298481],[12.909381,42.297178],[12.905392,42.293456],[12.896496,42.287397],[12.890942,42.288473],[12.887115,42.291214],[12.877976,42.287567],[12.875132,42.290468],[12.869541,42.299085],[12.869625,42.299834],[12.869481,42.303747],[12.868,42.308438],[12.865289,42.316845],[12.864368,42.318988],[12.861264,42.32535],[12.860027,42.327094],[12.859701,42.327518],[12.858558,42.338047],[12.857997,42.342048],[12.857468,42.344801],[12.857057,42.345832],[12.85993,42.354978],[12.860506,42.355917],[12.861614,42.358424],[12.862159,42.35976],[12.862485,42.36083],[12.862683,42.3618],[12.862388,42.36828],[12.862195,42.368889],[12.862044,42.369187],[12.861281,42.373098],[12.871313,42.369185]]]}},{"type":"Feature","id":"057006","properties":{"istat":"057006","name":"Borbona","province":"RI","label":[42.492081,13.141563]},"geometry":{"type":"Polygon","coordinates":[[[13.156638,42.53781],[13.15776,42.528434],[13.162821,42.520675],[13.166879,42.515545],[13.173265,42.514475],[13.176456,42.513515],[13.177445,42.51303],[13.177769,42.512636],[13.177783,42.50975],[13.177638,42.508891],[13.1774,42.507842],[13.174373,42.496255],[13.171985,42.48778],[13.171535,42.486081],[13.171405,42.485122],[13.171467,42.48471],[13.171587,42.48391],[13.17172,42.483158],[13.172167,42.482786],[13.175167,42.480853],[13.176697,42.480117],[13.17842,42.479339],[13.171163,42.474233],[13.156303,42.463897],[13.154332,42.462526],[13.154053,42.462332],[13.15306,42.463083],[13.139972,42.462724],[13.133377,42.458357],[13.126509,42.452647],[13.126244,42.452425],[13.116168,42.44391],[13.108372,42.447625],[13.102892,42.450721],[13.10265,42.453516],[13.102377,42.454503],[13.101855,42.454855],[13.098171,42.456423],[13.097381,42.460453],[13.094352,42.469687],[13.093154,42.479485],[13.093358,42.483962],[13.093471,42.484696],[13.093533,42.48485],[13.093652,42.48514],[13.094905,42.486329],[13.095496,42.486474],[13.096275,42.486496],[13.098419,42.486793],[13.102487,42.487493],[13.104641,42.48788],[13.106612,42.488651],[13.108273,42.49009],[13.111585,42.494073],[13.111976,42.494824],[13.112423,42.495771],[13.112052,42.496293],[13.11175,42.496687],[13.110707,42.498174],[13.109383,42.500499],[13.107725,42.503436],[13.106605,42.50547],[13.106269,42.506085],[13.106242,42.506582],[13.106296,42.507241],[13.106323,42.507412],[13.10656,42.508911],[13.107009,42.511412],[13.107241,42.512448],[13.107685,42.514422],[13.107729,42.51781],[13.106402,42.522265],[13.106101,42.52296],[13.105586,42.523465],[13.103996,42.524773],[13.111308,42.529539],[13.113834,42.52975],[13.117934,42.531052],[13.120708,42.531992],[13.1232,42.532879],[13.128842,42.534994],[13.131185,42.536107],[13.13979,42.539002],[13.150881,42.54009],[13.154246,42.540278],[13.155802,42.540051],[13.156638,42.53781]]]}},{"type":"Feature","id":"057008","properties":{"istat":"057008","name":"Borgo Velino","province":"RI","label":[42.403885,13.063858]},"geometry":{"type":"Polygon","coordinates":[[[13.002177,42.446701],[13.018337,42.445469],[13.021372,42.444821],[13.025646,42.443884],[13.026352,42.443152],[13.030851,42.437646],[13.038113,42.433239],[13.050683,42.429337],[13.051539,42.428371],[13.05141,42.425102],[13.051195,42.424592],[13.050669,42.424305],[13.049564,42.423835],[13.048567,42.423465],[13.048368,42.423238],[13.055381,42.422468],[13.061022,42.422002],[13.061794,42.421016],[13.063742,42.417367],[13.062301,42.413254],[13.06439,42.409723],[13.072019,42.406647],[13.076412,42.405252],[13.079271,42.404741],[13.082969,42.403029],[13.085836,42.40104],[13.086086,42.40082],[13.086157,42.400497],[13.085867,42.400026],[13.085321,42.399231],[13.084947,42.398686],[13.083267,42.396432],[13.082735,42.395928],[13.082038,42.395656],[13.080029,42.395057],[13.076653,42.3938],[13.074721,42.392608],[13.073924,42.392033],[13.073026,42.388463],[13.073387,42.387757],[13.073849,42.387358],[13.074866,42.387061],[13.0751,42.387032],[13.075963,42.386927],[13.079266,42.384991],[13.081072,42.382725],[13.081998,42.381427],[13.085451,42.366956],[13.085792,42.360119],[13.078931,42.360148],[13.071017,42.367205],[13.069184,42.371088],[13.068853,42.37168],[13.068815,42.371695],[13.068432,42.371853],[13.067856,42.372049],[13.067503,42.371994],[13.06737,42.371972],[13.060142,42.370144],[13.058781,42.36976],[13.057036,42.369236],[13.056305,42.368891],[13.055193,42.368365],[13.055114,42.368322],[13.053175,42.367253],[13.047404,42.373215],[13.048865,42.373087],[13.049277,42.373131],[13.055664,42.377587],[13.059028,42.383815],[13.059218,42.384349],[13.059183,42.384714],[13.058608,42.38523],[13.057763,42.385854],[13.056198,42.386954],[13.050483,42.394234],[13.047027,42.402622],[13.040783,42.420922],[13.034887,42.426753],[13.033409,42.428151],[13.032562,42.428635],[13.0318,42.429068],[13.02822,42.430471],[13.026118,42.430943],[13.014195,42.43418],[13.013983,42.434336],[13.009226,42.438288],[13.000898,42.442879],[12.995996,42.445564],[12.994694,42.446181],[12.99554,42.446286],[13.002177,42.446701]]]}},{"type":"Feature","id":"057007","properties":{"istat":"057007","name":"Borgorose","province":"RI","label":[42.201543,13.262833]},"geometry":{"type":"Polygon","coordinates":[[[13.299792,42.230626],[13.301795,42.230497],[13.303625,42.230513],[13.305841,42.230592],[13.318039,42.229853],[13.319936,42.229638],[13.321366,42.229161],[13.322375,42.228591],[13.323325,42.227912],[13.326281,42.225171],[13.326837,42.224317],[13.327092,42.223831],[13.32714,42.223753],[13.327853,42.223633],[13.330798,42.223138],[13.333058,42.222758],[13.335619,42.222404],[13.33741,42.220284],[13.338674,42.215467],[13.333552,42.211348],[13.333137,42.211014],[13.33302,42.210746],[13.331894,42.208179],[13.341474,42.198413],[13.347723,42.194286],[13.35203,42.191448],[13.353759,42.19178],[13.360702,42.190842],[13.370406,42.188687],[13.374307,42.187049],[13.379888,42.180445],[13.369967,42.180267],[13.367563,42.180061],[13.365276,42.179555],[13.36327,42.178929],[13.36116,42.178172],[13.360152,42.177613],[13.347429,42.175949],[13.34359,42.176763],[13.342368,42.176811],[13.342496,42.176712],[13.343596,42.175859],[13.344896,42.174853],[13.349175,42.171542],[13.353546,42.168158],[13.354568,42.167368],[13.353959,42.166716],[13.352569,42.166222],[13.351636,42.165969],[13.350753,42.165728],[13.348573,42.165298],[13.347067,42.165054],[13.344833,42.164788],[13.341252,42.165362],[13.338741,42.165905],[13.333286,42.166308],[13.32727,42.163859],[13.323194,42.161413],[13.322721,42.161037],[13.32316,42.160431],[13.324464,42.159522],[13.3263,42.158285],[13.328114,42.155314],[13.328321,42.154684],[13.327442,42.154087],[13.322209,42.152543],[13.321011,42.153218],[13.319101,42.153957],[13.318655,42.154009],[13.318425,42.154023],[13.318126,42.153966],[13.317788,42.153851],[13.317481,42.153654],[13.31169,42.149185],[13.311258,42.148809],[13.310884,42.148423],[13.310308,42.147738],[13.309657,42.14692],[13.307745,42.143413],[13.307229,42.142331],[13.305291,42.138256],[13.297825,42.136375],[13.2849,42.134276],[13.277784,42.13745],[13.269506,42.137546],[13.257624,42.131813],[13.256753,42.131277],[13.256541,42.131147],[13.255004,42.130276],[13.248777,42.127427],[13.248017,42.127443],[13.246826,42.127613],[13.237228,42.129131],[13.236757,42.130341],[13.236448,42.131018],[13.236105,42.131607],[13.23566,42.13233],[13.232045,42.135778],[13.227315,42.140103],[13.223349,42.143336],[13.222374,42.143688],[13.221035,42.14395],[13.219391,42.144218],[13.216405,42.144688],[13.212637,42.145691],[13.205749,42.14842],[13.205697,42.148441],[13.202132,42.15097],[13.201102,42.151706],[13.200597,42.152071],[13.199456,42.153031],[13.198272,42.154223],[13.196497,42.15621],[13.196059,42.156744],[13.195411,42.157794],[13.193897,42.158205],[13.183278,42.158882],[13.183311,42.159104],[13.183491,42.160307],[13.183606,42.16108],[13.183268,42.161453],[13.181797,42.163065],[13.18154,42.163342],[13.18075,42.164141],[13.180622,42.164269],[13.180264,42.164525],[13.178751,42.165355],[13.178299,42.165475],[13.176371,42.166423],[13.171962,42.169394],[13.172076,42.171815],[13.178924,42.181254],[13.17977,42.183843],[13.180015,42.184586],[13.18048,42.185672],[13.181069,42.186681],[13.18264,42.188902],[13.182885,42.189231],[13.183579,42.189917],[13.185223,42.19135],[13.186444,42.192216],[13.187563,42.192983],[13.188971,42.194073],[13.189588,42.194928],[13.188348,42.198521],[13.186177,42.204566],[13.185855,42.205221],[13.184316,42.20831],[13.182512,42.210678],[13.188838,42.213139],[13.196322,42.213671],[13.196648,42.213699],[13.196969,42.213922],[13.197323,42.214269],[13.198985,42.216747],[13.198741,42.217643],[13.196212,42.222638],[13.193825,42.229443],[13.193829,42.229721],[13.194016,42.229989],[13.1986,42.232174],[13.202138,42.23386],[13.20374,42.234499],[13.221389,42.24633],[13.225206,42.249025],[13.227558,42.252503],[13.228634,42.256484],[13.234804,42.26378],[13.242556,42.268892],[13.243172,42.269708],[13.248492,42.267794],[13.25581,42.26516],[13.256097,42.26504],[13.256656,42.264804],[13.269816,42.255056],[13.274693,42.245202],[13.274312,42.244323],[13.274453,42.243836],[13.274512,42.243633],[13.275646,42.24247],[13.276661,42.241667],[13.282823,42.236934],[13.29238,42.232371],[13.297224,42.231078],[13.299792,42.230626]]]}},{"type":"Feature","id":"057009","properties":{"istat":"057009","name":"Cantalice","province":"RI","label":[42.481495,12.924655]},"geometry":{"type":"Polygon","coordinates":[[[12.933479,42.516815],[12.93913,42.511119],[12.939731,42.510241],[12.940848,42.509155],[12.941497,42.508773],[12.943145,42.507875],[12.949269,42.505214],[12.950057,42.504913],[12.950923,42.504856],[12.952103,42.505081],[12.953502,42.505658],[12.954955,42.506585],[12.95582,42.506969],[12.956498,42.507099],[12.961707,42.507819],[12.96229,42.507866],[12.962972,42.507869],[12.963881,42.507635],[12.964998,42.507313],[12.965809,42.507073],[12.967374,42.506453],[12.968534,42.505619],[12.972245,42.502728],[12.973004,42.501764],[12.974161,42.499715],[12.974502,42.498781],[12.974258,42.496831],[12.973598,42.495796],[12.972928,42.492452],[12.974659,42.488169],[12.975497,42.48637],[12.976211,42.485693],[12.977025,42.485047],[12.978143,42.484654],[12.983532,42.482417],[12.989837,42.477376],[12.994593,42.473199],[12.989695,42.467369],[12.987676,42.467367],[12.985507,42.467114],[12.979545,42.466399],[12.975707,42.465861],[12.975277,42.465822],[12.974807,42.465778],[12.974458,42.465747],[12.968654,42.4658],[12.967947,42.465869],[12.966396,42.466436],[12.96597,42.466807],[12.96358,42.468888],[12.961682,42.471502],[12.95893,42.473331],[12.952102,42.476763],[12.946957,42.477481],[12.942129,42.478012],[12.939493,42.47781],[12.935002,42.476839],[12.934083,42.476596],[12.932029,42.476032],[12.931359,42.475799],[12.929812,42.475158],[12.928327,42.474331],[12.926981,42.473522],[12.920676,42.46957],[12.918236,42.467708],[12.917067,42.466708],[12.916858,42.466468],[12.916243,42.46562],[12.916041,42.465154],[12.915445,42.46368],[12.9119,42.456179],[12.908882,42.450212],[12.904568,42.44549],[12.90371,42.445073],[12.898994,42.44577],[12.898571,42.445843],[12.898095,42.44603],[12.897618,42.446317],[12.895779,42.447752],[12.894093,42.449088],[12.893536,42.449832],[12.893069,42.450213],[12.877634,42.448967],[12.876492,42.448551],[12.875638,42.448235],[12.875237,42.448085],[12.869623,42.448937],[12.86583,42.453535],[12.865299,42.455102],[12.86639,42.455777],[12.866507,42.455782],[12.866675,42.455789],[12.866775,42.4558],[12.867823,42.455922],[12.868193,42.456062],[12.868402,42.456186],[12.868581,42.456508],[12.868791,42.456911],[12.868909,42.457264],[12.869089,42.457842],[12.869294,42.458582],[12.869633,42.460119],[12.869715,42.460769],[12.869748,42.461228],[12.868327,42.471108],[12.868055,42.472234],[12.867911,42.472707],[12.867638,42.473346],[12.867386,42.473823],[12.864071,42.47904],[12.862717,42.481035],[12.866532,42.481955],[12.87337,42.483248],[12.888766,42.485384],[12.903467,42.488202],[12.907755,42.490225],[12.907457,42.493934],[12.914439,42.498173],[12.919666,42.500722],[12.921797,42.501603],[12.923634,42.503103],[12.927487,42.507872],[12.92819,42.509244],[12.928246,42.509761],[12.928273,42.51002],[12.928257,42.510922],[12.928237,42.511471],[12.927904,42.512725],[12.927384,42.513734],[12.927107,42.514693],[12.926952,42.515282],[12.926896,42.515614],[12.92695,42.517229],[12.927042,42.517455],[12.927201,42.517747],[12.927465,42.518012],[12.928038,42.518402],[12.92825,42.518475],[12.928449,42.518528],[12.928714,42.518559],[12.933479,42.516815]]]}},{"type":"Feature","id":"057010","properties":{"istat":"057010","name":"Cantalupo in Sabina","province":"RI","label":[42.307884,12.645937]},"geometry":{"type":"Polygon","coordinates":[[[12.637453,42.329574],[12.638691,42.327934],[12.642701,42.323341],[12.648408,42.319319],[12.65836,42.315053],[12.661855,42.3121],[12.661601,42.310129],[12.658431,42.301027],[12.656657,42.296838],[12.657178,42.291313],[12.657369,42.289422],[12.657364,42.288918],[12.656481,42.287533],[12.655957,42.287023],[12.655919,42.286988],[12.652882,42.284514],[12.65218,42.28414],[12.651878,42.284096],[12.638449,42.282902],[12.639038,42.283671],[12.639589,42.284528],[12.639555,42.285114],[12.639543,42.285311],[12.639522,42.285678],[12.639382,42.286173],[12.638376,42.287439],[12.638196,42.287585],[12.637705,42.287979],[12.63671,42.288541],[12.624678,42.293761],[12.620336,42.291774],[12.616414,42.287739],[12.611988,42.287036],[12.609659,42.287699],[12.608406,42.29388],[12.608382,42.294191],[12.608657,42.294966],[12.60911,42.295802],[12.609597,42.296062],[12.609921,42.29615],[12.610197,42.296222],[12.611495,42.296556],[12.612511,42.295979],[12.61329,42.295589],[12.614031,42.295255],[12.614522,42.295105],[12.617638,42.294178],[12.618715,42.29391],[12.618998,42.294063],[12.620082,42.29465],[12.626209,42.299463],[12.627946,42.301983],[12.630471,42.30582],[12.631639,42.309947],[12.634415,42.324586],[12.633135,42.328858],[12.637453,42.329574]]]}},{"type":"Feature","id":"057011","properties":{"istat":"057011","name":"Casaprota","province":"RI","label":[42.249269,12.809199]},"geometry":{"type":"Polygon","coordinates":[[[12.835363,42.26985],[12.837428,42.269754],[12.839046,42.269596],[12.840293,42.269284],[12.841357,42.268965],[12.842559,42.268546],[12.841315,42.264208],[12.838207,42.255488],[12.833644,42.251372],[12.832332,42.251115],[12.831571,42.250694],[12.829874,42.247843],[12.828184,42.244824],[12.82635,42.24105],[12.823763,42.234491],[12.821589,42.231138],[12.820709,42.230793],[12.820061,42.231198],[12.818049,42.232192],[12.814367,42.233233],[12.807921,42.23399],[12.799372,42.232674],[12.798207,42.231699],[12.795953,42.233057],[12.794359,42.233245],[12.78862,42.231702],[12.781415,42.230868],[12.779511,42.230819],[12.778666,42.230833],[12.777672,42.233616],[12.772006,42.236874],[12.770613,42.236532],[12.768512,42.23666],[12.766712,42.236841],[12.76609,42.237982],[12.765957,42.238685],[12.765762,42.240397],[12.765716,42.241043],[12.764116,42.243051],[12.765009,42.245617],[12.769158,42.244779],[12.775229,42.243809],[12.775738,42.24381],[12.776465,42.243822],[12.777413,42.244102],[12.778348,42.244408],[12.780743,42.245527],[12.784971,42.247679],[12.793666,42.252789],[12.794865,42.253866],[12.796623,42.255586],[12.796879,42.255888],[12.796961,42.256322],[12.796975,42.256619],[12.800778,42.258798],[12.810018,42.262588],[12.817721,42.265654],[12.830583,42.269587],[12.833558,42.269798],[12.835363,42.26985]]]}},{"type":"Feature","id":"057012","properties":{"istat":"057012","name":"Casperia","province":"RI","label":[42.342019,12.681253]},"geometry":{"type":"Polygon","coordinates":[[[12.716692,42.370919],[12.717925,42.370694],[12.724467,42.369473],[12.725734,42.368707],[12.727674,42.36748],[12.728742,42.366804],[12.730956,42.364305],[12.731937,42.362382],[12.732638,42.360423],[12.732681,42.359919],[12.732722,42.359426],[12.732725,42.358885],[12.732363,42.357614],[12.727816,42.350882],[12.724437,42.34641],[12.724052,42.344329],[12.721512,42.347081],[12.715699,42.348208],[12.701697,42.33679],[12.697479,42.331346],[12.695118,42.328189],[12.693875,42.327014],[12.690553,42.32491],[12.688742,42.324019],[12.687822,42.324269],[12.687356,42.324406],[12.684389,42.325568],[12.683972,42.325745],[12.68374,42.325844],[12.682168,42.327175],[12.6747,42.325375],[12.669877,42.323366],[12.666126,42.320265],[12.665257,42.318195],[12.66351,42.314564],[12.661855,42.3121],[12.65836,42.315053],[12.648408,42.319319],[12.642701,42.323341],[12.638691,42.327934],[12.637453,42.329574],[12.639082,42.329867],[12.640324,42.330164],[12.640886,42.330299],[12.642054,42.330578],[12.642559,42.330708],[12.643845,42.331039],[12.644338,42.331176],[12.645065,42.331513],[12.652161,42.337895],[12.654095,42.341324],[12.654698,42.342714],[12.654901,42.343471],[12.655136,42.344348],[12.655302,42.346037],[12.655383,42.346856],[12.655377,42.348896],[12.655376,42.348977],[12.654465,42.352914],[12.653587,42.356913],[12.65503,42.358498],[12.658126,42.360879],[12.658641,42.361078],[12.659033,42.361012],[12.659754,42.360885],[12.660366,42.360717],[12.663852,42.361398],[12.66659,42.362184],[12.66751,42.362591],[12.66879,42.363455],[12.675066,42.364099],[12.685589,42.36364],[12.691841,42.364344],[12.700741,42.366379],[12.712623,42.370569],[12.713223,42.370743],[12.714855,42.370965],[12.71612,42.370937],[12.716692,42.370919]]]}},{"type":"Feature","id":"057015","properties":{"istat":"057015","name":"Castel Sant'Angelo","province":"RI","label":[42.406381,13.015556]},"geometry":{"type":"Polygon","coordinates":[[[13.047027,42.402622],[13.050483,42.394234],[13.056198,42.386954],[13.057763,42.385854],[13.058608,42.38523],[13.059183,42.384714],[13.059218,42.384349],[13.059028,42.383815],[13.055664,42.377587],[13.049277,42.373131],[13.048865,42.373087],[13.047404,42.373215],[13.047297,42.373511],[13.044262,42.375032],[13.044004,42.375145],[13.040307,42.375725],[13.032955,42.3735],[13.024734,42.371097],[13.007812,42.366257],[13.006635,42.365452],[13.005812,42.36535],[13.001602,42.364889],[13.000606,42.364879],[12.999084,42.365013],[12.992897,42.365932],[12.992865,42.366149],[12.996778,42.377925],[12.992801,42.381917],[12.983491,42.391526],[12.983385,42.391641],[12.983065,42.391994],[12.982887,42.392243],[12.982607,42.392654],[12.981903,42.396005],[12.981786,42.396644],[12.981763,42.39696],[12.984043,42.40281],[12.986694,42.409952],[12.987378,42.411729],[12.98768,42.412191],[12.992369,42.416796],[12.993329,42.417379],[12.99361,42.417531],[12.994263,42.417648],[12.996584,42.417634],[12.998632,42.417455],[13.003354,42.424128],[13.008467,42.432323],[13.008443,42.432401],[13.008332,42.432769],[13.006025,42.43764],[13.00547,42.438294],[13.005132,42.438612],[13.004932,42.438781],[13.001481,42.441387],[12.997755,42.443709],[12.994143,42.446167],[12.994694,42.446181],[12.995996,42.445564],[13.000898,42.442879],[13.009226,42.438288],[13.013983,42.434336],[13.014195,42.43418],[13.026118,42.430943],[13.02822,42.430471],[13.0318,42.429068],[13.032562,42.428635],[13.033409,42.428151],[13.034887,42.426753],[13.040783,42.420922],[13.047027,42.402622]]]}},{"type":"Feature","id":"057013","properties":{"istat":"057013","name":"Castel di Tora","province":"RI","label":[42.206292,12.965439]},"geometry":{"type":"Polygon","coordinates":[[[12.975047,42.233833],[12.991725,42.230679],[13.000807,42.225494],[13.00366,42.221256],[13.003253,42.220934],[12.998559,42.218014],[12.997298,42.217707],[12.995574,42.217398],[12.991511,42.216784],[12.989814,42.212602],[12.989556,42.211193],[12.982579,42.208883],[12.981299,42.208374],[12.980593,42.208092],[12.980084,42.207758],[12.977233,42.204853],[12.974397,42.201491],[12.975886,42.19829],[12.972933,42.191574],[12.969483,42.183977],[12.971413,42.177733],[12.971134,42.177018],[12.970592,42.176177],[12.957649,42.179199],[12.956124,42.180675],[12.949548,42.188583],[12.942607,42.192018],[12.943188,42.192385],[12.943815,42.192868],[12.946531,42.196532],[12.949657,42.201329],[12.950014,42.201902],[12.952961,42.20773],[12.955399,42.212561],[12.952117,42.216159],[12.948959,42.221788],[12.949094,42.223579],[12.949975,42.223112],[12.951581,42.223059],[12.966702,42.229539],[12.967858,42.230103],[12.969263,42.230918],[12.970284,42.231585],[12.971214,42.232422],[12.97173,42.232921],[12.972297,42.233469],[12.972601,42.233981],[12.972905,42.234497],[12.975047,42.233833]]]}},{"type":"Feature","id":"057014","properties":{"istat":"057014","name":"Castelnuovo di Farfa","province":"RI","label":[42.232208,12.72833]},"geometry":{"type":"Polygon","coordinates":[[[12.734122,42.244373],[12.742871,42.242714],[12.744845,42.243114],[12.745423,42.243207],[12.753561,42.243719],[12.754282,42.241922],[12.755827,42.239223],[12.755982,42.23851],[12.756134,42.23749],[12.755352,42.233576],[12.752488,42.226174],[12.751938,42.224789],[12.751842,42.224547],[12.730966,42.218759],[12.726619,42.221125],[12.71738,42.225981],[12.7015,42.228549],[12.700832,42.228561],[12.700334,42.228568],[12.699405,42.228495],[12.698419,42.228315],[12.697914,42.228187],[12.698617,42.230839],[12.705944,42.233952],[12.711893,42.237467],[12.713726,42.23994],[12.714618,42.242094],[12.717942,42.244004],[12.73069,42.246808],[12.734122,42.244373]]]}},{"type":"Feature","id":"057016","properties":{"istat":"057016","name":"Cittaducale","province":"RI","label":[42.392141,12.940747]},"geometry":{"type":"Polygon","coordinates":[[[13.003354,42.424128],[12.998632,42.417455],[12.996584,42.417634],[12.994263,42.417648],[12.99361,42.417531],[12.993329,42.417379],[12.992369,42.416796],[12.98768,42.412191],[12.987378,42.411729],[12.986694,42.409952],[12.984043,42.40281],[12.981763,42.39696],[12.981786,42.396644],[12.981903,42.396005],[12.982607,42.392654],[12.982887,42.392243],[12.983065,42.391994],[12.983385,42.391641],[12.983491,42.391526],[12.992801,42.381917],[12.996778,42.377925],[12.992865,42.366149],[12.992897,42.365932],[12.999084,42.365013],[13.000606,42.364879],[13.001602,42.364889],[13.005812,42.36535],[13.006635,42.365452],[13.007812,42.366257],[13.024734,42.371097],[13.032955,42.3735],[13.040307,42.375725],[13.044004,42.375145],[13.044262,42.375032],[13.047297,42.373511],[13.047404,42.373215],[13.053175,42.367253],[13.052081,42.366503],[13.040947,42.357443],[13.029275,42.349382],[13.016347,42.344294],[13.006191,42.337996],[12.999665,42.338692],[12.999397,42.340975],[12.998785,42.341593],[12.998025,42.342077],[12.997433,42.342453],[12.994231,42.344235],[12.993256,42.344733],[12.991967,42.344232],[12.989911,42.343431],[12.981731,42.339961],[12.976903,42.338364],[12.972251,42.338067],[12.963666,42.348687],[12.961649,42.352502],[12.957264,42.353676],[12.950767,42.354103],[12.94498,42.354553],[12.941361,42.355148],[12.938032,42.355928],[12.934434,42.356781],[12.930771,42.357799],[12.929778,42.358102],[12.929274,42.358552],[12.927599,42.360263],[12.927043,42.360848],[12.926697,42.36127],[12.925664,42.362796],[12.925332,42.363298],[12.921931,42.369479],[12.919872,42.375771],[12.920075,42.376124],[12.919251,42.377561],[12.918848,42.378142],[12.917622,42.379242],[12.912346,42.38386],[12.905562,42.387214],[12.900429,42.389203],[12.898455,42.392039],[12.904252,42.399499],[12.903609,42.400638],[12.903381,42.401271],[12.903239,42.402392],[12.903108,42.404071],[12.903101,42.404162],[12.90303,42.405537],[12.90301,42.406203],[12.902995,42.406696],[12.903074,42.407472],[12.903163,42.40814],[12.903967,42.411912],[12.904572,42.413297],[12.91044,42.415756],[12.91302,42.416785],[12.914076,42.417163],[12.915257,42.417383],[12.921265,42.418825],[12.925628,42.419893],[12.931348,42.421443],[12.934459,42.42239],[12.941168,42.425696],[12.941948,42.426106],[12.942674,42.42654],[12.943287,42.427136],[12.943884,42.427786],[12.94466,42.428561],[12.947207,42.430494],[12.947351,42.430602],[12.948406,42.431394],[12.949002,42.431819],[12.949689,42.432097],[12.95451,42.43401],[12.957114,42.434809],[12.958627,42.435273],[12.959053,42.435369],[12.961438,42.435909],[12.963062,42.436092],[12.96469,42.436121],[12.965014,42.436109],[12.965142,42.436105],[12.9654,42.436096],[12.966062,42.436072],[12.966368,42.435989],[12.967746,42.435614],[12.968847,42.435294],[12.969595,42.434681],[12.97063,42.434019],[12.970745,42.433947],[12.971325,42.433581],[12.971459,42.43353],[12.971719,42.433432],[12.975225,42.432263],[12.975279,42.432268],[12.976455,42.432387],[12.976941,42.432436],[12.977487,42.432526],[12.978006,42.432611],[12.978212,42.432663],[12.97885,42.432829],[12.984967,42.435777],[12.989128,42.43835],[12.98916,42.438489],[12.98989,42.44112],[12.990568,42.442357],[12.991688,42.444213],[12.992212,42.444933],[12.992256,42.444981],[12.992825,42.44556],[12.993035,42.445735],[12.994143,42.446167],[12.997755,42.443709],[13.001481,42.441387],[13.004932,42.438781],[13.005132,42.438612],[13.00547,42.438294],[13.006025,42.43764],[13.008332,42.432769],[13.008443,42.432401],[13.008467,42.432323],[13.003354,42.424128]]]}},{"type":"Feature","id":"057017","properties":{"istat":"057017","name":"Cittareale","province":"RI","label":[42.59983,13.149886]},"geometry":{"type":"Polygon","coordinates":[[[13.139867,42.650497],[13.146551,42.646985],[13.154558,42.651048],[13.15704,42.652925],[13.157637,42.653412],[13.158486,42.654253],[13.160337,42.656239],[13.167476,42.652554],[13.16732,42.651632],[13.16721,42.650407],[13.167158,42.649703],[13.167765,42.644796],[13.168019,42.643612],[13.168369,42.642519],[13.168939,42.64135],[13.170216,42.640637],[13.173613,42.63584],[13.175847,42.625757],[13.178611,42.615467],[13.181521,42.607212],[13.188889,42.592325],[13.191363,42.587518],[13.192349,42.584042],[13.192425,42.582346],[13.192404,42.580168],[13.192274,42.577968],[13.19096,42.57702],[13.189307,42.575946],[13.18098,42.5707],[13.178978,42.569607],[13.177595,42.568991],[13.177498,42.568948],[13.176244,42.5685],[13.174909,42.567892],[13.174272,42.567513],[13.174232,42.565224],[13.174384,42.563733],[13.174558,42.562421],[13.174963,42.559773],[13.176057,42.552854],[13.173514,42.545449],[13.166591,42.540383],[13.158794,42.54],[13.155802,42.540051],[13.157102,42.546855],[13.15753,42.550085],[13.15658,42.550917],[13.1498,42.555309],[13.145889,42.557317],[13.143827,42.558339],[13.142036,42.559174],[13.138517,42.560377],[13.125141,42.565691],[13.119436,42.570241],[13.108393,42.582091],[13.108408,42.584301],[13.110435,42.586717],[13.1107,42.587631],[13.110766,42.592729],[13.11315,42.598892],[13.116044,42.600768],[13.116518,42.601188],[13.116582,42.601523],[13.116877,42.605501],[13.116297,42.617461],[13.116224,42.617945],[13.115985,42.618904],[13.112936,42.628616],[13.109266,42.633475],[13.10199,42.638009],[13.10512,42.639661],[13.10904,42.641888],[13.109529,42.642258],[13.11344,42.647199],[13.116766,42.653423],[13.116537,42.654188],[13.116107,42.655954],[13.116182,42.656539],[13.116682,42.656966],[13.116838,42.657099],[13.116936,42.657139],[13.118188,42.657653],[13.120091,42.65808],[13.126188,42.658603],[13.131079,42.65808],[13.139867,42.650497]]]}},{"type":"Feature","id":"057018","properties":{"istat":"057018","name":"Collalto Sabino","province":"RI","label":[42.158294,13.041152]},"geometry":{"type":"Polygon","coordinates":[[[13.057754,42.198302],[13.057351,42.197187],[13.057964,42.194567],[13.069438,42.187969],[13.080072,42.184008],[13.080566,42.184098],[13.081132,42.184168],[13.082967,42.184382],[13.083599,42.18431],[13.08489,42.183242],[13.08577,42.182166],[13.086432,42.180693],[13.086683,42.180013],[13.087073,42.178702],[13.087057,42.177871],[13.086899,42.177487],[13.08672,42.17536],[13.086724,42.175134],[13.086731,42.174803],[13.086742,42.17427],[13.086813,42.17321],[13.087635,42.172334],[13.089301,42.170893],[13.089686,42.170704],[13.093452,42.166494],[13.091499,42.165799],[13.089852,42.165277],[13.087962,42.164854],[13.087005,42.164906],[13.075979,42.167347],[13.073614,42.16939],[13.071229,42.170641],[13.07047,42.170954],[13.069891,42.171193],[13.068939,42.171447],[13.066454,42.171963],[13.065102,42.1722],[13.063926,42.171058],[13.063309,42.170251],[13.062122,42.169514],[13.060474,42.169306],[13.056523,42.169238],[13.055399,42.169226],[13.055234,42.166288],[13.05643,42.164075],[13.057026,42.162366],[13.057102,42.161507],[13.057119,42.161314],[13.057052,42.15915],[13.056263,42.156824],[13.053752,42.154621],[13.051661,42.151035],[13.051175,42.149882],[13.051137,42.149729],[13.051089,42.149529],[13.051235,42.149101],[13.051619,42.148821],[13.064485,42.140041],[13.072162,42.139494],[13.076812,42.139034],[13.074644,42.134444],[13.073677,42.132808],[13.073192,42.132082],[13.073099,42.131943],[13.073015,42.131889],[13.064886,42.126687],[13.057295,42.122869],[13.038997,42.117386],[13.030778,42.1221],[13.032231,42.123441],[13.032367,42.12359],[13.032535,42.123775],[13.032569,42.12428],[13.032593,42.124637],[13.032478,42.125231],[13.032125,42.125675],[13.030541,42.127244],[13.029271,42.12759],[13.027336,42.129139],[13.023672,42.133919],[13.021748,42.138826],[13.017507,42.141311],[13.022308,42.142889],[13.027483,42.145692],[13.026955,42.148417],[13.026361,42.149235],[13.02572,42.14923],[13.025355,42.149306],[13.025053,42.149664],[13.024875,42.149931],[13.023495,42.152284],[13.024342,42.155775],[13.025101,42.157437],[13.026654,42.160453],[13.026896,42.160845],[13.027256,42.161336],[13.027668,42.161687],[13.031519,42.161263],[13.039255,42.167361],[13.040556,42.168103],[13.051126,42.170624],[13.052961,42.170969],[13.054072,42.171051],[13.053993,42.175209],[13.048316,42.182672],[13.046709,42.188112],[13.044028,42.195258],[13.043173,42.196657],[13.057754,42.198302]]]}},{"type":"Feature","id":"057019","properties":{"istat":"057019","name":"Colle di Tora","province":"RI","label":[42.198931,12.934133]},"geometry":{"type":"Polygon","coordinates":[[[12.948959,42.221788],[12.952117,42.216159],[12.955399,42.212561],[12.952961,42.20773],[12.950014,42.201902],[12.949657,42.201329],[12.946531,42.196532],[12.943815,42.192868],[12.943188,42.192385],[12.942607,42.192018],[12.949548,42.188583],[12.956124,42.180675],[12.957649,42.179199],[12.956657,42.17851],[12.955049,42.177597],[12.952119,42.176158],[12.951232,42.175833],[12.941201,42.17264],[12.932708,42.173207],[12.925366,42.175962],[12.922873,42.176299],[12.920687,42.179814],[12.914964,42.188554],[12.917467,42.192783],[12.919838,42.196478],[12.921351,42.207582],[12.920199,42.215891],[12.918169,42.221495],[12.918032,42.222328],[12.918134,42.225412],[12.918153,42.226002],[12.918178,42.226753],[12.919423,42.226089],[12.921265,42.225532],[12.926568,42.224012],[12.938119,42.222773],[12.938629,42.222738],[12.939026,42.222814],[12.939334,42.223038],[12.939522,42.223202],[12.939828,42.223507],[12.940434,42.224247],[12.940572,42.224445],[12.940662,42.224698],[12.941011,42.225127],[12.941865,42.226019],[12.942252,42.226378],[12.943077,42.227145],[12.943255,42.227059],[12.943398,42.22699],[12.948199,42.224628],[12.948858,42.224146],[12.949094,42.223579],[12.948959,42.221788]]]}},{"type":"Feature","id":"057020","properties":{"istat":"057020","name":"Collegiove","province":"RI","label":[42.170278,13.036238]},"geometry":{"type":"Polygon","coordinates":[[[13.043173,42.196657],[13.044028,42.195258],[13.046709,42.188112],[13.048316,42.182672],[13.053993,42.175209],[13.054072,42.171051],[13.052961,42.170969],[13.051126,42.170624],[13.040556,42.168103],[13.039255,42.167361],[13.031519,42.161263],[13.027668,42.161687],[13.027256,42.161336],[13.026896,42.160845],[13.026654,42.160453],[13.025101,42.157437],[13.024342,42.155775],[13.023495,42.152284],[13.024875,42.149931],[13.025053,42.149664],[13.025355,42.149306],[13.02572,42.14923],[13.026361,42.149235],[13.026955,42.148417],[13.027483,42.145692],[13.022308,42.142889],[13.017507,42.141311],[13.012561,42.14704],[13.013596,42.147977],[13.014468,42.149895],[13.014555,42.150212],[13.014175,42.150779],[13.01233,42.153261],[13.009136,42.158591],[13.008618,42.159681],[13.012693,42.162201],[13.022861,42.169932],[13.021829,42.17583],[13.0212,42.176199],[13.020752,42.176588],[13.020347,42.177156],[13.019053,42.179457],[13.016996,42.183266],[13.016661,42.183922],[13.01663,42.185692],[13.01666,42.186263],[13.016753,42.187182],[13.021619,42.189569],[13.0222,42.189193],[13.022852,42.188873],[13.023379,42.188665],[13.02395,42.188591],[13.024476,42.18868],[13.026564,42.189063],[13.029329,42.19009],[13.030616,42.190752],[13.031988,42.192225],[13.032256,42.193272],[13.032894,42.195754],[13.032913,42.196047],[13.032919,42.19615],[13.032866,42.196692],[13.031488,42.198928],[13.043173,42.196657]]]}},{"type":"Feature","id":"057021","properties":{"istat":"057021","name":"Collevecchio","province":"RI","label":[42.326381,12.536404]},"geometry":{"type":"Polygon","coordinates":[[[12.539275,42.354884],[12.539633,42.354838],[12.54194,42.355167],[12.545119,42.353975],[12.549454,42.352303],[12.552244,42.350868],[12.552656,42.350602],[12.552697,42.350175],[12.557958,42.345658],[12.56216,42.342785],[12.564543,42.342368],[12.56509,42.342982],[12.56847,42.342521],[12.56873,42.342409],[12.569054,42.342217],[12.569986,42.341313],[12.570055,42.339277],[12.570064,42.338982],[12.570004,42.338322],[12.56693,42.324202],[12.564999,42.321761],[12.562092,42.320425],[12.557938,42.318669],[12.557091,42.318522],[12.556404,42.318399],[12.556077,42.318081],[12.556073,42.318055],[12.555551,42.31264],[12.553313,42.312688],[12.551756,42.312484],[12.549036,42.311578],[12.539169,42.308241],[12.533272,42.302975],[12.533067,42.302644],[12.532026,42.300713],[12.531465,42.299569],[12.531318,42.298664],[12.531358,42.297924],[12.531402,42.297783],[12.531728,42.29672],[12.531776,42.296565],[12.532132,42.295834],[12.532508,42.295512],[12.533207,42.295031],[12.53388,42.294753],[12.533479,42.29423],[12.533153,42.293875],[12.532542,42.293214],[12.532171,42.292973],[12.528465,42.291924],[12.528134,42.291922],[12.526026,42.291915],[12.525736,42.291942],[12.525568,42.29196],[12.525174,42.292],[12.52428,42.292136],[12.523734,42.292333],[12.522369,42.292888],[12.521424,42.293318],[12.521053,42.293568],[12.52075,42.293807],[12.520539,42.293976],[12.520225,42.294228],[12.519594,42.294762],[12.515819,42.295791],[12.506934,42.297153],[12.505659,42.297197],[12.503214,42.297064],[12.501669,42.296878],[12.495374,42.29512],[12.495691,42.297172],[12.494724,42.29939],[12.491416,42.300328],[12.495302,42.30886],[12.498211,42.311597],[12.499764,42.312207],[12.500635,42.312882],[12.501634,42.314005],[12.503717,42.317191],[12.505804,42.328559],[12.508009,42.334767],[12.51914,42.341571],[12.526455,42.34963],[12.526367,42.35256],[12.525341,42.35427],[12.524683,42.357433],[12.524586,42.35835],[12.525088,42.359784],[12.525808,42.36123],[12.531438,42.360111],[12.536538,42.356671],[12.539275,42.354884]]]}},{"type":"Feature","id":"057022","properties":{"istat":"057022","name":"Colli sul Velino","province":"RI","label":[42.495691,12.782523]},"geometry":{"type":"Polygon","coordinates":[[[12.77489,42.511685],[12.792078,42.505503],[12.802897,42.502983],[12.809563,42.501672],[12.814034,42.501559],[12.819104,42.492237],[12.8147,42.488026],[12.814376,42.487573],[12.814217,42.487236],[12.814026,42.486765],[12.813118,42.484189],[12.813068,42.48316],[12.813117,42.481776],[12.81347,42.480729],[12.816543,42.47887],[12.811534,42.480437],[12.811681,42.480748],[12.811546,42.481495],[12.811257,42.482124],[12.810941,42.482492],[12.81045,42.48301],[12.807596,42.485524],[12.80666,42.485867],[12.806361,42.485957],[12.805984,42.48607],[12.792449,42.489679],[12.784336,42.489884],[12.780047,42.489766],[12.777766,42.488295],[12.772169,42.486145],[12.765339,42.485933],[12.763044,42.489569],[12.759755,42.491713],[12.754386,42.493487],[12.750882,42.494502],[12.749315,42.49477],[12.746328,42.496612],[12.743979,42.498668],[12.743412,42.499884],[12.742963,42.503299],[12.744425,42.504209],[12.745775,42.507871],[12.75123,42.511154],[12.765226,42.511833],[12.773181,42.513007],[12.77489,42.511685]]]}},{"type":"Feature","id":"057023","properties":{"istat":"057023","name":"Concerviano","province":"RI","label":[42.346326,12.933023]},"geometry":{"type":"MultiPolygon","coordinates":[[[[12.97936,42.33249],[12.97949,42.331846],[12.979924,42.33153],[12.98037,42.331275],[12.980802,42.331076],[12.982418,42.331006],[12.983588,42.331254],[12.984325,42.331345],[12.98509,42.331326],[12.986919,42.331057],[12.987167,42.330926],[12.988235,42.329768],[12.990285,42.327486],[12.9934,42.320742],[12.993915,42.319049],[12.993813,42.318832],[12.993285,42.317896],[12.992754,42.317437],[12.994574,42.304796],[12.995642,42.302124],[13.005183,42.291184],[13.008666,42.288437],[13.002452,42.283942],[13.001045,42.282441],[13.000668,42.282085],[13.000063,42.281647],[12.999455,42.281304],[12.992449,42.278905],[12.990558,42.278881],[12.981195,42.279105],[12.979075,42.28074],[12.972689,42.283586],[12.972298,42.283734],[12.970995,42.284226],[12.967657,42.283954],[12.966284,42.283669],[12.964504,42.283194],[12.963936,42.283041],[12.962941,42.282771],[12.961203,42.282494],[12.959414,42.282322],[12.958015,42.282428],[12.952572,42.283143],[12.950927,42.283367],[12.948648,42.283702],[12.946694,42.28412],[12.94461,42.2848],[12.943897,42.285113],[12.942617,42.285683],[12.942062,42.285955],[12.938157,42.293747],[12.939729,42.297997],[12.950098,42.305199],[12.950443,42.305421],[12.951216,42.305507],[12.958225,42.305625],[12.964338,42.305652],[12.96743,42.305698],[12.968049,42.306077],[12.96926,42.307674],[12.96943,42.309154],[12.969225,42.309571],[12.968927,42.309702],[12.966735,42.309954],[12.965993,42.310038],[12.965317,42.309908],[12.9651,42.309484],[12.966525,42.315342],[12.975308,42.322982],[12.975552,42.323312],[12.975885,42.325056],[12.976072,42.326409],[12.975998,42.326812],[12.9758,42.327065],[12.9755,42.327181],[12.973855,42.326666],[12.972634,42.327672],[12.974091,42.331047],[12.975935,42.33219],[12.979698,42.334031],[12.979439,42.333059],[12.97941,42.332853],[12.97936,42.33249]]],[[[12.948404,42.347197],[12.948428,42.34718],[12.949058,42.345443],[12.94955,42.343554],[12.949403,42.341919],[12.946976,42.340003],[12.943727,42.338562],[12.93914,42.337226],[12.93764,42.337395],[12.932845,42.338585],[12.920732,42.343683],[12.916443,42.345472],[12.92573,42.35465],[12.948404,42.347197]]]]}},{"type":"Feature","id":"057024","properties":{"istat":"057024","name":"Configni","province":"RI","label":[42.435908,12.637229]},"geometry":{"type":"Polygon","coordinates":[[[12.6358,42.46897],[12.637726,42.468636],[12.639044,42.468408],[12.640212,42.468061],[12.640681,42.467922],[12.641085,42.467801],[12.641207,42.467559],[12.642471,42.464966],[12.642696,42.464504],[12.642613,42.464223],[12.642187,42.453758],[12.64279,42.453432],[12.644171,42.452686],[12.645551,42.451894],[12.646531,42.451083],[12.65026,42.447295],[12.650376,42.447111],[12.650391,42.446733],[12.649465,42.443543],[12.649499,42.443309],[12.649856,42.443091],[12.655814,42.441758],[12.660619,42.44136],[12.660652,42.44067],[12.661387,42.43397],[12.661613,42.432676],[12.66242,42.428746],[12.663357,42.426758],[12.660261,42.418456],[12.658688,42.415391],[12.660237,42.409993],[12.661211,42.407022],[12.661525,42.406728],[12.661669,42.406663],[12.6621,42.406469],[12.663276,42.404722],[12.664226,42.401086],[12.664117,42.400081],[12.66407,42.399722],[12.663858,42.39922],[12.657004,42.400047],[12.641049,42.402852],[12.629547,42.404667],[12.627264,42.405288],[12.625993,42.405819],[12.623813,42.408522],[12.622671,42.410098],[12.622125,42.410728],[12.619313,42.412775],[12.618496,42.413165],[12.616093,42.413737],[12.614366,42.413532],[12.614748,42.414064],[12.614891,42.414482],[12.614954,42.417375],[12.614641,42.42168],[12.614554,42.422407],[12.614222,42.424435],[12.61405,42.425097],[12.613627,42.425718],[12.613217,42.426271],[12.610989,42.427971],[12.611414,42.428918],[12.613802,42.437846],[12.615421,42.441861],[12.619065,42.450633],[12.61932,42.451068],[12.619407,42.451217],[12.619515,42.451906],[12.619246,42.457412],[12.618982,42.461107],[12.618933,42.461155],[12.618604,42.461474],[12.616332,42.462491],[12.614358,42.463864],[12.614046,42.464098],[12.61415,42.464516],[12.614806,42.465107],[12.620968,42.46846],[12.621375,42.468667],[12.622422,42.46894],[12.62497,42.469107],[12.631221,42.469103],[12.6358,42.46897]]]}},{"type":"Feature","id":"057025","properties":{"istat":"057025","name":"Contigliano","province":"RI","label":[42.425844,12.759779]},"geometry":{"type":"Polygon","coordinates":[[[12.749315,42.49477],[12.750882,42.494502],[12.754386,42.493487],[12.759755,42.491713],[12.763044,42.489569],[12.765339,42.485933],[12.772169,42.486145],[12.777766,42.488295],[12.780047,42.489766],[12.784336,42.489884],[12.792449,42.489679],[12.805984,42.48607],[12.806361,42.485957],[12.80666,42.485867],[12.807596,42.485524],[12.81045,42.48301],[12.810941,42.482492],[12.811257,42.482124],[12.811546,42.481495],[12.811681,42.480748],[12.811534,42.480437],[12.803914,42.479854],[12.796972,42.478138],[12.789926,42.469076],[12.787894,42.466325],[12.787774,42.465924],[12.788156,42.458865],[12.79172,42.450216],[12.796412,42.447485],[12.798649,42.444035],[12.7957,42.442124],[12.791508,42.437568],[12.791137,42.436725],[12.791436,42.436152],[12.792775,42.433677],[12.793791,42.432765],[12.794804,42.431966],[12.796427,42.430413],[12.796594,42.429822],[12.796494,42.426769],[12.795939,42.424919],[12.794752,42.421338],[12.79552,42.416743],[12.799712,42.410891],[12.804291,42.405386],[12.803801,42.404088],[12.802817,42.403035],[12.793592,42.396661],[12.785379,42.392727],[12.781007,42.388554],[12.775229,42.381069],[12.771604,42.375867],[12.772391,42.373207],[12.772489,42.372839],[12.772279,42.372378],[12.772207,42.372223],[12.771647,42.371526],[12.770827,42.370679],[12.763367,42.36667],[12.756301,42.364975],[12.74918,42.362395],[12.746773,42.360079],[12.744831,42.358665],[12.742859,42.358491],[12.732725,42.358885],[12.732722,42.359426],[12.732681,42.359919],[12.732638,42.360423],[12.731937,42.362382],[12.730956,42.364305],[12.728742,42.366804],[12.727674,42.36748],[12.725734,42.368707],[12.724467,42.369473],[12.717925,42.370694],[12.716966,42.372693],[12.716749,42.373378],[12.716419,42.374417],[12.716645,42.375206],[12.717193,42.376161],[12.71792,42.37825],[12.717403,42.380445],[12.716572,42.381912],[12.716692,42.382284],[12.716769,42.382523],[12.718793,42.384974],[12.719349,42.385392],[12.72321,42.385821],[12.724482,42.386289],[12.727934,42.388165],[12.729251,42.389379],[12.729915,42.390185],[12.729954,42.390383],[12.730647,42.393907],[12.730756,42.394471],[12.730293,42.399587],[12.730284,42.399617],[12.729731,42.401312],[12.727835,42.403021],[12.727005,42.412228],[12.721711,42.417375],[12.720331,42.417983],[12.721738,42.423101],[12.729545,42.436466],[12.730674,42.436524],[12.732096,42.436175],[12.733135,42.435682],[12.74223,42.43123],[12.74336,42.430558],[12.744876,42.429995],[12.746319,42.429754],[12.754231,42.430486],[12.760543,42.431084],[12.780697,42.435566],[12.782865,42.436157],[12.782932,42.43619],[12.782998,42.436224],[12.783269,42.436361],[12.783869,42.436664],[12.786446,42.44253],[12.786494,42.445657],[12.77769,42.463912],[12.77678,42.465882],[12.775707,42.467331],[12.774936,42.467509],[12.772543,42.468061],[12.766714,42.469172],[12.754854,42.467508],[12.747318,42.467679],[12.74608,42.469642],[12.745775,42.470358],[12.74552,42.471029],[12.745631,42.471251],[12.74569,42.471365],[12.746521,42.472945],[12.748745,42.47705],[12.749014,42.477434],[12.749243,42.477763],[12.750722,42.47961],[12.750126,42.486032],[12.749315,42.49477]]]}},{"type":"Feature","id":"057026","properties":{"istat":"057026","name":"Cottanello","province":"RI","label":[42.420778,12.691114]},"geometry":{"type":"Polygon","coordinates":[[[12.714326,42.460345],[12.714981,42.459992],[12.724694,42.460406],[12.724766,42.459297],[12.724769,42.459253],[12.72479,42.459095],[12.725577,42.453388],[12.726657,42.446392],[12.728718,42.436893],[12.728744,42.436775],[12.729545,42.436466],[12.721738,42.423101],[12.720331,42.417983],[12.721711,42.417375],[12.727005,42.412228],[12.727835,42.403021],[12.729731,42.401312],[12.730284,42.399617],[12.730293,42.399587],[12.730756,42.394471],[12.730647,42.393907],[12.729954,42.390383],[12.729915,42.390185],[12.729251,42.389379],[12.727934,42.388165],[12.724482,42.386289],[12.72321,42.385821],[12.719349,42.385392],[12.718793,42.384974],[12.716769,42.382523],[12.716692,42.382284],[12.716572,42.381912],[12.715008,42.381841],[12.711539,42.382373],[12.707933,42.383993],[12.706982,42.384425],[12.705975,42.385061],[12.700094,42.389078],[12.695684,42.392781],[12.687626,42.394185],[12.667427,42.392553],[12.662532,42.392046],[12.663858,42.39922],[12.66407,42.399722],[12.664117,42.400081],[12.664226,42.401086],[12.663276,42.404722],[12.6621,42.406469],[12.661669,42.406663],[12.661525,42.406728],[12.661211,42.407022],[12.660237,42.409993],[12.658688,42.415391],[12.660261,42.418456],[12.663357,42.426758],[12.66242,42.428746],[12.661613,42.432676],[12.661387,42.43397],[12.660652,42.44067],[12.660619,42.44136],[12.662652,42.441179],[12.663913,42.441066],[12.665983,42.440973],[12.668644,42.441351],[12.672738,42.442112],[12.677885,42.443936],[12.690648,42.449387],[12.694146,42.451466],[12.698457,42.454604],[12.700952,42.457253],[12.702785,42.460897],[12.710551,42.463498],[12.712559,42.461805],[12.713947,42.460659],[12.714326,42.460345]]]}},{"type":"Feature","id":"057027","properties":{"istat":"057027","name":"Fara in Sabina","province":"RI","label":[42.189741,12.700547]},"geometry":{"type":"Polygon","coordinates":[[[12.71738,42.225981],[12.726619,42.221125],[12.730966,42.218759],[12.729809,42.216938],[12.738076,42.209297],[12.742524,42.205866],[12.743716,42.204526],[12.746588,42.201299],[12.747271,42.20048],[12.749218,42.198147],[12.752123,42.194463],[12.752731,42.193522],[12.753532,42.192279],[12.755122,42.189471],[12.756245,42.182797],[12.756125,42.182702],[12.754168,42.181159],[12.752914,42.1801],[12.752855,42.18005],[12.75238,42.179647],[12.750442,42.177666],[12.749732,42.176838],[12.746197,42.172393],[12.737321,42.166709],[12.730163,42.1675],[12.728494,42.167379],[12.724282,42.166044],[12.723362,42.165701],[12.719842,42.162516],[12.718436,42.159652],[12.716923,42.156164],[12.716336,42.154754],[12.715572,42.154468],[12.715022,42.154279],[12.710904,42.153007],[12.70564,42.152021],[12.703104,42.152005],[12.695379,42.152307],[12.686761,42.153821],[12.686471,42.154748],[12.678822,42.157594],[12.678618,42.15765],[12.677951,42.15783],[12.677721,42.157892],[12.67239,42.159057],[12.672027,42.159041],[12.671196,42.15887],[12.67103,42.158835],[12.667197,42.157737],[12.665643,42.157238],[12.66016,42.154618],[12.656563,42.151045],[12.655595,42.15072],[12.654677,42.150691],[12.651928,42.15063],[12.648245,42.151485],[12.647515,42.151829],[12.647037,42.152055],[12.646772,42.152333],[12.646648,42.152464],[12.646508,42.15261],[12.646471,42.152649],[12.646247,42.153444],[12.646532,42.155263],[12.646565,42.155438],[12.646675,42.156005],[12.646963,42.156353],[12.647831,42.15646],[12.648221,42.159984],[12.64526,42.164412],[12.643444,42.165717],[12.641835,42.1667],[12.638832,42.167673],[12.634856,42.170078],[12.634319,42.170479],[12.635289,42.174697],[12.636058,42.17619],[12.637301,42.178106],[12.642637,42.186151],[12.643577,42.187243],[12.644496,42.188298],[12.646429,42.190011],[12.646621,42.190138],[12.647067,42.190432],[12.647293,42.190547],[12.647483,42.190644],[12.648104,42.190903],[12.648234,42.190957],[12.648521,42.191075],[12.648848,42.191024],[12.649238,42.191007],[12.650003,42.191266],[12.650839,42.191582],[12.652305,42.192215],[12.652529,42.192314],[12.652937,42.192496],[12.656663,42.194237],[12.657935,42.195083],[12.658454,42.195886],[12.660741,42.201517],[12.660927,42.20206],[12.661214,42.203992],[12.661326,42.206023],[12.661453,42.206222],[12.662369,42.207309],[12.663138,42.207827],[12.670343,42.210187],[12.674751,42.2115],[12.677095,42.2117],[12.680881,42.212199],[12.682921,42.212676],[12.687425,42.214536],[12.689805,42.215622],[12.692678,42.217591],[12.693149,42.21795],[12.693477,42.218588],[12.693302,42.219728],[12.693381,42.222539],[12.693672,42.22588],[12.694745,42.227322],[12.697914,42.228187],[12.698419,42.228315],[12.699405,42.228495],[12.700334,42.228568],[12.700832,42.228561],[12.7015,42.228549],[12.71738,42.225981]]]}},{"type":"Feature","id":"057028","properties":{"istat":"057028","name":"Fiamignano","province":"RI","label":[42.296412,13.17789]},"geometry":{"type":"Polygon","coordinates":[[[13.112556,42.367786],[13.13057,42.365154],[13.139745,42.362691],[13.143592,42.361332],[13.147155,42.35992],[13.148582,42.359278],[13.151582,42.357869],[13.152621,42.357381],[13.152946,42.357209],[13.153349,42.356994],[13.158863,42.353761],[13.169753,42.349645],[13.171649,42.348729],[13.17217,42.348346],[13.172654,42.34799],[13.179141,42.342869],[13.183975,42.338942],[13.184007,42.338658],[13.184037,42.338574],[13.184323,42.337791],[13.184792,42.336734],[13.184842,42.336664],[13.185134,42.336263],[13.185941,42.335639],[13.186706,42.33516],[13.190154,42.333031],[13.191351,42.332334],[13.192517,42.33185],[13.193382,42.331543],[13.19383,42.331384],[13.19493,42.331132],[13.195099,42.331124],[13.19685,42.331043],[13.197411,42.331175],[13.197922,42.331297],[13.210521,42.325333],[13.215453,42.32237],[13.218962,42.320295],[13.220319,42.319534],[13.220751,42.319333],[13.221407,42.319255],[13.222853,42.319192],[13.225364,42.319235],[13.226103,42.31928],[13.22614,42.319285],[13.226462,42.31933],[13.227391,42.313186],[13.227486,42.310171],[13.227404,42.308864],[13.227537,42.303092],[13.227992,42.292608],[13.228081,42.291494],[13.228083,42.291464],[13.228104,42.291204],[13.228629,42.288447],[13.228933,42.287175],[13.22937,42.286308],[13.230103,42.285483],[13.230219,42.285353],[13.230309,42.285252],[13.231157,42.28437],[13.231914,42.28351],[13.232046,42.28336],[13.232724,42.282173],[13.233983,42.279597],[13.234654,42.278176],[13.234613,42.277866],[13.232326,42.27668],[13.225035,42.274575],[13.220364,42.273365],[13.213622,42.272488],[13.202136,42.271785],[13.197434,42.27252],[13.197075,42.272767],[13.195132,42.272874],[13.194274,42.272789],[13.193613,42.272552],[13.1918,42.271488],[13.187703,42.268951],[13.184619,42.265397],[13.178739,42.259597],[13.169185,42.251407],[13.168191,42.245969],[13.165386,42.241132],[13.15369,42.231185],[13.148848,42.228898],[13.148647,42.228892],[13.148073,42.228876],[13.145484,42.229582],[13.142073,42.230615],[13.139548,42.231602],[13.13889,42.232112],[13.13522,42.234955],[13.131133,42.237516],[13.130411,42.237731],[13.127787,42.238325],[13.126355,42.238017],[13.119159,42.239901],[13.112121,42.242661],[13.107301,42.244968],[13.104763,42.246352],[13.103737,42.246979],[13.102178,42.248488],[13.102114,42.248589],[13.10205,42.248693],[13.101835,42.249041],[13.100802,42.250716],[13.100579,42.252903],[13.100554,42.25452],[13.101742,42.264243],[13.105056,42.274231],[13.114014,42.283669],[13.122154,42.28972],[13.126892,42.293556],[13.129016,42.299269],[13.130033,42.304684],[13.128435,42.315191],[13.128658,42.320355],[13.1286,42.320664],[13.128142,42.321382],[13.125663,42.325145],[13.121165,42.330469],[13.117941,42.334031],[13.108048,42.343179],[13.105632,42.345229],[13.100705,42.34676],[13.097076,42.345927],[13.096095,42.345863],[13.092711,42.345754],[13.088991,42.3479],[13.085468,42.352397],[13.084963,42.353045],[13.084317,42.353946],[13.084108,42.354408],[13.084465,42.356241],[13.085792,42.360119],[13.086749,42.36011],[13.087141,42.360107],[13.087939,42.360209],[13.089554,42.360588],[13.09349,42.361744],[13.095161,42.362301],[13.096739,42.363197],[13.097156,42.363434],[13.100192,42.365421],[13.100589,42.365924],[13.112556,42.367786]]]}},{"type":"Feature","id":"057029","properties":{"istat":"057029","name":"Forano","province":"RI","label":[42.285926,12.611993]},"geometry":{"type":"Polygon","coordinates":[[[12.591809,42.311171],[12.592705,42.311521],[12.59355,42.311639],[12.594997,42.311544],[12.595933,42.311296],[12.597013,42.310868],[12.598855,42.309978],[12.604699,42.305671],[12.606484,42.302015],[12.608163,42.299024],[12.609956,42.29718],[12.611495,42.296556],[12.610197,42.296222],[12.609921,42.29615],[12.609597,42.296062],[12.60911,42.295802],[12.608657,42.294966],[12.608382,42.294191],[12.608406,42.29388],[12.609659,42.287699],[12.611988,42.287036],[12.616414,42.287739],[12.620336,42.291774],[12.624678,42.293761],[12.63671,42.288541],[12.637705,42.287979],[12.638196,42.287585],[12.638376,42.287439],[12.639382,42.286173],[12.639522,42.285678],[12.639543,42.285311],[12.639555,42.285114],[12.639589,42.284528],[12.639038,42.283671],[12.638449,42.282902],[12.640515,42.273058],[12.634712,42.270955],[12.631463,42.269645],[12.628822,42.26732],[12.626068,42.264138],[12.625602,42.263662],[12.62501,42.263253],[12.623766,42.262487],[12.621629,42.261312],[12.615985,42.259212],[12.612816,42.258713],[12.608042,42.258948],[12.607613,42.259093],[12.606284,42.259603],[12.605709,42.260071],[12.60544,42.26044],[12.605521,42.261171],[12.605797,42.261892],[12.606517,42.263067],[12.606882,42.263992],[12.607158,42.264703],[12.607435,42.265744],[12.607654,42.26697],[12.607692,42.268838],[12.607669,42.269496],[12.607628,42.27024],[12.607414,42.271732],[12.607036,42.27273],[12.606421,42.273582],[12.605773,42.274076],[12.605048,42.274319],[12.603886,42.274261],[12.603154,42.274054],[12.602286,42.273613],[12.60159,42.273086],[12.600727,42.272519],[12.600016,42.272091],[12.598629,42.271257],[12.598068,42.270995],[12.59715,42.270578],[12.587695,42.266391],[12.58303,42.264421],[12.581652,42.264004],[12.580048,42.263887],[12.579886,42.263875],[12.578738,42.264096],[12.577619,42.265143],[12.577217,42.265827],[12.577035,42.266148],[12.576201,42.268015],[12.576345,42.270545],[12.577235,42.272629],[12.578888,42.275085],[12.5799,42.276512],[12.580901,42.277593],[12.582814,42.279267],[12.583925,42.28002],[12.584556,42.280644],[12.584872,42.281246],[12.584521,42.283148],[12.583888,42.283909],[12.584753,42.286608],[12.583008,42.295766],[12.584222,42.297628],[12.584585,42.298297],[12.584933,42.299015],[12.584931,42.299403],[12.583577,42.303389],[12.58147,42.305517],[12.578536,42.30673],[12.576488,42.307933],[12.574781,42.309724],[12.573594,42.311724],[12.57279,42.313545],[12.580287,42.312325],[12.591809,42.311171]]]}},{"type":"Feature","id":"057030","properties":{"istat":"057030","name":"Frasso Sabino","province":"RI","label":[42.220541,12.817488]},"geometry":{"type":"Polygon","coordinates":[[[12.814367,42.233233],[12.818049,42.232192],[12.820061,42.231198],[12.820709,42.230793],[12.824297,42.230223],[12.8279,42.221603],[12.828123,42.219043],[12.82801,42.21811],[12.827841,42.21772],[12.827829,42.217693],[12.827242,42.217132],[12.826144,42.216409],[12.825999,42.216313],[12.82545,42.216071],[12.821238,42.210864],[12.819176,42.207604],[12.813717,42.20977],[12.811353,42.212101],[12.808342,42.218887],[12.807504,42.220023],[12.806465,42.22106],[12.80581,42.221713],[12.802917,42.224069],[12.800595,42.223953],[12.798484,42.22966],[12.798207,42.231699],[12.799372,42.232674],[12.807921,42.23399],[12.814367,42.233233]]]}},{"type":"Feature","id":"057031","properties":{"istat":"057031","name":"Greccio","province":"RI","label":[42.44989,12.755285]},"geometry":{"type":"Polygon","coordinates":[[[12.747318,42.467679],[12.754854,42.467508],[12.766714,42.469172],[12.772543,42.468061],[12.774936,42.467509],[12.775707,42.467331],[12.77678,42.465882],[12.77769,42.463912],[12.786494,42.445657],[12.786446,42.44253],[12.783869,42.436664],[12.783269,42.436361],[12.782998,42.436224],[12.782932,42.43619],[12.782865,42.436157],[12.780697,42.435566],[12.760543,42.431084],[12.754231,42.430486],[12.746319,42.429754],[12.744876,42.429995],[12.74336,42.430558],[12.74223,42.43123],[12.733135,42.435682],[12.732096,42.436175],[12.730674,42.436524],[12.729545,42.436466],[12.728744,42.436775],[12.728718,42.436893],[12.726657,42.446392],[12.725577,42.453388],[12.72479,42.459095],[12.724769,42.459253],[12.724766,42.459297],[12.724694,42.460406],[12.726547,42.46297],[12.730801,42.465878],[12.734798,42.467922],[12.741568,42.470533],[12.747318,42.467679]]]}},{"type":"Feature","id":"057032","properties":{"istat":"057032","name":"Labro","province":"RI","label":[42.518422,12.799418]},"geometry":{"type":"Polygon","coordinates":[[[12.812862,42.535048],[12.817483,42.533162],[12.818035,42.532936],[12.817557,42.528282],[12.817455,42.527066],[12.817718,42.524423],[12.818139,42.521726],[12.818214,42.521341],[12.819677,42.520225],[12.820085,42.52036],[12.821184,42.519968],[12.823353,42.519179],[12.826198,42.5179],[12.827099,42.51746],[12.8271,42.514928],[12.827099,42.513183],[12.816922,42.511205],[12.81213,42.506601],[12.814034,42.501559],[12.809563,42.501672],[12.802897,42.502983],[12.792078,42.505503],[12.77489,42.511685],[12.773181,42.513007],[12.773238,42.51302],[12.773543,42.513094],[12.773593,42.513403],[12.773937,42.516971],[12.77375,42.518944],[12.773645,42.519812],[12.77344,42.520107],[12.772728,42.520914],[12.77244,42.521228],[12.770646,42.525097],[12.772972,42.530914],[12.773202,42.53128],[12.776352,42.531689],[12.779433,42.532029],[12.78366,42.532677],[12.783757,42.533772],[12.785577,42.53353],[12.789909,42.533618],[12.795524,42.533884],[12.801032,42.534897],[12.803387,42.535408],[12.805081,42.535703],[12.805919,42.535765],[12.808619,42.535886],[12.809146,42.535787],[12.812862,42.535048]]]}},{"type":"Feature","id":"057033","properties":{"istat":"057033","name":"Leonessa","province":"RI","label":[42.555159,12.993186]},"geometry":{"type":"Polygon","coordinates":[[[13.115985,42.618904],[13.116224,42.617945],[13.116297,42.617461],[13.116877,42.605501],[13.116582,42.601523],[13.116518,42.601188],[13.116044,42.600768],[13.11315,42.598892],[13.110766,42.592729],[13.1107,42.587631],[13.110435,42.586717],[13.108408,42.584301],[13.107371,42.586836],[13.107064,42.587509],[13.106803,42.58796],[13.106567,42.588247],[13.106211,42.588242],[13.105452,42.587779],[13.103115,42.586111],[13.097204,42.579701],[13.097016,42.579483],[13.096865,42.579308],[13.096673,42.579045],[13.095208,42.576965],[13.095075,42.576648],[13.094967,42.576351],[13.094928,42.576086],[13.094963,42.572727],[13.095243,42.569872],[13.095386,42.568513],[13.095531,42.566039],[13.095532,42.565054],[13.095532,42.564999],[13.09546,42.563849],[13.095377,42.56359],[13.095008,42.56269],[13.094909,42.562505],[13.094861,42.562417],[13.094641,42.562051],[13.093451,42.560446],[13.093424,42.560423],[13.09303,42.560105],[13.089925,42.557812],[13.088153,42.556836],[13.08356,42.548685],[13.082607,42.545991],[13.081096,42.541997],[13.073013,42.538733],[13.06142,42.533217],[13.060248,42.532578],[13.056504,42.530379],[13.055002,42.529325],[13.045947,42.522177],[13.039983,42.513627],[13.027179,42.511598],[13.020388,42.505795],[13.015691,42.498064],[13.012028,42.491174],[13.013054,42.486802],[13.01317,42.486222],[13.012651,42.483431],[13.012199,42.481907],[13.009957,42.475503],[13.009762,42.475123],[13.009438,42.474603],[13.009005,42.474091],[12.994593,42.473199],[12.989837,42.477376],[12.983532,42.482417],[12.978143,42.484654],[12.977025,42.485047],[12.976211,42.485693],[12.975497,42.48637],[12.974659,42.488169],[12.972928,42.492452],[12.973598,42.495796],[12.974258,42.496831],[12.974502,42.498781],[12.974161,42.499715],[12.973004,42.501764],[12.972245,42.502728],[12.968534,42.505619],[12.967374,42.506453],[12.965809,42.507073],[12.964998,42.507313],[12.963881,42.507635],[12.962972,42.507869],[12.96229,42.507866],[12.961707,42.507819],[12.956498,42.507099],[12.95582,42.506969],[12.954955,42.506585],[12.953502,42.505658],[12.952103,42.505081],[12.950923,42.504856],[12.950057,42.504913],[12.949269,42.505214],[12.943145,42.507875],[12.941497,42.508773],[12.940848,42.509155],[12.939731,42.510241],[12.93913,42.511119],[12.933479,42.516815],[12.928714,42.518559],[12.92564,42.520835],[12.922451,42.525559],[12.922627,42.526882],[12.91973,42.528599],[12.917095,42.530052],[12.913125,42.531756],[12.912012,42.534373],[12.910648,42.538924],[12.912818,42.541393],[12.91396,42.542227],[12.914001,42.542291],[12.914145,42.542516],[12.915081,42.543985],[12.915775,42.545105],[12.915694,42.545346],[12.91545,42.545756],[12.914943,42.546198],[12.908616,42.548958],[12.903157,42.551331],[12.902073,42.551996],[12.900649,42.553482],[12.897572,42.556954],[12.896542,42.558241],[12.893489,42.562131],[12.893169,42.562705],[12.892729,42.563497],[12.893312,42.565919],[12.893822,42.569954],[12.89409,42.572488],[12.894186,42.577595],[12.893706,42.578775],[12.893443,42.579421],[12.891336,42.581901],[12.886949,42.587673],[12.885978,42.589349],[12.885167,42.590993],[12.881581,42.598282],[12.88009,42.602362],[12.880568,42.607676],[12.880553,42.608241],[12.880524,42.609348],[12.88942,42.613421],[12.889623,42.613514],[12.896338,42.616443],[12.898416,42.615254],[12.903797,42.612254],[12.910987,42.610836],[12.915761,42.60952],[12.918712,42.605465],[12.922575,42.604042],[12.930123,42.602882],[12.930546,42.602985],[12.930913,42.603076],[12.931536,42.603592],[12.933778,42.607323],[12.93414,42.608583],[12.93442,42.610037],[12.937452,42.615357],[12.952115,42.618854],[12.952502,42.618926],[12.953389,42.619021],[12.960956,42.618865],[12.962675,42.618772],[12.964193,42.61862],[12.967256,42.618145],[12.968338,42.617873],[12.973805,42.616954],[12.982603,42.615982],[12.985809,42.615636],[12.998925,42.615141],[13.004318,42.615237],[13.005237,42.615462],[13.009188,42.616501],[13.010446,42.616858],[13.010507,42.616875],[13.011223,42.617108],[13.014346,42.619978],[13.015059,42.620876],[13.015036,42.621591],[13.014189,42.62341],[13.013894,42.623874],[13.01324,42.626573],[13.014199,42.629663],[13.016637,42.63275],[13.019249,42.634927],[13.022679,42.638152],[13.023379,42.638766],[13.024285,42.639036],[13.026958,42.639001],[13.027523,42.638989],[13.030702,42.637415],[13.031335,42.636435],[13.03239,42.634218],[13.03258,42.633627],[13.032574,42.633042],[13.037872,42.62737],[13.051077,42.624346],[13.052636,42.623994],[13.05726,42.62301],[13.058574,42.622842],[13.060471,42.622982],[13.061955,42.6231],[13.063303,42.623309],[13.064319,42.62357],[13.071284,42.626636],[13.0746,42.628679],[13.075409,42.629316],[13.076029,42.629776],[13.076591,42.630098],[13.078631,42.631232],[13.086142,42.634034],[13.087016,42.634308],[13.087931,42.634596],[13.089615,42.634918],[13.089878,42.634964],[13.091533,42.635241],[13.093586,42.635537],[13.095128,42.635725],[13.09663,42.636035],[13.097805,42.636308],[13.098821,42.636659],[13.10199,42.638009],[13.109266,42.633475],[13.112936,42.628616],[13.115985,42.618904]]]}},{"type":"Feature","id":"057034","properties":{"istat":"057034","name":"Longone Sabino","province":"RI","label":[42.3203,12.938562]},"geometry":{"type":"MultiPolygon","coordinates":[[[[12.950927,42.283367],[12.952572,42.283143],[12.958015,42.282428],[12.959414,42.282322],[12.961203,42.282494],[12.962941,42.282771],[12.963936,42.283041],[12.964504,42.283194],[12.966284,42.283669],[12.967657,42.283954],[12.970995,42.284226],[12.972298,42.283734],[12.972689,42.283586],[12.979075,42.28074],[12.981195,42.279105],[12.981262,42.278323],[12.981532,42.277489],[12.981991,42.276379],[12.982337,42.2758],[12.985467,42.273476],[12.989181,42.27146],[12.990486,42.270105],[12.992581,42.267488],[12.993024,42.266892],[12.993147,42.266469],[12.992873,42.263638],[12.992707,42.262752],[12.992569,42.262167],[12.990663,42.260707],[12.989527,42.260193],[12.988363,42.259833],[12.987473,42.259608],[12.984996,42.258177],[12.982948,42.256645],[12.98042,42.25418],[12.9796,42.253299],[12.979531,42.252802],[12.979604,42.252426],[12.979999,42.251444],[12.976947,42.252091],[12.968677,42.254458],[12.966039,42.255431],[12.96017,42.257404],[12.958928,42.257528],[12.956063,42.257667],[12.944969,42.257739],[12.93753,42.257198],[12.936722,42.257087],[12.936083,42.256974],[12.935158,42.256325],[12.932561,42.2579],[12.93468,42.267647],[12.935017,42.269193],[12.93764,42.271497],[12.939492,42.272884],[12.940024,42.280406],[12.939719,42.280813],[12.939476,42.281596],[12.9398,42.282814],[12.939911,42.283116],[12.940105,42.283487],[12.940553,42.284269],[12.941377,42.285375],[12.942062,42.285955],[12.942617,42.285683],[12.943897,42.285113],[12.94461,42.2848],[12.946694,42.28412],[12.948648,42.283702],[12.950927,42.283367]]],[[[12.963666,42.348687],[12.972251,42.338067],[12.979698,42.334031],[12.975935,42.33219],[12.974091,42.331047],[12.972634,42.327672],[12.973855,42.326666],[12.9755,42.327181],[12.9758,42.327065],[12.975998,42.326812],[12.976072,42.326409],[12.975885,42.325056],[12.975552,42.323312],[12.975308,42.322982],[12.966525,42.315342],[12.9651,42.309484],[12.965317,42.309908],[12.965993,42.310038],[12.966735,42.309954],[12.968927,42.309702],[12.969225,42.309571],[12.96943,42.309154],[12.96926,42.307674],[12.968049,42.306077],[12.96743,42.305698],[12.964338,42.305652],[12.958225,42.305625],[12.951216,42.305507],[12.950443,42.305421],[12.950098,42.305199],[12.939729,42.297997],[12.938157,42.293747],[12.934646,42.294674],[12.922101,42.298427],[12.921804,42.298621],[12.921683,42.298977],[12.921558,42.299463],[12.921589,42.300353],[12.92184,42.300853],[12.922274,42.301302],[12.922923,42.301847],[12.923422,42.302181],[12.924263,42.302641],[12.925359,42.303042],[12.926974,42.303342],[12.927816,42.303575],[12.928945,42.303919],[12.929431,42.304271],[12.930269,42.306048],[12.93034,42.306518],[12.929707,42.310668],[12.929459,42.311203],[12.927494,42.312257],[12.922501,42.314679],[12.917015,42.316582],[12.91203,42.317617],[12.906703,42.316016],[12.902583,42.325799],[12.902578,42.326339],[12.902745,42.326793],[12.902897,42.327005],[12.905592,42.329492],[12.907874,42.3313],[12.91384,42.33521],[12.91431,42.337929],[12.914353,42.342442],[12.916443,42.345472],[12.920732,42.343683],[12.932845,42.338585],[12.93764,42.337395],[12.93914,42.337226],[12.943727,42.338562],[12.946976,42.340003],[12.949403,42.341919],[12.94955,42.343554],[12.949058,42.345443],[12.948428,42.34718],[12.948404,42.347197],[12.963666,42.348687]]]]}},{"type":"Feature","id":"057035","properties":{"istat":"057035","name":"Magliano Sabina","province":"RI","label":[42.348911,12.498091]},"geometry":{"type":"Polygon","coordinates":[[[12.512053,42.402831],[12.516554,42.399223],[12.517619,42.398277],[12.517795,42.398088],[12.517872,42.398003],[12.518096,42.397564],[12.518244,42.397254],[12.517086,42.396055],[12.515809,42.395203],[12.5134,42.39282],[12.513092,42.384513],[12.514098,42.377657],[12.51714,42.370396],[12.517548,42.369503],[12.517717,42.369134],[12.518944,42.367511],[12.52484,42.364619],[12.526114,42.364181],[12.525808,42.36123],[12.525088,42.359784],[12.524586,42.35835],[12.524683,42.357433],[12.525341,42.35427],[12.526367,42.35256],[12.526455,42.34963],[12.51914,42.341571],[12.508009,42.334767],[12.505804,42.328559],[12.503717,42.317191],[12.501634,42.314005],[12.500635,42.312882],[12.499764,42.312207],[12.498211,42.311597],[12.495302,42.30886],[12.491416,42.300328],[12.494724,42.29939],[12.495691,42.297172],[12.495374,42.29512],[12.494933,42.29503],[12.494685,42.294979],[12.494034,42.294881],[12.493628,42.294848],[12.493563,42.294843],[12.493429,42.294832],[12.492809,42.294874],[12.491921,42.294946],[12.489116,42.296224],[12.488227,42.296945],[12.486939,42.298195],[12.481464,42.304089],[12.480528,42.305643],[12.476191,42.313708],[12.480171,42.317329],[12.482525,42.317325],[12.484584,42.317424],[12.485683,42.317548],[12.487688,42.31778],[12.488473,42.317895],[12.488773,42.317967],[12.489115,42.318209],[12.489363,42.318391],[12.489441,42.318861],[12.489198,42.31949],[12.488938,42.319751],[12.488262,42.320432],[12.487696,42.320949],[12.487282,42.32129],[12.483421,42.324069],[12.48274,42.324369],[12.481544,42.324887],[12.480781,42.325157],[12.480167,42.325343],[12.479438,42.325351],[12.478978,42.325325],[12.478783,42.325256],[12.478464,42.325142],[12.477908,42.325092],[12.477386,42.325071],[12.476427,42.325096],[12.475366,42.325227],[12.475202,42.325251],[12.474242,42.32541],[12.472927,42.325819],[12.470143,42.32684],[12.469259,42.327398],[12.467724,42.32875],[12.466587,42.330176],[12.463234,42.334793],[12.462851,42.335574],[12.462171,42.337072],[12.462166,42.337134],[12.462102,42.337884],[12.463184,42.344479],[12.464251,42.345712],[12.465943,42.347164],[12.466849,42.347821],[12.467887,42.347988],[12.46869,42.347946],[12.469299,42.348193],[12.471663,42.349764],[12.473171,42.350916],[12.474694,42.352306],[12.475142,42.353292],[12.475412,42.354387],[12.475358,42.355132],[12.475116,42.355999],[12.474941,42.356445],[12.474766,42.356874],[12.473273,42.356572],[12.469,42.355639],[12.464802,42.354655],[12.463584,42.354448],[12.463346,42.354436],[12.462979,42.354417],[12.461001,42.354968],[12.454649,42.357428],[12.45461,42.362922],[12.458897,42.368585],[12.457648,42.380615],[12.4562,42.381896],[12.446881,42.383064],[12.443414,42.382583],[12.438892,42.383656],[12.438253,42.383945],[12.437355,42.385305],[12.43702,42.385864],[12.436699,42.386486],[12.436514,42.386852],[12.436362,42.387176],[12.436406,42.387535],[12.436472,42.387675],[12.436612,42.38797],[12.438039,42.390119],[12.438843,42.391009],[12.439383,42.391371],[12.44222,42.392587],[12.442029,42.395114],[12.437858,42.395765],[12.444694,42.398816],[12.446087,42.398023],[12.447489,42.397513],[12.450895,42.396617],[12.456467,42.397018],[12.457509,42.397129],[12.458526,42.397451],[12.45962,42.397799],[12.46449,42.396129],[12.466256,42.394889],[12.466901,42.393355],[12.468715,42.39066],[12.471878,42.388295],[12.474015,42.387458],[12.474462,42.387485],[12.485816,42.392457],[12.487132,42.394195],[12.488055,42.398675],[12.488716,42.398194],[12.488979,42.398003],[12.489347,42.39787],[12.49002,42.397852],[12.491127,42.397831],[12.494015,42.398143],[12.498062,42.400192],[12.501165,42.401725],[12.505349,42.402748],[12.511129,42.403567],[12.512053,42.402831]]]}},{"type":"Feature","id":"057036","properties":{"istat":"057036","name":"Marcetelli","province":"RI","label":[42.220759,13.039954]},"geometry":{"type":"Polygon","coordinates":[[[13.056077,42.225698],[13.055578,42.221835],[13.055705,42.214136],[13.056381,42.208305],[13.057589,42.201297],[13.057754,42.198302],[13.043173,42.196657],[13.031488,42.198928],[13.019994,42.1989],[13.017621,42.198839],[13.020863,42.20058],[13.02152,42.201269],[13.021724,42.201721],[13.022985,42.20476],[13.023285,42.206816],[13.022185,42.211753],[13.021904,42.212263],[13.023053,42.219682],[13.031692,42.227072],[13.037693,42.228176],[13.047962,42.233107],[13.051125,42.234906],[13.052863,42.236459],[13.055019,42.239613],[13.059342,42.243338],[13.059968,42.243865],[13.061043,42.244394],[13.064488,42.245065],[13.067264,42.245475],[13.06781,42.245455],[13.065298,42.2412],[13.065728,42.240604],[13.066111,42.239612],[13.066122,42.238825],[13.066062,42.238013],[13.065944,42.23749],[13.062988,42.231918],[13.062214,42.23068],[13.060548,42.228466],[13.060374,42.228247],[13.05935,42.228049],[13.058301,42.227888],[13.057472,42.227647],[13.056837,42.227395],[13.056424,42.227081],[13.056283,42.226888],[13.056077,42.225698]]]}},{"type":"Feature","id":"057037","properties":{"istat":"057037","name":"Micigliano","province":"RI","label":[42.450406,13.046363]},"geometry":{"type":"Polygon","coordinates":[[[13.061568,42.478036],[13.062777,42.477894],[13.063869,42.477643],[13.06454,42.477489],[13.065046,42.477351],[13.066295,42.477009],[13.066675,42.476905],[13.072559,42.475088],[13.075164,42.474248],[13.075963,42.473945],[13.076315,42.473536],[13.085094,42.462122],[13.098171,42.456423],[13.101855,42.454855],[13.102377,42.454503],[13.10265,42.453516],[13.102892,42.450721],[13.108372,42.447625],[13.108026,42.446201],[13.107641,42.445693],[13.107249,42.445342],[13.106738,42.444937],[13.106441,42.444709],[13.100365,42.440601],[13.098032,42.439356],[13.090526,42.435555],[13.075575,42.428834],[13.070552,42.426728],[13.065625,42.424513],[13.061022,42.422002],[13.055381,42.422468],[13.048368,42.423238],[13.048567,42.423465],[13.049564,42.423835],[13.050669,42.424305],[13.051195,42.424592],[13.05141,42.425102],[13.051539,42.428371],[13.050683,42.429337],[13.038113,42.433239],[13.030851,42.437646],[13.026352,42.443152],[13.025646,42.443884],[13.021372,42.444821],[13.018337,42.445469],[13.002177,42.446701],[12.99554,42.446286],[12.994694,42.446181],[12.994143,42.446167],[12.992077,42.446983],[12.99072,42.448276],[12.989409,42.450092],[12.988658,42.451893],[12.985358,42.460006],[12.985409,42.460315],[12.985931,42.462233],[12.989695,42.467369],[12.994593,42.473199],[13.009005,42.474091],[13.011819,42.472003],[13.014202,42.468993],[13.01475,42.468568],[13.01568,42.468027],[13.017691,42.467137],[13.018714,42.466687],[13.02017,42.466069],[13.020661,42.465889],[13.021819,42.465813],[13.023047,42.465823],[13.024079,42.466264],[13.024988,42.466768],[13.025633,42.467164],[13.026321,42.467689],[13.026796,42.468051],[13.028041,42.469132],[13.028093,42.46919],[13.028557,42.469699],[13.029079,42.470491],[13.029153,42.471268],[13.029363,42.471913],[13.030023,42.472975],[13.03027,42.473241],[13.032693,42.475132],[13.033169,42.47547],[13.033745,42.475725],[13.041015,42.477832],[13.04745,42.478617],[13.061568,42.478036]]]}},{"type":"Feature","id":"057038","properties":{"istat":"057038","name":"Mompeo","province":"RI","label":[42.263123,12.779529]},"geometry":{"type":"Polygon","coordinates":[[[12.780003,42.284963],[12.781667,42.282108],[12.784542,42.274711],[12.785588,42.270935],[12.794092,42.260744],[12.796975,42.256619],[12.796961,42.256322],[12.796879,42.255888],[12.796623,42.255586],[12.794865,42.253866],[12.793666,42.252789],[12.784971,42.247679],[12.780743,42.245527],[12.778348,42.244408],[12.777413,42.244102],[12.776465,42.243822],[12.775738,42.24381],[12.775229,42.243809],[12.769158,42.244779],[12.765009,42.245617],[12.764116,42.243051],[12.765716,42.241043],[12.754282,42.241922],[12.753561,42.243719],[12.745423,42.243207],[12.744845,42.243114],[12.742871,42.242714],[12.734122,42.244373],[12.73069,42.246808],[12.735852,42.248207],[12.742369,42.251046],[12.755881,42.254516],[12.759509,42.255118],[12.763021,42.25588],[12.763631,42.256459],[12.764499,42.257295],[12.764706,42.257608],[12.767919,42.265502],[12.768558,42.278664],[12.767752,42.284448],[12.780003,42.284963]]]}},{"type":"Feature","id":"057039","properties":{"istat":"057039","name":"Montasola","province":"RI","label":[42.379348,12.687824]},"geometry":{"type":"Polygon","coordinates":[[[12.695684,42.392781],[12.700094,42.389078],[12.705975,42.385061],[12.706982,42.384425],[12.707933,42.383993],[12.711539,42.382373],[12.715008,42.381841],[12.716572,42.381912],[12.717403,42.380445],[12.71792,42.37825],[12.717193,42.376161],[12.716645,42.375206],[12.716419,42.374417],[12.716749,42.373378],[12.716966,42.372693],[12.717925,42.370694],[12.716692,42.370919],[12.71612,42.370937],[12.714855,42.370965],[12.713223,42.370743],[12.712623,42.370569],[12.700741,42.366379],[12.691841,42.364344],[12.685589,42.36364],[12.675066,42.364099],[12.66879,42.363455],[12.668681,42.365066],[12.667767,42.3683],[12.655807,42.372113],[12.653448,42.372761],[12.656101,42.37422],[12.658783,42.381514],[12.659829,42.389746],[12.662532,42.392046],[12.667427,42.392553],[12.687626,42.394185],[12.695684,42.392781]]]}},{"type":"Feature","id":"057043","properties":{"istat":"057043","name":"Monte San Giovanni in Sabina","province":"RI","label":[42.311728,12.768705]},"geometry":{"type":"Polygon","coordinates":[[[12.781049,42.340097],[12.784284,42.339784],[12.786685,42.339307],[12.789851,42.338316],[12.79389,42.336701],[12.795946,42.335552],[12.807152,42.331236],[12.81275,42.331135],[12.817591,42.329822],[12.836994,42.323879],[12.83746,42.32371],[12.837375,42.323353],[12.836916,42.32256],[12.830045,42.316678],[12.829003,42.315883],[12.824493,42.315464],[12.818897,42.315548],[12.815962,42.315132],[12.812736,42.313331],[12.801958,42.306832],[12.793178,42.301194],[12.786814,42.299298],[12.783551,42.294453],[12.781911,42.287939],[12.780003,42.284963],[12.767752,42.284448],[12.765866,42.28587],[12.764171,42.286808],[12.760529,42.288288],[12.759337,42.288714],[12.758563,42.288978],[12.758146,42.289097],[12.757044,42.28941],[12.755813,42.289581],[12.748369,42.301405],[12.746716,42.303543],[12.746466,42.303489],[12.74621,42.303434],[12.744907,42.302878],[12.742016,42.302297],[12.739407,42.302013],[12.730819,42.304004],[12.727157,42.304965],[12.727248,42.305462],[12.727315,42.305968],[12.727403,42.306879],[12.727346,42.310843],[12.727318,42.312613],[12.727213,42.314188],[12.727061,42.314697],[12.727424,42.326197],[12.733181,42.330453],[12.734462,42.335017],[12.734729,42.33494],[12.736363,42.334469],[12.740514,42.33278],[12.742659,42.33185],[12.743506,42.33132],[12.746421,42.328709],[12.750564,42.32731],[12.760708,42.329399],[12.761041,42.329614],[12.763216,42.33191],[12.772007,42.339751],[12.772729,42.340254],[12.773291,42.340501],[12.781049,42.340097]]]}},{"type":"Feature","id":"057040","properties":{"istat":"057040","name":"Montebuono","province":"RI","label":[42.378563,12.577822]},"geometry":{"type":"Polygon","coordinates":[[[12.611493,42.379945],[12.611466,42.379707],[12.611157,42.377641],[12.610099,42.373501],[12.609886,42.373012],[12.609295,42.37188],[12.608544,42.371164],[12.608093,42.370318],[12.607788,42.369409],[12.606803,42.366284],[12.607035,42.364296],[12.607705,42.363082],[12.6027,42.363019],[12.590679,42.360767],[12.590315,42.360507],[12.589923,42.360228],[12.588556,42.359785],[12.583372,42.358182],[12.581685,42.357839],[12.575839,42.357373],[12.570373,42.357098],[12.570052,42.35881],[12.567609,42.360825],[12.566221,42.360843],[12.560583,42.356926],[12.557019,42.356109],[12.553955,42.357808],[12.547006,42.357266],[12.544796,42.35665],[12.54194,42.355167],[12.539633,42.354838],[12.539275,42.354884],[12.536538,42.356671],[12.531438,42.360111],[12.525808,42.36123],[12.526114,42.364181],[12.529999,42.364231],[12.531232,42.365074],[12.531511,42.36562],[12.531931,42.366865],[12.535098,42.370908],[12.537987,42.37438],[12.54091,42.376646],[12.546002,42.379485],[12.552162,42.381769],[12.559685,42.381801],[12.566302,42.383519],[12.575023,42.387564],[12.577102,42.388822],[12.596353,42.399974],[12.600978,42.401729],[12.601237,42.398596],[12.601416,42.398023],[12.601875,42.397122],[12.603172,42.395609],[12.604756,42.393888],[12.605434,42.393313],[12.607358,42.391916],[12.609352,42.390282],[12.610471,42.388297],[12.610707,42.387844],[12.610931,42.387395],[12.611,42.386848],[12.611493,42.379945]]]}},{"type":"Feature","id":"057041","properties":{"istat":"057041","name":"Monteleone Sabino","province":"RI","label":[42.225826,12.869609]},"geometry":{"type":"Polygon","coordinates":[[[12.884764,42.242586],[12.890762,42.238254],[12.900279,42.233045],[12.910093,42.229757],[12.914866,42.226871],[12.9113,42.224782],[12.908692,42.223237],[12.906405,42.221847],[12.905776,42.221436],[12.902359,42.216699],[12.899752,42.213502],[12.898511,42.212572],[12.897882,42.212152],[12.896419,42.211702],[12.89502,42.211497],[12.894292,42.21149],[12.893506,42.211495],[12.890105,42.211716],[12.876521,42.210446],[12.864343,42.208467],[12.860291,42.208594],[12.842297,42.212283],[12.839174,42.212979],[12.835494,42.214262],[12.833189,42.215119],[12.830485,42.216578],[12.829934,42.217105],[12.8279,42.221603],[12.824297,42.230223],[12.830915,42.231267],[12.843648,42.23448],[12.850805,42.236471],[12.851519,42.237563],[12.858816,42.239321],[12.861458,42.240758],[12.863279,42.241053],[12.870981,42.243021],[12.884764,42.242586]]]}},{"type":"Feature","id":"057042","properties":{"istat":"057042","name":"Montenero Sabino","province":"RI","label":[42.286657,12.811189]},"geometry":{"type":"Polygon","coordinates":[[[12.829003,42.315883],[12.828981,42.315521],[12.829084,42.315004],[12.831318,42.311746],[12.833201,42.310288],[12.835312,42.308716],[12.835809,42.308539],[12.841599,42.308106],[12.841134,42.30751],[12.839963,42.305555],[12.839734,42.304091],[12.839276,42.29657],[12.839993,42.294056],[12.842324,42.290795],[12.840969,42.285375],[12.839123,42.283663],[12.836914,42.281206],[12.8374,42.278741],[12.838503,42.274855],[12.841357,42.268965],[12.840293,42.269284],[12.839046,42.269596],[12.837428,42.269754],[12.835363,42.26985],[12.833558,42.269798],[12.830583,42.269587],[12.817721,42.265654],[12.810018,42.262588],[12.800778,42.258798],[12.796975,42.256619],[12.794092,42.260744],[12.785588,42.270935],[12.784542,42.274711],[12.781667,42.282108],[12.780003,42.284963],[12.781911,42.287939],[12.783551,42.294453],[12.786814,42.299298],[12.793178,42.301194],[12.801958,42.306832],[12.812736,42.313331],[12.815962,42.315132],[12.818897,42.315548],[12.824493,42.315464],[12.829003,42.315883]]]}},{"type":"Feature","id":"057044","properties":{"istat":"057044","name":"Montopoli di Sabina","province":"RI","label":[42.226601,12.666893]},"geometry":{"type":"Polygon","coordinates":[[[12.718618,42.268631],[12.712714,42.261236],[12.710848,42.256392],[12.710969,42.25553],[12.71109,42.254198],[12.708304,42.252469],[12.707507,42.252036],[12.709149,42.250204],[12.71154,42.246453],[12.713865,42.245491],[12.719878,42.247475],[12.717942,42.244004],[12.714618,42.242094],[12.713726,42.23994],[12.711893,42.237467],[12.705944,42.233952],[12.698617,42.230839],[12.697914,42.228187],[12.694745,42.227322],[12.693672,42.22588],[12.693381,42.222539],[12.693302,42.219728],[12.693477,42.218588],[12.693149,42.21795],[12.692678,42.217591],[12.689805,42.215622],[12.687425,42.214536],[12.682921,42.212676],[12.680881,42.212199],[12.677095,42.2117],[12.674751,42.2115],[12.670343,42.210187],[12.663138,42.207827],[12.662369,42.207309],[12.661453,42.206222],[12.661326,42.206023],[12.661214,42.203992],[12.660927,42.20206],[12.660741,42.201517],[12.658454,42.195886],[12.657935,42.195083],[12.656663,42.194237],[12.652937,42.192496],[12.652529,42.192314],[12.652305,42.192215],[12.650839,42.191582],[12.650003,42.191266],[12.649238,42.191007],[12.648848,42.191024],[12.648521,42.191075],[12.648234,42.190957],[12.648104,42.190903],[12.647483,42.190644],[12.647293,42.190547],[12.647067,42.190432],[12.646621,42.190138],[12.646429,42.190011],[12.644496,42.188298],[12.643577,42.187243],[12.642637,42.186151],[12.637301,42.178106],[12.636058,42.17619],[12.635289,42.174697],[12.634319,42.170479],[12.630775,42.169473],[12.629759,42.169775],[12.629208,42.169964],[12.627469,42.170798],[12.625648,42.172229],[12.624134,42.173866],[12.613644,42.181095],[12.613291,42.186959],[12.614487,42.195403],[12.612538,42.1989],[12.613186,42.201968],[12.613902,42.202508],[12.614269,42.202785],[12.61696,42.204316],[12.618488,42.205121],[12.618742,42.205255],[12.618832,42.205295],[12.618931,42.205339],[12.619708,42.205679],[12.620991,42.20603],[12.623876,42.205633],[12.630798,42.206246],[12.635251,42.207245],[12.637233,42.208006],[12.637296,42.208296],[12.637542,42.209815],[12.637586,42.211056],[12.637551,42.212129],[12.637565,42.213056],[12.637605,42.214594],[12.638304,42.219907],[12.63935,42.225646],[12.639779,42.227446],[12.640617,42.228383],[12.640834,42.228742],[12.640944,42.228923],[12.641131,42.229231],[12.641782,42.230917],[12.641792,42.231212],[12.641799,42.23147],[12.641795,42.23164],[12.641743,42.233277],[12.641299,42.234827],[12.640646,42.236063],[12.640307,42.236362],[12.639432,42.237048],[12.640813,42.237112],[12.643316,42.237253],[12.645552,42.237416],[12.653561,42.23875],[12.65428,42.238993],[12.656786,42.241024],[12.657408,42.241576],[12.666171,42.249436],[12.66973,42.2545],[12.669938,42.25479],[12.671438,42.256192],[12.675616,42.255959],[12.677554,42.255676],[12.687379,42.260484],[12.69348,42.265388],[12.698608,42.269085],[12.703167,42.271613],[12.714374,42.277363],[12.716759,42.280852],[12.716933,42.281044],[12.71884,42.282981],[12.720296,42.284289],[12.720888,42.284725],[12.721317,42.284931],[12.721556,42.285027],[12.721794,42.285118],[12.722302,42.285084],[12.723771,42.282438],[12.723879,42.277433],[12.72354,42.274382],[12.722983,42.27233],[12.718618,42.268631]]]}},{"type":"Feature","id":"057045","properties":{"istat":"057045","name":"Morro Reatino","province":"RI","label":[42.525744,12.835761]},"geometry":{"type":"Polygon","coordinates":[[[12.869729,42.551192],[12.868072,42.549073],[12.865836,42.544957],[12.865585,42.543408],[12.864786,42.540619],[12.864551,42.539801],[12.863353,42.536366],[12.861987,42.532551],[12.860732,42.531124],[12.859286,42.529926],[12.856337,42.527563],[12.848784,42.521841],[12.845252,42.51953],[12.840153,42.514232],[12.839006,42.510056],[12.833081,42.49981],[12.83061,42.495913],[12.830075,42.495139],[12.82939,42.494234],[12.829189,42.494083],[12.825701,42.492561],[12.824986,42.492446],[12.823445,42.492344],[12.819104,42.492237],[12.814034,42.501559],[12.81213,42.506601],[12.816922,42.511205],[12.827099,42.513183],[12.8271,42.514928],[12.827099,42.51746],[12.826198,42.5179],[12.823353,42.519179],[12.821184,42.519968],[12.820085,42.52036],[12.819677,42.520225],[12.818214,42.521341],[12.818139,42.521726],[12.817718,42.524423],[12.817455,42.527066],[12.817557,42.528282],[12.818035,42.532936],[12.820352,42.535933],[12.821074,42.536532],[12.82177,42.536894],[12.823017,42.537487],[12.825498,42.538246],[12.828534,42.539112],[12.829521,42.539507],[12.830488,42.539977],[12.830682,42.540071],[12.833432,42.541653],[12.83935,42.545476],[12.843809,42.548918],[12.857681,42.556114],[12.863584,42.55826],[12.871724,42.561118],[12.873541,42.559819],[12.874242,42.559264],[12.875133,42.558459],[12.875527,42.557982],[12.875533,42.557451],[12.875399,42.557086],[12.875031,42.556793],[12.869729,42.551192]]]}},{"type":"Feature","id":"057046","properties":{"istat":"057046","name":"Nespolo","province":"RI","label":[42.155183,13.071886]},"geometry":{"type":"Polygon","coordinates":[[[13.066454,42.171963],[13.068939,42.171447],[13.069891,42.171193],[13.07047,42.170954],[13.071229,42.170641],[13.073614,42.16939],[13.075979,42.167347],[13.087005,42.164906],[13.087962,42.164854],[13.089852,42.165277],[13.091499,42.165799],[13.093452,42.166494],[13.093481,42.160652],[13.089671,42.155744],[13.08667,42.149958],[13.087161,42.147874],[13.087083,42.14689],[13.086937,42.146081],[13.086905,42.145907],[13.08652,42.145051],[13.086166,42.144335],[13.085924,42.143915],[13.076812,42.139034],[13.072162,42.139494],[13.064485,42.140041],[13.051619,42.148821],[13.051235,42.149101],[13.051089,42.149529],[13.051137,42.149729],[13.051175,42.149882],[13.051661,42.151035],[13.053752,42.154621],[13.056263,42.156824],[13.057052,42.15915],[13.057119,42.161314],[13.057102,42.161507],[13.057026,42.162366],[13.05643,42.164075],[13.055234,42.166288],[13.055399,42.169226],[13.056523,42.169238],[13.060474,42.169306],[13.062122,42.169514],[13.063309,42.170251],[13.063926,42.171058],[13.065102,42.1722],[13.066454,42.171963]]]}},{"type":"Feature","id":"057047","properties":{"istat":"057047","name":"Orvinio","province":"RI","label":[42.123868,12.942628]},"geometry":{"type":"Polygon","coordinates":[[[12.932004,42.148744],[12.93272,42.147936],[12.9334,42.147359],[12.93427,42.146812],[12.934799,42.146514],[12.938332,42.144678],[12.949193,42.139991],[12.955641,42.138665],[12.957864,42.138228],[12.95909,42.138014],[12.960825,42.137738],[12.961824,42.137704],[12.96236,42.137793],[12.966454,42.138255],[12.972234,42.138293],[12.978651,42.134842],[12.979371,42.133476],[12.980131,42.131546],[12.979963,42.131366],[12.979625,42.131067],[12.97874,42.130544],[12.978413,42.130406],[12.973674,42.12588],[12.969299,42.121994],[12.967377,42.120052],[12.966995,42.117252],[12.963866,42.111822],[12.958609,42.102074],[12.956809,42.097291],[12.951088,42.091479],[12.948614,42.089342],[12.944299,42.093759],[12.934743,42.104312],[12.933487,42.105755],[12.931352,42.107846],[12.930703,42.108417],[12.930193,42.108858],[12.928713,42.109742],[12.927912,42.110215],[12.921121,42.114081],[12.919009,42.11504],[12.911115,42.114615],[12.913114,42.117367],[12.913526,42.11996],[12.914001,42.125742],[12.905959,42.134093],[12.897537,42.142938],[12.895824,42.14605],[12.902268,42.14841],[12.906551,42.149182],[12.910468,42.156666],[12.910251,42.15739],[12.91469,42.15894],[12.916548,42.159484],[12.917786,42.15977],[12.919339,42.159627],[12.922585,42.15921],[12.923984,42.158631],[12.924271,42.15845],[12.924726,42.158163],[12.927852,42.154704],[12.931218,42.15001],[12.931482,42.149545],[12.932004,42.148744]]]}},{"type":"Feature","id":"057048","properties":{"istat":"057048","name":"Paganico Sabino","province":"RI","label":[42.178985,13.003617]},"geometry":{"type":"Polygon","coordinates":[[[13.015704,42.198618],[13.017621,42.198839],[13.019994,42.1989],[13.021619,42.189569],[13.016753,42.187182],[13.01666,42.186263],[13.01663,42.185692],[13.016661,42.183922],[13.016996,42.183266],[13.019053,42.179457],[13.020347,42.177156],[13.020752,42.176588],[13.0212,42.176199],[13.021829,42.17583],[13.022861,42.169932],[13.012693,42.162201],[13.008618,42.159681],[13.005348,42.16137],[12.997642,42.168452],[12.993637,42.169505],[12.99305,42.169683],[12.99257,42.169948],[12.990947,42.171116],[12.9905,42.17147],[12.989902,42.172413],[12.989569,42.172947],[12.987142,42.177345],[12.987977,42.178513],[12.987674,42.180829],[12.985511,42.18297],[12.982938,42.186554],[12.98257,42.18789],[12.983503,42.189753],[12.986107,42.191229],[12.990542,42.19347],[13.000126,42.196395],[13.000995,42.196518],[13.001587,42.196527],[13.004551,42.196805],[13.007828,42.197202],[13.015704,42.198618]]]}},{"type":"Feature","id":"057049","properties":{"istat":"057049","name":"Pescorocchiano","province":"RI","label":[42.215508,13.126918]},"geometry":{"type":"Polygon","coordinates":[[[13.242556,42.268892],[13.234804,42.26378],[13.228634,42.256484],[13.227558,42.252503],[13.225206,42.249025],[13.221389,42.24633],[13.20374,42.234499],[13.202138,42.23386],[13.1986,42.232174],[13.194016,42.229989],[13.193829,42.229721],[13.193825,42.229443],[13.196212,42.222638],[13.198741,42.217643],[13.198985,42.216747],[13.197323,42.214269],[13.196969,42.213922],[13.196648,42.213699],[13.196322,42.213671],[13.188838,42.213139],[13.182512,42.210678],[13.184316,42.20831],[13.185855,42.205221],[13.186177,42.204566],[13.188348,42.198521],[13.189588,42.194928],[13.188971,42.194073],[13.187563,42.192983],[13.186444,42.192216],[13.185223,42.19135],[13.183579,42.189917],[13.182885,42.189231],[13.18264,42.188902],[13.181069,42.186681],[13.18048,42.185672],[13.180015,42.184586],[13.17977,42.183843],[13.178924,42.181254],[13.172076,42.171815],[13.171962,42.169394],[13.176371,42.166423],[13.178299,42.165475],[13.178751,42.165355],[13.180264,42.164525],[13.180622,42.164269],[13.18075,42.164141],[13.18154,42.163342],[13.181797,42.163065],[13.183268,42.161453],[13.183606,42.16108],[13.183491,42.160307],[13.183311,42.159104],[13.183278,42.158882],[13.183218,42.158353],[13.183168,42.158044],[13.183077,42.157796],[13.182998,42.157582],[13.182634,42.157208],[13.178146,42.153368],[13.177347,42.152908],[13.176428,42.152504],[13.176354,42.152471],[13.175061,42.151996],[13.174539,42.151864],[13.173787,42.151674],[13.169711,42.150708],[13.169253,42.151546],[13.168144,42.1535],[13.166417,42.154607],[13.161297,42.1566],[13.150323,42.161589],[13.144597,42.164867],[13.13178,42.17143],[13.119892,42.1767],[13.109334,42.17587],[13.094953,42.177333],[13.087057,42.177871],[13.087073,42.178702],[13.086683,42.180013],[13.086432,42.180693],[13.08577,42.182166],[13.08489,42.183242],[13.083599,42.18431],[13.082967,42.184382],[13.081132,42.184168],[13.080566,42.184098],[13.080072,42.184008],[13.069438,42.187969],[13.057964,42.194567],[13.057351,42.197187],[13.057754,42.198302],[13.057589,42.201297],[13.056381,42.208305],[13.055705,42.214136],[13.055578,42.221835],[13.056077,42.225698],[13.056283,42.226888],[13.056424,42.227081],[13.056837,42.227395],[13.057472,42.227647],[13.058301,42.227888],[13.05935,42.228049],[13.060374,42.228247],[13.060548,42.228466],[13.062214,42.23068],[13.062988,42.231918],[13.065944,42.23749],[13.066062,42.238013],[13.066122,42.238825],[13.066111,42.239612],[13.065728,42.240604],[13.065298,42.2412],[13.06781,42.245455],[13.072121,42.247967],[13.074211,42.247015],[13.082243,42.244347],[13.08546,42.236971],[13.086295,42.228176],[13.08631,42.228058],[13.086369,42.227623],[13.086405,42.227352],[13.087242,42.225319],[13.087907,42.225358],[13.088836,42.22551],[13.089484,42.225689],[13.096437,42.227759],[13.101403,42.231903],[13.100952,42.23273],[13.100732,42.234525],[13.100968,42.235885],[13.101082,42.236124],[13.101425,42.236823],[13.103773,42.241372],[13.104251,42.242003],[13.104555,42.242366],[13.105753,42.243637],[13.107301,42.244968],[13.112121,42.242661],[13.119159,42.239901],[13.126355,42.238017],[13.127787,42.238325],[13.130411,42.237731],[13.131133,42.237516],[13.13522,42.234955],[13.13889,42.232112],[13.139548,42.231602],[13.142073,42.230615],[13.145484,42.229582],[13.148073,42.228876],[13.148647,42.228892],[13.148848,42.228898],[13.15369,42.231185],[13.165386,42.241132],[13.168191,42.245969],[13.169185,42.251407],[13.178739,42.259597],[13.184619,42.265397],[13.187703,42.268951],[13.1918,42.271488],[13.193613,42.272552],[13.194274,42.272789],[13.195132,42.272874],[13.197075,42.272767],[13.197434,42.27252],[13.202136,42.271785],[13.213622,42.272488],[13.220364,42.273365],[13.225035,42.274575],[13.232326,42.27668],[13.234613,42.277866],[13.242556,42.268892]]]}},{"type":"Feature","id":"057050","properties":{"istat":"057050","name":"Petrella Salto","province":"RI","label":[42.296412,13.064289]},"geometry":{"type":"Polygon","coordinates":[[[13.078931,42.360148],[13.085792,42.360119],[13.084465,42.356241],[13.084108,42.354408],[13.084317,42.353946],[13.084963,42.353045],[13.085468,42.352397],[13.088991,42.3479],[13.092711,42.345754],[13.096095,42.345863],[13.097076,42.345927],[13.100705,42.34676],[13.105632,42.345229],[13.108048,42.343179],[13.117941,42.334031],[13.121165,42.330469],[13.125663,42.325145],[13.128142,42.321382],[13.1286,42.320664],[13.128658,42.320355],[13.128435,42.315191],[13.130033,42.304684],[13.129016,42.299269],[13.126892,42.293556],[13.122154,42.28972],[13.114014,42.283669],[13.105056,42.274231],[13.101742,42.264243],[13.100554,42.25452],[13.100579,42.252903],[13.100802,42.250716],[13.101835,42.249041],[13.10205,42.248693],[13.102114,42.248589],[13.102178,42.248488],[13.103737,42.246979],[13.104763,42.246352],[13.107301,42.244968],[13.105753,42.243637],[13.104555,42.242366],[13.104251,42.242003],[13.103773,42.241372],[13.101425,42.236823],[13.101082,42.236124],[13.100968,42.235885],[13.100732,42.234525],[13.100952,42.23273],[13.101403,42.231903],[13.096437,42.227759],[13.089484,42.225689],[13.088836,42.22551],[13.087907,42.225358],[13.087242,42.225319],[13.086405,42.227352],[13.086369,42.227623],[13.08631,42.228058],[13.086295,42.228176],[13.08546,42.236971],[13.082243,42.244347],[13.074211,42.247015],[13.072121,42.247967],[13.072856,42.25089],[13.07252,42.251181],[13.07173,42.251655],[13.071388,42.251721],[13.071023,42.251788],[13.070013,42.251878],[13.067612,42.251936],[13.066317,42.251861],[13.065451,42.251621],[13.064917,42.251289],[13.060264,42.25872],[13.054694,42.268386],[13.039158,42.274382],[13.023611,42.280192],[13.016372,42.28286],[13.009692,42.285907],[13.008666,42.288437],[13.005183,42.291184],[12.995642,42.302124],[12.994574,42.304796],[12.992754,42.317437],[12.993285,42.317896],[12.993813,42.318832],[12.993915,42.319049],[12.9934,42.320742],[12.990285,42.327486],[12.988235,42.329768],[12.987167,42.330926],[12.986919,42.331057],[12.98509,42.331326],[12.984325,42.331345],[12.983588,42.331254],[12.982418,42.331006],[12.980802,42.331076],[12.98037,42.331275],[12.979924,42.33153],[12.97949,42.331846],[12.97936,42.33249],[12.97941,42.332853],[12.979439,42.333059],[12.979698,42.334031],[12.972251,42.338067],[12.976903,42.338364],[12.981731,42.339961],[12.989911,42.343431],[12.991967,42.344232],[12.993256,42.344733],[12.994231,42.344235],[12.997433,42.342453],[12.998025,42.342077],[12.998785,42.341593],[12.999397,42.340975],[12.999665,42.338692],[13.006191,42.337996],[13.016347,42.344294],[13.029275,42.349382],[13.040947,42.357443],[13.052081,42.366503],[13.053175,42.367253],[13.055114,42.368322],[13.055193,42.368365],[13.056305,42.368891],[13.057036,42.369236],[13.058781,42.36976],[13.060142,42.370144],[13.06737,42.371972],[13.067503,42.371994],[13.067856,42.372049],[13.068432,42.371853],[13.068815,42.371695],[13.068853,42.37168],[13.069184,42.371088],[13.071017,42.367205],[13.078931,42.360148]]]}},{"type":"Feature","id":"057051","properties":{"istat":"057051","name":"Poggio Bustone","province":"RI","label":[42.503741,12.895262]},"geometry":{"type":"Polygon","coordinates":[[[12.917095,42.530052],[12.91973,42.528599],[12.922627,42.526882],[12.922451,42.525559],[12.92564,42.520835],[12.928714,42.518559],[12.928449,42.518528],[12.92825,42.518475],[12.928038,42.518402],[12.927465,42.518012],[12.927201,42.517747],[12.927042,42.517455],[12.92695,42.517229],[12.926896,42.515614],[12.926952,42.515282],[12.927107,42.514693],[12.927384,42.513734],[12.927904,42.512725],[12.928237,42.511471],[12.928257,42.510922],[12.928273,42.51002],[12.928246,42.509761],[12.92819,42.509244],[12.927487,42.507872],[12.923634,42.503103],[12.921797,42.501603],[12.919666,42.500722],[12.914439,42.498173],[12.907457,42.493934],[12.907755,42.490225],[12.903467,42.488202],[12.888766,42.485384],[12.87337,42.483248],[12.866532,42.481955],[12.862717,42.481035],[12.852607,42.479418],[12.843514,42.47623],[12.843378,42.476207],[12.843013,42.476148],[12.841947,42.476359],[12.837367,42.477949],[12.836943,42.478166],[12.836422,42.478543],[12.835955,42.479104],[12.837001,42.479249],[12.841735,42.48275],[12.846344,42.487061],[12.857124,42.494176],[12.85827,42.494471],[12.859051,42.495097],[12.864935,42.501737],[12.865797,42.50287],[12.866156,42.503409],[12.866596,42.504072],[12.869946,42.509285],[12.869953,42.509328],[12.870057,42.510037],[12.869985,42.510332],[12.869789,42.51073],[12.869407,42.511229],[12.868398,42.511912],[12.867939,42.515758],[12.875001,42.523601],[12.881253,42.525559],[12.897805,42.522452],[12.899218,42.522422],[12.901416,42.52259],[12.901925,42.522654],[12.902325,42.523068],[12.905035,42.526492],[12.906433,42.530194],[12.911604,42.531413],[12.913125,42.531756],[12.917095,42.530052]]]}},{"type":"Feature","id":"057052","properties":{"istat":"057052","name":"Poggio Catino","province":"RI","label":[42.290688,12.685713]},"geometry":{"type":"Polygon","coordinates":[[[12.715902,42.307532],[12.721857,42.304935],[12.719622,42.300622],[12.718296,42.299396],[12.717863,42.298955],[12.718263,42.297623],[12.718379,42.297417],[12.719498,42.296007],[12.711961,42.289399],[12.704907,42.28328],[12.685217,42.277157],[12.680286,42.276694],[12.676126,42.277395],[12.672646,42.278036],[12.665808,42.280199],[12.65831,42.280735],[12.654567,42.280917],[12.649614,42.278872],[12.648549,42.278274],[12.647143,42.277399],[12.640515,42.273058],[12.638449,42.282902],[12.651878,42.284096],[12.65218,42.28414],[12.652882,42.284514],[12.655919,42.286988],[12.655957,42.287023],[12.656481,42.287533],[12.657364,42.288918],[12.657369,42.289422],[12.658622,42.291953],[12.664809,42.300454],[12.665828,42.301745],[12.666155,42.302112],[12.666297,42.302202],[12.666439,42.302288],[12.673179,42.30571],[12.677948,42.307673],[12.679191,42.308182],[12.688252,42.309556],[12.695393,42.3087],[12.704679,42.307896],[12.715902,42.307532]]]}},{"type":"Feature","id":"057053","properties":{"istat":"057053","name":"Poggio Mirteto","province":"RI","label":[42.266354,12.661403]},"geometry":{"type":"MultiPolygon","coordinates":[[[[12.713865,42.245491],[12.71154,42.246453],[12.709149,42.250204],[12.707507,42.252036],[12.708304,42.252469],[12.71109,42.254198],[12.710969,42.25553],[12.710848,42.256392],[12.712714,42.261236],[12.718618,42.268631],[12.722983,42.27233],[12.72354,42.274382],[12.723879,42.277433],[12.723771,42.282438],[12.734329,42.279875],[12.732318,42.27646],[12.73151,42.27429],[12.729712,42.266294],[12.726483,42.257278],[12.724632,42.252816],[12.719878,42.247475],[12.713865,42.245491]]],[[[12.722302,42.285084],[12.721794,42.285118],[12.721556,42.285027],[12.721317,42.284931],[12.720888,42.284725],[12.720296,42.284289],[12.71884,42.282981],[12.716933,42.281044],[12.716759,42.280852],[12.714374,42.277363],[12.703167,42.271613],[12.698608,42.269085],[12.69348,42.265388],[12.687379,42.260484],[12.677554,42.255676],[12.675616,42.255959],[12.671438,42.256192],[12.669938,42.25479],[12.66973,42.2545],[12.666171,42.249436],[12.657408,42.241576],[12.656786,42.241024],[12.65428,42.238993],[12.653561,42.23875],[12.645552,42.237416],[12.643316,42.237253],[12.640813,42.237112],[12.639432,42.237048],[12.634081,42.238874],[12.63253,42.244362],[12.627127,42.248508],[12.625793,42.248537],[12.62442,42.248662],[12.623352,42.248988],[12.621549,42.249567],[12.620184,42.250079],[12.618292,42.251426],[12.616963,42.252576],[12.614417,42.254849],[12.608042,42.258948],[12.612816,42.258713],[12.615985,42.259212],[12.621629,42.261312],[12.623766,42.262487],[12.62501,42.263253],[12.625602,42.263662],[12.626068,42.264138],[12.628822,42.26732],[12.631463,42.269645],[12.634712,42.270955],[12.640515,42.273058],[12.647143,42.277399],[12.648549,42.278274],[12.649614,42.278872],[12.654567,42.280917],[12.65831,42.280735],[12.665808,42.280199],[12.672646,42.278036],[12.676126,42.277395],[12.680286,42.276694],[12.685217,42.277157],[12.704907,42.28328],[12.711961,42.289399],[12.719498,42.296007],[12.722302,42.285084]]]]}},{"type":"Feature","id":"057054","properties":{"istat":"057054","name":"Poggio Moiano","province":"RI","label":[42.198603,12.882755]},"geometry":{"type":"Polygon","coordinates":[[[12.918178,42.226753],[12.918153,42.226002],[12.918134,42.225412],[12.918032,42.222328],[12.918169,42.221495],[12.920199,42.215891],[12.921351,42.207582],[12.919838,42.196478],[12.917467,42.192783],[12.914964,42.188554],[12.920687,42.179814],[12.922873,42.176299],[12.921781,42.173793],[12.917684,42.173951],[12.917044,42.173901],[12.916403,42.173846],[12.915551,42.173614],[12.913812,42.173133],[12.911135,42.172068],[12.908867,42.17147],[12.902989,42.170189],[12.898106,42.171774],[12.893412,42.17386],[12.890304,42.175217],[12.889159,42.175581],[12.888909,42.175661],[12.885674,42.176455],[12.881518,42.17728],[12.873246,42.178803],[12.868355,42.182052],[12.864658,42.184667],[12.857262,42.187245],[12.853196,42.187749],[12.851121,42.187903],[12.85093,42.187902],[12.843253,42.187768],[12.842693,42.18775],[12.839818,42.187649],[12.838645,42.187239],[12.837948,42.187082],[12.837563,42.187014],[12.837437,42.187204],[12.83741,42.187244],[12.837519,42.187587],[12.83762,42.187836],[12.837798,42.188271],[12.838117,42.188877],[12.842114,42.19632],[12.843841,42.197208],[12.844757,42.197659],[12.845128,42.198159],[12.845312,42.198468],[12.845452,42.198738],[12.845562,42.198951],[12.845667,42.199776],[12.845036,42.200517],[12.835193,42.206106],[12.834383,42.206376],[12.833821,42.20624],[12.83334,42.206122],[12.832597,42.205823],[12.830984,42.205522],[12.829412,42.205439],[12.82711,42.205593],[12.823288,42.20604],[12.820108,42.206538],[12.818936,42.207158],[12.819176,42.207604],[12.821238,42.210864],[12.82545,42.216071],[12.825999,42.216313],[12.826144,42.216409],[12.827242,42.217132],[12.827829,42.217693],[12.827841,42.21772],[12.82801,42.21811],[12.828123,42.219043],[12.8279,42.221603],[12.829934,42.217105],[12.830485,42.216578],[12.833189,42.215119],[12.835494,42.214262],[12.839174,42.212979],[12.842297,42.212283],[12.860291,42.208594],[12.864343,42.208467],[12.876521,42.210446],[12.890105,42.211716],[12.893506,42.211495],[12.894292,42.21149],[12.89502,42.211497],[12.896419,42.211702],[12.897882,42.212152],[12.898511,42.212572],[12.899752,42.213502],[12.902359,42.216699],[12.905776,42.221436],[12.906405,42.221847],[12.908692,42.223237],[12.9113,42.224782],[12.914866,42.226871],[12.918178,42.226753]]]}},{"type":"Feature","id":"057055","properties":{"istat":"057055","name":"Poggio Nativo","province":"RI","label":[42.21054,12.793836]},"geometry":{"type":"Polygon","coordinates":[[[12.765716,42.241043],[12.765762,42.240397],[12.765957,42.238685],[12.76609,42.237982],[12.766712,42.236841],[12.768512,42.23666],[12.770613,42.236532],[12.772006,42.236874],[12.777672,42.233616],[12.778666,42.230833],[12.779511,42.230819],[12.781415,42.230868],[12.78862,42.231702],[12.794359,42.233245],[12.795953,42.233057],[12.798207,42.231699],[12.798484,42.22966],[12.800595,42.223953],[12.802917,42.224069],[12.80581,42.221713],[12.806465,42.22106],[12.807504,42.220023],[12.808342,42.218887],[12.811353,42.212101],[12.813717,42.20977],[12.819176,42.207604],[12.818936,42.207158],[12.813813,42.204122],[12.810705,42.202726],[12.805265,42.199754],[12.803076,42.198549],[12.799628,42.196333],[12.803068,42.193708],[12.804318,42.192755],[12.80478,42.192561],[12.809233,42.190688],[12.811167,42.19007],[12.811076,42.189819],[12.811002,42.189616],[12.808009,42.184785],[12.807332,42.184421],[12.804507,42.183457],[12.795185,42.180605],[12.790715,42.184945],[12.788588,42.186465],[12.785211,42.189868],[12.781397,42.195414],[12.777628,42.202742],[12.774678,42.208125],[12.774753,42.211309],[12.77571,42.214943],[12.765988,42.221665],[12.762885,42.223384],[12.753416,42.224919],[12.751842,42.224547],[12.751938,42.224789],[12.752488,42.226174],[12.755352,42.233576],[12.756134,42.23749],[12.755982,42.23851],[12.755827,42.239223],[12.754282,42.241922],[12.765716,42.241043]]]}},{"type":"Feature","id":"057056","properties":{"istat":"057056","name":"Poggio San Lorenzo","province":"RI","label":[42.25234,12.846278]},"geometry":{"type":"Polygon","coordinates":[[[12.858529,42.253307],[12.856048,42.249823],[12.855886,42.249586],[12.855765,42.249279],[12.855724,42.249024],[12.857364,42.246767],[12.859053,42.245234],[12.860909,42.241934],[12.861458,42.240758],[12.858816,42.239321],[12.851519,42.237563],[12.850805,42.236471],[12.843648,42.23448],[12.830915,42.231267],[12.824297,42.230223],[12.820709,42.230793],[12.821589,42.231138],[12.823763,42.234491],[12.82635,42.24105],[12.828184,42.244824],[12.829874,42.247843],[12.831571,42.250694],[12.832332,42.251115],[12.833644,42.251372],[12.838207,42.255488],[12.841315,42.264208],[12.842559,42.268546],[12.844217,42.272646],[12.844329,42.272908],[12.845874,42.275954],[12.846246,42.276072],[12.846692,42.276133],[12.847787,42.276047],[12.848409,42.27594],[12.848651,42.275845],[12.849896,42.275355],[12.850173,42.275241],[12.850424,42.275139],[12.850917,42.274924],[12.851363,42.274644],[12.858383,42.26896],[12.860894,42.266394],[12.861259,42.260286],[12.860363,42.255567],[12.858529,42.253307]]]}},{"type":"Feature","id":"057057","properties":{"istat":"057057","name":"Posta","province":"RI","label":[42.522612,13.076375]},"geometry":{"type":"Polygon","coordinates":[[[13.108393,42.582091],[13.119436,42.570241],[13.125141,42.565691],[13.138517,42.560377],[13.142036,42.559174],[13.143827,42.558339],[13.145889,42.557317],[13.1498,42.555309],[13.15658,42.550917],[13.15753,42.550085],[13.157102,42.546855],[13.155802,42.540051],[13.154246,42.540278],[13.150881,42.54009],[13.13979,42.539002],[13.131185,42.536107],[13.128842,42.534994],[13.1232,42.532879],[13.120708,42.531992],[13.117934,42.531052],[13.113834,42.52975],[13.111308,42.529539],[13.103996,42.524773],[13.105586,42.523465],[13.106101,42.52296],[13.106402,42.522265],[13.107729,42.51781],[13.107685,42.514422],[13.107241,42.512448],[13.107009,42.511412],[13.10656,42.508911],[13.106323,42.507412],[13.106296,42.507241],[13.106242,42.506582],[13.106269,42.506085],[13.106605,42.50547],[13.107725,42.503436],[13.109383,42.500499],[13.110707,42.498174],[13.11175,42.496687],[13.112052,42.496293],[13.112423,42.495771],[13.111976,42.494824],[13.111585,42.494073],[13.108273,42.49009],[13.106612,42.488651],[13.104641,42.48788],[13.102487,42.487493],[13.098419,42.486793],[13.096275,42.486496],[13.095496,42.486474],[13.094905,42.486329],[13.093652,42.48514],[13.093533,42.48485],[13.093471,42.484696],[13.093358,42.483962],[13.093154,42.479485],[13.094352,42.469687],[13.097381,42.460453],[13.098171,42.456423],[13.085094,42.462122],[13.076315,42.473536],[13.075963,42.473945],[13.075164,42.474248],[13.072559,42.475088],[13.066675,42.476905],[13.066295,42.477009],[13.065046,42.477351],[13.06454,42.477489],[13.063869,42.477643],[13.062777,42.477894],[13.061568,42.478036],[13.04745,42.478617],[13.041015,42.477832],[13.033745,42.475725],[13.033169,42.47547],[13.032693,42.475132],[13.03027,42.473241],[13.030023,42.472975],[13.029363,42.471913],[13.029153,42.471268],[13.029079,42.470491],[13.028557,42.469699],[13.028093,42.46919],[13.028041,42.469132],[13.026796,42.468051],[13.026321,42.467689],[13.025633,42.467164],[13.024988,42.466768],[13.024079,42.466264],[13.023047,42.465823],[13.021819,42.465813],[13.020661,42.465889],[13.02017,42.466069],[13.018714,42.466687],[13.017691,42.467137],[13.01568,42.468027],[13.01475,42.468568],[13.014202,42.468993],[13.011819,42.472003],[13.009005,42.474091],[13.009438,42.474603],[13.009762,42.475123],[13.009957,42.475503],[13.012199,42.481907],[13.012651,42.483431],[13.01317,42.486222],[13.013054,42.486802],[13.012028,42.491174],[13.015691,42.498064],[13.020388,42.505795],[13.027179,42.511598],[13.039983,42.513627],[13.045947,42.522177],[13.055002,42.529325],[13.056504,42.530379],[13.060248,42.532578],[13.06142,42.533217],[13.073013,42.538733],[13.081096,42.541997],[13.082607,42.545991],[13.08356,42.548685],[13.088153,42.556836],[13.089925,42.557812],[13.09303,42.560105],[13.093424,42.560423],[13.093451,42.560446],[13.094641,42.562051],[13.094861,42.562417],[13.094909,42.562505],[13.095008,42.56269],[13.095377,42.56359],[13.09546,42.563849],[13.095532,42.564999],[13.095532,42.565054],[13.095531,42.566039],[13.095386,42.568513],[13.095243,42.569872],[13.094963,42.572727],[13.094928,42.576086],[13.094967,42.576351],[13.095075,42.576648],[13.095208,42.576965],[13.096673,42.579045],[13.096865,42.579308],[13.097016,42.579483],[13.097204,42.579701],[13.103115,42.586111],[13.105452,42.587779],[13.106211,42.588242],[13.106567,42.588247],[13.106803,42.58796],[13.107064,42.587509],[13.107371,42.586836],[13.108408,42.584301],[13.108393,42.582091]]]}},{"type":"Feature","id":"057058","properties":{"istat":"057058","name":"Pozzaglia Sabina","province":"RI","label":[42.153982,12.970133]},"geometry":{"type":"Polygon","coordinates":[[[12.970592,42.176177],[12.970416,42.175864],[12.970306,42.175669],[12.969883,42.174887],[12.969235,42.173573],[12.971594,42.173981],[12.975743,42.174858],[12.977088,42.175619],[12.983827,42.177284],[12.987142,42.177345],[12.989569,42.172947],[12.989902,42.172413],[12.9905,42.17147],[12.990947,42.171116],[12.99257,42.169948],[12.99305,42.169683],[12.993637,42.169505],[12.997642,42.168452],[13.005348,42.16137],[13.008618,42.159681],[13.009136,42.158591],[13.01233,42.153261],[13.014175,42.150779],[13.014555,42.150212],[13.014468,42.149895],[13.013596,42.147977],[13.012561,42.14704],[13.010886,42.14795],[13.010396,42.148138],[13.009081,42.148019],[13.008149,42.147641],[13.002688,42.145004],[12.978688,42.141703],[12.990014,42.132935],[12.993301,42.129146],[12.978413,42.130406],[12.97874,42.130544],[12.979625,42.131067],[12.979963,42.131366],[12.980131,42.131546],[12.979371,42.133476],[12.978651,42.134842],[12.972234,42.138293],[12.966454,42.138255],[12.96236,42.137793],[12.961824,42.137704],[12.960825,42.137738],[12.95909,42.138014],[12.957864,42.138228],[12.955641,42.138665],[12.949193,42.139991],[12.938332,42.144678],[12.934799,42.146514],[12.93427,42.146812],[12.9334,42.147359],[12.93272,42.147936],[12.932004,42.148744],[12.931482,42.149545],[12.931218,42.15001],[12.927852,42.154704],[12.924726,42.158163],[12.924271,42.15845],[12.923984,42.158631],[12.922585,42.15921],[12.925699,42.162075],[12.926897,42.163196],[12.926855,42.163466],[12.926722,42.164328],[12.926713,42.164381],[12.926458,42.165968],[12.925873,42.168219],[12.925677,42.168685],[12.925345,42.169137],[12.92479,42.169893],[12.922485,42.172994],[12.921781,42.173793],[12.922873,42.176299],[12.925366,42.175962],[12.932708,42.173207],[12.941201,42.17264],[12.951232,42.175833],[12.952119,42.176158],[12.955049,42.177597],[12.956657,42.17851],[12.957649,42.179199],[12.970592,42.176177]]]}},{"type":"Feature","id":"057059","properties":{"istat":"057059","name":"Rieti","province":"RI","label":[42.394694,12.845002]},"geometry":{"type":"MultiPolygon","coordinates":[[[[12.864071,42.47904],[12.867386,42.473823],[12.867638,42.473346],[12.867911,42.472707],[12.868055,42.472234],[12.868327,42.471108],[12.869748,42.461228],[12.869715,42.460769],[12.869633,42.460119],[12.869294,42.458582],[12.869089,42.457842],[12.868909,42.457264],[12.868791,42.456911],[12.868581,42.456508],[12.868402,42.456186],[12.868193,42.456062],[12.867823,42.455922],[12.866775,42.4558],[12.866675,42.455789],[12.866507,42.455782],[12.86639,42.455777],[12.865299,42.455102],[12.86583,42.453535],[12.869623,42.448937],[12.875237,42.448085],[12.875638,42.448235],[12.876492,42.448551],[12.877634,42.448967],[12.893069,42.450213],[12.893536,42.449832],[12.894093,42.449088],[12.895779,42.447752],[12.897618,42.446317],[12.898095,42.44603],[12.898571,42.445843],[12.898994,42.44577],[12.90371,42.445073],[12.904568,42.44549],[12.908882,42.450212],[12.9119,42.456179],[12.915445,42.46368],[12.916041,42.465154],[12.916243,42.46562],[12.916858,42.466468],[12.917067,42.466708],[12.918236,42.467708],[12.920676,42.46957],[12.926981,42.473522],[12.928327,42.474331],[12.929812,42.475158],[12.931359,42.475799],[12.932029,42.476032],[12.934083,42.476596],[12.935002,42.476839],[12.939493,42.47781],[12.942129,42.478012],[12.946957,42.477481],[12.952102,42.476763],[12.95893,42.473331],[12.961682,42.471502],[12.96358,42.468888],[12.96597,42.466807],[12.966396,42.466436],[12.967947,42.465869],[12.968654,42.4658],[12.974458,42.465747],[12.974807,42.465778],[12.975277,42.465822],[12.975707,42.465861],[12.979545,42.466399],[12.985507,42.467114],[12.987676,42.467367],[12.989695,42.467369],[12.985931,42.462233],[12.985409,42.460315],[12.985358,42.460006],[12.988658,42.451893],[12.989409,42.450092],[12.99072,42.448276],[12.992077,42.446983],[12.994143,42.446167],[12.993035,42.445735],[12.992825,42.44556],[12.992256,42.444981],[12.992212,42.444933],[12.991688,42.444213],[12.990568,42.442357],[12.98989,42.44112],[12.98916,42.438489],[12.989128,42.43835],[12.984967,42.435777],[12.97885,42.432829],[12.978212,42.432663],[12.978006,42.432611],[12.977487,42.432526],[12.976941,42.432436],[12.976455,42.432387],[12.975279,42.432268],[12.975225,42.432263],[12.971719,42.433432],[12.971459,42.43353],[12.971325,42.433581],[12.970745,42.433947],[12.97063,42.434019],[12.969595,42.434681],[12.968847,42.435294],[12.967746,42.435614],[12.966368,42.435989],[12.966062,42.436072],[12.9654,42.436096],[12.965142,42.436105],[12.965014,42.436109],[12.96469,42.436121],[12.963062,42.436092],[12.961438,42.435909],[12.959053,42.435369],[12.958627,42.435273],[12.957114,42.434809],[12.95451,42.43401],[12.949689,42.432097],[12.949002,42.431819],[12.948406,42.431394],[12.947351,42.430602],[12.947207,42.430494],[12.94466,42.428561],[12.943884,42.427786],[12.943287,42.427136],[12.942674,42.42654],[12.941948,42.426106],[12.941168,42.425696],[12.934459,42.42239],[12.931348,42.421443],[12.925628,42.419893],[12.921265,42.418825],[12.915257,42.417383],[12.914076,42.417163],[12.91302,42.416785],[12.91044,42.415756],[12.904572,42.413297],[12.903967,42.411912],[12.903163,42.40814],[12.903074,42.407472],[12.902995,42.406696],[12.90301,42.406203],[12.90303,42.405537],[12.903101,42.404162],[12.903108,42.404071],[12.903239,42.402392],[12.903381,42.401271],[12.903609,42.400638],[12.904252,42.399499],[12.898455,42.392039],[12.900429,42.389203],[12.905562,42.387214],[12.912346,42.38386],[12.917622,42.379242],[12.918848,42.378142],[12.919251,42.377561],[12.920075,42.376124],[12.919872,42.375771],[12.921931,42.369479],[12.925332,42.363298],[12.925664,42.362796],[12.926697,42.36127],[12.927043,42.360848],[12.927599,42.360263],[12.929274,42.358552],[12.929778,42.358102],[12.930771,42.357799],[12.934434,42.356781],[12.938032,42.355928],[12.941361,42.355148],[12.94498,42.354553],[12.950767,42.354103],[12.957264,42.353676],[12.961649,42.352502],[12.963666,42.348687],[12.948404,42.347197],[12.92573,42.35465],[12.916443,42.345472],[12.914353,42.342442],[12.91431,42.337929],[12.91384,42.33521],[12.907874,42.3313],[12.905592,42.329492],[12.902897,42.327005],[12.902745,42.326793],[12.902578,42.326339],[12.902583,42.325799],[12.901147,42.326031],[12.897068,42.327085],[12.887541,42.336116],[12.887318,42.33657],[12.887232,42.337117],[12.887237,42.338567],[12.887396,42.339129],[12.887529,42.339471],[12.888749,42.342469],[12.888877,42.347241],[12.887886,42.349914],[12.887038,42.351647],[12.884441,42.356751],[12.874502,42.367299],[12.873928,42.367746],[12.87331,42.368118],[12.872001,42.368892],[12.871313,42.369185],[12.861281,42.373098],[12.862044,42.369187],[12.862195,42.368889],[12.862388,42.36828],[12.862683,42.3618],[12.862485,42.36083],[12.862159,42.35976],[12.861614,42.358424],[12.860506,42.355917],[12.85993,42.354978],[12.857057,42.345832],[12.857468,42.344801],[12.857997,42.342048],[12.858558,42.338047],[12.859701,42.327518],[12.859642,42.326606],[12.85932,42.325775],[12.852893,42.316814],[12.84749,42.310262],[12.844504,42.308657],[12.841599,42.308106],[12.835809,42.308539],[12.835312,42.308716],[12.833201,42.310288],[12.831318,42.311746],[12.829084,42.315004],[12.828981,42.315521],[12.829003,42.315883],[12.830045,42.316678],[12.836916,42.32256],[12.837375,42.323353],[12.83746,42.32371],[12.836994,42.323879],[12.817591,42.329822],[12.81275,42.331135],[12.807152,42.331236],[12.795946,42.335552],[12.79389,42.336701],[12.789851,42.338316],[12.786685,42.339307],[12.784284,42.339784],[12.781049,42.340097],[12.773291,42.340501],[12.772729,42.340254],[12.772007,42.339751],[12.763216,42.33191],[12.761041,42.329614],[12.760708,42.329399],[12.750564,42.32731],[12.746421,42.328709],[12.743506,42.33132],[12.742659,42.33185],[12.740514,42.33278],[12.736363,42.334469],[12.734729,42.33494],[12.734462,42.335017],[12.731977,42.335273],[12.731205,42.335438],[12.72708,42.33641],[12.726415,42.336762],[12.727782,42.337667],[12.729288,42.338445],[12.730424,42.33941],[12.730538,42.339507],[12.730681,42.339876],[12.731378,42.341812],[12.731468,42.342327],[12.731008,42.344309],[12.73044,42.344514],[12.729785,42.34475],[12.729261,42.344938],[12.727116,42.345534],[12.725258,42.344893],[12.724587,42.344622],[12.724052,42.344329],[12.724437,42.34641],[12.727816,42.350882],[12.732363,42.357614],[12.732725,42.358885],[12.742859,42.358491],[12.744831,42.358665],[12.746773,42.360079],[12.74918,42.362395],[12.756301,42.364975],[12.763367,42.36667],[12.770827,42.370679],[12.771647,42.371526],[12.772207,42.372223],[12.772279,42.372378],[12.772489,42.372839],[12.772391,42.373207],[12.771604,42.375867],[12.775229,42.381069],[12.781007,42.388554],[12.785379,42.392727],[12.793592,42.396661],[12.802817,42.403035],[12.803801,42.404088],[12.804291,42.405386],[12.799712,42.410891],[12.79552,42.416743],[12.794752,42.421338],[12.795939,42.424919],[12.796494,42.426769],[12.796594,42.429822],[12.796427,42.430413],[12.794804,42.431966],[12.793791,42.432765],[12.792775,42.433677],[12.791436,42.436152],[12.791137,42.436725],[12.791508,42.437568],[12.7957,42.442124],[12.798649,42.444035],[12.796412,42.447485],[12.79172,42.450216],[12.788156,42.458865],[12.787774,42.465924],[12.787894,42.466325],[12.789926,42.469076],[12.796972,42.478138],[12.803914,42.479854],[12.811534,42.480437],[12.816543,42.47887],[12.817372,42.478037],[12.817546,42.477883],[12.818122,42.477377],[12.818313,42.477209],[12.819223,42.476561],[12.819441,42.476437],[12.819944,42.47615],[12.820388,42.475933],[12.827099,42.473863],[12.829432,42.474037],[12.830061,42.474155],[12.833431,42.476253],[12.835145,42.478059],[12.83573,42.47872],[12.835955,42.479104],[12.836422,42.478543],[12.836943,42.478166],[12.837367,42.477949],[12.841947,42.476359],[12.843013,42.476148],[12.843378,42.476207],[12.843514,42.47623],[12.852607,42.479418],[12.862717,42.481035],[12.864071,42.47904]]],[[[12.745775,42.507871],[12.744425,42.504209],[12.742963,42.503299],[12.743412,42.499884],[12.743979,42.498668],[12.746328,42.496612],[12.749315,42.49477],[12.750126,42.486032],[12.750722,42.47961],[12.749243,42.477763],[12.749014,42.477434],[12.748745,42.47705],[12.746521,42.472945],[12.74569,42.471365],[12.745631,42.471251],[12.74552,42.471029],[12.745775,42.470358],[12.74608,42.469642],[12.747318,42.467679],[12.741568,42.470533],[12.741411,42.470857],[12.741042,42.471283],[12.739093,42.473112],[12.738806,42.473378],[12.733377,42.477706],[12.73316,42.477879],[12.732067,42.478465],[12.731445,42.478798],[12.729228,42.479974],[12.727393,42.480947],[12.724713,42.482367],[12.724359,42.482568],[12.720426,42.485493],[12.716776,42.489961],[12.715483,42.492096],[12.71481,42.494108],[12.711134,42.500797],[12.718109,42.503122],[12.719623,42.50364],[12.720815,42.504209],[12.723854,42.506126],[12.727324,42.508932],[12.727587,42.509139],[12.744954,42.509076],[12.745775,42.507871]]]]}},{"type":"Feature","id":"057060","properties":{"istat":"057060","name":"Rivodutri","province":"RI","label":[42.517644,12.856537]},"geometry":{"type":"Polygon","coordinates":[[[12.896542,42.558241],[12.897572,42.556954],[12.900649,42.553482],[12.902073,42.551996],[12.903157,42.551331],[12.908616,42.548958],[12.914943,42.546198],[12.91545,42.545756],[12.915694,42.545346],[12.915775,42.545105],[12.915081,42.543985],[12.914145,42.542516],[12.914001,42.542291],[12.91396,42.542227],[12.912818,42.541393],[12.910648,42.538924],[12.912012,42.534373],[12.913125,42.531756],[12.911604,42.531413],[12.906433,42.530194],[12.905035,42.526492],[12.902325,42.523068],[12.901925,42.522654],[12.901416,42.52259],[12.899218,42.522422],[12.897805,42.522452],[12.881253,42.525559],[12.875001,42.523601],[12.867939,42.515758],[12.868398,42.511912],[12.869407,42.511229],[12.869789,42.51073],[12.869985,42.510332],[12.870057,42.510037],[12.869953,42.509328],[12.869946,42.509285],[12.866596,42.504072],[12.866156,42.503409],[12.865797,42.50287],[12.864935,42.501737],[12.859051,42.495097],[12.85827,42.494471],[12.857124,42.494176],[12.846344,42.487061],[12.841735,42.48275],[12.837001,42.479249],[12.835955,42.479104],[12.83573,42.47872],[12.835145,42.478059],[12.833431,42.476253],[12.830061,42.474155],[12.829432,42.474037],[12.827099,42.473863],[12.820388,42.475933],[12.819944,42.47615],[12.819441,42.476437],[12.819223,42.476561],[12.818313,42.477209],[12.818122,42.477377],[12.817546,42.477883],[12.817372,42.478037],[12.816543,42.47887],[12.81347,42.480729],[12.813117,42.481776],[12.813068,42.48316],[12.813118,42.484189],[12.814026,42.486765],[12.814217,42.487236],[12.814376,42.487573],[12.8147,42.488026],[12.819104,42.492237],[12.823445,42.492344],[12.824986,42.492446],[12.825701,42.492561],[12.829189,42.494083],[12.82939,42.494234],[12.830075,42.495139],[12.83061,42.495913],[12.833081,42.49981],[12.839006,42.510056],[12.840153,42.514232],[12.845252,42.51953],[12.848784,42.521841],[12.856337,42.527563],[12.859286,42.529926],[12.860732,42.531124],[12.861987,42.532551],[12.863353,42.536366],[12.864551,42.539801],[12.864786,42.540619],[12.865585,42.543408],[12.865836,42.544957],[12.868072,42.549073],[12.869729,42.551192],[12.875031,42.556793],[12.875399,42.557086],[12.875533,42.557451],[12.875527,42.557982],[12.875133,42.558459],[12.874242,42.559264],[12.873541,42.559819],[12.871724,42.561118],[12.875888,42.56118],[12.879604,42.561887],[12.881829,42.562712],[12.882962,42.563101],[12.888711,42.563847],[12.890162,42.563784],[12.891823,42.563664],[12.892729,42.563497],[12.893169,42.562705],[12.893489,42.562131],[12.896542,42.558241]]]}},{"type":"Feature","id":"057062","properties":{"istat":"057062","name":"Rocca Sinibalda","province":"RI","label":[42.270345,12.912394]},"geometry":{"type":"MultiPolygon","coordinates":[[[[13.016449,42.273478],[13.020492,42.26594],[13.021129,42.263419],[13.022001,42.259183],[13.022176,42.258232],[13.022202,42.257799],[13.022393,42.25401],[13.022392,42.253272],[13.022299,42.252757],[13.021647,42.250736],[13.010314,42.22782],[13.008531,42.224171],[13.006373,42.220356],[13.00366,42.221256],[13.000807,42.225494],[12.991725,42.230679],[12.975047,42.233833],[12.977998,42.238328],[12.979282,42.242749],[12.980253,42.250711],[12.979999,42.251444],[12.979604,42.252426],[12.979531,42.252802],[12.9796,42.253299],[12.98042,42.25418],[12.982948,42.256645],[12.984996,42.258177],[12.987473,42.259608],[12.988363,42.259833],[12.989527,42.260193],[12.990663,42.260707],[12.992569,42.262167],[12.992707,42.262752],[12.992873,42.263638],[12.993147,42.266469],[12.993024,42.266892],[12.992581,42.267488],[12.990486,42.270105],[12.989181,42.27146],[12.985467,42.273476],[12.982337,42.2758],[12.981991,42.276379],[12.981532,42.277489],[12.981262,42.278323],[12.981195,42.279105],[12.990558,42.278881],[12.992449,42.278905],[12.999455,42.281304],[13.000063,42.281647],[13.000668,42.282085],[13.001045,42.282441],[13.002452,42.283942],[13.007262,42.280639],[13.016449,42.273478]]],[[[12.917015,42.316582],[12.922501,42.314679],[12.927494,42.312257],[12.929459,42.311203],[12.929707,42.310668],[12.93034,42.306518],[12.930269,42.306048],[12.929431,42.304271],[12.928945,42.303919],[12.927816,42.303575],[12.926974,42.303342],[12.925359,42.303042],[12.924263,42.302641],[12.923422,42.302181],[12.922923,42.301847],[12.922274,42.301302],[12.92184,42.300853],[12.921589,42.300353],[12.921558,42.299463],[12.921683,42.298977],[12.921804,42.298621],[12.922101,42.298427],[12.934646,42.294674],[12.938157,42.293747],[12.942062,42.285955],[12.941377,42.285375],[12.940553,42.284269],[12.940105,42.283487],[12.939911,42.283116],[12.9398,42.282814],[12.939476,42.281596],[12.939719,42.280813],[12.940024,42.280406],[12.939492,42.272884],[12.93764,42.271497],[12.935017,42.269193],[12.93468,42.267647],[12.932561,42.2579],[12.935158,42.256325],[12.934585,42.251987],[12.932538,42.249329],[12.936543,42.243987],[12.935047,42.241936],[12.946311,42.236254],[12.946686,42.236174],[12.946881,42.236217],[12.947121,42.236271],[12.95014,42.237315],[12.950329,42.237471],[12.95056,42.237819],[12.95071,42.238202],[12.950766,42.23855],[12.954389,42.240104],[12.960702,42.24171],[12.972112,42.235027],[12.972905,42.234497],[12.972601,42.233981],[12.972297,42.233469],[12.97173,42.232921],[12.971214,42.232422],[12.970284,42.231585],[12.969263,42.230918],[12.967858,42.230103],[12.966702,42.229539],[12.951581,42.223059],[12.949975,42.223112],[12.949094,42.223579],[12.948858,42.224146],[12.948199,42.224628],[12.943398,42.22699],[12.943255,42.227059],[12.943077,42.227145],[12.942252,42.226378],[12.941865,42.226019],[12.941011,42.225127],[12.940662,42.224698],[12.940572,42.224445],[12.940434,42.224247],[12.939828,42.223507],[12.939522,42.223202],[12.939334,42.223038],[12.939026,42.222814],[12.938629,42.222738],[12.938119,42.222773],[12.926568,42.224012],[12.921265,42.225532],[12.919423,42.226089],[12.918178,42.226753],[12.914866,42.226871],[12.912183,42.234746],[12.912468,42.237717],[12.91306,42.239736],[12.913922,42.242318],[12.913998,42.242543],[12.914198,42.24313],[12.914262,42.243319],[12.914299,42.243421],[12.914388,42.243571],[12.914437,42.243654],[12.914722,42.244123],[12.915043,42.244383],[12.915702,42.244918],[12.916366,42.24535],[12.91685,42.246117],[12.916977,42.247067],[12.916768,42.248258],[12.916239,42.249203],[12.914442,42.250764],[12.914011,42.250981],[12.913765,42.251075],[12.912959,42.25127],[12.912679,42.251311],[12.912193,42.251354],[12.893916,42.252733],[12.881805,42.252033],[12.879856,42.250888],[12.879583,42.25109],[12.879246,42.251363],[12.878899,42.251942],[12.878294,42.253021],[12.878869,42.255392],[12.880971,42.258841],[12.881763,42.2598],[12.882337,42.260073],[12.882982,42.260349],[12.88894,42.268894],[12.885677,42.278734],[12.885533,42.279054],[12.885219,42.279722],[12.884545,42.280659],[12.884266,42.281028],[12.88027,42.285207],[12.877976,42.287567],[12.887115,42.291214],[12.890942,42.288473],[12.896496,42.287397],[12.905392,42.293456],[12.909381,42.297178],[12.910248,42.298481],[12.9097,42.301111],[12.909248,42.301932],[12.908775,42.302687],[12.908261,42.303172],[12.906944,42.307012],[12.906436,42.313549],[12.906703,42.316016],[12.91203,42.317617],[12.917015,42.316582]]]]}},{"type":"Feature","id":"057061","properties":{"istat":"057061","name":"Roccantica","province":"RI","label":[42.31923,12.696448]},"geometry":{"type":"Polygon","coordinates":[[[12.724052,42.344329],[12.724587,42.344622],[12.725258,42.344893],[12.727116,42.345534],[12.729261,42.344938],[12.729785,42.34475],[12.73044,42.344514],[12.731008,42.344309],[12.731468,42.342327],[12.731378,42.341812],[12.730681,42.339876],[12.730538,42.339507],[12.730424,42.33941],[12.729288,42.338445],[12.727782,42.337667],[12.726415,42.336762],[12.72708,42.33641],[12.731205,42.335438],[12.731977,42.335273],[12.734462,42.335017],[12.733181,42.330453],[12.727424,42.326197],[12.727061,42.314697],[12.727213,42.314188],[12.727318,42.312613],[12.727346,42.310843],[12.727403,42.306879],[12.727315,42.305968],[12.727248,42.305462],[12.727157,42.304965],[12.721857,42.304935],[12.715902,42.307532],[12.704679,42.307896],[12.695393,42.3087],[12.688252,42.309556],[12.679191,42.308182],[12.677948,42.307673],[12.673179,42.30571],[12.666439,42.302288],[12.666297,42.302202],[12.666155,42.302112],[12.665828,42.301745],[12.664809,42.300454],[12.658622,42.291953],[12.657369,42.289422],[12.657178,42.291313],[12.656657,42.296838],[12.658431,42.301027],[12.661601,42.310129],[12.661855,42.3121],[12.66351,42.314564],[12.665257,42.318195],[12.666126,42.320265],[12.669877,42.323366],[12.6747,42.325375],[12.682168,42.327175],[12.68374,42.325844],[12.683972,42.325745],[12.684389,42.325568],[12.687356,42.324406],[12.687822,42.324269],[12.688742,42.324019],[12.690553,42.32491],[12.693875,42.327014],[12.695118,42.328189],[12.697479,42.331346],[12.701697,42.33679],[12.715699,42.348208],[12.721512,42.347081],[12.724052,42.344329]]]}},{"type":"Feature","id":"057063","properties":{"istat":"057063","name":"Salisano","province":"RI","label":[42.275375,12.750156]},"geometry":{"type":"Polygon","coordinates":[[[12.727157,42.304965],[12.730819,42.304004],[12.739407,42.302013],[12.742016,42.302297],[12.744907,42.302878],[12.74621,42.303434],[12.746466,42.303489],[12.746716,42.303543],[12.748369,42.301405],[12.755813,42.289581],[12.757044,42.28941],[12.758146,42.289097],[12.758563,42.288978],[12.759337,42.288714],[12.760529,42.288288],[12.764171,42.286808],[12.765866,42.28587],[12.767752,42.284448],[12.768558,42.278664],[12.767919,42.265502],[12.764706,42.257608],[12.764499,42.257295],[12.763631,42.256459],[12.763021,42.25588],[12.759509,42.255118],[12.755881,42.254516],[12.742369,42.251046],[12.735852,42.248207],[12.73069,42.246808],[12.717942,42.244004],[12.719878,42.247475],[12.724632,42.252816],[12.726483,42.257278],[12.729712,42.266294],[12.73151,42.27429],[12.732318,42.27646],[12.734329,42.279875],[12.723771,42.282438],[12.722302,42.285084],[12.719498,42.296007],[12.718379,42.297417],[12.718263,42.297623],[12.717863,42.298955],[12.718296,42.299396],[12.719622,42.300622],[12.721857,42.304935],[12.727157,42.304965]]]}},{"type":"Feature","id":"057064","properties":{"istat":"057064","name":"Scandriglia","province":"RI","label":[42.154432,12.861528]},"geometry":{"type":"Polygon","coordinates":[[[12.823288,42.20604],[12.82711,42.205593],[12.829412,42.205439],[12.830984,42.205522],[12.832597,42.205823],[12.83334,42.206122],[12.833821,42.20624],[12.834383,42.206376],[12.835193,42.206106],[12.845036,42.200517],[12.845667,42.199776],[12.845562,42.198951],[12.845452,42.198738],[12.845312,42.198468],[12.845128,42.198159],[12.844757,42.197659],[12.843841,42.197208],[12.842114,42.19632],[12.838117,42.188877],[12.837798,42.188271],[12.83762,42.187836],[12.837519,42.187587],[12.83741,42.187244],[12.837437,42.187204],[12.837563,42.187014],[12.837948,42.187082],[12.838645,42.187239],[12.839818,42.187649],[12.842693,42.18775],[12.843253,42.187768],[12.85093,42.187902],[12.851121,42.187903],[12.853196,42.187749],[12.857262,42.187245],[12.864658,42.184667],[12.868355,42.182052],[12.873246,42.178803],[12.881518,42.17728],[12.885674,42.176455],[12.888909,42.175661],[12.889159,42.175581],[12.890304,42.175217],[12.893412,42.17386],[12.898106,42.171774],[12.902989,42.170189],[12.908867,42.17147],[12.911135,42.172068],[12.913812,42.173133],[12.915551,42.173614],[12.916403,42.173846],[12.917044,42.173901],[12.917684,42.173951],[12.921781,42.173793],[12.922485,42.172994],[12.92479,42.169893],[12.925345,42.169137],[12.925677,42.168685],[12.925873,42.168219],[12.926458,42.165968],[12.926713,42.164381],[12.926722,42.164328],[12.926855,42.163466],[12.926897,42.163196],[12.925699,42.162075],[12.922585,42.15921],[12.919339,42.159627],[12.917786,42.15977],[12.916548,42.159484],[12.91469,42.15894],[12.910251,42.15739],[12.910468,42.156666],[12.906551,42.149182],[12.902268,42.14841],[12.895824,42.14605],[12.897537,42.142938],[12.905959,42.134093],[12.914001,42.125742],[12.913526,42.11996],[12.913114,42.117367],[12.911115,42.114615],[12.909556,42.114134],[12.908714,42.113604],[12.908244,42.113224],[12.903334,42.109146],[12.902617,42.108144],[12.902149,42.106944],[12.902134,42.105558],[12.901223,42.103108],[12.900745,42.102571],[12.899788,42.101897],[12.898883,42.101464],[12.898328,42.101077],[12.897408,42.100726],[12.896689,42.100521],[12.89592,42.100353],[12.894725,42.100326],[12.886667,42.100429],[12.885639,42.100455],[12.885148,42.100661],[12.8847,42.10104],[12.884157,42.102094],[12.884265,42.102464],[12.884594,42.102851],[12.884982,42.103088],[12.884957,42.103494],[12.884854,42.104043],[12.884522,42.104216],[12.883848,42.10422],[12.883397,42.104223],[12.880181,42.10421],[12.879044,42.104204],[12.870738,42.104106],[12.866787,42.103645],[12.866072,42.108406],[12.864503,42.11225],[12.862462,42.115758],[12.860112,42.121595],[12.86081,42.126038],[12.854803,42.129464],[12.85193,42.134256],[12.85137,42.137589],[12.848305,42.138403],[12.849238,42.139439],[12.849569,42.140022],[12.849876,42.140642],[12.849543,42.143318],[12.849122,42.143598],[12.845893,42.144958],[12.844107,42.145558],[12.842593,42.145906],[12.840881,42.146072],[12.830034,42.148686],[12.819094,42.152198],[12.80733,42.157124],[12.801812,42.156758],[12.801123,42.156717],[12.80053,42.156732],[12.799123,42.1575],[12.79683,42.161812],[12.781287,42.166711],[12.781011,42.166653],[12.78062,42.166751],[12.780137,42.167384],[12.779112,42.17074],[12.780317,42.171422],[12.784643,42.172521],[12.788332,42.17298],[12.79403,42.177969],[12.795185,42.180605],[12.804507,42.183457],[12.807332,42.184421],[12.808009,42.184785],[12.811002,42.189616],[12.811076,42.189819],[12.811167,42.19007],[12.809233,42.190688],[12.80478,42.192561],[12.804318,42.192755],[12.803068,42.193708],[12.799628,42.196333],[12.803076,42.198549],[12.805265,42.199754],[12.810705,42.202726],[12.813813,42.204122],[12.818936,42.207158],[12.820108,42.206538],[12.823288,42.20604]]]}},{"type":"Feature","id":"057065","properties":{"istat":"057065","name":"Selci","province":"RI","label":[42.313396,12.616449]},"geometry":{"type":"Polygon","coordinates":[[[12.632441,42.330595],[12.633135,42.328858],[12.634415,42.324586],[12.631639,42.309947],[12.630471,42.30582],[12.627946,42.301983],[12.626209,42.299463],[12.620082,42.29465],[12.618998,42.294063],[12.618715,42.29391],[12.617638,42.294178],[12.614522,42.295105],[12.614031,42.295255],[12.61329,42.295589],[12.612511,42.295979],[12.611495,42.296556],[12.609956,42.29718],[12.608163,42.299024],[12.606484,42.302015],[12.604699,42.305671],[12.598855,42.309978],[12.599674,42.31205],[12.600072,42.31274],[12.600373,42.313127],[12.600838,42.313666],[12.60135,42.314226],[12.604485,42.316867],[12.606159,42.317982],[12.607734,42.322196],[12.615127,42.326305],[12.617539,42.328307],[12.621823,42.3309],[12.625532,42.332633],[12.62595,42.332805],[12.626287,42.332902],[12.62672,42.332992],[12.627239,42.333065],[12.627932,42.333034],[12.628705,42.332816],[12.629936,42.332354],[12.631011,42.331701],[12.632441,42.330595]]]}},{"type":"Feature","id":"057066","properties":{"istat":"057066","name":"Stimigliano","province":"RI","label":[42.291355,12.568854]},"geometry":{"type":"Polygon","coordinates":[[[12.56973,42.312659],[12.570492,42.312729],[12.57228,42.313227],[12.57279,42.313545],[12.573594,42.311724],[12.574781,42.309724],[12.576488,42.307933],[12.578536,42.30673],[12.58147,42.305517],[12.583577,42.303389],[12.584931,42.299403],[12.584933,42.299015],[12.584585,42.298297],[12.584222,42.297628],[12.583008,42.295766],[12.584753,42.286608],[12.583888,42.283909],[12.581024,42.284847],[12.578113,42.285478],[12.577333,42.285516],[12.577092,42.285528],[12.575351,42.285087],[12.574717,42.284877],[12.574185,42.284502],[12.573971,42.284222],[12.573769,42.283957],[12.573613,42.283278],[12.573689,42.282262],[12.573813,42.281254],[12.574445,42.279924],[12.575074,42.278707],[12.576042,42.275935],[12.576225,42.274633],[12.575646,42.273278],[12.574788,42.272575],[12.573752,42.272382],[12.562501,42.271414],[12.558521,42.273365],[12.559453,42.275016],[12.559633,42.276613],[12.559552,42.277772],[12.558162,42.286766],[12.557631,42.288881],[12.557274,42.289639],[12.550446,42.29307],[12.535461,42.296014],[12.53388,42.294753],[12.533207,42.295031],[12.532508,42.295512],[12.532132,42.295834],[12.531776,42.296565],[12.531728,42.29672],[12.531402,42.297783],[12.531358,42.297924],[12.531318,42.298664],[12.531465,42.299569],[12.532026,42.300713],[12.533067,42.302644],[12.533272,42.302975],[12.539169,42.308241],[12.549036,42.311578],[12.551756,42.312484],[12.553313,42.312688],[12.555551,42.31264],[12.558301,42.312713],[12.56973,42.312659]]]}},{"type":"Feature","id":"057067","properties":{"istat":"057067","name":"Tarano","province":"RI","label":[42.33421,12.585235]},"geometry":{"type":"Polygon","coordinates":[[[12.6027,42.363019],[12.607705,42.363082],[12.611204,42.360466],[12.612098,42.359197],[12.612602,42.358371],[12.613774,42.355318],[12.613702,42.35263],[12.610958,42.344426],[12.609152,42.340179],[12.606348,42.338642],[12.602782,42.337219],[12.599941,42.331202],[12.597314,42.324622],[12.599796,42.321262],[12.600368,42.321546],[12.602694,42.322288],[12.603632,42.322515],[12.604465,42.322588],[12.604733,42.322611],[12.605257,42.322551],[12.605586,42.322512],[12.606111,42.322441],[12.607734,42.322196],[12.606159,42.317982],[12.604485,42.316867],[12.60135,42.314226],[12.600838,42.313666],[12.600373,42.313127],[12.600072,42.31274],[12.599674,42.31205],[12.598855,42.309978],[12.597013,42.310868],[12.595933,42.311296],[12.594997,42.311544],[12.59355,42.311639],[12.592705,42.311521],[12.591809,42.311171],[12.580287,42.312325],[12.57279,42.313545],[12.57228,42.313227],[12.570492,42.312729],[12.56973,42.312659],[12.558301,42.312713],[12.555551,42.31264],[12.556073,42.318055],[12.556077,42.318081],[12.556404,42.318399],[12.557091,42.318522],[12.557938,42.318669],[12.562092,42.320425],[12.564999,42.321761],[12.56693,42.324202],[12.570004,42.338322],[12.570064,42.338982],[12.570055,42.339277],[12.569986,42.341313],[12.569054,42.342217],[12.56873,42.342409],[12.56847,42.342521],[12.56509,42.342982],[12.564543,42.342368],[12.56216,42.342785],[12.557958,42.345658],[12.552697,42.350175],[12.552656,42.350602],[12.552244,42.350868],[12.549454,42.352303],[12.545119,42.353975],[12.54194,42.355167],[12.544796,42.35665],[12.547006,42.357266],[12.553955,42.357808],[12.557019,42.356109],[12.560583,42.356926],[12.566221,42.360843],[12.567609,42.360825],[12.570052,42.35881],[12.570373,42.357098],[12.575839,42.357373],[12.581685,42.357839],[12.583372,42.358182],[12.588556,42.359785],[12.589923,42.360228],[12.590315,42.360507],[12.590679,42.360767],[12.6027,42.363019]]]}},{"type":"Feature","id":"057068","properties":{"istat":"057068","name":"Toffia","province":"RI","label":[42.203634,12.760824]},"geometry":{"type":"Polygon","coordinates":[[[12.762885,42.223384],[12.765988,42.221665],[12.77571,42.214943],[12.774753,42.211309],[12.774678,42.208125],[12.777628,42.202742],[12.781397,42.195414],[12.785211,42.189868],[12.788588,42.186465],[12.790715,42.184945],[12.789922,42.185367],[12.788335,42.18609],[12.787945,42.186157],[12.774465,42.188317],[12.773142,42.188406],[12.771818,42.18849],[12.768189,42.188393],[12.767176,42.187958],[12.757955,42.183989],[12.757121,42.183611],[12.756245,42.182797],[12.755122,42.189471],[12.753532,42.192279],[12.752731,42.193522],[12.752123,42.194463],[12.749218,42.198147],[12.747271,42.20048],[12.746588,42.201299],[12.743716,42.204526],[12.742524,42.205866],[12.738076,42.209297],[12.729809,42.216938],[12.730966,42.218759],[12.751842,42.224547],[12.753416,42.224919],[12.762885,42.223384]]]}},{"type":"Feature","id":"057070","properties":{"istat":"057070","name":"Torri in Sabina","province":"RI","label":[42.365675,12.637691]},"geometry":{"type":"Polygon","coordinates":[[[12.646252,42.369974],[12.64747,42.36989],[12.648996,42.370291],[12.653448,42.372761],[12.655807,42.372113],[12.667767,42.3683],[12.668681,42.365066],[12.66879,42.363455],[12.66751,42.362591],[12.66659,42.362184],[12.663852,42.361398],[12.660366,42.360717],[12.659754,42.360885],[12.659033,42.361012],[12.658641,42.361078],[12.658126,42.360879],[12.65503,42.358498],[12.653587,42.356913],[12.654465,42.352914],[12.655376,42.348977],[12.655377,42.348896],[12.655383,42.346856],[12.655302,42.346037],[12.655136,42.344348],[12.654901,42.343471],[12.654698,42.342714],[12.654095,42.341324],[12.652161,42.337895],[12.645065,42.331513],[12.644338,42.331176],[12.643845,42.331039],[12.642559,42.330708],[12.642054,42.330578],[12.640886,42.330299],[12.640324,42.330164],[12.639082,42.329867],[12.637453,42.329574],[12.633135,42.328858],[12.632441,42.330595],[12.631011,42.331701],[12.629936,42.332354],[12.628705,42.332816],[12.627932,42.333034],[12.627239,42.333065],[12.62672,42.332992],[12.626287,42.332902],[12.62595,42.332805],[12.625532,42.332633],[12.621823,42.3309],[12.617539,42.328307],[12.615127,42.326305],[12.607734,42.322196],[12.606111,42.322441],[12.605586,42.322512],[12.605257,42.322551],[12.604733,42.322611],[12.604465,42.322588],[12.603632,42.322515],[12.602694,42.322288],[12.600368,42.321546],[12.599796,42.321262],[12.597314,42.324622],[12.599941,42.331202],[12.602782,42.337219],[12.606348,42.338642],[12.609152,42.340179],[12.610958,42.344426],[12.613702,42.35263],[12.613774,42.355318],[12.612602,42.358371],[12.612098,42.359197],[12.611204,42.360466],[12.607705,42.363082],[12.607035,42.364296],[12.606803,42.366284],[12.607788,42.369409],[12.608093,42.370318],[12.608544,42.371164],[12.609295,42.37188],[12.609886,42.373012],[12.610099,42.373501],[12.611157,42.377641],[12.611466,42.379707],[12.611493,42.379945],[12.611,42.386848],[12.610931,42.387395],[12.610707,42.387844],[12.610471,42.388297],[12.609352,42.390282],[12.607358,42.391916],[12.605434,42.393313],[12.604756,42.393888],[12.603172,42.395609],[12.601875,42.397122],[12.601416,42.398023],[12.601237,42.398596],[12.600978,42.401729],[12.60607,42.403528],[12.606962,42.403661],[12.608623,42.404027],[12.609224,42.404238],[12.611275,42.405254],[12.612321,42.40586],[12.613004,42.40628],[12.613484,42.406575],[12.614075,42.408002],[12.614052,42.408579],[12.614301,42.409079],[12.614754,42.409628],[12.615523,42.410148],[12.616349,42.4105],[12.617443,42.410524],[12.618089,42.41013],[12.619382,42.409338],[12.622324,42.403212],[12.628305,42.391875],[12.634184,42.381856],[12.638661,42.373232],[12.639202,42.372779],[12.639377,42.372633],[12.639814,42.372272],[12.641864,42.370748],[12.646252,42.369974]]]}},{"type":"Feature","id":"057069","properties":{"istat":"057069","name":"Torricella in Sabina","province":"RI","label":[42.277433,12.861939]},"geometry":{"type":"Polygon","coordinates":[[[12.869481,42.303747],[12.869625,42.299834],[12.869541,42.299085],[12.875132,42.290468],[12.877976,42.287567],[12.88027,42.285207],[12.884266,42.281028],[12.884545,42.280659],[12.885219,42.279722],[12.885533,42.279054],[12.885677,42.278734],[12.88894,42.268894],[12.882982,42.260349],[12.882337,42.260073],[12.881763,42.2598],[12.880971,42.258841],[12.878869,42.255392],[12.878294,42.253021],[12.878899,42.251942],[12.879246,42.251363],[12.879583,42.25109],[12.879856,42.250888],[12.881805,42.252033],[12.893916,42.252733],[12.912193,42.251354],[12.912679,42.251311],[12.912959,42.25127],[12.913765,42.251075],[12.914011,42.250981],[12.914442,42.250764],[12.916239,42.249203],[12.916768,42.248258],[12.916977,42.247067],[12.91685,42.246117],[12.916366,42.24535],[12.915702,42.244918],[12.915043,42.244383],[12.914722,42.244123],[12.914437,42.243654],[12.914388,42.243571],[12.914299,42.243421],[12.914262,42.243319],[12.914198,42.24313],[12.913998,42.242543],[12.913922,42.242318],[12.91306,42.239736],[12.912468,42.237717],[12.912183,42.234746],[12.914866,42.226871],[12.910093,42.229757],[12.900279,42.233045],[12.890762,42.238254],[12.884764,42.242586],[12.870981,42.243021],[12.863279,42.241053],[12.861458,42.240758],[12.860909,42.241934],[12.859053,42.245234],[12.857364,42.246767],[12.855724,42.249024],[12.855765,42.249279],[12.855886,42.249586],[12.856048,42.249823],[12.858529,42.253307],[12.860363,42.255567],[12.861259,42.260286],[12.860894,42.266394],[12.858383,42.26896],[12.851363,42.274644],[12.850917,42.274924],[12.850424,42.275139],[12.850173,42.275241],[12.849896,42.275355],[12.848651,42.275845],[12.848409,42.27594],[12.847787,42.276047],[12.846692,42.276133],[12.846246,42.276072],[12.845874,42.275954],[12.844329,42.272908],[12.844217,42.272646],[12.842559,42.268546],[12.841357,42.268965],[12.838503,42.274855],[12.8374,42.278741],[12.836914,42.281206],[12.839123,42.283663],[12.840969,42.285375],[12.842324,42.290795],[12.839993,42.294056],[12.839276,42.29657],[12.839734,42.304091],[12.839963,42.305555],[12.841134,42.30751],[12.841599,42.308106],[12.844504,42.308657],[12.84749,42.310262],[12.852893,42.316814],[12.85932,42.325775],[12.859642,42.326606],[12.859701,42.327518],[12.860027,42.327094],[12.861264,42.32535],[12.864368,42.318988],[12.865289,42.316845],[12.868,42.308438],[12.869481,42.303747]]]}},{"type":"Feature","id":"057071","properties":{"istat":"057071","name":"Turania","province":"RI","label":[42.131041,13.008768]},"geometry":{"type":"Polygon","coordinates":[[[13.017507,42.141311],[13.021748,42.138826],[13.023672,42.133919],[13.027336,42.129139],[13.029271,42.12759],[13.030541,42.127244],[13.032125,42.125675],[13.032478,42.125231],[13.032593,42.124637],[13.032569,42.12428],[13.032535,42.123775],[13.032367,42.12359],[13.032231,42.123441],[13.030778,42.1221],[13.030554,42.115376],[13.026932,42.115811],[13.016669,42.116601],[13.01122,42.121056],[12.999015,42.123373],[12.994734,42.125963],[12.993301,42.129146],[12.990014,42.132935],[12.978688,42.141703],[13.002688,42.145004],[13.008149,42.147641],[13.009081,42.148019],[13.010396,42.148138],[13.010886,42.14795],[13.012561,42.14704],[13.017507,42.141311]]]}},{"type":"Feature","id":"057072","properties":{"istat":"057072","name":"Vacone","province":"RI","label":[42.390811,12.645005]},"geometry":{"type":"Polygon","coordinates":[[[12.622125,42.410728],[12.622671,42.410098],[12.623813,42.408522],[12.625993,42.405819],[12.627264,42.405288],[12.629547,42.404667],[12.641049,42.402852],[12.657004,42.400047],[12.663858,42.39922],[12.662532,42.392046],[12.659829,42.389746],[12.658783,42.381514],[12.656101,42.37422],[12.653448,42.372761],[12.648996,42.370291],[12.64747,42.36989],[12.646252,42.369974],[12.641864,42.370748],[12.639814,42.372272],[12.639377,42.372633],[12.639202,42.372779],[12.638661,42.373232],[12.634184,42.381856],[12.628305,42.391875],[12.622324,42.403212],[12.619382,42.409338],[12.618089,42.41013],[12.617443,42.410524],[12.616349,42.4105],[12.615523,42.410148],[12.614754,42.409628],[12.614301,42.409079],[12.614052,42.408579],[12.614075,42.408002],[12.613484,42.406575],[12.613004,42.40628],[12.612321,42.40586],[12.611275,42.405254],[12.609224,42.404238],[12.608623,42.404027],[12.606962,42.403661],[12.60607,42.403528],[12.605934,42.407822],[12.61058,42.411522],[12.61335,42.413216],[12.613959,42.41348],[12.614366,42.413532],[12.616093,42.413737],[12.618496,42.413165],[12.619313,42.412775],[12.622125,42.410728]]]}},{"type":"Feature","id":"057073","properties":{"istat":"057073","name":"Varco Sabino","province":"RI","label":[42.241476,13.037124]},"geometry":{"type":"Polygon","coordinates":[[[13.016372,42.28286],[13.023611,42.280192],[13.039158,42.274382],[13.054694,42.268386],[13.060264,42.25872],[13.064917,42.251289],[13.065451,42.251621],[13.066317,42.251861],[13.067612,42.251936],[13.070013,42.251878],[13.071023,42.251788],[13.071388,42.251721],[13.07173,42.251655],[13.07252,42.251181],[13.072856,42.25089],[13.072121,42.247967],[13.06781,42.245455],[13.067264,42.245475],[13.064488,42.245065],[13.061043,42.244394],[13.059968,42.243865],[13.059342,42.243338],[13.055019,42.239613],[13.052863,42.236459],[13.051125,42.234906],[13.047962,42.233107],[13.037693,42.228176],[13.031692,42.227072],[13.023053,42.219682],[13.021904,42.212263],[13.022185,42.211753],[13.023285,42.206816],[13.022985,42.20476],[13.021724,42.201721],[13.02152,42.201269],[13.020863,42.20058],[13.017621,42.198839],[13.015704,42.198618],[13.007828,42.197202],[13.004551,42.196805],[13.001587,42.196527],[12.99932,42.199295],[12.998787,42.199984],[12.998297,42.200623],[12.998507,42.202038],[12.998794,42.203558],[12.997631,42.210605],[12.991494,42.21085],[12.989556,42.211193],[12.989814,42.212602],[12.991511,42.216784],[12.995574,42.217398],[12.997298,42.217707],[12.998559,42.218014],[13.003253,42.220934],[13.00366,42.221256],[13.006373,42.220356],[13.008531,42.224171],[13.010314,42.22782],[13.021647,42.250736],[13.022299,42.252757],[13.022392,42.253272],[13.022393,42.25401],[13.022202,42.257799],[13.022176,42.258232],[13.022001,42.259183],[13.021129,42.263419],[13.020492,42.26594],[13.016449,42.273478],[13.007262,42.280639],[13.002452,42.283942],[13.008666,42.288437],[13.009692,42.285907],[13.016372,42.28286]]]}}]}
