{"type":"FeatureCollection","source":{"publisher":"ISTAT","reference_date":"2026-01-01","source_url":"https://www.istat.it/storage/cartografia/confini_amministrativi/generalizzati/2026/Limiti01012026_g.zip","source_page":"https://www.istat.it/notizia/confini-delle-unita-amministrative-a-fini-statistici-al-1-gennaio-2018-2/","license":"CC BY 4.0","license_url":"https://creativecommons.org/licenses/by/4.0/","source_sha256":"b011a590656c3a3ebc297fba80726a376aa843b6f164641cf6a4a990021a81d6","transform":"Generalized ISTAT boundaries: Lazio subset, WGS84 UTM32N to EPSG:4326, coordinates rounded to 6 decimals. Not legal/cadastral boundaries."},"features":[{"type":"Feature","id":"VT","properties":{"code":"VT","name":"Viterbo","kind":"Provincia","label":[42.492042,11.950277]},"geometry":{"type":"MultiPolygon","coordinates":[[[[12.488055,42.398675],[12.487132,42.394195],[12.485816,42.392457],[12.479298,42.391016],[12.474462,42.387485],[12.466256,42.394889],[12.466327,42.39526],[12.46642,42.395649],[12.46664,42.395912],[12.46901,42.398641],[12.470266,42.39977],[12.470357,42.399852],[12.471184,42.400425],[12.473588,42.401973],[12.473941,42.402132],[12.474328,42.402306],[12.475561,42.402764],[12.477214,42.40325],[12.480323,42.404051],[12.488055,42.398675]]],[[[11.85697,42.836522],[11.861497,42.835525],[11.867838,42.834778],[11.887525,42.834854],[11.889614,42.83416],[11.891058,42.833883],[11.893231,42.834044],[11.894111,42.834161],[11.894473,42.834257],[11.894593,42.834288],[11.894965,42.83467],[11.89914,42.832454],[11.90394,42.832152],[11.905627,42.829556],[11.90615,42.823866],[11.907921,42.816847],[11.908173,42.816228],[11.908421,42.815767],[11.909635,42.81425],[11.913001,42.810545],[11.913814,42.809867],[11.919483,42.799111],[11.92532,42.783798],[11.927425,42.780917],[11.927633,42.780743],[11.928195,42.780273],[11.92852,42.780002],[11.929847,42.779108],[11.931308,42.77844],[11.933147,42.778024],[11.944221,42.77638],[11.949625,42.776074],[11.960591,42.771235],[11.968333,42.766559],[11.979452,42.76398],[11.981851,42.755209],[11.981944,42.754846],[11.981989,42.754003],[11.981871,42.753583],[11.981479,42.752846],[11.978302,42.75147],[11.972181,42.741656],[11.960587,42.728153],[11.952088,42.726599],[11.949146,42.727404],[11.945382,42.72529],[11.939428,42.717961],[11.933471,42.715682],[11.931166,42.714364],[11.930569,42.713614],[11.930101,42.712946],[11.926293,42.704741],[11.926113,42.704304],[11.926131,42.704214],[11.926204,42.703859],[11.926267,42.703806],[11.926364,42.703725],[11.926543,42.703573],[11.931637,42.700984],[11.937758,42.699256],[11.93847,42.699199],[11.938926,42.699163],[11.940501,42.698724],[11.943045,42.697986],[11.944093,42.697671],[11.948764,42.696011],[11.948718,42.695543],[11.947783,42.693519],[11.942369,42.685991],[11.941676,42.685351],[11.941243,42.684537],[11.941069,42.684085],[11.941061,42.683909],[11.941059,42.683667],[11.941135,42.683561],[11.941255,42.683397],[11.94133,42.683301],[11.943859,42.682638],[11.943949,42.682616],[11.954662,42.680179],[11.961285,42.678823],[11.968519,42.677501],[11.972563,42.676816],[11.97798,42.675527],[11.979075,42.675036],[11.991487,42.669471],[11.996059,42.667379],[12.00774,42.662031],[12.018332,42.655776],[12.029939,42.649721],[12.034428,42.645621],[12.048618,42.649508],[12.070523,42.654352],[12.085195,42.655768],[12.090218,42.655627],[12.096884,42.657635],[12.098524,42.659504],[12.101456,42.662124],[12.102726,42.66291],[12.106664,42.664643],[12.106734,42.664673],[12.114986,42.653587],[12.1172,42.650974],[12.11785,42.650551],[12.119544,42.649825],[12.124062,42.649288],[12.124336,42.649397],[12.124773,42.649592],[12.125245,42.649805],[12.125347,42.649851],[12.125545,42.650148],[12.125706,42.65044],[12.125769,42.650937],[12.125802,42.652554],[12.126027,42.65388],[12.126183,42.654799],[12.127056,42.656153],[12.128991,42.65868],[12.129983,42.659945],[12.132099,42.661508],[12.132327,42.661668],[12.132363,42.661559],[12.132462,42.661259],[12.13312,42.659265],[12.133206,42.659051],[12.133789,42.65849],[12.141644,42.657062],[12.146209,42.65894],[12.147034,42.659336],[12.147863,42.660033],[12.148707,42.66101],[12.148813,42.661185],[12.148865,42.661271],[12.149549,42.662477],[12.149488,42.663217],[12.149314,42.664334],[12.149025,42.665373],[12.153901,42.67124],[12.160928,42.67669],[12.166844,42.675956],[12.173299,42.673801],[12.175907,42.672752],[12.180825,42.669802],[12.184682,42.667184],[12.184902,42.666996],[12.185756,42.666268],[12.197281,42.663846],[12.197502,42.663753],[12.197663,42.663686],[12.204336,42.660461],[12.208933,42.656194],[12.221932,42.647035],[12.226919,42.643479],[12.228017,42.638108],[12.227918,42.637607],[12.226813,42.636503],[12.229191,42.634669],[12.233535,42.632729],[12.237231,42.631731],[12.238788,42.631642],[12.242669,42.629213],[12.243074,42.628351],[12.242941,42.627787],[12.240275,42.624732],[12.232108,42.615527],[12.23095,42.614344],[12.230519,42.613789],[12.230252,42.613373],[12.229478,42.61192],[12.229135,42.611094],[12.229195,42.610402],[12.231312,42.609066],[12.231356,42.609044],[12.231713,42.608865],[12.233311,42.608154],[12.236838,42.607329],[12.23873,42.606975],[12.23906,42.60696],[12.239189,42.607054],[12.239852,42.607537],[12.243169,42.605744],[12.244081,42.605251],[12.24415,42.605213],[12.24497,42.604673],[12.245293,42.604425],[12.245401,42.60429],[12.24544,42.60424],[12.245489,42.604174],[12.245601,42.604022],[12.245698,42.603891],[12.245921,42.60358],[12.245938,42.603555],[12.246262,42.602556],[12.247556,42.596693],[12.246688,42.596403],[12.245829,42.596301],[12.244901,42.596674],[12.240738,42.589066],[12.236713,42.581315],[12.238658,42.572958],[12.248276,42.567598],[12.260901,42.563205],[12.269889,42.56013],[12.271225,42.560321],[12.27257,42.560382],[12.275043,42.559915],[12.275132,42.55976],[12.275336,42.55938],[12.275853,42.558416],[12.275925,42.558246],[12.278061,42.553174],[12.278813,42.550888],[12.279068,42.549526],[12.278999,42.548821],[12.277853,42.542388],[12.276926,42.541402],[12.273435,42.538297],[12.267787,42.536603],[12.266613,42.536528],[12.266199,42.536243],[12.26618,42.536086],[12.266234,42.535692],[12.266361,42.534883],[12.266525,42.534248],[12.266757,42.533467],[12.267004,42.532959],[12.267169,42.532618],[12.269011,42.529472],[12.270538,42.527321],[12.274352,42.524052],[12.27793,42.523373],[12.282644,42.522716],[12.283502,42.517536],[12.28269,42.51738],[12.275504,42.515996],[12.274418,42.512241],[12.274497,42.510298],[12.274573,42.509828],[12.274625,42.509511],[12.274765,42.509205],[12.274998,42.508951],[12.278002,42.506944],[12.27803,42.506926],[12.278121,42.506876],[12.278187,42.50684],[12.278745,42.506542],[12.279227,42.506502],[12.282497,42.507759],[12.285946,42.509232],[12.289791,42.508968],[12.297351,42.506158],[12.306824,42.498397],[12.307131,42.498064],[12.307352,42.497301],[12.306702,42.496411],[12.302981,42.491322],[12.302477,42.491627],[12.300661,42.492726],[12.299618,42.493593],[12.299144,42.494295],[12.296639,42.49461],[12.29144,42.494698],[12.289506,42.494713],[12.289239,42.494514],[12.289403,42.493695],[12.289485,42.493285],[12.289521,42.493107],[12.289557,42.49293],[12.289597,42.492729],[12.290409,42.491639],[12.291489,42.490735],[12.293098,42.489729],[12.293841,42.489298],[12.29585,42.488407],[12.297612,42.487902],[12.299563,42.487531],[12.299866,42.487508],[12.314151,42.487884],[12.315132,42.487999],[12.315835,42.488173],[12.316143,42.488278],[12.316442,42.48838],[12.32079,42.491701],[12.32204,42.492869],[12.323393,42.494531],[12.323907,42.494791],[12.324177,42.494846],[12.324471,42.494869],[12.324921,42.494878],[12.325366,42.494757],[12.325809,42.49461],[12.325856,42.494595],[12.329493,42.492967],[12.330666,42.492384],[12.340954,42.486881],[12.345949,42.482183],[12.346471,42.480299],[12.34721,42.478633],[12.348025,42.477353],[12.348975,42.476114],[12.351226,42.473653],[12.352637,42.473995],[12.359698,42.475872],[12.363386,42.477448],[12.374962,42.483127],[12.385348,42.489164],[12.386335,42.494965],[12.386186,42.495658],[12.386131,42.495916],[12.38651,42.49663],[12.387847,42.497279],[12.388429,42.497508],[12.390168,42.498192],[12.391845,42.498759],[12.394405,42.499295],[12.394918,42.499312],[12.401796,42.499094],[12.410098,42.496623],[12.420287,42.495549],[12.426435,42.488142],[12.421168,42.48234],[12.416858,42.480767],[12.413651,42.479107],[12.413015,42.476861],[12.412376,42.468515],[12.412394,42.468245],[12.412441,42.467563],[12.412846,42.467182],[12.413205,42.467072],[12.413614,42.466984],[12.414218,42.466916],[12.415114,42.466822],[12.427566,42.465212],[12.430248,42.458648],[12.430267,42.458559],[12.430321,42.458313],[12.430382,42.458023],[12.429348,42.457378],[12.429166,42.457316],[12.428344,42.457035],[12.427963,42.456988],[12.427217,42.456897],[12.426375,42.456842],[12.425657,42.456827],[12.42455,42.456856],[12.422853,42.457154],[12.422119,42.457325],[12.421279,42.457534],[12.419798,42.458029],[12.41858,42.458452],[12.418174,42.458454],[12.417899,42.458455],[12.417741,42.458365],[12.41741,42.458177],[12.415372,42.456759],[12.414336,42.455819],[12.414045,42.455532],[12.413677,42.455168],[12.412912,42.453354],[12.412841,42.453093],[12.412789,42.452903],[12.412748,42.452625],[12.413129,42.447265],[12.413885,42.442405],[12.414224,42.442379],[12.415395,42.442195],[12.415844,42.441957],[12.417565,42.44096],[12.418378,42.439826],[12.41905,42.438889],[12.419092,42.43883],[12.419233,42.438177],[12.419286,42.437906],[12.419453,42.436726],[12.419464,42.436469],[12.419356,42.435477],[12.419088,42.434296],[12.417665,42.43161],[12.417458,42.431396],[12.415877,42.429784],[12.415832,42.429738],[12.414932,42.429067],[12.413673,42.428231],[12.413594,42.428104],[12.413523,42.427988],[12.412993,42.426901],[12.41302,42.426849],[12.41365,42.425598],[12.415116,42.424222],[12.415845,42.423537],[12.417038,42.422418],[12.417755,42.422207],[12.419,42.421841],[12.420676,42.421584],[12.42227,42.421604],[12.423941,42.421937],[12.431226,42.423934],[12.444552,42.425663],[12.454305,42.426941],[12.45536,42.427625],[12.455516,42.427712],[12.455965,42.427962],[12.459182,42.428977],[12.459842,42.429173],[12.461147,42.429381],[12.461582,42.429436],[12.462143,42.429405],[12.462558,42.429348],[12.463121,42.429245],[12.463603,42.429086],[12.464298,42.428426],[12.467006,42.424243],[12.467221,42.423763],[12.467284,42.423465],[12.467608,42.421942],[12.46732,42.420397],[12.466713,42.419466],[12.46615,42.418947],[12.465618,42.418585],[12.465127,42.418384],[12.464875,42.418324],[12.464308,42.418233],[12.460364,42.416281],[12.458636,42.406558],[12.449924,42.40082],[12.444694,42.398816],[12.438039,42.390119],[12.436612,42.38797],[12.436472,42.387675],[12.436406,42.387535],[12.436362,42.387176],[12.436514,42.386852],[12.436699,42.386486],[12.43702,42.385864],[12.437355,42.385305],[12.438253,42.383945],[12.438892,42.383656],[12.443414,42.382583],[12.446881,42.383064],[12.4562,42.381896],[12.457648,42.380615],[12.457692,42.375756],[12.458003,42.37241],[12.458144,42.368592],[12.457618,42.368526],[12.45754,42.368516],[12.457315,42.368355],[12.45727,42.368321],[12.457035,42.368135],[12.456091,42.367114],[12.45572,42.366684],[12.454624,42.364966],[12.454212,42.364055],[12.454889,42.357337],[12.461001,42.354968],[12.462979,42.354417],[12.463346,42.354436],[12.463584,42.354448],[12.464802,42.354655],[12.469,42.355639],[12.473273,42.356572],[12.474766,42.356874],[12.474941,42.356445],[12.475116,42.355999],[12.475358,42.355132],[12.475412,42.354387],[12.475142,42.353292],[12.474694,42.352306],[12.473171,42.350916],[12.471663,42.349764],[12.469299,42.348193],[12.46869,42.347946],[12.467887,42.347988],[12.466849,42.347821],[12.465943,42.347164],[12.464251,42.345712],[12.463184,42.344479],[12.462102,42.337884],[12.462166,42.337134],[12.462171,42.337072],[12.462851,42.335574],[12.463234,42.334793],[12.466587,42.330176],[12.467724,42.32875],[12.469259,42.327398],[12.470143,42.32684],[12.472927,42.325819],[12.474242,42.32541],[12.475202,42.325251],[12.475366,42.325227],[12.476427,42.325096],[12.477386,42.325071],[12.477908,42.325092],[12.478464,42.325142],[12.478783,42.325256],[12.478978,42.325325],[12.479438,42.325351],[12.480167,42.325343],[12.480781,42.325157],[12.481544,42.324887],[12.48274,42.324369],[12.483421,42.324069],[12.487282,42.32129],[12.487696,42.320949],[12.488262,42.320432],[12.488938,42.319751],[12.489198,42.31949],[12.489441,42.318861],[12.489363,42.318391],[12.489115,42.318209],[12.488773,42.317967],[12.488473,42.317895],[12.487688,42.31778],[12.485683,42.317548],[12.484584,42.317424],[12.482525,42.317325],[12.480171,42.317329],[12.476191,42.313708],[12.480528,42.305643],[12.481464,42.304089],[12.486939,42.298195],[12.488227,42.296945],[12.489116,42.296224],[12.491921,42.294946],[12.492809,42.294874],[12.493429,42.294832],[12.493563,42.294843],[12.493628,42.294848],[12.494034,42.294881],[12.494685,42.294979],[12.494933,42.29503],[12.495374,42.29512],[12.496056,42.295262],[12.498723,42.295914],[12.500173,42.29636],[12.507696,42.296918],[12.515819,42.295791],[12.519594,42.294762],[12.51571,42.287636],[12.511909,42.28298],[12.504565,42.273477],[12.500545,42.271316],[12.495313,42.270255],[12.490529,42.26978],[12.483214,42.262246],[12.479219,42.251476],[12.480455,42.24482],[12.480432,42.234402],[12.480385,42.234084],[12.479801,42.23384],[12.47972,42.233806],[12.479682,42.233791],[12.479081,42.233605],[12.478868,42.23354],[12.476601,42.232938],[12.475594,42.232703],[12.473694,42.232644],[12.472527,42.232679],[12.471825,42.232682],[12.471176,42.232636],[12.471076,42.232628],[12.470284,42.232459],[12.469961,42.232209],[12.469685,42.231995],[12.469521,42.231701],[12.469379,42.231446],[12.468033,42.225699],[12.468388,42.223196],[12.463941,42.211994],[12.46214,42.207362],[12.460119,42.204563],[12.457767,42.202546],[12.456925,42.2024],[12.454992,42.202287],[12.453476,42.203206],[12.453345,42.20329],[12.452983,42.203522],[12.452403,42.203896],[12.452096,42.204148],[12.445639,42.203609],[12.435259,42.200332],[12.435251,42.200301],[12.434669,42.197941],[12.434626,42.196033],[12.434764,42.193413],[12.434924,42.193021],[12.434565,42.190646],[12.434336,42.189991],[12.434082,42.189328],[12.431433,42.18581],[12.429827,42.184147],[12.428416,42.182905],[12.426575,42.181308],[12.416986,42.180289],[12.415699,42.180206],[12.415098,42.180291],[12.414452,42.18067],[12.413797,42.1811],[12.411692,42.182495],[12.412003,42.186007],[12.412692,42.19138],[12.415491,42.19841],[12.417826,42.202838],[12.41914,42.204294],[12.420222,42.206612],[12.420634,42.207514],[12.420472,42.208541],[12.420187,42.209332],[12.417562,42.215489],[12.418243,42.230362],[12.419318,42.234589],[12.41699,42.246041],[12.414722,42.25283],[12.414414,42.253393],[12.412079,42.256403],[12.404914,42.248791],[12.408836,42.244136],[12.411997,42.24044],[12.41238,42.239897],[12.412491,42.239057],[12.41249,42.23858],[12.412387,42.237808],[12.412273,42.237001],[12.408831,42.229805],[12.408535,42.229517],[12.407946,42.229363],[12.405852,42.228984],[12.405359,42.229017],[12.404274,42.229157],[12.403344,42.229442],[12.402989,42.229601],[12.40261,42.229783],[12.396696,42.229553],[12.392064,42.2225],[12.386771,42.216633],[12.379174,42.21281],[12.378635,42.212901],[12.378465,42.21293],[12.377417,42.213014],[12.376092,42.212954],[12.374674,42.212726],[12.373861,42.212484],[12.372546,42.211915],[12.371799,42.211519],[12.371545,42.211071],[12.370988,42.209399],[12.37042,42.20769],[12.370328,42.20733],[12.370384,42.207013],[12.372769,42.195083],[12.375844,42.185074],[12.37446,42.181255],[12.37008,42.174145],[12.366112,42.170786],[12.361085,42.168246],[12.354877,42.166717],[12.353091,42.165698],[12.349326,42.162021],[12.34537,42.157049],[12.344655,42.153567],[12.331605,42.149656],[12.323,42.14716],[12.310464,42.149089],[12.303647,42.15626],[12.304348,42.160657],[12.296396,42.16759],[12.29449,42.168991],[12.290967,42.171078],[12.28541,42.174159],[12.284849,42.173842],[12.284337,42.173317],[12.283793,42.172864],[12.283164,42.1724],[12.282993,42.172319],[12.282283,42.17198],[12.280865,42.171732],[12.277813,42.171252],[12.275429,42.17128],[12.274365,42.17154],[12.273539,42.171744],[12.272662,42.172331],[12.272061,42.173123],[12.271882,42.173637],[12.271968,42.174373],[12.272652,42.176118],[12.273004,42.176865],[12.273195,42.177054],[12.273374,42.177228],[12.274206,42.177875],[12.271402,42.181948],[12.262529,42.180148],[12.257358,42.178724],[12.255889,42.17819],[12.252168,42.177143],[12.249967,42.176764],[12.248249,42.176768],[12.246567,42.176802],[12.246296,42.176809],[12.245231,42.17684],[12.244716,42.176854],[12.242939,42.176909],[12.235274,42.177153],[12.223571,42.183193],[12.215756,42.186713],[12.209896,42.18557],[12.206363,42.184422],[12.205391,42.183891],[12.203505,42.182773],[12.203282,42.182428],[12.203086,42.181908],[12.203023,42.181381],[12.20298,42.180995],[12.202786,42.18062],[12.20267,42.180396],[12.202204,42.179986],[12.197081,42.17881],[12.195492,42.178498],[12.193268,42.178353],[12.189281,42.178284],[12.182704,42.178503],[12.180337,42.178614],[12.178639,42.178787],[12.177192,42.178683],[12.176814,42.178635],[12.176398,42.178534],[12.175956,42.178425],[12.175661,42.178347],[12.174896,42.17804],[12.173856,42.177591],[12.168849,42.175302],[12.167144,42.172892],[12.166888,42.172395],[12.166734,42.171949],[12.166575,42.171458],[12.165935,42.169314],[12.165736,42.168572],[12.165473,42.167594],[12.165452,42.167571],[12.165289,42.167416],[12.165245,42.167375],[12.1647,42.166863],[12.159674,42.163895],[12.158623,42.163323],[12.157919,42.162939],[12.156876,42.162437],[12.155792,42.162048],[12.154647,42.161643],[12.153624,42.161301],[12.152299,42.160937],[12.149652,42.16051],[12.144689,42.155135],[12.139485,42.149299],[12.135551,42.149037],[12.135092,42.149802],[12.134461,42.150747],[12.133813,42.151588],[12.132311,42.153034],[12.128752,42.155986],[12.118891,42.160964],[12.117802,42.161489],[12.116518,42.160952],[12.088523,42.161287],[12.080015,42.16107],[12.071872,42.162612],[12.071356,42.163211],[12.071224,42.163332],[12.070718,42.163796],[12.070022,42.164175],[12.069721,42.164255],[12.069306,42.164365],[12.067639,42.164459],[12.063988,42.164552],[12.06268,42.164538],[12.061174,42.164434],[12.060384,42.164378],[12.057727,42.164057],[12.057291,42.162489],[12.056911,42.16086],[12.056892,42.15996],[12.049524,42.153249],[12.034751,42.151579],[12.031498,42.151997],[12.030641,42.152165],[12.029923,42.152319],[12.026726,42.153043],[12.025587,42.153352],[12.024196,42.153794],[12.007446,42.157725],[12.004482,42.157694],[12.004275,42.157728],[12.003845,42.157801],[12.003688,42.157829],[12.003274,42.157901],[12.002266,42.158464],[11.999008,42.163988],[11.998911,42.164369],[11.998573,42.166503],[11.99891,42.167372],[11.998939,42.167446],[11.999016,42.167651],[11.997381,42.172512],[11.994557,42.177796],[11.990596,42.184024],[11.987881,42.188592],[11.98649,42.194032],[11.979725,42.204703],[11.974368,42.211012],[11.970551,42.212614],[11.966367,42.210953],[11.955046,42.212133],[11.952067,42.21432],[11.943165,42.219457],[11.932873,42.224791],[11.920206,42.229745],[11.914374,42.23298],[11.913075,42.236372],[11.910107,42.240365],[11.897625,42.237408],[11.886401,42.230401],[11.881581,42.226709],[11.874571,42.219573],[11.866061,42.206867],[11.86592,42.205643],[11.867587,42.201067],[11.869147,42.199542],[11.866399,42.197134],[11.852101,42.188548],[11.848348,42.183446],[11.847577,42.181898],[11.845751,42.179521],[11.840289,42.175667],[11.834309,42.173607],[11.830376,42.169429],[11.828011,42.166898],[11.827728,42.166495],[11.827501,42.166024],[11.827576,42.165252],[11.827767,42.164648],[11.828142,42.164108],[11.829382,42.161542],[11.830979,42.157986],[11.831021,42.157305],[11.828253,42.151133],[11.827065,42.149753],[11.825347,42.14808],[11.824635,42.147566],[11.822808,42.146485],[11.812282,42.151138],[11.804239,42.154753],[11.79191,42.160016],[11.772231,42.163825],[11.767366,42.163272],[11.755906,42.16155],[11.747192,42.161844],[11.745346,42.161424],[11.743548,42.160976],[11.736279,42.159097],[11.733767,42.158058],[11.734061,42.15924],[11.735612,42.164312],[11.737278,42.166241],[11.738363,42.167104],[11.73983,42.168524],[11.739964,42.169253],[11.739836,42.169846],[11.739343,42.170867],[11.738022,42.172554],[11.736842,42.173667],[11.731361,42.178818],[11.730038,42.180043],[11.728922,42.18094],[11.727767,42.18168],[11.726094,42.182713],[11.720843,42.189216],[11.715431,42.198101],[11.710036,42.208038],[11.707437,42.21563],[11.705848,42.218764],[11.705392,42.219455],[11.704192,42.221276],[11.696888,42.232289],[11.694062,42.235572],[11.691976,42.237408],[11.689352,42.239579],[11.68853,42.240259],[11.685351,42.242102],[11.685321,42.242119],[11.679635,42.247401],[11.673799,42.254263],[11.672502,42.255793],[11.671896,42.256821],[11.669179,42.26144],[11.667584,42.264176],[11.667136,42.264928],[11.666291,42.266225],[11.665354,42.267591],[11.664954,42.267991],[11.663733,42.269204],[11.660081,42.272437],[11.649812,42.281322],[11.641049,42.288486],[11.637569,42.29115],[11.632705,42.294579],[11.631861,42.295107],[11.629881,42.296307],[11.622366,42.300824],[11.616311,42.304078],[11.610315,42.306865],[11.605208,42.309204],[11.598073,42.313173],[11.595584,42.314726],[11.580388,42.324202],[11.572699,42.328972],[11.56241,42.335046],[11.551641,42.340322],[11.546564,42.342596],[11.542898,42.344134],[11.535405,42.347158],[11.515389,42.354982],[11.498534,42.361356],[11.496703,42.362041],[11.492539,42.363571],[11.488325,42.365083],[11.485704,42.366008],[11.483213,42.366822],[11.475462,42.36898],[11.467059,42.37183],[11.454479,42.376118],[11.454118,42.376238],[11.449852,42.37754],[11.453668,42.38528],[11.451817,42.389978],[11.450808,42.395048],[11.456697,42.401149],[11.462183,42.404699],[11.46719,42.407752],[11.473314,42.411487],[11.476853,42.414048],[11.480094,42.418025],[11.481994,42.42114],[11.481892,42.421363],[11.481758,42.421654],[11.481625,42.421977],[11.481519,42.422342],[11.481434,42.422683],[11.481051,42.427316],[11.481032,42.433602],[11.481146,42.43376],[11.481344,42.434036],[11.481909,42.434493],[11.486704,42.438004],[11.488448,42.439137],[11.488604,42.439221],[11.488888,42.43937],[11.497447,42.438599],[11.505651,42.436425],[11.508364,42.435615],[11.511355,42.434789],[11.516575,42.433556],[11.51673,42.433552],[11.517127,42.433542],[11.517432,42.433535],[11.517967,42.433539],[11.520314,42.433987],[11.523437,42.434652],[11.525567,42.435411],[11.531503,42.438048],[11.543511,42.442115],[11.54428,42.442156],[11.545898,42.441717],[11.546224,42.441629],[11.547341,42.441291],[11.547431,42.441215],[11.547564,42.441102],[11.547845,42.440846],[11.548104,42.440603],[11.548259,42.440397],[11.550993,42.439585],[11.554521,42.438768],[11.554944,42.438761],[11.555146,42.438758],[11.555185,42.43876],[11.55557,42.438774],[11.555984,42.438789],[11.565772,42.43936],[11.572356,42.438107],[11.574547,42.437587],[11.575659,42.437484],[11.582348,42.43701],[11.585547,42.436796],[11.605088,42.436269],[11.61536,42.435945],[11.616296,42.435932],[11.616512,42.435944],[11.616761,42.435958],[11.617407,42.436024],[11.617733,42.436093],[11.617992,42.436574],[11.618177,42.43702],[11.619001,42.439169],[11.619032,42.439251],[11.619053,42.439306],[11.619087,42.439394],[11.619119,42.439479],[11.619132,42.439548],[11.619197,42.439909],[11.619188,42.440376],[11.619178,42.440599],[11.61917,42.440797],[11.618337,42.443351],[11.618095,42.443953],[11.617971,42.444228],[11.617872,42.444449],[11.617555,42.44501],[11.6175,42.445087],[11.616344,42.455027],[11.615738,42.461164],[11.615967,42.466662],[11.61962,42.476753],[11.61685,42.487507],[11.616599,42.487984],[11.616294,42.488481],[11.616172,42.488626],[11.612594,42.4909],[11.609393,42.492601],[11.608908,42.492766],[11.608783,42.492807],[11.606614,42.493367],[11.606133,42.493461],[11.605938,42.493499],[11.599271,42.494558],[11.592827,42.495366],[11.585557,42.500925],[11.586159,42.501686],[11.58646,42.502119],[11.586512,42.502195],[11.586662,42.502459],[11.586842,42.502833],[11.586916,42.503016],[11.587028,42.503295],[11.587067,42.503464],[11.587113,42.503667],[11.587132,42.504049],[11.587061,42.504319],[11.586855,42.504623],[11.586642,42.504873],[11.586313,42.505191],[11.585944,42.505496],[11.584421,42.506675],[11.583631,42.507143],[11.580541,42.50877],[11.58023,42.508907],[11.579752,42.509114],[11.57932,42.509266],[11.578852,42.50943],[11.578804,42.509446],[11.578626,42.509507],[11.578456,42.509565],[11.574514,42.510779],[11.571271,42.510312],[11.566106,42.51181],[11.562111,42.514859],[11.560857,42.517028],[11.56494,42.527108],[11.56792,42.53221],[11.570118,42.534489],[11.577753,42.540022],[11.585843,42.541762],[11.586889,42.545336],[11.582345,42.552142],[11.578448,42.564743],[11.578741,42.567478],[11.578838,42.567747],[11.579162,42.568029],[11.589244,42.571401],[11.598716,42.569659],[11.603837,42.568306],[11.60414,42.568217],[11.604595,42.568084],[11.604755,42.568025],[11.605182,42.567867],[11.607247,42.566796],[11.608271,42.565976],[11.608491,42.564812],[11.608713,42.56339],[11.608703,42.563232],[11.608679,42.56282],[11.608775,42.562205],[11.60892,42.561585],[11.609232,42.561173],[11.609778,42.560552],[11.611676,42.559014],[11.611959,42.558785],[11.612784,42.558129],[11.613729,42.557435],[11.613886,42.557324],[11.614013,42.557234],[11.614461,42.557447],[11.615006,42.557993],[11.617231,42.561472],[11.619977,42.5643],[11.624126,42.568356],[11.625021,42.569091],[11.625479,42.569252],[11.625766,42.569338],[11.626021,42.569406],[11.626107,42.569429],[11.626972,42.569621],[11.627055,42.56964],[11.627101,42.569649],[11.62744,42.5697],[11.627494,42.569708],[11.628031,42.569723],[11.628274,42.569727],[11.628713,42.569734],[11.630021,42.569558],[11.630195,42.569481],[11.630834,42.569197],[11.632394,42.568315],[11.632641,42.568121],[11.632799,42.567828],[11.633187,42.567086],[11.633288,42.566385],[11.637113,42.565248],[11.643762,42.5667],[11.646034,42.567867],[11.647734,42.568823],[11.65296,42.571824],[11.655757,42.575281],[11.658418,42.577045],[11.665428,42.576455],[11.669007,42.576893],[11.675117,42.578549],[11.676315,42.578908],[11.679607,42.580455],[11.681735,42.581812],[11.68578,42.584832],[11.685605,42.585841],[11.684597,42.587872],[11.683282,42.590175],[11.681206,42.592697],[11.679851,42.595246],[11.683189,42.596649],[11.691932,42.599514],[11.696624,42.60021],[11.697795,42.600391],[11.699098,42.600845],[11.700422,42.601374],[11.704015,42.604099],[11.708528,42.607537],[11.710292,42.610022],[11.719351,42.610937],[11.722269,42.611089],[11.72599,42.610928],[11.726767,42.610806],[11.726786,42.610333],[11.726715,42.609747],[11.726643,42.609179],[11.726622,42.608621],[11.72665,42.607909],[11.726726,42.607554],[11.726812,42.607156],[11.727147,42.606533],[11.72741,42.606374],[11.727945,42.606195],[11.729012,42.606003],[11.729216,42.605981],[11.729293,42.605973],[11.729343,42.605968],[11.729893,42.605914],[11.730977,42.605906],[11.73313,42.606062],[11.733621,42.60614],[11.734422,42.606311],[11.735974,42.606664],[11.736304,42.607013],[11.736319,42.607255],[11.736304,42.60878],[11.736301,42.608953],[11.736299,42.609077],[11.736188,42.609534],[11.736,42.609831],[11.735973,42.609862],[11.735939,42.6099],[11.738502,42.613277],[11.744301,42.618289],[11.747913,42.62084],[11.748943,42.621452],[11.750443,42.623048],[11.750828,42.623735],[11.751811,42.625559],[11.75183,42.625595],[11.750336,42.634994],[11.750222,42.635265],[11.750121,42.63565],[11.74979,42.637608],[11.749757,42.639649],[11.754251,42.639006],[11.763413,42.637379],[11.76893,42.636155],[11.769331,42.63597],[11.770184,42.635738],[11.770319,42.635705],[11.770618,42.635633],[11.771262,42.635527],[11.780187,42.634741],[11.784138,42.63765],[11.788692,42.639728],[11.795664,42.642705],[11.804121,42.644303],[11.804954,42.64499],[11.807864,42.650038],[11.809282,42.652952],[11.809358,42.653358],[11.809413,42.653885],[11.809436,42.654154],[11.809456,42.654384],[11.809466,42.655397],[11.809456,42.655847],[11.809421,42.656348],[11.809347,42.656845],[11.809266,42.657257],[11.809038,42.658266],[11.808941,42.658667],[11.808713,42.659188],[11.808407,42.659751],[11.806642,42.662179],[11.801783,42.666972],[11.799939,42.668452],[11.794156,42.669227],[11.786191,42.670594],[11.785159,42.672192],[11.784287,42.679523],[11.785424,42.687459],[11.78208,42.700832],[11.77996,42.705345],[11.781442,42.707457],[11.782176,42.707336],[11.784161,42.707071],[11.784706,42.707041],[11.784943,42.707028],[11.795782,42.706549],[11.796391,42.70653],[11.797081,42.706513],[11.797792,42.706595],[11.798022,42.706626],[11.798578,42.706701],[11.800555,42.707023],[11.801556,42.707192],[11.804919,42.717633],[11.808377,42.728787],[11.812508,42.735576],[11.818302,42.742682],[11.817553,42.745654],[11.81183,42.750747],[11.808644,42.753172],[11.806955,42.753572],[11.800357,42.75498],[11.793609,42.755975],[11.788814,42.756415],[11.783915,42.757188],[11.77942,42.758018],[11.779107,42.758322],[11.779031,42.758851],[11.778984,42.759203],[11.77894,42.759864],[11.77894,42.760141],[11.778966,42.760262],[11.779002,42.760427],[11.779097,42.760677],[11.779469,42.761381],[11.779667,42.761652],[11.779743,42.761755],[11.780318,42.76234],[11.776943,42.766997],[11.766664,42.775932],[11.757059,42.782089],[11.750204,42.783431],[11.746018,42.78576],[11.748684,42.788196],[11.748759,42.788297],[11.749321,42.789058],[11.749553,42.789561],[11.749697,42.789874],[11.749967,42.790463],[11.750059,42.790827],[11.750095,42.790969],[11.750207,42.791407],[11.750322,42.791862],[11.751981,42.798354],[11.752924,42.801443],[11.752993,42.801576],[11.753349,42.802236],[11.758035,42.807635],[11.764622,42.811916],[11.768565,42.81541],[11.768865,42.816227],[11.768879,42.816265],[11.768937,42.816424],[11.768767,42.817407],[11.768675,42.817933],[11.768599,42.818106],[11.76858,42.81815],[11.768368,42.818629],[11.768269,42.818852],[11.768253,42.818889],[11.768177,42.819382],[11.768505,42.819958],[11.769067,42.820188],[11.77424,42.82107],[11.774589,42.820987],[11.77526,42.820828],[11.775595,42.820744],[11.775802,42.820692],[11.775874,42.820674],[11.787042,42.815285],[11.791384,42.812143],[11.803286,42.801198],[11.802773,42.798293],[11.804844,42.795675],[11.806045,42.795061],[11.80685,42.794856],[11.809683,42.79697],[11.81085,42.798427],[11.811412,42.799635],[11.813657,42.811933],[11.813296,42.819492],[11.813265,42.819594],[11.813159,42.819948],[11.813144,42.821521],[11.813157,42.821548],[11.813645,42.822559],[11.813699,42.822671],[11.814573,42.823352],[11.814779,42.823449],[11.815447,42.823762],[11.822106,42.825992],[11.826282,42.826104],[11.832871,42.827414],[11.842065,42.83258],[11.847438,42.837656],[11.85697,42.836522]]]]}},{"type":"Feature","id":"RI","properties":{"code":"RI","name":"Rieti","kind":"Provincia","label":[42.415524,12.884589]},"geometry":{"type":"Polygon","coordinates":[[[13.284131,42.739843],[13.287952,42.738538],[13.290365,42.733584],[13.291099,42.732978],[13.292298,42.732005],[13.292747,42.73166],[13.293654,42.731072],[13.294571,42.730614],[13.29666,42.729726],[13.297311,42.729575],[13.297874,42.729514],[13.298629,42.729537],[13.299436,42.729607],[13.300156,42.72967],[13.30132,42.729492],[13.302106,42.729368],[13.304446,42.728962],[13.306499,42.728577],[13.307704,42.728342],[13.308612,42.728132],[13.309043,42.728016],[13.309424,42.727908],[13.309876,42.727766],[13.310474,42.727509],[13.316939,42.724194],[13.318451,42.723394],[13.323486,42.718743],[13.327272,42.713756],[13.331326,42.709645],[13.341935,42.701469],[13.355628,42.695066],[13.357756,42.694098],[13.354346,42.689436],[13.351403,42.685331],[13.349298,42.673554],[13.348794,42.668612],[13.351474,42.667445],[13.355059,42.665695],[13.355916,42.665113],[13.35719,42.664006],[13.35773,42.663419],[13.359565,42.660887],[13.360331,42.659142],[13.363519,42.655952],[13.368603,42.651669],[13.372438,42.649245],[13.382389,42.649605],[13.396276,42.646477],[13.40201,42.645557],[13.408312,42.642576],[13.409399,42.640177],[13.409619,42.639676],[13.409745,42.639047],[13.409686,42.63861],[13.409663,42.638442],[13.40941,42.636845],[13.4093,42.636366],[13.405403,42.62832],[13.394499,42.619337],[13.391905,42.610224],[13.39139,42.609813],[13.391272,42.609719],[13.391227,42.609674],[13.390678,42.609116],[13.39061,42.608986],[13.390352,42.608492],[13.38917,42.602316],[13.391035,42.593309],[13.393314,42.591741],[13.393966,42.591291],[13.394013,42.591259],[13.391008,42.590339],[13.384466,42.585974],[13.383575,42.582776],[13.381781,42.581013],[13.381305,42.580947],[13.380626,42.580925],[13.380285,42.580914],[13.373878,42.580851],[13.359234,42.578275],[13.355045,42.577331],[13.344618,42.575801],[13.336526,42.577633],[13.321679,42.578625],[13.307617,42.572974],[13.293282,42.56954],[13.293115,42.569608],[13.293001,42.569655],[13.292725,42.569772],[13.292274,42.569963],[13.29126,42.570537],[13.286506,42.577242],[13.286131,42.577894],[13.285803,42.578466],[13.28535,42.579415],[13.284893,42.580517],[13.284462,42.581609],[13.282572,42.582488],[13.27936,42.583263],[13.27878,42.583343],[13.278209,42.583423],[13.262829,42.583066],[13.253326,42.581182],[13.251797,42.578826],[13.249531,42.576191],[13.248405,42.575031],[13.245935,42.572706],[13.245853,42.572723],[13.244805,42.572945],[13.244256,42.573061],[13.239709,42.57403],[13.235688,42.574914],[13.23433,42.575559],[13.234033,42.5757],[13.232803,42.576556],[13.231604,42.57759],[13.230612,42.578648],[13.229898,42.579733],[13.22539,42.582717],[13.215661,42.583306],[13.204571,42.585479],[13.204347,42.585603],[13.203034,42.585953],[13.191363,42.587518],[13.191328,42.586199],[13.191916,42.584777],[13.192239,42.584228],[13.192349,42.584042],[13.192425,42.582346],[13.192404,42.580168],[13.192274,42.577968],[13.19096,42.57702],[13.189307,42.575946],[13.18098,42.5707],[13.178978,42.569607],[13.177595,42.568991],[13.177498,42.568948],[13.176244,42.5685],[13.174909,42.567892],[13.174272,42.567513],[13.174232,42.565224],[13.174384,42.563733],[13.174558,42.562421],[13.174963,42.559773],[13.176057,42.552854],[13.173514,42.545449],[13.166591,42.540383],[13.158794,42.54],[13.157357,42.527716],[13.158098,42.526102],[13.159808,42.523356],[13.166879,42.515545],[13.173265,42.514475],[13.176456,42.513515],[13.177445,42.51303],[13.177769,42.512636],[13.177783,42.50975],[13.177638,42.508891],[13.1774,42.507842],[13.174373,42.496255],[13.171985,42.48778],[13.171535,42.486081],[13.171405,42.485122],[13.171467,42.48471],[13.171587,42.48391],[13.17172,42.483158],[13.172167,42.482786],[13.175167,42.480853],[13.176697,42.480117],[13.177449,42.479779],[13.17842,42.479339],[13.171163,42.474233],[13.156303,42.463897],[13.154332,42.462526],[13.154053,42.462332],[13.15306,42.463083],[13.139972,42.462724],[13.133377,42.458357],[13.126509,42.452647],[13.126244,42.452425],[13.116168,42.44391],[13.121507,42.442052],[13.130459,42.437368],[13.138654,42.431308],[13.142899,42.428034],[13.15007,42.420509],[13.15381,42.416298],[13.155167,42.414216],[13.158797,42.412174],[13.160106,42.411456],[13.16177,42.410693],[13.169019,42.407575],[13.183828,42.404086],[13.1847,42.40418],[13.185495,42.40398],[13.186084,42.403391],[13.188726,42.400697],[13.194158,42.389194],[13.193938,42.38882],[13.189398,42.381111],[13.187169,42.379874],[13.185731,42.379076],[13.171845,42.371368],[13.169506,42.37007],[13.166259,42.36758],[13.165586,42.367061],[13.153385,42.357021],[13.158863,42.353761],[13.169753,42.349645],[13.171649,42.348729],[13.17217,42.348346],[13.172654,42.34799],[13.179141,42.342869],[13.183975,42.338942],[13.184007,42.338658],[13.184037,42.338574],[13.184323,42.337791],[13.184792,42.336734],[13.184842,42.336664],[13.185134,42.336263],[13.185941,42.335639],[13.186706,42.33516],[13.190154,42.333031],[13.191351,42.332334],[13.192517,42.33185],[13.193382,42.331543],[13.19383,42.331384],[13.19493,42.331132],[13.195099,42.331124],[13.19685,42.331043],[13.197411,42.331175],[13.197922,42.331297],[13.210521,42.325333],[13.215453,42.32237],[13.218962,42.320295],[13.220319,42.319534],[13.220751,42.319333],[13.221407,42.319255],[13.222853,42.319192],[13.225364,42.319235],[13.226103,42.31928],[13.227404,42.308864],[13.228042,42.29416],[13.230219,42.285353],[13.236099,42.274404],[13.239095,42.271048],[13.257624,42.264026],[13.269816,42.255056],[13.274693,42.245202],[13.274312,42.244323],[13.274453,42.243836],[13.274512,42.243633],[13.275646,42.24247],[13.276661,42.241667],[13.282823,42.236934],[13.29238,42.232371],[13.297224,42.231078],[13.299792,42.230626],[13.301795,42.230497],[13.303625,42.230513],[13.305841,42.230592],[13.318039,42.229853],[13.319936,42.229638],[13.321366,42.229161],[13.333058,42.222758],[13.338674,42.215467],[13.333552,42.211348],[13.333137,42.211014],[13.33302,42.210746],[13.331894,42.208179],[13.341474,42.198413],[13.347723,42.194286],[13.35203,42.191448],[13.353759,42.19178],[13.360702,42.190842],[13.373804,42.187445],[13.378967,42.184288],[13.379739,42.183461],[13.379974,42.18279],[13.38012,42.181835],[13.380054,42.181144],[13.379955,42.180716],[13.379888,42.180445],[13.379811,42.180443],[13.377608,42.180403],[13.377533,42.180401],[13.372727,42.180315],[13.359092,42.177026],[13.347429,42.175949],[13.34359,42.176763],[13.342368,42.176811],[13.342496,42.176712],[13.343596,42.175859],[13.344896,42.174853],[13.349175,42.171542],[13.353546,42.168158],[13.354568,42.167368],[13.353959,42.166716],[13.352569,42.166222],[13.351636,42.165969],[13.350753,42.165728],[13.348573,42.165298],[13.347067,42.165054],[13.344833,42.164788],[13.341252,42.165362],[13.338741,42.165905],[13.333286,42.166308],[13.32727,42.163859],[13.323194,42.161413],[13.322721,42.161037],[13.32316,42.160431],[13.324464,42.159522],[13.3263,42.158285],[13.328114,42.155314],[13.328321,42.154684],[13.327442,42.154087],[13.322209,42.152543],[13.321011,42.153218],[13.319101,42.153957],[13.318655,42.154009],[13.318425,42.154023],[13.318126,42.153966],[13.317788,42.153851],[13.317481,42.153654],[13.31169,42.149185],[13.311258,42.148809],[13.310884,42.148423],[13.310308,42.147738],[13.309657,42.14692],[13.307745,42.143413],[13.307229,42.142331],[13.305291,42.138256],[13.297825,42.136375],[13.2849,42.134276],[13.277784,42.13745],[13.269506,42.137546],[13.257624,42.131813],[13.256753,42.131277],[13.256541,42.131147],[13.255004,42.130276],[13.248777,42.127427],[13.248017,42.127443],[13.246826,42.127613],[13.23734,42.129115],[13.236757,42.130341],[13.232045,42.135778],[13.227315,42.140103],[13.223349,42.143336],[13.222374,42.143688],[13.221035,42.14395],[13.219391,42.144218],[13.216405,42.144688],[13.212637,42.145691],[13.205749,42.14842],[13.205697,42.148441],[13.202132,42.15097],[13.201102,42.151706],[13.200597,42.152071],[13.199456,42.153031],[13.198272,42.154223],[13.196497,42.15621],[13.196059,42.156744],[13.195411,42.157794],[13.193897,42.158205],[13.183278,42.158882],[13.181982,42.156735],[13.178146,42.153368],[13.177347,42.152908],[13.176428,42.152504],[13.176354,42.152471],[13.175061,42.151996],[13.174539,42.151864],[13.173787,42.151674],[13.169711,42.150708],[13.168752,42.152159],[13.161297,42.1566],[13.144597,42.164867],[13.13178,42.17143],[13.119892,42.1767],[13.109334,42.17587],[13.100229,42.177556],[13.088501,42.178146],[13.088426,42.178148],[13.08785,42.178166],[13.087593,42.178175],[13.087057,42.177871],[13.086899,42.177487],[13.08672,42.17536],[13.086724,42.175134],[13.086731,42.174803],[13.086742,42.17427],[13.086813,42.17321],[13.087635,42.172334],[13.089301,42.170893],[13.089686,42.170704],[13.090419,42.170344],[13.090843,42.170168],[13.091692,42.169816],[13.09264,42.16886],[13.093375,42.167087],[13.09342,42.166757],[13.093452,42.166494],[13.093802,42.160036],[13.093753,42.159425],[13.093743,42.159305],[13.093332,42.158782],[13.091136,42.156173],[13.087161,42.147874],[13.080838,42.140455],[13.071649,42.131023],[13.064886,42.126687],[13.057295,42.122869],[13.038997,42.117386],[13.035674,42.119472],[13.031874,42.12182],[13.031313,42.122034],[13.030858,42.122091],[13.030778,42.1221],[13.030755,42.122],[13.030702,42.121772],[13.030613,42.12133],[13.030515,42.120617],[13.030324,42.117257],[13.030554,42.115376],[13.026932,42.115811],[13.016669,42.116601],[13.01122,42.121056],[12.999015,42.123373],[12.994734,42.125963],[12.989527,42.129206],[12.977993,42.129408],[12.973528,42.1267],[12.969299,42.121994],[12.961075,42.108675],[12.958609,42.102074],[12.956809,42.097291],[12.951091,42.091962],[12.946567,42.091682],[12.943026,42.094249],[12.937221,42.100252],[12.936715,42.101144],[12.936528,42.101473],[12.934743,42.104312],[12.933487,42.105755],[12.931352,42.107846],[12.930703,42.108417],[12.930193,42.108858],[12.928713,42.109742],[12.927912,42.110215],[12.921121,42.114081],[12.919009,42.11504],[12.912944,42.114833],[12.912316,42.114796],[12.911846,42.114758],[12.911115,42.114615],[12.909556,42.114134],[12.908714,42.113604],[12.908244,42.113224],[12.903334,42.109146],[12.902617,42.108144],[12.902149,42.106944],[12.902134,42.105558],[12.901223,42.103108],[12.900745,42.102571],[12.899788,42.101897],[12.898328,42.101077],[12.897408,42.100726],[12.896689,42.100521],[12.89592,42.100353],[12.894725,42.100326],[12.886667,42.100429],[12.885639,42.100455],[12.885148,42.100661],[12.8847,42.10104],[12.884157,42.102094],[12.884265,42.102464],[12.884594,42.102851],[12.868022,42.103789],[12.866236,42.106392],[12.862462,42.115758],[12.860112,42.121595],[12.86081,42.126038],[12.854803,42.129464],[12.853182,42.132301],[12.851172,42.136668],[12.849876,42.140642],[12.840881,42.146072],[12.830034,42.148686],[12.819094,42.152198],[12.80733,42.157124],[12.801812,42.156758],[12.801123,42.156717],[12.80053,42.156732],[12.799123,42.1575],[12.797555,42.158731],[12.79718,42.159063],[12.796913,42.159761],[12.796779,42.16085],[12.79683,42.161812],[12.781287,42.166711],[12.781011,42.166653],[12.78062,42.166751],[12.780137,42.167384],[12.779112,42.17074],[12.780317,42.171422],[12.784643,42.172521],[12.788332,42.17298],[12.789698,42.173034],[12.790282,42.173334],[12.791187,42.173802],[12.791807,42.174359],[12.793375,42.175933],[12.793703,42.176579],[12.794072,42.177477],[12.794346,42.179651],[12.794498,42.181213],[12.791837,42.183899],[12.790756,42.184919],[12.790715,42.184945],[12.789922,42.185367],[12.788335,42.18609],[12.787945,42.186157],[12.774465,42.188317],[12.773142,42.188406],[12.771818,42.18849],[12.768189,42.188393],[12.767176,42.187958],[12.757955,42.183989],[12.757121,42.183611],[12.754168,42.181159],[12.752914,42.1801],[12.752855,42.18005],[12.75238,42.179647],[12.750442,42.177666],[12.749732,42.176838],[12.746197,42.172393],[12.737321,42.166709],[12.730163,42.1675],[12.728494,42.167379],[12.724282,42.166044],[12.723362,42.165701],[12.719601,42.161914],[12.717839,42.158739],[12.71753,42.157885],[12.717146,42.156826],[12.716923,42.156164],[12.716643,42.155329],[12.716336,42.154754],[12.715572,42.154468],[12.715022,42.154279],[12.710904,42.153007],[12.70564,42.152021],[12.703104,42.152005],[12.695379,42.152307],[12.686761,42.153821],[12.686471,42.154748],[12.678822,42.157594],[12.678618,42.15765],[12.677951,42.15783],[12.677721,42.157892],[12.67239,42.159057],[12.672027,42.159041],[12.671196,42.15887],[12.67103,42.158835],[12.667197,42.157737],[12.665643,42.157238],[12.66016,42.154618],[12.656563,42.151045],[12.655595,42.15072],[12.654677,42.150691],[12.651928,42.15063],[12.648245,42.151485],[12.647515,42.151829],[12.647037,42.152055],[12.646772,42.152333],[12.646648,42.152464],[12.646508,42.15261],[12.646471,42.152649],[12.646247,42.153444],[12.646532,42.155263],[12.646565,42.155438],[12.646675,42.156005],[12.646963,42.156353],[12.647831,42.15646],[12.648221,42.159984],[12.64526,42.164412],[12.643444,42.165717],[12.641835,42.1667],[12.636875,42.16887],[12.632318,42.169601],[12.623346,42.175192],[12.622321,42.176692],[12.621607,42.177683],[12.620853,42.1784],[12.61588,42.180583],[12.61486,42.180966],[12.613644,42.181095],[12.612417,42.180908],[12.610913,42.18065],[12.610189,42.180591],[12.609407,42.180747],[12.608589,42.181268],[12.608311,42.181578],[12.608231,42.182071],[12.608207,42.182414],[12.608396,42.182831],[12.608822,42.183444],[12.609341,42.184103],[12.609922,42.184764],[12.610579,42.185315],[12.611701,42.186068],[12.613291,42.186959],[12.615516,42.187978],[12.616015,42.18826],[12.61679,42.188906],[12.617146,42.189399],[12.617341,42.189699],[12.617514,42.190234],[12.617506,42.190783],[12.617273,42.192137],[12.616782,42.1933],[12.616137,42.194347],[12.615573,42.19486],[12.614487,42.195403],[12.613458,42.195706],[12.612865,42.196332],[12.612618,42.19711],[12.612545,42.198094],[12.612451,42.199947],[12.612889,42.201181],[12.613186,42.201968],[12.613902,42.202508],[12.614269,42.202785],[12.61696,42.204316],[12.618488,42.205121],[12.618742,42.205255],[12.618832,42.205295],[12.618931,42.205339],[12.619708,42.205679],[12.620991,42.20603],[12.623876,42.205633],[12.630798,42.206246],[12.635251,42.207245],[12.637233,42.208006],[12.637296,42.208296],[12.637542,42.209815],[12.637586,42.211056],[12.637551,42.212129],[12.637565,42.213056],[12.637605,42.214594],[12.638304,42.219907],[12.63935,42.225646],[12.639779,42.227446],[12.640617,42.228383],[12.640834,42.228742],[12.640944,42.228923],[12.641131,42.229231],[12.641782,42.230917],[12.641792,42.231212],[12.641799,42.23147],[12.641795,42.23164],[12.641743,42.233277],[12.641299,42.234827],[12.640646,42.236063],[12.640307,42.236362],[12.63888,42.237587],[12.638334,42.237942],[12.637964,42.238098],[12.637317,42.23824],[12.634606,42.238776],[12.63253,42.244362],[12.627127,42.248508],[12.625793,42.248537],[12.62442,42.248662],[12.623352,42.248988],[12.621549,42.249567],[12.620184,42.250079],[12.618292,42.251426],[12.608958,42.25847],[12.606517,42.263067],[12.606882,42.263992],[12.607158,42.264703],[12.607435,42.265744],[12.607654,42.26697],[12.607692,42.268838],[12.607669,42.269496],[12.607628,42.27024],[12.607414,42.271732],[12.607036,42.27273],[12.606421,42.273582],[12.605773,42.274076],[12.605048,42.274319],[12.603886,42.274261],[12.603154,42.274054],[12.602286,42.273613],[12.60159,42.273086],[12.600727,42.272519],[12.600016,42.272091],[12.598629,42.271257],[12.598068,42.270995],[12.59715,42.270578],[12.587695,42.266391],[12.58303,42.264421],[12.581652,42.264004],[12.580048,42.263887],[12.579886,42.263875],[12.578738,42.264096],[12.577619,42.265143],[12.577217,42.265827],[12.577035,42.266148],[12.576201,42.268015],[12.576345,42.270545],[12.577235,42.272629],[12.578888,42.275085],[12.5799,42.276512],[12.580901,42.277593],[12.582814,42.279267],[12.583925,42.28002],[12.584556,42.280644],[12.584872,42.281246],[12.584521,42.283148],[12.583451,42.283853],[12.581024,42.284847],[12.578113,42.285478],[12.577333,42.285516],[12.577092,42.285528],[12.575351,42.285087],[12.574717,42.284877],[12.574185,42.284502],[12.573971,42.284222],[12.573769,42.283957],[12.573613,42.283278],[12.573689,42.282262],[12.573813,42.281254],[12.574445,42.279924],[12.575074,42.278707],[12.576042,42.275935],[12.576225,42.274633],[12.575646,42.273278],[12.574788,42.272575],[12.573752,42.272382],[12.562501,42.271414],[12.558521,42.273365],[12.559453,42.275016],[12.559633,42.276613],[12.559552,42.277772],[12.558393,42.285179],[12.556275,42.290084],[12.548364,42.294526],[12.547268,42.294974],[12.545878,42.295297],[12.545708,42.295337],[12.545614,42.295358],[12.543683,42.295742],[12.537602,42.295836],[12.533479,42.29423],[12.533153,42.293875],[12.532542,42.293214],[12.532171,42.292973],[12.528465,42.291924],[12.528134,42.291922],[12.526026,42.291915],[12.525736,42.291942],[12.525568,42.29196],[12.525174,42.292],[12.52428,42.292136],[12.523734,42.292333],[12.522369,42.292888],[12.521424,42.293318],[12.521053,42.293568],[12.52075,42.293807],[12.520539,42.293976],[12.520225,42.294228],[12.519594,42.294762],[12.515819,42.295791],[12.507696,42.296918],[12.500173,42.29636],[12.498723,42.295914],[12.496056,42.295262],[12.495374,42.29512],[12.494933,42.29503],[12.494685,42.294979],[12.494034,42.294881],[12.493628,42.294848],[12.493563,42.294843],[12.493429,42.294832],[12.492809,42.294874],[12.491921,42.294946],[12.489116,42.296224],[12.488227,42.296945],[12.486939,42.298195],[12.481464,42.304089],[12.480528,42.305643],[12.476191,42.313708],[12.480171,42.317329],[12.482525,42.317325],[12.484584,42.317424],[12.485683,42.317548],[12.487688,42.31778],[12.488473,42.317895],[12.488773,42.317967],[12.489115,42.318209],[12.489363,42.318391],[12.489441,42.318861],[12.489198,42.31949],[12.488938,42.319751],[12.488262,42.320432],[12.487696,42.320949],[12.487282,42.32129],[12.483421,42.324069],[12.48274,42.324369],[12.481544,42.324887],[12.480781,42.325157],[12.480167,42.325343],[12.479438,42.325351],[12.478978,42.325325],[12.478783,42.325256],[12.478464,42.325142],[12.477908,42.325092],[12.477386,42.325071],[12.476427,42.325096],[12.475366,42.325227],[12.475202,42.325251],[12.474242,42.32541],[12.472927,42.325819],[12.470143,42.32684],[12.469259,42.327398],[12.467724,42.32875],[12.466587,42.330176],[12.463234,42.334793],[12.462851,42.335574],[12.462171,42.337072],[12.462166,42.337134],[12.462102,42.337884],[12.463184,42.344479],[12.464251,42.345712],[12.465943,42.347164],[12.466849,42.347821],[12.467887,42.347988],[12.46869,42.347946],[12.469299,42.348193],[12.471663,42.349764],[12.473171,42.350916],[12.474694,42.352306],[12.475142,42.353292],[12.475412,42.354387],[12.475358,42.355132],[12.475116,42.355999],[12.474941,42.356445],[12.474766,42.356874],[12.473273,42.356572],[12.469,42.355639],[12.464802,42.354655],[12.463584,42.354448],[12.463346,42.354436],[12.462979,42.354417],[12.461001,42.354968],[12.454889,42.357337],[12.454212,42.364055],[12.454624,42.364966],[12.45572,42.366684],[12.456091,42.367114],[12.457035,42.368135],[12.45727,42.368321],[12.457315,42.368355],[12.45754,42.368516],[12.457618,42.368526],[12.458144,42.368592],[12.458003,42.37241],[12.457692,42.375756],[12.457648,42.380615],[12.4562,42.381896],[12.446881,42.383064],[12.443414,42.382583],[12.438892,42.383656],[12.438253,42.383945],[12.437355,42.385305],[12.43702,42.385864],[12.436699,42.386486],[12.436514,42.386852],[12.436362,42.387176],[12.436406,42.387535],[12.436472,42.387675],[12.436612,42.38797],[12.438039,42.390119],[12.444694,42.398816],[12.446087,42.398023],[12.447489,42.397513],[12.450895,42.396617],[12.456467,42.397018],[12.457509,42.397129],[12.458526,42.397451],[12.45962,42.397799],[12.46449,42.396129],[12.466256,42.394889],[12.474462,42.387485],[12.479298,42.391016],[12.485816,42.392457],[12.487132,42.394195],[12.488055,42.398675],[12.488716,42.398194],[12.488979,42.398003],[12.489347,42.39787],[12.49002,42.397852],[12.491127,42.397831],[12.494015,42.398143],[12.498062,42.400192],[12.501165,42.401725],[12.505349,42.402748],[12.511129,42.403567],[12.512053,42.402831],[12.516554,42.399223],[12.517619,42.398277],[12.517795,42.398088],[12.517872,42.398003],[12.518096,42.397564],[12.518244,42.397254],[12.517086,42.396055],[12.515809,42.395203],[12.5134,42.39282],[12.513092,42.384513],[12.514098,42.377657],[12.51714,42.370396],[12.517548,42.369503],[12.517717,42.369134],[12.518944,42.367511],[12.52484,42.364619],[12.526114,42.364181],[12.526338,42.364104],[12.529999,42.364231],[12.531232,42.365074],[12.531511,42.36562],[12.531931,42.366865],[12.535098,42.370908],[12.537987,42.37438],[12.54091,42.376646],[12.546002,42.379485],[12.552162,42.381769],[12.559685,42.381801],[12.566302,42.383519],[12.575023,42.387564],[12.596353,42.399974],[12.606176,42.406265],[12.613959,42.41348],[12.614825,42.414749],[12.614954,42.417375],[12.614641,42.42168],[12.614554,42.422407],[12.614222,42.424435],[12.61405,42.425097],[12.613627,42.425718],[12.613217,42.426271],[12.61276,42.426537],[12.612178,42.426816],[12.61138,42.431417],[12.611537,42.434987],[12.615421,42.441861],[12.619407,42.451217],[12.619515,42.451906],[12.619246,42.457412],[12.618982,42.461107],[12.618933,42.461155],[12.618604,42.461474],[12.616332,42.462491],[12.614358,42.463864],[12.614046,42.464098],[12.61415,42.464516],[12.614806,42.465107],[12.620968,42.46846],[12.621375,42.468667],[12.622422,42.46894],[12.62497,42.469107],[12.631221,42.469103],[12.6358,42.46897],[12.637726,42.468636],[12.639044,42.468408],[12.640212,42.468061],[12.640681,42.467922],[12.641085,42.467801],[12.641207,42.467559],[12.642471,42.464966],[12.642696,42.464504],[12.642613,42.464223],[12.642187,42.453758],[12.64279,42.453432],[12.644171,42.452686],[12.645551,42.451894],[12.646531,42.451083],[12.65026,42.447295],[12.650376,42.447111],[12.650391,42.446733],[12.649465,42.443543],[12.649499,42.443309],[12.649856,42.443091],[12.655814,42.441758],[12.663913,42.441066],[12.665983,42.440973],[12.668644,42.441351],[12.672738,42.442112],[12.677885,42.443936],[12.690648,42.449387],[12.694146,42.451466],[12.698457,42.454604],[12.700952,42.457253],[12.702785,42.460897],[12.710551,42.463498],[12.712559,42.461805],[12.713947,42.460659],[12.714326,42.460345],[12.714981,42.459992],[12.724694,42.460406],[12.724842,42.460538],[12.725121,42.460787],[12.737076,42.468541],[12.739277,42.46918],[12.741568,42.470533],[12.741411,42.470857],[12.741042,42.471283],[12.739093,42.473112],[12.738806,42.473378],[12.733377,42.477706],[12.73316,42.477879],[12.732067,42.478465],[12.731445,42.478798],[12.729228,42.479974],[12.727393,42.480947],[12.724713,42.482367],[12.724359,42.482568],[12.720426,42.485493],[12.716776,42.489961],[12.715483,42.492096],[12.711436,42.500348],[12.727324,42.508932],[12.740425,42.508757],[12.75144,42.511385],[12.765226,42.511833],[12.766466,42.51185],[12.770589,42.5123],[12.771496,42.512423],[12.773543,42.513094],[12.773593,42.513403],[12.773937,42.516971],[12.77375,42.518944],[12.773645,42.519812],[12.77344,42.520107],[12.772728,42.520914],[12.77244,42.521228],[12.770646,42.525097],[12.772972,42.530914],[12.773202,42.53128],[12.789909,42.533618],[12.803387,42.535408],[12.812862,42.535048],[12.820352,42.535933],[12.828534,42.539112],[12.829521,42.539507],[12.830488,42.539977],[12.830682,42.540071],[12.833432,42.541653],[12.83935,42.545476],[12.843809,42.548918],[12.845501,42.551112],[12.845887,42.551541],[12.846678,42.552255],[12.847832,42.552803],[12.863584,42.55826],[12.870314,42.560617],[12.881829,42.562712],[12.891823,42.563664],[12.892761,42.564178],[12.893312,42.565919],[12.893822,42.569954],[12.89409,42.572488],[12.894186,42.577595],[12.893706,42.578775],[12.893443,42.579421],[12.885167,42.590993],[12.8792,42.600896],[12.880524,42.609348],[12.88942,42.613421],[12.889623,42.613514],[12.896338,42.616443],[12.898416,42.615254],[12.903797,42.612254],[12.910987,42.610836],[12.915761,42.60952],[12.918712,42.605465],[12.922575,42.604042],[12.930123,42.602882],[12.930546,42.602985],[12.930913,42.603076],[12.931536,42.603592],[12.933778,42.607323],[12.93414,42.608583],[12.93442,42.610037],[12.937452,42.615357],[12.952115,42.618854],[12.952502,42.618926],[12.953389,42.619021],[12.960956,42.618865],[12.962675,42.618772],[12.964193,42.61862],[12.967256,42.618145],[12.968338,42.617873],[12.973805,42.616954],[12.982603,42.615982],[12.985809,42.615636],[12.998925,42.615141],[13.004318,42.615237],[13.005237,42.615462],[13.009188,42.616501],[13.010446,42.616858],[13.010507,42.616875],[13.011223,42.617108],[13.014346,42.619978],[13.015059,42.620876],[13.015036,42.621591],[13.014189,42.62341],[13.013894,42.623874],[13.01324,42.626573],[13.014199,42.629663],[13.016637,42.63275],[13.022679,42.638152],[13.023379,42.638766],[13.024285,42.639036],[13.026958,42.639001],[13.027523,42.638989],[13.030702,42.637415],[13.031335,42.636435],[13.03239,42.634218],[13.03258,42.633627],[13.032574,42.633042],[13.037872,42.62737],[13.051077,42.624346],[13.052636,42.623994],[13.05726,42.62301],[13.058574,42.622842],[13.060471,42.622982],[13.061955,42.6231],[13.063303,42.623309],[13.064319,42.62357],[13.071284,42.626636],[13.0746,42.628679],[13.075409,42.629316],[13.076029,42.629776],[13.076591,42.630098],[13.078631,42.631232],[13.086142,42.634034],[13.087016,42.634308],[13.087931,42.634596],[13.089615,42.634918],[13.089878,42.634964],[13.091533,42.635241],[13.093586,42.635537],[13.095128,42.635725],[13.09663,42.636035],[13.097805,42.636308],[13.098821,42.636659],[13.10199,42.638009],[13.10512,42.639661],[13.10904,42.641888],[13.109529,42.642258],[13.11344,42.647199],[13.116766,42.653423],[13.116537,42.654188],[13.116107,42.655954],[13.116182,42.656539],[13.116682,42.656966],[13.116838,42.657099],[13.116936,42.657139],[13.118188,42.657653],[13.120091,42.65808],[13.126188,42.658603],[13.131079,42.65808],[13.139867,42.650497],[13.146551,42.646985],[13.151603,42.649895],[13.157637,42.653412],[13.168406,42.66161],[13.174145,42.668347],[13.178253,42.676822],[13.179466,42.683404],[13.17885,42.683318],[13.178254,42.683246],[13.177549,42.683181],[13.176684,42.683114],[13.175895,42.683138],[13.17553,42.683438],[13.175507,42.683459],[13.17534,42.683612],[13.175259,42.683687],[13.174978,42.683949],[13.174959,42.683972],[13.174481,42.684645],[13.174463,42.68467],[13.173959,42.685385],[13.173944,42.685411],[13.173589,42.686099],[13.173315,42.686812],[13.173311,42.686839],[13.17332,42.687024],[13.173335,42.687314],[13.173529,42.687733],[13.173671,42.688041],[13.174789,42.690285],[13.175413,42.691521],[13.176633,42.693628],[13.176998,42.69417],[13.177089,42.694305],[13.18265,42.700669],[13.189238,42.708077],[13.189566,42.708465],[13.190029,42.709016],[13.19054,42.709915],[13.190642,42.710224],[13.190715,42.710445],[13.190797,42.710919],[13.190798,42.710945],[13.1908,42.711675],[13.190798,42.711702],[13.190661,42.712724],[13.190656,42.712752],[13.190373,42.713901],[13.190366,42.713928],[13.190006,42.715183],[13.189997,42.715211],[13.188855,42.718237],[13.188505,42.729073],[13.18921,42.733587],[13.195635,42.734257],[13.205373,42.731984],[13.207094,42.730874],[13.213659,42.729893],[13.223486,42.728424],[13.239212,42.726117],[13.250645,42.723301],[13.253844,42.721572],[13.254153,42.72145],[13.254432,42.721485],[13.254949,42.721752],[13.256638,42.723345],[13.257089,42.723819],[13.257432,42.724211],[13.259674,42.727486],[13.260006,42.729625],[13.261238,42.734068],[13.263366,42.738323],[13.26353,42.738632],[13.263577,42.738721],[13.264358,42.739978],[13.264502,42.740181],[13.279263,42.740858],[13.284131,42.739843]]]}},{"type":"Feature","id":"RM","properties":{"code":"RM","name":"Roma","kind":"Città metropolitana","label":[41.853182,12.630536]},"geometry":{"type":"Polygon","coordinates":[[[12.543683,42.295742],[12.545614,42.295358],[12.545708,42.295337],[12.545878,42.295297],[12.547268,42.294974],[12.548364,42.294526],[12.556275,42.290084],[12.558393,42.285179],[12.559552,42.277772],[12.559633,42.276613],[12.559453,42.275016],[12.558521,42.273365],[12.562501,42.271414],[12.573752,42.272382],[12.574788,42.272575],[12.575646,42.273278],[12.576225,42.274633],[12.576042,42.275935],[12.575074,42.278707],[12.574445,42.279924],[12.573813,42.281254],[12.573689,42.282262],[12.573613,42.283278],[12.573769,42.283957],[12.573971,42.284222],[12.574185,42.284502],[12.574717,42.284877],[12.575351,42.285087],[12.577092,42.285528],[12.577333,42.285516],[12.578113,42.285478],[12.581024,42.284847],[12.583451,42.283853],[12.584521,42.283148],[12.584872,42.281246],[12.584556,42.280644],[12.583925,42.28002],[12.582814,42.279267],[12.580901,42.277593],[12.5799,42.276512],[12.578888,42.275085],[12.577235,42.272629],[12.576345,42.270545],[12.576201,42.268015],[12.577035,42.266148],[12.577217,42.265827],[12.577619,42.265143],[12.578738,42.264096],[12.579886,42.263875],[12.580048,42.263887],[12.581652,42.264004],[12.58303,42.264421],[12.587695,42.266391],[12.59715,42.270578],[12.598068,42.270995],[12.598629,42.271257],[12.600016,42.272091],[12.600727,42.272519],[12.60159,42.273086],[12.602286,42.273613],[12.603154,42.274054],[12.603886,42.274261],[12.605048,42.274319],[12.605773,42.274076],[12.606421,42.273582],[12.607036,42.27273],[12.607414,42.271732],[12.607628,42.27024],[12.607669,42.269496],[12.607692,42.268838],[12.607654,42.26697],[12.607435,42.265744],[12.607158,42.264703],[12.606882,42.263992],[12.606517,42.263067],[12.608958,42.25847],[12.618292,42.251426],[12.620184,42.250079],[12.621549,42.249567],[12.623352,42.248988],[12.62442,42.248662],[12.625793,42.248537],[12.627127,42.248508],[12.63253,42.244362],[12.634606,42.238776],[12.637317,42.23824],[12.637964,42.238098],[12.638334,42.237942],[12.63888,42.237587],[12.640307,42.236362],[12.640646,42.236063],[12.641299,42.234827],[12.641743,42.233277],[12.641795,42.23164],[12.641799,42.23147],[12.641792,42.231212],[12.641782,42.230917],[12.641131,42.229231],[12.640944,42.228923],[12.640834,42.228742],[12.640617,42.228383],[12.639779,42.227446],[12.63935,42.225646],[12.638304,42.219907],[12.637605,42.214594],[12.637565,42.213056],[12.637551,42.212129],[12.637586,42.211056],[12.637542,42.209815],[12.637296,42.208296],[12.637233,42.208006],[12.635251,42.207245],[12.630798,42.206246],[12.623876,42.205633],[12.620991,42.20603],[12.619708,42.205679],[12.618931,42.205339],[12.618832,42.205295],[12.618742,42.205255],[12.618488,42.205121],[12.61696,42.204316],[12.614269,42.202785],[12.613902,42.202508],[12.613186,42.201968],[12.612889,42.201181],[12.612451,42.199947],[12.612545,42.198094],[12.612618,42.19711],[12.612865,42.196332],[12.613458,42.195706],[12.614487,42.195403],[12.615573,42.19486],[12.616137,42.194347],[12.616782,42.1933],[12.617273,42.192137],[12.617506,42.190783],[12.617514,42.190234],[12.617341,42.189699],[12.617146,42.189399],[12.61679,42.188906],[12.616015,42.18826],[12.615516,42.187978],[12.613291,42.186959],[12.611701,42.186068],[12.610579,42.185315],[12.609922,42.184764],[12.609341,42.184103],[12.608822,42.183444],[12.608396,42.182831],[12.608207,42.182414],[12.608231,42.182071],[12.608311,42.181578],[12.608589,42.181268],[12.609407,42.180747],[12.610189,42.180591],[12.610913,42.18065],[12.612417,42.180908],[12.613644,42.181095],[12.61486,42.180966],[12.61588,42.180583],[12.620853,42.1784],[12.621607,42.177683],[12.622321,42.176692],[12.623346,42.175192],[12.632318,42.169601],[12.636875,42.16887],[12.641835,42.1667],[12.643444,42.165717],[12.64526,42.164412],[12.648221,42.159984],[12.647831,42.15646],[12.646963,42.156353],[12.646675,42.156005],[12.646565,42.155438],[12.646532,42.155263],[12.646247,42.153444],[12.646471,42.152649],[12.646508,42.15261],[12.646648,42.152464],[12.646772,42.152333],[12.647037,42.152055],[12.647515,42.151829],[12.648245,42.151485],[12.651928,42.15063],[12.654677,42.150691],[12.655595,42.15072],[12.656563,42.151045],[12.66016,42.154618],[12.665643,42.157238],[12.667197,42.157737],[12.67103,42.158835],[12.671196,42.15887],[12.672027,42.159041],[12.67239,42.159057],[12.677721,42.157892],[12.677951,42.15783],[12.678618,42.15765],[12.678822,42.157594],[12.686471,42.154748],[12.686761,42.153821],[12.695379,42.152307],[12.703104,42.152005],[12.70564,42.152021],[12.710904,42.153007],[12.715022,42.154279],[12.715572,42.154468],[12.716336,42.154754],[12.716643,42.155329],[12.716923,42.156164],[12.717146,42.156826],[12.71753,42.157885],[12.717839,42.158739],[12.719601,42.161914],[12.723362,42.165701],[12.724282,42.166044],[12.728494,42.167379],[12.730163,42.1675],[12.737321,42.166709],[12.746197,42.172393],[12.749732,42.176838],[12.750442,42.177666],[12.75238,42.179647],[12.752855,42.18005],[12.752914,42.1801],[12.754168,42.181159],[12.757121,42.183611],[12.757955,42.183989],[12.767176,42.187958],[12.768189,42.188393],[12.771818,42.18849],[12.773142,42.188406],[12.774465,42.188317],[12.787945,42.186157],[12.788335,42.18609],[12.789922,42.185367],[12.790715,42.184945],[12.790756,42.184919],[12.791837,42.183899],[12.794498,42.181213],[12.794346,42.179651],[12.794072,42.177477],[12.793703,42.176579],[12.793375,42.175933],[12.791807,42.174359],[12.791187,42.173802],[12.790282,42.173334],[12.789698,42.173034],[12.788332,42.17298],[12.784643,42.172521],[12.780317,42.171422],[12.779112,42.17074],[12.780137,42.167384],[12.78062,42.166751],[12.781011,42.166653],[12.781287,42.166711],[12.79683,42.161812],[12.796779,42.16085],[12.796913,42.159761],[12.79718,42.159063],[12.797555,42.158731],[12.799123,42.1575],[12.80053,42.156732],[12.801123,42.156717],[12.801812,42.156758],[12.80733,42.157124],[12.819094,42.152198],[12.830034,42.148686],[12.840881,42.146072],[12.849876,42.140642],[12.851172,42.136668],[12.853182,42.132301],[12.854803,42.129464],[12.86081,42.126038],[12.860112,42.121595],[12.862462,42.115758],[12.866236,42.106392],[12.868022,42.103789],[12.884594,42.102851],[12.884265,42.102464],[12.884157,42.102094],[12.8847,42.10104],[12.885148,42.100661],[12.885639,42.100455],[12.886667,42.100429],[12.894725,42.100326],[12.89592,42.100353],[12.896689,42.100521],[12.897408,42.100726],[12.898328,42.101077],[12.899788,42.101897],[12.900745,42.102571],[12.901223,42.103108],[12.902134,42.105558],[12.902149,42.106944],[12.902617,42.108144],[12.903334,42.109146],[12.908244,42.113224],[12.908714,42.113604],[12.909556,42.114134],[12.911115,42.114615],[12.911846,42.114758],[12.912316,42.114796],[12.912944,42.114833],[12.919009,42.11504],[12.921121,42.114081],[12.927912,42.110215],[12.928713,42.109742],[12.930193,42.108858],[12.930703,42.108417],[12.931352,42.107846],[12.933487,42.105755],[12.934743,42.104312],[12.936528,42.101473],[12.936715,42.101144],[12.937221,42.100252],[12.943026,42.094249],[12.946567,42.091682],[12.951091,42.091962],[12.956809,42.097291],[12.958609,42.102074],[12.961075,42.108675],[12.969299,42.121994],[12.973528,42.1267],[12.977993,42.129408],[12.989527,42.129206],[12.994734,42.125963],[12.999015,42.123373],[13.01122,42.121056],[13.016669,42.116601],[13.026932,42.115811],[13.030554,42.115376],[13.032728,42.113586],[13.03193,42.105848],[13.028395,42.100464],[13.028035,42.100116],[13.027936,42.100021],[13.025979,42.098394],[13.024561,42.095408],[13.019336,42.079124],[13.018908,42.075783],[13.018965,42.073976],[13.021746,42.067173],[13.026022,42.063117],[13.027496,42.056154],[13.0271,42.054863],[13.026851,42.053552],[13.026678,42.051289],[13.026641,42.050575],[13.026622,42.050028],[13.026886,42.04984],[13.031657,42.04645],[13.033713,42.044989],[13.034766,42.044241],[13.037405,42.042367],[13.039887,42.040456],[13.041949,42.038868],[13.043803,42.037441],[13.046478,42.035316],[13.046992,42.034326],[13.048211,42.029617],[13.049406,42.024061],[13.05073,42.021493],[13.051122,42.020912],[13.054533,42.01637],[13.070296,42.011116],[13.077798,42.009399],[13.094871,42.00785],[13.101025,42.00799],[13.101376,42.0084],[13.101324,42.009748],[13.101234,42.010305],[13.101032,42.011033],[13.10075,42.011561],[13.098786,42.014661],[13.096322,42.019539],[13.096241,42.019813],[13.096256,42.019902],[13.096612,42.021946],[13.097251,42.024832],[13.097629,42.025557],[13.097792,42.02567],[13.097887,42.025736],[13.098492,42.026156],[13.101016,42.026588],[13.102187,42.026578],[13.103851,42.026293],[13.104972,42.025996],[13.107741,42.025105],[13.108522,42.024811],[13.109573,42.024395],[13.111406,42.02365],[13.113962,42.022594],[13.114064,42.022544],[13.114757,42.022201],[13.115484,42.021756],[13.115902,42.021432],[13.116437,42.021015],[13.129898,42.01747],[13.134488,42.016597],[13.137809,42.01577],[13.146966,42.011973],[13.149484,42.010536],[13.154403,42.00703],[13.161207,42.002419],[13.167334,41.99906],[13.169733,41.99779],[13.173751,41.996297],[13.184214,41.993538],[13.192453,41.989104],[13.199555,41.986395],[13.203381,41.985566],[13.209315,41.987027],[13.214184,41.987289],[13.216157,41.986699],[13.226663,41.983503],[13.229425,41.982257],[13.232211,41.980138],[13.232415,41.979333],[13.23285,41.978493],[13.233013,41.978272],[13.233564,41.977522],[13.237155,41.974489],[13.238895,41.973273],[13.241688,41.971834],[13.245546,41.970627],[13.252269,41.969207],[13.257288,41.968445],[13.2596,41.9686],[13.261092,41.968353],[13.262331,41.968036],[13.263611,41.967552],[13.265419,41.96676],[13.266847,41.965698],[13.269452,41.962198],[13.273344,41.959257],[13.284142,41.951669],[13.286035,41.950369],[13.287218,41.949892],[13.28774,41.949773],[13.288517,41.949596],[13.294169,41.948493],[13.295027,41.948434],[13.295448,41.948477],[13.295663,41.948508],[13.295723,41.948517],[13.296273,41.948612],[13.292273,41.941766],[13.287646,41.938509],[13.283863,41.936142],[13.279286,41.932604],[13.276989,41.93056],[13.272068,41.925759],[13.268489,41.919312],[13.263797,41.915799],[13.253478,41.916147],[13.243379,41.915499],[13.240547,41.904025],[13.241972,41.902203],[13.243048,41.901604],[13.245415,41.900166],[13.245664,41.899401],[13.245296,41.898727],[13.245155,41.898468],[13.245044,41.898267],[13.244381,41.897418],[13.24375,41.896662],[13.236036,41.889645],[13.23528,41.889024],[13.235094,41.888874],[13.226423,41.883787],[13.213194,41.875414],[13.209002,41.87325],[13.207753,41.872634],[13.206628,41.872346],[13.20165,41.87152],[13.194293,41.868832],[13.191935,41.864732],[13.189681,41.859586],[13.1905,41.857117],[13.19061,41.856917],[13.191149,41.855931],[13.191504,41.853915],[13.191503,41.853859],[13.191386,41.851376],[13.191288,41.851006],[13.190843,41.85054],[13.190648,41.850403],[13.190377,41.850215],[13.189873,41.849864],[13.184153,41.84603],[13.183859,41.846107],[13.183146,41.846292],[13.180154,41.847342],[13.179301,41.847621],[13.177503,41.848195],[13.173204,41.849405],[13.172286,41.849586],[13.171435,41.849753],[13.166393,41.85017],[13.16466,41.850234],[13.164001,41.850258],[13.162012,41.849866],[13.159318,41.849297],[13.158347,41.848734],[13.157563,41.847551],[13.156044,41.845454],[13.155011,41.844087],[13.154482,41.843683],[13.150219,41.843612],[13.139647,41.843526],[13.137936,41.843552],[13.136487,41.843681],[13.12688,41.84599],[13.120701,41.848072],[13.11112,41.852724],[13.109175,41.853753],[13.10882,41.854011],[13.107869,41.854705],[13.106338,41.855984],[13.10512,41.857252],[13.104086,41.858406],[13.102184,41.860004],[13.101658,41.860334],[13.101463,41.860453],[13.099861,41.860722],[13.097899,41.86104],[13.096379,41.860703],[13.093303,41.859264],[13.091417,41.858242],[13.0799,41.85542],[13.075317,41.8552],[13.074355,41.855148],[13.073396,41.854953],[13.071643,41.854205],[13.070967,41.853639],[13.070141,41.851449],[13.069569,41.849664],[13.069616,41.848872],[13.069617,41.848843],[13.067793,41.839818],[13.066146,41.83532],[13.063488,41.831231],[13.056206,41.827109],[13.055668,41.826975],[13.054055,41.827761],[13.053622,41.828546],[13.047174,41.831934],[13.039798,41.832316],[13.035975,41.83191],[13.035226,41.831752],[13.034473,41.831344],[13.034208,41.831156],[13.034036,41.830966],[13.033995,41.83092],[13.033612,41.829982],[13.033492,41.827713],[13.025654,41.823706],[13.024634,41.824385],[13.02239,41.825591],[13.016515,41.827029],[13.014944,41.82684],[13.014481,41.826784],[13.012513,41.826546],[13.01018,41.825647],[13.009219,41.824461],[13.008249,41.821182],[13.008314,41.820266],[13.00879,41.819272],[13.010563,41.817206],[13.011068,41.809062],[13.008553,41.80748],[13.006574,41.806086],[13.005966,41.805497],[13.003363,41.7994],[13.002983,41.795352],[13.001909,41.79118],[13.000137,41.787392],[12.996338,41.782266],[12.992001,41.772021],[12.991872,41.771157],[12.991986,41.770167],[12.992207,41.769277],[12.992388,41.768612],[12.992849,41.768381],[12.999653,41.768905],[13.009832,41.76692],[13.014418,41.760605],[13.020529,41.753219],[13.024606,41.749695],[13.028868,41.746758],[13.03501,41.744088],[13.03989,41.743426],[13.048104,41.742574],[13.054603,41.735226],[13.055142,41.729723],[13.058282,41.727312],[13.060752,41.726684],[13.065351,41.72888],[13.075315,41.722552],[13.080397,41.721022],[13.083639,41.719956],[13.085463,41.718983],[13.091449,41.710829],[13.094737,41.705639],[13.095804,41.70371],[13.093819,41.700544],[13.093316,41.699625],[13.092083,41.697013],[13.091621,41.695166],[13.091131,41.692644],[13.09084,41.68948],[13.091302,41.687703],[13.092305,41.687461],[13.097561,41.686089],[13.099936,41.679705],[13.108882,41.674892],[13.115998,41.667758],[13.123374,41.66404],[13.125555,41.663336],[13.13255,41.662355],[13.139025,41.661874],[13.145681,41.660557],[13.146237,41.660447],[13.146986,41.660271],[13.148576,41.659732],[13.149279,41.659464],[13.149549,41.659296],[13.149943,41.65894],[13.150767,41.657875],[13.150874,41.657038],[13.155932,41.642655],[13.15838,41.635939],[13.157727,41.629389],[13.156697,41.628454],[13.156312,41.628063],[13.155811,41.627532],[13.1555,41.627075],[13.155144,41.626521],[13.154896,41.625958],[13.154843,41.625676],[13.154833,41.625595],[13.154796,41.625255],[13.154795,41.624804],[13.154956,41.621309],[13.155091,41.620791],[13.156393,41.618885],[13.156893,41.618641],[13.158532,41.617992],[13.160352,41.616031],[13.15769,41.611296],[13.15485,41.60733],[13.150907,41.602961],[13.149949,41.596202],[13.151244,41.594115],[13.155841,41.586912],[13.163014,41.584793],[13.167108,41.58427],[13.169501,41.584463],[13.170915,41.58456],[13.172041,41.584631],[13.172424,41.584618],[13.174355,41.584201],[13.174887,41.584055],[13.175066,41.583569],[13.171825,41.577818],[13.170875,41.57666],[13.16838,41.574495],[13.166838,41.57384],[13.163907,41.573199],[13.161867,41.57284],[13.147441,41.567267],[13.133765,41.561069],[13.124207,41.554543],[13.116994,41.552281],[13.11479,41.553031],[13.114638,41.553077],[13.112843,41.553618],[13.11237,41.553631],[13.111223,41.553663],[13.110584,41.553433],[13.109857,41.553171],[13.10831,41.551948],[13.107022,41.55054],[13.106609,41.549918],[13.106356,41.549537],[13.105965,41.548948],[13.104989,41.547272],[13.104902,41.547122],[13.100737,41.548545],[13.091871,41.555264],[13.086639,41.558192],[13.075839,41.564586],[13.062673,41.572914],[13.054018,41.577605],[13.044356,41.576662],[13.034814,41.571686],[13.024374,41.573007],[13.021569,41.573482],[13.01405,41.576083],[13.013143,41.576714],[13.010725,41.578473],[13.00831,41.580953],[13.008373,41.581234],[13.009002,41.582275],[13.016054,41.593266],[13.02459,41.598572],[13.02528,41.599944],[13.02526,41.600998],[13.021543,41.609543],[13.020918,41.609948],[13.019363,41.610597],[13.015792,41.611996],[13.011254,41.614788],[13.004616,41.619869],[12.999799,41.625048],[12.998501,41.626665],[12.986985,41.643367],[12.971494,41.653013],[12.962959,41.657472],[12.957694,41.660296],[12.945339,41.67228],[12.943362,41.673973],[12.943128,41.674175],[12.941855,41.679054],[12.941694,41.679978],[12.942952,41.686486],[12.947259,41.689732],[12.949803,41.695849],[12.939899,41.710618],[12.937794,41.712907],[12.927111,41.711715],[12.925481,41.711532],[12.924,41.711263],[12.920276,41.70972],[12.91351,41.708084],[12.908291,41.707162],[12.908048,41.707174],[12.907027,41.707236],[12.906854,41.707257],[12.905544,41.707417],[12.904245,41.707781],[12.900189,41.709806],[12.895979,41.711403],[12.894146,41.711573],[12.892687,41.711335],[12.882764,41.709348],[12.881964,41.709176],[12.880306,41.708819],[12.879089,41.708175],[12.878756,41.706629],[12.879384,41.705054],[12.877837,41.703486],[12.86829,41.702903],[12.867481,41.703376],[12.864478,41.705517],[12.864239,41.708024],[12.861322,41.712957],[12.853324,41.713127],[12.847395,41.71216],[12.840222,41.707349],[12.838451,41.706084],[12.838219,41.705895],[12.837655,41.705437],[12.836989,41.704895],[12.836825,41.704491],[12.836589,41.703904],[12.842741,41.6993],[12.84408,41.698381],[12.84474,41.698189],[12.845162,41.698066],[12.845983,41.698273],[12.846547,41.698669],[12.84698,41.698973],[12.847934,41.699607],[12.851125,41.701198],[12.85151,41.700834],[12.853912,41.697601],[12.854088,41.69629],[12.854508,41.693065],[12.854663,41.691651],[12.853901,41.689997],[12.853089,41.6884],[12.852908,41.688045],[12.851775,41.686359],[12.849545,41.67683],[12.851383,41.668182],[12.851259,41.666421],[12.850921,41.666185],[12.850576,41.66608],[12.848473,41.66574],[12.846783,41.665649],[12.84559,41.665761],[12.842129,41.665795],[12.840891,41.665472],[12.839751,41.664782],[12.839753,41.664326],[12.839812,41.661114],[12.839825,41.661003],[12.840002,41.659379],[12.840407,41.658244],[12.839648,41.656354],[12.838135,41.653908],[12.835032,41.652274],[12.834748,41.652733],[12.832617,41.655763],[12.830162,41.658798],[12.829135,41.658994],[12.827117,41.658436],[12.826371,41.657952],[12.823778,41.655989],[12.818849,41.650612],[12.818684,41.650158],[12.819358,41.648677],[12.820017,41.648002],[12.822539,41.645874],[12.824914,41.644014],[12.825067,41.643912],[12.825466,41.643448],[12.825529,41.642631],[12.825195,41.641508],[12.824742,41.641059],[12.823712,41.640607],[12.815929,41.63821],[12.815735,41.638181],[12.815355,41.638126],[12.814137,41.638328],[12.813302,41.638509],[12.809252,41.635442],[12.810397,41.628916],[12.810084,41.622579],[12.807961,41.620384],[12.803275,41.62126],[12.802726,41.621361],[12.80191,41.621512],[12.796129,41.622534],[12.791596,41.621651],[12.785783,41.618493],[12.781658,41.611479],[12.780919,41.608167],[12.778522,41.602149],[12.778331,41.601741],[12.777472,41.600581],[12.776064,41.598855],[12.774693,41.598052],[12.773855,41.59789],[12.772991,41.597595],[12.772363,41.597336],[12.771908,41.596986],[12.7712,41.596298],[12.770821,41.595779],[12.769752,41.594045],[12.769453,41.593339],[12.768798,41.589714],[12.768778,41.589085],[12.768729,41.587564],[12.767069,41.584068],[12.761029,41.577447],[12.757036,41.573616],[12.756686,41.573321],[12.755854,41.572736],[12.755825,41.572751],[12.755072,41.573153],[12.75449,41.573708],[12.752459,41.577273],[12.752297,41.577782],[12.746209,41.578697],[12.745725,41.578686],[12.744675,41.578661],[12.738298,41.579202],[12.736582,41.579582],[12.735746,41.57979],[12.733384,41.580501],[12.732921,41.580661],[12.732828,41.580731],[12.732688,41.580839],[12.732572,41.581032],[12.732393,41.581353],[12.732319,41.581747],[12.732602,41.582469],[12.733226,41.584064],[12.733398,41.584447],[12.733767,41.584973],[12.736563,41.588012],[12.738299,41.589581],[12.738837,41.590433],[12.740341,41.593121],[12.740362,41.59323],[12.740489,41.594088],[12.740594,41.594902],[12.740659,41.595406],[12.740721,41.596233],[12.740774,41.596956],[12.740992,41.60241],[12.740719,41.603009],[12.740244,41.603538],[12.739295,41.603889],[12.737736,41.604236],[12.736998,41.604373],[12.736806,41.604372],[12.735583,41.604365],[12.734427,41.604155],[12.726503,41.600786],[12.724878,41.599731],[12.723543,41.59723],[12.72293,41.595677],[12.722615,41.595381],[12.720278,41.593948],[12.719261,41.593531],[12.715987,41.593511],[12.71372,41.593512],[12.703181,41.595329],[12.7026,41.597771],[12.700819,41.602407],[12.697137,41.609897],[12.676866,41.60369],[12.669063,41.60021],[12.66322,41.598162],[12.661781,41.598183],[12.653362,41.605772],[12.652599,41.606819],[12.652293,41.607514],[12.651968,41.608975],[12.651809,41.61017],[12.651999,41.611179],[12.65229,41.611818],[12.653684,41.619752],[12.654415,41.625974],[12.654094,41.62955],[12.654488,41.639693],[12.65661,41.649236],[12.653648,41.658371],[12.648615,41.658414],[12.6433,41.65761],[12.644433,41.658479],[12.645531,41.659527],[12.645693,41.659812],[12.646264,41.665247],[12.645509,41.666842],[12.63515,41.670935],[12.626824,41.667271],[12.61553,41.661631],[12.613127,41.660394],[12.611021,41.659193],[12.607026,41.656797],[12.60143,41.652916],[12.597845,41.650192],[12.597054,41.648195],[12.595518,41.645587],[12.595143,41.645049],[12.594109,41.644424],[12.582967,41.638964],[12.574215,41.633159],[12.561681,41.623962],[12.552938,41.62028],[12.552195,41.619961],[12.551263,41.619184],[12.550463,41.61847],[12.550294,41.617894],[12.550156,41.617421],[12.550162,41.617364],[12.550229,41.616748],[12.55025,41.616562],[12.550344,41.615876],[12.550455,41.615508],[12.551043,41.615476],[12.55379,41.613302],[12.554073,41.613029],[12.554576,41.612543],[12.554934,41.611605],[12.554882,41.61134],[12.554634,41.6101],[12.554602,41.60994],[12.554081,41.609119],[12.551314,41.605512],[12.54928,41.60524],[12.547495,41.605069],[12.544047,41.604449],[12.543397,41.604324],[12.542879,41.604224],[12.541847,41.603887],[12.533944,41.600654],[12.5327,41.600073],[12.530511,41.598787],[12.530225,41.598372],[12.530158,41.598272],[12.530203,41.59773],[12.530293,41.597673],[12.530606,41.59748],[12.530708,41.597417],[12.531082,41.597596],[12.531449,41.597773],[12.532818,41.598397],[12.536601,41.597575],[12.540235,41.596737],[12.541473,41.596379],[12.543391,41.595455],[12.544436,41.594801],[12.546035,41.593743],[12.547251,41.592932],[12.548296,41.592228],[12.549815,41.591068],[12.551932,41.589153],[12.558881,41.582787],[12.567452,41.578699],[12.570286,41.577634],[12.575856,41.568714],[12.582149,41.558169],[12.582857,41.556919],[12.583476,41.555822],[12.584244,41.554338],[12.586657,41.549338],[12.588011,41.545313],[12.588275,41.544528],[12.595679,41.54259],[12.612834,41.543682],[12.618187,41.541541],[12.621912,41.538042],[12.633774,41.536542],[12.640532,41.53595],[12.642244,41.536013],[12.643378,41.536143],[12.654085,41.533122],[12.673708,41.52298],[12.676622,41.52095],[12.679866,41.517028],[12.680285,41.516024],[12.68054,41.515199],[12.680583,41.511839],[12.680602,41.508162],[12.680872,41.507978],[12.681953,41.507823],[12.691731,41.506881],[12.695648,41.506892],[12.702115,41.507263],[12.719219,41.505414],[12.721156,41.505134],[12.721779,41.50484],[12.722225,41.504354],[12.722265,41.504311],[12.722534,41.503804],[12.723073,41.502785],[12.723196,41.502384],[12.722055,41.501071],[12.721882,41.500916],[12.721639,41.500698],[12.721566,41.50064],[12.721046,41.50023],[12.723443,41.492254],[12.7267,41.484072],[12.726906,41.483642],[12.727303,41.483265],[12.728248,41.482577],[12.731632,41.481166],[12.734755,41.480096],[12.735437,41.479948],[12.736118,41.4798],[12.738616,41.479966],[12.739389,41.480117],[12.740088,41.480337],[12.741982,41.479618],[12.743584,41.47898],[12.744655,41.478157],[12.745101,41.477742],[12.747582,41.474194],[12.747875,41.473347],[12.747746,41.471884],[12.746499,41.463653],[12.743276,41.458891],[12.74113,41.458605],[12.739587,41.458214],[12.738916,41.457885],[12.738202,41.457071],[12.737948,41.456526],[12.738689,41.447181],[12.740039,41.446543],[12.741732,41.445753],[12.744863,41.444521],[12.746127,41.444281],[12.746634,41.444184],[12.749161,41.444042],[12.749836,41.444003],[12.751916,41.445038],[12.752496,41.445326],[12.754225,41.445715],[12.76374,41.438163],[12.766746,41.435776],[12.767152,41.435454],[12.767338,41.435205],[12.77492,41.42347],[12.773774,41.420594],[12.773219,41.416296],[12.767222,41.412651],[12.763838,41.410433],[12.753065,41.416543],[12.7426,41.422833],[12.73832,41.425713],[12.732266,41.429718],[12.724448,41.434546],[12.722102,41.435977],[12.717207,41.438777],[12.714882,41.440084],[12.71315,41.441038],[12.711349,41.441941],[12.705347,41.444951],[12.70225,41.446479],[12.698307,41.448318],[12.697486,41.448685],[12.695021,41.449695],[12.688727,41.451843],[12.687366,41.452231],[12.685025,41.452818],[12.684375,41.452964],[12.683941,41.453022],[12.682757,41.452877],[12.678345,41.45283],[12.677666,41.452867],[12.668911,41.454747],[12.663978,41.456521],[12.661441,41.45635],[12.65945,41.456085],[12.654939,41.455057],[12.653168,41.455095],[12.652053,41.455092],[12.646676,41.454167],[12.642319,41.453276],[12.640898,41.45289],[12.638529,41.451875],[12.637187,41.45109],[12.633255,41.448375],[12.631097,41.444404],[12.622102,41.443824],[12.618041,41.44642],[12.617366,41.448792],[12.617102,41.451739],[12.614779,41.457235],[12.609219,41.46509],[12.603826,41.47218],[12.59751,41.479109],[12.588741,41.488925],[12.588401,41.48962],[12.585117,41.494819],[12.582853,41.498352],[12.57785,41.50472],[12.574223,41.509276],[12.571213,41.512961],[12.569212,41.515371],[12.563082,41.522337],[12.552552,41.534009],[12.548951,41.537897],[12.54471,41.542298],[12.544026,41.542997],[12.541539,41.545526],[12.539734,41.547307],[12.535196,41.551722],[12.530437,41.556018],[12.505095,41.579434],[12.500283,41.583934],[12.492054,41.592022],[12.482004,41.601693],[12.473276,41.609641],[12.466792,41.615387],[12.458028,41.62299],[12.453577,41.626742],[12.450547,41.629277],[12.439565,41.638399],[12.427365,41.647491],[12.418154,41.653965],[12.39546,41.669675],[12.383684,41.677445],[12.378715,41.680484],[12.370301,41.685604],[12.365179,41.688647],[12.359842,41.691467],[12.353416,41.694852],[12.320972,41.710754],[12.314314,41.713649],[12.308079,41.715884],[12.294702,41.721156],[12.287774,41.724176],[12.282238,41.726575],[12.273857,41.729299],[12.255109,41.735387],[12.252237,41.736698],[12.243538,41.739319],[12.242816,41.73951],[12.24195,41.739721],[12.241678,41.739605],[12.240976,41.739278],[12.241228,41.738635],[12.238987,41.738352],[12.238348,41.738332],[12.236541,41.738559],[12.235907,41.73876],[12.23577,41.738806],[12.235736,41.738823],[12.235332,41.739052],[12.234732,41.739494],[12.234487,41.739689],[12.234221,41.740565],[12.234208,41.740659],[12.241432,41.743044],[12.238452,41.74286],[12.236252,41.742137],[12.235508,41.7419],[12.231123,41.740808],[12.222333,41.744369],[12.219329,41.751369],[12.220772,41.751404],[12.223199,41.745297],[12.224398,41.744561],[12.224489,41.74458],[12.224953,41.7447],[12.225243,41.744776],[12.225609,41.744912],[12.226449,41.745264],[12.227277,41.745663],[12.229012,41.75047],[12.2291,41.751211],[12.229064,41.751604],[12.228698,41.75287],[12.228124,41.75474],[12.224369,41.76153],[12.220492,41.76839],[12.221402,41.772464],[12.223457,41.778944],[12.224015,41.781223],[12.223735,41.783033],[12.222593,41.786922],[12.220151,41.792156],[12.210586,41.811012],[12.208918,41.814761],[12.207232,41.818828],[12.205706,41.823474],[12.204926,41.826127],[12.204628,41.827103],[12.204275,41.827976],[12.204107,41.828365],[12.203459,41.829838],[12.201289,41.83423],[12.199477,41.837883],[12.199332,41.838138],[12.198498,41.839599],[12.19816,41.840192],[12.197968,41.840504],[12.19723,41.841615],[12.184291,41.863144],[12.180353,41.868786],[12.178205,41.871762],[12.174362,41.876969],[12.163348,41.891668],[12.160585,41.894865],[12.1543,41.901998],[12.147935,41.908506],[12.143203,41.913069],[12.140613,41.915455],[12.137532,41.917804],[12.130489,41.922503],[12.12748,41.924339],[12.12092,41.928306],[12.119397,41.928947],[12.117802,41.929501],[12.10998,41.931925],[12.105887,41.932284],[12.105183,41.931979],[12.103703,41.932189],[12.101838,41.932489],[12.100827,41.932688],[12.097355,41.933735],[12.095758,41.934339],[12.092524,41.93573],[12.090394,41.936748],[12.089028,41.938022],[12.086634,41.94017],[12.086314,41.940444],[12.086059,41.940662],[12.079599,41.94508],[12.078007,41.946079],[12.077583,41.946318],[12.07711,41.946584],[12.074578,41.94787],[12.07287,41.948537],[12.067072,41.950779],[12.059688,41.953444],[12.051686,41.955679],[12.048988,41.957388],[12.044207,41.962236],[12.039726,41.967355],[12.036625,41.971809],[12.035544,41.973193],[12.029827,41.978303],[12.025174,41.981856],[12.021886,41.983921],[12.01836,41.98607],[12.013968,41.988426],[12.007115,41.99093],[12.000522,41.993052],[11.997122,41.993857],[11.997041,41.993876],[11.99598,41.994121],[11.991968,41.995027],[11.990349,41.995308],[11.986863,41.995786],[11.986494,41.995765],[11.983241,41.996204],[11.981206,41.996483],[11.978807,41.996923],[11.976769,41.997994],[11.97671,41.998032],[11.976358,41.998284],[11.974477,41.999854],[11.973861,42.000393],[11.973217,42.001116],[11.97281,42.001699],[11.972594,42.002173],[11.972413,42.002835],[11.971325,42.004993],[11.970745,42.005895],[11.969341,42.007993],[11.968932,42.008603],[11.968006,42.009901],[11.967655,42.010387],[11.965896,42.012243],[11.964911,42.013259],[11.963893,42.014262],[11.963282,42.014661],[11.963169,42.014736],[11.962467,42.015087],[11.961043,42.015761],[11.960421,42.015922],[11.960029,42.015973],[11.959977,42.01598],[11.955053,42.017749],[11.948014,42.021259],[11.940766,42.025127],[11.920367,42.036089],[11.918759,42.037566],[11.914599,42.039304],[11.912926,42.039888],[11.907552,42.040628],[11.889626,42.038444],[11.878498,42.037749],[11.875248,42.037137],[11.874629,42.037017],[11.87305,42.036656],[11.871512,42.036183],[11.871469,42.036138],[11.870889,42.035542],[11.870955,42.035141],[11.871423,42.034511],[11.871626,42.03432],[11.863704,42.03315],[11.854197,42.032477],[11.844995,42.029908],[11.842116,42.029476],[11.836325,42.029007],[11.834513,42.02921],[11.833096,42.030415],[11.832496,42.03144],[11.832427,42.031617],[11.832108,42.03264],[11.830578,42.038868],[11.820185,42.049689],[11.81585,42.058293],[11.812831,42.060123],[11.813754,42.062606],[11.812008,42.065536],[11.807295,42.075253],[11.807336,42.075326],[11.807434,42.075657],[11.807819,42.077018],[11.807743,42.077658],[11.807399,42.079107],[11.806911,42.079907],[11.806198,42.080647],[11.798439,42.086368],[11.791515,42.088376],[11.787706,42.088742],[11.783777,42.090387],[11.778543,42.093224],[11.775342,42.095923],[11.769309,42.101578],[11.77041,42.102058],[11.782658,42.092759],[11.785833,42.090542],[11.788799,42.089672],[11.789295,42.090238],[11.790182,42.092289],[11.789194,42.094616],[11.788074,42.095937],[11.787822,42.096034],[11.78694,42.095753],[11.786824,42.095582],[11.786864,42.095439],[11.787269,42.09465],[11.787751,42.094479],[11.785042,42.095132],[11.784207,42.095768],[11.782298,42.097301],[11.782449,42.099244],[11.782315,42.09954],[11.778183,42.103082],[11.775115,42.101492],[11.768983,42.107226],[11.763948,42.111934],[11.760196,42.111706],[11.759944,42.114622],[11.763562,42.117781],[11.764914,42.118523],[11.763237,42.122428],[11.758093,42.123897],[11.75479,42.125864],[11.748284,42.134817],[11.743298,42.142876],[11.743985,42.147346],[11.743838,42.148051],[11.743437,42.148781],[11.742914,42.149619],[11.742208,42.150339],[11.740922,42.151582],[11.737851,42.153727],[11.735907,42.154383],[11.733767,42.158058],[11.736279,42.159097],[11.743548,42.160976],[11.745346,42.161424],[11.747192,42.161844],[11.755906,42.16155],[11.767366,42.163272],[11.772231,42.163825],[11.79191,42.160016],[11.804239,42.154753],[11.812282,42.151138],[11.822808,42.146485],[11.824635,42.147566],[11.825347,42.14808],[11.827065,42.149753],[11.828253,42.151133],[11.831021,42.157305],[11.830979,42.157986],[11.829382,42.161542],[11.828142,42.164108],[11.827767,42.164648],[11.827576,42.165252],[11.827501,42.166024],[11.827728,42.166495],[11.828011,42.166898],[11.830376,42.169429],[11.834309,42.173607],[11.840289,42.175667],[11.845751,42.179521],[11.847577,42.181898],[11.848348,42.183446],[11.852101,42.188548],[11.866399,42.197134],[11.869147,42.199542],[11.867587,42.201067],[11.86592,42.205643],[11.866061,42.206867],[11.874571,42.219573],[11.881581,42.226709],[11.886401,42.230401],[11.897625,42.237408],[11.910107,42.240365],[11.913075,42.236372],[11.914374,42.23298],[11.920206,42.229745],[11.932873,42.224791],[11.943165,42.219457],[11.952067,42.21432],[11.955046,42.212133],[11.966367,42.210953],[11.970551,42.212614],[11.974368,42.211012],[11.979725,42.204703],[11.98649,42.194032],[11.987881,42.188592],[11.990596,42.184024],[11.994557,42.177796],[11.997381,42.172512],[11.999016,42.167651],[11.998939,42.167446],[11.99891,42.167372],[11.998573,42.166503],[11.998911,42.164369],[11.999008,42.163988],[12.002266,42.158464],[12.003274,42.157901],[12.003688,42.157829],[12.003845,42.157801],[12.004275,42.157728],[12.004482,42.157694],[12.007446,42.157725],[12.024196,42.153794],[12.025587,42.153352],[12.026726,42.153043],[12.029923,42.152319],[12.030641,42.152165],[12.031498,42.151997],[12.034751,42.151579],[12.049524,42.153249],[12.056892,42.15996],[12.056911,42.16086],[12.057291,42.162489],[12.057727,42.164057],[12.060384,42.164378],[12.061174,42.164434],[12.06268,42.164538],[12.063988,42.164552],[12.067639,42.164459],[12.069306,42.164365],[12.069721,42.164255],[12.070022,42.164175],[12.070718,42.163796],[12.071224,42.163332],[12.071356,42.163211],[12.071872,42.162612],[12.080015,42.16107],[12.088523,42.161287],[12.116518,42.160952],[12.117802,42.161489],[12.118891,42.160964],[12.128752,42.155986],[12.132311,42.153034],[12.133813,42.151588],[12.134461,42.150747],[12.135092,42.149802],[12.135551,42.149037],[12.139485,42.149299],[12.144689,42.155135],[12.149652,42.16051],[12.152299,42.160937],[12.153624,42.161301],[12.154647,42.161643],[12.155792,42.162048],[12.156876,42.162437],[12.157919,42.162939],[12.158623,42.163323],[12.159674,42.163895],[12.1647,42.166863],[12.165245,42.167375],[12.165289,42.167416],[12.165452,42.167571],[12.165473,42.167594],[12.165736,42.168572],[12.165935,42.169314],[12.166575,42.171458],[12.166734,42.171949],[12.166888,42.172395],[12.167144,42.172892],[12.168849,42.175302],[12.173856,42.177591],[12.174896,42.17804],[12.175661,42.178347],[12.175956,42.178425],[12.176398,42.178534],[12.176814,42.178635],[12.177192,42.178683],[12.178639,42.178787],[12.180337,42.178614],[12.182704,42.178503],[12.189281,42.178284],[12.193268,42.178353],[12.195492,42.178498],[12.197081,42.17881],[12.202204,42.179986],[12.20267,42.180396],[12.202786,42.18062],[12.20298,42.180995],[12.203023,42.181381],[12.203086,42.181908],[12.203282,42.182428],[12.203505,42.182773],[12.205391,42.183891],[12.206363,42.184422],[12.209896,42.18557],[12.215756,42.186713],[12.223571,42.183193],[12.235274,42.177153],[12.242939,42.176909],[12.244716,42.176854],[12.245231,42.17684],[12.246296,42.176809],[12.246567,42.176802],[12.248249,42.176768],[12.249967,42.176764],[12.252168,42.177143],[12.255889,42.17819],[12.257358,42.178724],[12.262529,42.180148],[12.271402,42.181948],[12.274206,42.177875],[12.273374,42.177228],[12.273195,42.177054],[12.273004,42.176865],[12.272652,42.176118],[12.271968,42.174373],[12.271882,42.173637],[12.272061,42.173123],[12.272662,42.172331],[12.273539,42.171744],[12.274365,42.17154],[12.275429,42.17128],[12.277813,42.171252],[12.280865,42.171732],[12.282283,42.17198],[12.282993,42.172319],[12.283164,42.1724],[12.283793,42.172864],[12.284337,42.173317],[12.284849,42.173842],[12.28541,42.174159],[12.290967,42.171078],[12.29449,42.168991],[12.296396,42.16759],[12.304348,42.160657],[12.303647,42.15626],[12.310464,42.149089],[12.323,42.14716],[12.331605,42.149656],[12.344655,42.153567],[12.34537,42.157049],[12.349326,42.162021],[12.353091,42.165698],[12.354877,42.166717],[12.361085,42.168246],[12.366112,42.170786],[12.37008,42.174145],[12.37446,42.181255],[12.375844,42.185074],[12.372769,42.195083],[12.370384,42.207013],[12.370328,42.20733],[12.37042,42.20769],[12.370988,42.209399],[12.371545,42.211071],[12.371799,42.211519],[12.372546,42.211915],[12.373861,42.212484],[12.374674,42.212726],[12.376092,42.212954],[12.377417,42.213014],[12.378465,42.21293],[12.378635,42.212901],[12.379174,42.21281],[12.386771,42.216633],[12.392064,42.2225],[12.396696,42.229553],[12.40261,42.229783],[12.402989,42.229601],[12.403344,42.229442],[12.404274,42.229157],[12.405359,42.229017],[12.405852,42.228984],[12.407946,42.229363],[12.408535,42.229517],[12.408831,42.229805],[12.412273,42.237001],[12.412387,42.237808],[12.41249,42.23858],[12.412491,42.239057],[12.41238,42.239897],[12.411997,42.24044],[12.408836,42.244136],[12.404914,42.248791],[12.412079,42.256403],[12.414414,42.253393],[12.414722,42.25283],[12.41699,42.246041],[12.419318,42.234589],[12.418243,42.230362],[12.417562,42.215489],[12.420187,42.209332],[12.420472,42.208541],[12.420634,42.207514],[12.420222,42.206612],[12.41914,42.204294],[12.417826,42.202838],[12.415491,42.19841],[12.412692,42.19138],[12.412003,42.186007],[12.411692,42.182495],[12.413797,42.1811],[12.414452,42.18067],[12.415098,42.180291],[12.415699,42.180206],[12.416986,42.180289],[12.426575,42.181308],[12.428416,42.182905],[12.429827,42.184147],[12.431433,42.18581],[12.434082,42.189328],[12.434336,42.189991],[12.434565,42.190646],[12.434924,42.193021],[12.434764,42.193413],[12.434626,42.196033],[12.434669,42.197941],[12.435251,42.200301],[12.435259,42.200332],[12.445639,42.203609],[12.452096,42.204148],[12.452403,42.203896],[12.452983,42.203522],[12.453345,42.20329],[12.453476,42.203206],[12.454992,42.202287],[12.456925,42.2024],[12.457767,42.202546],[12.460119,42.204563],[12.46214,42.207362],[12.463941,42.211994],[12.468388,42.223196],[12.468033,42.225699],[12.469379,42.231446],[12.469521,42.231701],[12.469685,42.231995],[12.469961,42.232209],[12.470284,42.232459],[12.471076,42.232628],[12.471176,42.232636],[12.471825,42.232682],[12.472527,42.232679],[12.473694,42.232644],[12.475594,42.232703],[12.476601,42.232938],[12.478868,42.23354],[12.479081,42.233605],[12.479682,42.233791],[12.47972,42.233806],[12.479801,42.23384],[12.480385,42.234084],[12.480432,42.234402],[12.480455,42.24482],[12.479219,42.251476],[12.483214,42.262246],[12.490529,42.26978],[12.495313,42.270255],[12.500545,42.271316],[12.504565,42.273477],[12.511909,42.28298],[12.51571,42.287636],[12.519594,42.294762],[12.520225,42.294228],[12.520539,42.293976],[12.52075,42.293807],[12.521053,42.293568],[12.521424,42.293318],[12.522369,42.292888],[12.523734,42.292333],[12.52428,42.292136],[12.525174,42.292],[12.525568,42.29196],[12.525736,42.291942],[12.526026,42.291915],[12.528134,42.291922],[12.528465,42.291924],[12.532171,42.292973],[12.532542,42.293214],[12.533153,42.293875],[12.533479,42.29423],[12.537602,42.295836],[12.543683,42.295742]],[[12.452921,41.906709],[12.452631,41.906688],[12.451028,41.906564],[12.45066,41.906528],[12.450499,41.906509],[12.44663,41.902385],[12.446551,41.901626],[12.447933,41.901015],[12.45177,41.900366],[12.452793,41.900309],[12.453972,41.900302],[12.456345,41.900401],[12.457936,41.90132],[12.458053,41.901404],[12.458156,41.901487],[12.458297,41.90162],[12.45837,41.90178],[12.458425,41.901917],[12.458457,41.902012],[12.458484,41.902098],[12.458532,41.902261],[12.457509,41.90587],[12.455585,41.906847],[12.453794,41.906997],[12.452921,41.906709]],[[12.650978,41.742392],[12.650997,41.742324],[12.651589,41.740503],[12.654902,41.73467],[12.655215,41.73437],[12.655242,41.734344],[12.655723,41.734025],[12.660189,41.735263],[12.660394,41.735349],[12.660857,41.735619],[12.660835,41.735945],[12.659528,41.736909],[12.659023,41.737277],[12.658974,41.737312],[12.655713,41.739845],[12.653987,41.741188],[12.650973,41.744219],[12.650636,41.744831],[12.650205,41.746085],[12.650348,41.746895],[12.650744,41.746957],[12.650598,41.747603],[12.650449,41.747802],[12.649259,41.748902],[12.64894,41.748759],[12.648854,41.748487],[12.648377,41.746796],[12.648408,41.746588],[12.649792,41.743912],[12.650978,41.742392]]]}},{"type":"Feature","id":"LT","properties":{"code":"LT","name":"Latina","kind":"Provincia","label":[41.458748,13.009153]},"geometry":{"type":"MultiPolygon","coordinates":[[[[13.456458,40.791779],[13.45866,40.790325],[13.459016,40.789802],[13.458995,40.789663],[13.458962,40.789471],[13.458914,40.789371],[13.458889,40.789326],[13.458742,40.789155],[13.458093,40.788411],[13.457893,40.788265],[13.457283,40.787861],[13.456087,40.787168],[13.452833,40.787091],[13.451913,40.787293],[13.451521,40.787417],[13.451098,40.787643],[13.450683,40.788557],[13.450208,40.790432],[13.450676,40.791052],[13.451252,40.791593],[13.45158,40.791756],[13.451879,40.791897],[13.452685,40.792231],[13.453518,40.792424],[13.453856,40.792429],[13.456458,40.791779]]],[[[13.435368,40.795038],[13.435329,40.794944],[13.435225,40.794713],[13.435133,40.79469],[13.434808,40.794551],[13.434727,40.794493],[13.434658,40.794516],[13.434542,40.794562],[13.434322,40.794818],[13.43434,40.794941],[13.434471,40.795038],[13.434594,40.795055],[13.435368,40.795038]]],[[[13.431828,40.80309],[13.433611,40.801668],[13.435052,40.798434],[13.435359,40.797144],[13.433931,40.795524],[13.431667,40.792986],[13.431284,40.792573],[13.431212,40.792511],[13.431137,40.792447],[13.428292,40.790383],[13.426693,40.789581],[13.414694,40.785034],[13.414469,40.784957],[13.413898,40.784885],[13.413185,40.784808],[13.411905,40.784799],[13.40894,40.784786],[13.408787,40.784819],[13.408008,40.785101],[13.407809,40.785302],[13.4076,40.785536],[13.407559,40.785744],[13.407594,40.785882],[13.409106,40.78709],[13.410077,40.787462],[13.410707,40.787614],[13.411029,40.787673],[13.41133,40.787716],[13.418473,40.792507],[13.42787,40.800331],[13.431828,40.80309]]],[[[13.104058,40.839206],[13.104149,40.83914],[13.104188,40.839089],[13.104284,40.838784],[13.104286,40.838707],[13.104143,40.838698],[13.103969,40.838736],[13.103795,40.838814],[13.103612,40.838956],[13.103519,40.83909],[13.103461,40.839326],[13.103535,40.839382],[13.104058,40.839206]]],[[[12.96637,40.883047],[12.965864,40.882978],[12.96573,40.883059],[12.965655,40.883272],[12.965751,40.883621],[12.965992,40.88366],[12.966396,40.883694],[12.966602,40.883563],[12.966552,40.883355],[12.96637,40.883047]]],[[[12.965044,40.885374],[12.965466,40.885356],[12.965631,40.885179],[12.965819,40.884962],[12.965857,40.884551],[12.965859,40.884283],[12.965768,40.884062],[12.965648,40.883998],[12.965463,40.883968],[12.965325,40.883946],[12.964525,40.884446],[12.964674,40.885224],[12.964865,40.88538],[12.965044,40.885374]]],[[[12.946337,40.912815],[12.946855,40.91257],[12.946923,40.912447],[12.946841,40.91231],[12.945995,40.912188],[12.945818,40.912174],[12.945395,40.912147],[12.945218,40.912188],[12.945108,40.912283],[12.945108,40.912392],[12.945504,40.912774],[12.945763,40.912829],[12.946091,40.912856],[12.946337,40.912815]]],[[[12.94484,40.913207],[12.944802,40.912786],[12.944687,40.912659],[12.944611,40.912646],[12.944407,40.912646],[12.943821,40.912735],[12.943069,40.912888],[12.943107,40.913079],[12.943209,40.91327],[12.943662,40.913828],[12.943743,40.913882],[12.944086,40.914062],[12.944185,40.914081],[12.94484,40.913207]]],[[[12.851229,40.920679],[12.851179,40.920487],[12.85112,40.920372],[12.850964,40.920287],[12.850819,40.920454],[12.850547,40.920963],[12.850493,40.921086],[12.85052,40.921274],[12.850617,40.921347],[12.850819,40.921332],[12.85104,40.921203],[12.851116,40.921155],[12.851155,40.921068],[12.851229,40.920679]]],[[[12.847658,40.921937],[12.847682,40.921801],[12.847608,40.921723],[12.846953,40.921245],[12.846834,40.921213],[12.846676,40.921205],[12.84654,40.9212],[12.846377,40.92157],[12.84646,40.921796],[12.846558,40.921983],[12.84668,40.921965],[12.847048,40.921985],[12.847288,40.922017],[12.847658,40.921937]]],[[[12.849342,40.922002],[12.849501,40.921952],[12.849761,40.921696],[12.849824,40.9215],[12.848772,40.919982],[12.848698,40.919876],[12.848526,40.919828],[12.848352,40.919906],[12.848213,40.920113],[12.84812,40.920283],[12.848072,40.920492],[12.847871,40.921772],[12.848511,40.922255],[12.848652,40.922336],[12.848802,40.922376],[12.848884,40.922396],[12.849022,40.922346],[12.849342,40.922002]]],[[[12.848186,40.924432],[12.848218,40.924535],[12.848244,40.924615],[12.848393,40.924713],[12.849449,40.924507],[12.849513,40.923789],[12.849421,40.923414],[12.848773,40.922976],[12.847847,40.922606],[12.847395,40.922599],[12.847078,40.9227],[12.847008,40.922801],[12.846838,40.923086],[12.847261,40.924918],[12.847342,40.925028],[12.847454,40.925114],[12.847588,40.925168],[12.847768,40.925216],[12.84795,40.925217],[12.848086,40.92507],[12.848135,40.924866],[12.848186,40.924432]]],[[[12.984973,40.935412],[12.987228,40.935064],[12.993661,40.934724],[12.994001,40.934667],[12.994969,40.933989],[12.995138,40.933545],[12.995244,40.933263],[12.995333,40.933016],[12.995536,40.932452],[12.992253,40.930045],[12.990486,40.929265],[12.98907,40.929205],[12.984749,40.928562],[12.980276,40.927519],[12.979217,40.927223],[12.978691,40.927073],[12.977961,40.926865],[12.977057,40.926455],[12.968843,40.922191],[12.964399,40.913352],[12.961932,40.907508],[12.960331,40.898138],[12.964427,40.894319],[12.969245,40.893896],[12.963216,40.885215],[12.960887,40.882986],[12.954032,40.877577],[12.952537,40.878181],[12.948506,40.885373],[12.947666,40.887027],[12.951205,40.889241],[12.95454,40.892494],[12.954811,40.892831],[12.954656,40.89375],[12.954139,40.894929],[12.953529,40.895621],[12.952772,40.896237],[12.95224,40.896364],[12.949126,40.896128],[12.945836,40.89607],[12.942931,40.897214],[12.94258,40.899829],[12.942629,40.901047],[12.943625,40.905648],[12.947462,40.910301],[12.948938,40.917563],[12.94873,40.917682],[12.948305,40.918345],[12.9483,40.91862],[12.948392,40.918734],[12.948921,40.919292],[12.949202,40.91953],[12.954746,40.921834],[12.95766,40.921266],[12.95871,40.920367],[12.96654,40.923405],[12.96709,40.923855],[12.9672,40.923945],[12.968084,40.924712],[12.968723,40.926315],[12.967782,40.927433],[12.966291,40.92826],[12.979254,40.933741],[12.980841,40.934393],[12.984198,40.935569],[12.984973,40.935412]]],[[[13.003674,40.935583],[13.003534,40.935146],[13.003166,40.93461],[13.003044,40.934465],[13.0029,40.934299],[13.002294,40.933829],[13.001903,40.93355],[13.001555,40.933321],[13.001526,40.933304],[13.000775,40.932892],[13.00029,40.932725],[12.999707,40.932704],[12.997274,40.933374],[12.996918,40.933602],[12.99686,40.933771],[12.996863,40.933815],[12.996874,40.933995],[12.997499,40.935011],[12.998175,40.935621],[13.000602,40.936747],[13.001004,40.936914],[13.001333,40.937037],[13.002428,40.937427],[13.003247,40.937556],[13.003442,40.937525],[13.003541,40.93751],[13.003638,40.937097],[13.003736,40.935855],[13.003674,40.935583]]],[[[12.852913,40.94255],[12.852735,40.942426],[12.852242,40.942127],[12.852023,40.942206],[12.851801,40.942479],[12.851911,40.942642],[12.852576,40.943494],[12.853254,40.942913],[12.852913,40.94255]]],[[[12.850765,40.943743],[12.850796,40.943657],[12.850797,40.943585],[12.850712,40.942845],[12.850697,40.942746],[12.850624,40.942654],[12.850483,40.942519],[12.850318,40.942525],[12.850099,40.942545],[12.84994,40.942587],[12.849864,40.942612],[12.849789,40.942646],[12.849765,40.942723],[12.849669,40.943586],[12.849802,40.943722],[12.850116,40.943846],[12.850206,40.943866],[12.85062,40.94387],[12.850658,40.943869],[12.850711,40.94384],[12.850765,40.943743]]],[[[12.859995,40.944875],[12.859883,40.944875],[12.859812,40.944966],[12.859873,40.945058],[12.860076,40.94522],[12.860219,40.945281],[12.8603,40.945058],[12.860229,40.944977],[12.860158,40.944916],[12.859995,40.944875]]],[[[12.850786,40.947992],[12.850732,40.947911],[12.850611,40.947831],[12.85039,40.94775],[12.850235,40.947737],[12.849806,40.94773],[12.849524,40.947822],[12.849463,40.947991],[12.849693,40.948067],[12.849924,40.948083],[12.850385,40.948052],[12.850786,40.947992]]],[[[12.854241,40.949605],[12.854464,40.94959],[12.854819,40.949533],[12.858765,40.948176],[12.859782,40.945081],[12.860686,40.939989],[12.861545,40.929226],[12.853011,40.92613],[12.850957,40.92664],[12.850207,40.928741],[12.851353,40.929756],[12.854541,40.933477],[12.856327,40.942451],[12.855726,40.945351],[12.854712,40.946628],[12.854246,40.946828],[12.853841,40.947612],[12.853783,40.947726],[12.853834,40.94817],[12.853858,40.948363],[12.853884,40.948533],[12.854241,40.949605]]],[[[13.054917,40.973855],[13.057656,40.973488],[13.057815,40.973446],[13.058228,40.973301],[13.058587,40.973099],[13.058787,40.972984],[13.059262,40.972679],[13.059799,40.972323],[13.061023,40.971307],[13.061493,40.97089],[13.062389,40.970079],[13.062848,40.969473],[13.063019,40.967846],[13.062858,40.966213],[13.062747,40.966068],[13.062367,40.96583],[13.060971,40.96496],[13.060218,40.96482],[13.057032,40.964518],[13.056624,40.964515],[13.050575,40.964887],[13.048437,40.965055],[13.046323,40.966269],[13.046287,40.966299],[13.046239,40.966339],[13.04603,40.966558],[13.045761,40.967085],[13.045279,40.968399],[13.045973,40.969865],[13.046069,40.969956],[13.046594,40.970136],[13.046774,40.970197],[13.050923,40.971096],[13.053402,40.973224],[13.054917,40.973855]]],[[[12.949803,41.695849],[12.947259,41.689732],[12.942952,41.686486],[12.941694,41.679978],[12.941855,41.679054],[12.943128,41.674175],[12.943362,41.673973],[12.945339,41.67228],[12.957694,41.660296],[12.962959,41.657472],[12.971494,41.653013],[12.986985,41.643367],[12.998501,41.626665],[12.999799,41.625048],[13.004616,41.619869],[13.011254,41.614788],[13.015792,41.611996],[13.019363,41.610597],[13.020918,41.609948],[13.021543,41.609543],[13.02526,41.600998],[13.02528,41.599944],[13.02459,41.598572],[13.016054,41.593266],[13.009002,41.582275],[13.008373,41.581234],[13.00831,41.580953],[13.010725,41.578473],[13.013143,41.576714],[13.01405,41.576083],[13.021569,41.573482],[13.024374,41.573007],[13.034814,41.571686],[13.044356,41.576662],[13.054018,41.577605],[13.062673,41.572914],[13.075839,41.564586],[13.086639,41.558192],[13.091871,41.555264],[13.100737,41.548545],[13.104902,41.547122],[13.104989,41.547272],[13.105965,41.548948],[13.106356,41.549537],[13.106609,41.549918],[13.107022,41.55054],[13.10831,41.551948],[13.109857,41.553171],[13.110584,41.553433],[13.111223,41.553663],[13.11237,41.553631],[13.112843,41.553618],[13.114638,41.553077],[13.11479,41.553031],[13.116994,41.552281],[13.124207,41.554543],[13.133765,41.561069],[13.147441,41.567267],[13.161867,41.57284],[13.163907,41.573199],[13.166838,41.57384],[13.16838,41.574495],[13.170875,41.57666],[13.171825,41.577818],[13.175066,41.583569],[13.177834,41.583785],[13.183457,41.584306],[13.184437,41.584477],[13.185286,41.584946],[13.185435,41.585652],[13.185418,41.587111],[13.185556,41.587764],[13.186759,41.588053],[13.189338,41.588112],[13.194947,41.587848],[13.196332,41.587645],[13.19732,41.587091],[13.197403,41.586967],[13.197708,41.586496],[13.201273,41.575543],[13.201643,41.573138],[13.200051,41.567306],[13.200451,41.562048],[13.202133,41.554855],[13.207895,41.547404],[13.212369,41.543427],[13.219295,41.539976],[13.221737,41.538834],[13.222667,41.538609],[13.223336,41.538542],[13.22394,41.538481],[13.22442,41.538581],[13.225539,41.538814],[13.225813,41.538904],[13.233068,41.539676],[13.242804,41.539105],[13.246609,41.538514],[13.25155,41.537061],[13.252723,41.53668],[13.253521,41.536314],[13.25384,41.536166],[13.25401,41.536086],[13.254801,41.53571],[13.254958,41.535634],[13.257687,41.534231],[13.259872,41.532989],[13.263016,41.531026],[13.264032,41.530241],[13.27095,41.523906],[13.27138,41.523347],[13.271856,41.522729],[13.272441,41.521856],[13.273131,41.520671],[13.273183,41.520582],[13.278566,41.508485],[13.279685,41.50225],[13.293769,41.482383],[13.294372,41.481743],[13.294814,41.480876],[13.2962,41.477348],[13.296422,41.476647],[13.297449,41.471728],[13.29741,41.469279],[13.293867,41.466012],[13.288411,41.463894],[13.287882,41.46379],[13.287076,41.46363],[13.287011,41.463617],[13.286576,41.463529],[13.28647,41.463505],[13.282779,41.462682],[13.281166,41.46208],[13.279671,41.461105],[13.266658,41.452508],[13.2646,41.450685],[13.262108,41.447581],[13.261651,41.446774],[13.256518,41.434767],[13.261297,41.431496],[13.265858,41.430401],[13.270803,41.428925],[13.281286,41.424865],[13.28694,41.422394],[13.292983,41.419203],[13.296267,41.415797],[13.302814,41.406966],[13.303408,41.405796],[13.304266,41.404512],[13.306087,41.403071],[13.307452,41.402511],[13.310228,41.402078],[13.311846,41.401846],[13.313299,41.402129],[13.31787,41.403466],[13.320427,41.405485],[13.320992,41.406288],[13.322109,41.406611],[13.323035,41.406692],[13.323685,41.406749],[13.327753,41.406727],[13.33655,41.406566],[13.340844,41.406107],[13.349186,41.404571],[13.350238,41.404144],[13.351561,41.403369],[13.352551,41.402557],[13.353321,41.401889],[13.354104,41.40117],[13.354726,41.400291],[13.355652,41.399518],[13.356433,41.398979],[13.357437,41.398545],[13.358474,41.398245],[13.359195,41.398055],[13.359749,41.397912],[13.360226,41.397801],[13.363824,41.397132],[13.365354,41.396932],[13.366036,41.39721],[13.37019,41.39945],[13.370476,41.399945],[13.370524,41.400061],[13.375537,41.403728],[13.386525,41.404479],[13.399698,41.401967],[13.408168,41.398491],[13.411951,41.396932],[13.425291,41.397341],[13.427389,41.397701],[13.428252,41.400001],[13.428517,41.400963],[13.428359,41.401535],[13.432439,41.410977],[13.435732,41.417351],[13.4385,41.42519],[13.438796,41.42679],[13.438424,41.428295],[13.434073,41.441055],[13.428768,41.449619],[13.428058,41.451737],[13.428296,41.456216],[13.428904,41.456872],[13.430885,41.458115],[13.43886,41.462061],[13.444971,41.464882],[13.44534,41.464994],[13.451667,41.460755],[13.452192,41.460386],[13.45331,41.456169],[13.4542,41.452239],[13.454841,41.45012],[13.455649,41.449373],[13.458236,41.448309],[13.467021,41.444802],[13.469188,41.444101],[13.470348,41.44375],[13.472219,41.443209],[13.484612,41.438635],[13.493654,41.436114],[13.494639,41.436458],[13.495557,41.436625],[13.496729,41.436678],[13.497929,41.436527],[13.502304,41.435757],[13.505276,41.435078],[13.505517,41.434992],[13.507436,41.434304],[13.510848,41.432826],[13.51188,41.43155],[13.511562,41.423963],[13.523534,41.423168],[13.525617,41.42318],[13.533336,41.424222],[13.539338,41.42394],[13.540521,41.423488],[13.5418,41.422978],[13.542542,41.422645],[13.543105,41.422391],[13.547625,41.419929],[13.548194,41.419583],[13.554342,41.412185],[13.558245,41.405516],[13.565916,41.396746],[13.570873,41.392404],[13.575113,41.388053],[13.576079,41.387028],[13.57616,41.386852],[13.576515,41.386072],[13.576834,41.385373],[13.577839,41.383159],[13.579015,41.380257],[13.577539,41.379943],[13.577142,41.379909],[13.576948,41.379895],[13.57632,41.379852],[13.575666,41.379747],[13.574784,41.379548],[13.573821,41.379307],[13.572872,41.378963],[13.568475,41.376603],[13.567744,41.376173],[13.566375,41.375318],[13.565421,41.374606],[13.565258,41.374484],[13.561335,41.369068],[13.566101,41.36647],[13.568503,41.366022],[13.571155,41.365213],[13.571921,41.364908],[13.572743,41.364574],[13.572972,41.36448],[13.573758,41.364111],[13.574293,41.363846],[13.582609,41.359576],[13.582833,41.359445],[13.583432,41.359089],[13.584317,41.358477],[13.589644,41.354348],[13.591843,41.352625],[13.603372,41.337852],[13.608463,41.330017],[13.616133,41.321134],[13.617655,41.31973],[13.618502,41.319264],[13.623799,41.316777],[13.626397,41.31652],[13.627123,41.317166],[13.627914,41.317647],[13.631273,41.318146],[13.634204,41.318532],[13.640905,41.319158],[13.6471,41.318889],[13.649011,41.318317],[13.651347,41.317974],[13.652809,41.318987],[13.65329,41.319377],[13.654485,41.320389],[13.654461,41.321139],[13.653023,41.324236],[13.651529,41.326328],[13.651827,41.328341],[13.652524,41.329879],[13.65566,41.334907],[13.657736,41.337758],[13.664834,41.341544],[13.668172,41.343124],[13.672868,41.341411],[13.680063,41.339619],[13.681442,41.339401],[13.682372,41.339511],[13.683051,41.339956],[13.683175,41.340037],[13.688635,41.343654],[13.690521,41.346886],[13.693274,41.350798],[13.701697,41.359295],[13.702137,41.35948],[13.702664,41.359467],[13.709897,41.358225],[13.710572,41.357955],[13.711604,41.355958],[13.711928,41.355193],[13.712265,41.352443],[13.712207,41.347237],[13.712398,41.341142],[13.714701,41.337023],[13.717084,41.334948],[13.720822,41.333291],[13.733049,41.329515],[13.737744,41.327034],[13.74321,41.321572],[13.750373,41.315303],[13.755762,41.311524],[13.76323,41.303759],[13.766005,41.302302],[13.772292,41.303378],[13.776963,41.307027],[13.782366,41.308888],[13.791478,41.310075],[13.793709,41.312449],[13.796535,41.317976],[13.802061,41.3196],[13.809635,41.319652],[13.818102,41.319986],[13.819262,41.321495],[13.818275,41.330783],[13.8182,41.336936],[13.818692,41.337379],[13.819975,41.337815],[13.823909,41.338484],[13.825477,41.338296],[13.828154,41.337665],[13.830028,41.337109],[13.830762,41.336817],[13.831475,41.336333],[13.843754,41.330692],[13.856897,41.332793],[13.86018,41.333744],[13.86321,41.334705],[13.868261,41.33703],[13.873697,41.33833],[13.873388,41.337982],[13.873346,41.337877],[13.873194,41.337495],[13.873219,41.336828],[13.873395,41.33628],[13.873497,41.336045],[13.87368,41.335625],[13.87852,41.328775],[13.879529,41.327692],[13.880673,41.326716],[13.880744,41.326656],[13.881954,41.325644],[13.883101,41.324884],[13.891962,41.315733],[13.892216,41.31542],[13.892508,41.31506],[13.89273,41.314786],[13.894815,41.311637],[13.894754,41.310764],[13.894738,41.310537],[13.894069,41.309071],[13.889967,41.29891],[13.88974,41.297483],[13.886688,41.293616],[13.884032,41.291716],[13.883837,41.291627],[13.882837,41.29117],[13.882401,41.290971],[13.882337,41.290942],[13.879056,41.290784],[13.877337,41.290767],[13.857012,41.289935],[13.85106,41.289571],[13.840408,41.283493],[13.833566,41.281216],[13.828418,41.276924],[13.828713,41.269729],[13.830742,41.266406],[13.832395,41.266751],[13.834016,41.26688],[13.834302,41.266746],[13.834544,41.266632],[13.834931,41.26645],[13.838486,41.263892],[13.839992,41.262368],[13.838293,41.259304],[13.837546,41.259242],[13.837208,41.259215],[13.835557,41.26018],[13.83362,41.255026],[13.826594,41.251226],[13.815044,41.244547],[13.811026,41.246772],[13.804857,41.2469],[13.794864,41.245157],[13.788215,41.242036],[13.778269,41.243481],[13.770455,41.237089],[13.770383,41.236479],[13.770276,41.235791],[13.770172,41.235453],[13.770094,41.235198],[13.770084,41.235167],[13.770039,41.235021],[13.765807,41.227936],[13.764763,41.226246],[13.764282,41.225484],[13.764231,41.225404],[13.763968,41.225028],[13.763639,41.22456],[13.762113,41.222597],[13.755385,41.227072],[13.752948,41.228812],[13.752397,41.229194],[13.750598,41.230416],[13.747825,41.232242],[13.746022,41.233376],[13.738118,41.238096],[13.722466,41.24667],[13.718446,41.248693],[13.714931,41.250291],[13.70735,41.253294],[13.705959,41.253708],[13.704057,41.253595],[13.702507,41.253308],[13.700695,41.252777],[13.700422,41.252629],[13.699957,41.252222],[13.699763,41.251986],[13.69942,41.25112],[13.689664,41.246798],[13.68335,41.244274],[13.683201,41.244241],[13.68276,41.244179],[13.682559,41.244164],[13.682377,41.24415],[13.681953,41.244126],[13.680789,41.244289],[13.680471,41.244355],[13.671752,41.247453],[13.66603,41.251214],[13.664393,41.252655],[13.661969,41.253734],[13.655651,41.255801],[13.652338,41.256812],[13.651273,41.257103],[13.642868,41.258948],[13.634433,41.260032],[13.634208,41.26006],[13.632094,41.260249],[13.620172,41.260156],[13.618086,41.259697],[13.608381,41.255505],[13.60787,41.255202],[13.607533,41.254978],[13.607369,41.254743],[13.607325,41.254541],[13.607341,41.254512],[13.607438,41.254328],[13.607921,41.253961],[13.604214,41.252557],[13.594802,41.250307],[13.593149,41.250082],[13.592202,41.249918],[13.592051,41.249882],[13.591307,41.249655],[13.589688,41.249155],[13.589373,41.249057],[13.589034,41.248933],[13.587809,41.248477],[13.587006,41.248177],[13.586799,41.248099],[13.585832,41.247709],[13.584675,41.247189],[13.582174,41.245958],[13.581309,41.245491],[13.580352,41.244959],[13.579406,41.244422],[13.578043,41.243589],[13.577285,41.243044],[13.57656,41.242519],[13.576416,41.2424],[13.576244,41.242256],[13.574001,41.240365],[13.57385,41.240192],[13.571795,41.236968],[13.570126,41.232586],[13.569356,41.225242],[13.571234,41.217815],[13.576107,41.214834],[13.578953,41.214356],[13.589464,41.209944],[13.584555,41.206903],[13.577538,41.204602],[13.575299,41.204143],[13.570136,41.204111],[13.57065,41.206725],[13.570716,41.206762],[13.570787,41.207021],[13.570651,41.207183],[13.570156,41.207429],[13.568765,41.208114],[13.566848,41.208795],[13.563039,41.20984],[13.561351,41.210264],[13.559658,41.210641],[13.557959,41.210935],[13.557222,41.211],[13.5549,41.210844],[13.553621,41.208857],[13.545601,41.209405],[13.53902,41.213674],[13.533494,41.21749],[13.53182,41.218557],[13.529304,41.219992],[13.524156,41.222499],[13.522663,41.223158],[13.521155,41.223788],[13.519565,41.224344],[13.518306,41.224684],[13.515011,41.225056],[13.513895,41.225097],[13.5133,41.224978],[13.512606,41.224791],[13.51225,41.224622],[13.51165,41.224297],[13.511404,41.224065],[13.511801,41.223323],[13.512296,41.222316],[13.512135,41.222023],[13.511597,41.221666],[13.510802,41.221475],[13.510312,41.221426],[13.503586,41.221302],[13.503292,41.22133],[13.502975,41.221704],[13.503144,41.22298],[13.503401,41.223965],[13.503535,41.224159],[13.503744,41.22433],[13.503894,41.224423],[13.504299,41.224601],[13.504486,41.224628],[13.504552,41.224638],[13.504591,41.224792],[13.504427,41.225037],[13.504188,41.225298],[13.503131,41.226203],[13.501214,41.227688],[13.500147,41.228476],[13.49767,41.230205],[13.497024,41.230624],[13.496505,41.23095],[13.495045,41.231865],[13.493724,41.232687],[13.492817,41.233249],[13.490163,41.234748],[13.485318,41.23745],[13.484162,41.237683],[13.477828,41.238359],[13.473464,41.23818],[13.463529,41.240372],[13.461099,41.241731],[13.460415,41.243842],[13.459502,41.244509],[13.457146,41.246027],[13.452679,41.248565],[13.446426,41.251908],[13.444178,41.253024],[13.441941,41.25393],[13.440428,41.254332],[13.439187,41.254646],[13.428345,41.259331],[13.427764,41.25968],[13.425746,41.260817],[13.423577,41.262032],[13.419923,41.263931],[13.418365,41.264683],[13.411198,41.267984],[13.410175,41.268447],[13.408488,41.269154],[13.393114,41.274899],[13.392201,41.275234],[13.383852,41.278196],[13.381639,41.278964],[13.379348,41.279731],[13.374494,41.281305],[13.369998,41.282664],[13.362494,41.284838],[13.36009,41.285516],[13.358675,41.285902],[13.355455,41.286765],[13.353412,41.287274],[13.350204,41.288057],[13.345969,41.28906],[13.3432,41.289641],[13.327215,41.292901],[13.323019,41.293653],[13.32209,41.293814],[13.318245,41.294383],[13.297052,41.296409],[13.290339,41.297017],[13.28963,41.297043],[13.281285,41.297151],[13.278912,41.297026],[13.277355,41.296881],[13.27227,41.296177],[13.26936,41.295642],[13.266448,41.294623],[13.266051,41.294475],[13.265761,41.294024],[13.265272,41.293042],[13.257563,41.282954],[13.25202,41.282862],[13.250735,41.283292],[13.248714,41.283576],[13.247956,41.283647],[13.246876,41.283742],[13.24661,41.283765],[13.245056,41.283898],[13.243501,41.284019],[13.241975,41.284109],[13.240434,41.284196],[13.236374,41.284344],[13.230565,41.284459],[13.228409,41.284447],[13.225603,41.284429],[13.22472,41.284415],[13.222875,41.284374],[13.219862,41.284301],[13.217589,41.284245],[13.215842,41.284115],[13.209951,41.283593],[13.207468,41.283332],[13.206327,41.283134],[13.187896,41.279431],[13.18223,41.278254],[13.181568,41.278077],[13.181021,41.277928],[13.178793,41.277294],[13.175229,41.276247],[13.173083,41.275589],[13.171854,41.275145],[13.167054,41.272828],[13.164294,41.271681],[13.157374,41.268964],[13.149305,41.266033],[13.139975,41.260685],[13.131162,41.254952],[13.129621,41.254055],[13.123404,41.251124],[13.121076,41.250216],[13.119104,41.249623],[13.117785,41.249017],[13.116767,41.248493],[13.115736,41.24792],[13.106667,41.241989],[13.103562,41.23866],[13.095033,41.227469],[13.093645,41.225285],[13.083872,41.223806],[13.072948,41.222545],[13.05729,41.224188],[13.046288,41.226633],[13.045369,41.226956],[13.043858,41.227782],[13.041446,41.23001],[13.034752,41.24029],[13.035666,41.247359],[13.035894,41.247484],[13.03508,41.249669],[13.032188,41.257166],[13.028536,41.265126],[13.025709,41.270648],[13.023289,41.275225],[13.019534,41.28206],[13.014719,41.290117],[13.013455,41.292203],[13.012416,41.293856],[13.010667,41.296618],[13.009727,41.298027],[13.004632,41.305449],[13.002709,41.308175],[12.998573,41.313721],[12.997523,41.314996],[12.985371,41.329536],[12.983678,41.331446],[12.975647,41.340093],[12.97167,41.344196],[12.970341,41.345533],[12.964981,41.350253],[12.96407,41.350975],[12.947613,41.363583],[12.944776,41.365556],[12.930665,41.374681],[12.919744,41.38129],[12.906847,41.388428],[12.900883,41.391656],[12.880573,41.401303],[12.873958,41.404303],[12.868124,41.406743],[12.865006,41.407914],[12.862172,41.40896],[12.860792,41.409447],[12.854489,41.411508],[12.853233,41.411825],[12.853029,41.411874],[12.851433,41.412258],[12.84976,41.412634],[12.849271,41.412741],[12.848069,41.413003],[12.847921,41.413036],[12.846414,41.413349],[12.845122,41.413609],[12.843558,41.413878],[12.841889,41.414144],[12.841539,41.414196],[12.840491,41.414351],[12.838261,41.414636],[12.836264,41.414868],[12.829851,41.414758],[12.82969,41.414755],[12.824891,41.414515],[12.819467,41.414126],[12.817263,41.413968],[12.812602,41.41367],[12.806891,41.413919],[12.802367,41.414977],[12.799323,41.415966],[12.798487,41.416253],[12.797627,41.416575],[12.797479,41.416627],[12.796992,41.416762],[12.794351,41.417335],[12.793921,41.417402],[12.79306,41.417536],[12.791854,41.417704],[12.789127,41.417923],[12.783045,41.417882],[12.78243,41.417876],[12.780789,41.417786],[12.779402,41.417626],[12.77909,41.417587],[12.77861,41.417519],[12.777397,41.417341],[12.777291,41.417323],[12.776811,41.417222],[12.774942,41.416807],[12.774162,41.416577],[12.773219,41.416296],[12.773774,41.420594],[12.77492,41.42347],[12.767338,41.435205],[12.767152,41.435454],[12.766746,41.435776],[12.76374,41.438163],[12.754225,41.445715],[12.752496,41.445326],[12.751916,41.445038],[12.749836,41.444003],[12.749161,41.444042],[12.746634,41.444184],[12.746127,41.444281],[12.744863,41.444521],[12.741732,41.445753],[12.740039,41.446543],[12.738689,41.447181],[12.737948,41.456526],[12.738202,41.457071],[12.738916,41.457885],[12.739587,41.458214],[12.74113,41.458605],[12.743276,41.458891],[12.746499,41.463653],[12.747746,41.471884],[12.747875,41.473347],[12.747582,41.474194],[12.745101,41.477742],[12.744655,41.478157],[12.743584,41.47898],[12.741982,41.479618],[12.740088,41.480337],[12.739389,41.480117],[12.738616,41.479966],[12.736118,41.4798],[12.735437,41.479948],[12.734755,41.480096],[12.731632,41.481166],[12.728248,41.482577],[12.727303,41.483265],[12.726906,41.483642],[12.7267,41.484072],[12.723443,41.492254],[12.721046,41.50023],[12.721566,41.50064],[12.721639,41.500698],[12.721882,41.500916],[12.722055,41.501071],[12.723196,41.502384],[12.723073,41.502785],[12.722534,41.503804],[12.722265,41.504311],[12.722225,41.504354],[12.721779,41.50484],[12.721156,41.505134],[12.719219,41.505414],[12.702115,41.507263],[12.695648,41.506892],[12.691731,41.506881],[12.681953,41.507823],[12.680872,41.507978],[12.680602,41.508162],[12.680583,41.511839],[12.68054,41.515199],[12.680285,41.516024],[12.679866,41.517028],[12.676622,41.52095],[12.673708,41.52298],[12.654085,41.533122],[12.643378,41.536143],[12.642244,41.536013],[12.640532,41.53595],[12.633774,41.536542],[12.621912,41.538042],[12.618187,41.541541],[12.612834,41.543682],[12.595679,41.54259],[12.588275,41.544528],[12.588011,41.545313],[12.586657,41.549338],[12.584244,41.554338],[12.583476,41.555822],[12.582857,41.556919],[12.582149,41.558169],[12.575856,41.568714],[12.570286,41.577634],[12.567452,41.578699],[12.558881,41.582787],[12.551932,41.589153],[12.549815,41.591068],[12.548296,41.592228],[12.547251,41.592932],[12.546035,41.593743],[12.544436,41.594801],[12.543391,41.595455],[12.541473,41.596379],[12.540235,41.596737],[12.536601,41.597575],[12.532818,41.598397],[12.531449,41.597773],[12.531082,41.597596],[12.530708,41.597417],[12.530606,41.59748],[12.530293,41.597673],[12.530203,41.59773],[12.530158,41.598272],[12.530225,41.598372],[12.530511,41.598787],[12.5327,41.600073],[12.533944,41.600654],[12.541847,41.603887],[12.542879,41.604224],[12.543397,41.604324],[12.544047,41.604449],[12.547495,41.605069],[12.54928,41.60524],[12.551314,41.605512],[12.554081,41.609119],[12.554602,41.60994],[12.554634,41.6101],[12.554882,41.61134],[12.554934,41.611605],[12.554576,41.612543],[12.554073,41.613029],[12.55379,41.613302],[12.551043,41.615476],[12.550455,41.615508],[12.550344,41.615876],[12.55025,41.616562],[12.550229,41.616748],[12.550162,41.617364],[12.550156,41.617421],[12.550294,41.617894],[12.550463,41.61847],[12.551263,41.619184],[12.552195,41.619961],[12.552938,41.62028],[12.561681,41.623962],[12.574215,41.633159],[12.582967,41.638964],[12.594109,41.644424],[12.595143,41.645049],[12.595518,41.645587],[12.597054,41.648195],[12.597845,41.650192],[12.60143,41.652916],[12.607026,41.656797],[12.611021,41.659193],[12.613127,41.660394],[12.61553,41.661631],[12.626824,41.667271],[12.63515,41.670935],[12.645509,41.666842],[12.646264,41.665247],[12.645693,41.659812],[12.645531,41.659527],[12.644433,41.658479],[12.6433,41.65761],[12.648615,41.658414],[12.653648,41.658371],[12.65661,41.649236],[12.654488,41.639693],[12.654094,41.62955],[12.654415,41.625974],[12.653684,41.619752],[12.65229,41.611818],[12.651999,41.611179],[12.651809,41.61017],[12.651968,41.608975],[12.652293,41.607514],[12.652599,41.606819],[12.653362,41.605772],[12.661781,41.598183],[12.66322,41.598162],[12.669063,41.60021],[12.676866,41.60369],[12.697137,41.609897],[12.700819,41.602407],[12.7026,41.597771],[12.703181,41.595329],[12.71372,41.593512],[12.715987,41.593511],[12.719261,41.593531],[12.720278,41.593948],[12.722615,41.595381],[12.72293,41.595677],[12.723543,41.59723],[12.724878,41.599731],[12.726503,41.600786],[12.734427,41.604155],[12.735583,41.604365],[12.736806,41.604372],[12.736998,41.604373],[12.737736,41.604236],[12.739295,41.603889],[12.740244,41.603538],[12.740719,41.603009],[12.740992,41.60241],[12.740774,41.596956],[12.740721,41.596233],[12.740659,41.595406],[12.740594,41.594902],[12.740489,41.594088],[12.740362,41.59323],[12.740341,41.593121],[12.738837,41.590433],[12.738299,41.589581],[12.736563,41.588012],[12.733767,41.584973],[12.733398,41.584447],[12.733226,41.584064],[12.732602,41.582469],[12.732319,41.581747],[12.732393,41.581353],[12.732572,41.581032],[12.732688,41.580839],[12.732828,41.580731],[12.732921,41.580661],[12.733384,41.580501],[12.735746,41.57979],[12.736582,41.579582],[12.738298,41.579202],[12.744675,41.578661],[12.745725,41.578686],[12.746209,41.578697],[12.752297,41.577782],[12.752459,41.577273],[12.75449,41.573708],[12.755072,41.573153],[12.755825,41.572751],[12.755854,41.572736],[12.756686,41.573321],[12.757036,41.573616],[12.761029,41.577447],[12.767069,41.584068],[12.768729,41.587564],[12.768778,41.589085],[12.768798,41.589714],[12.769453,41.593339],[12.769752,41.594045],[12.770821,41.595779],[12.7712,41.596298],[12.771908,41.596986],[12.772363,41.597336],[12.772991,41.597595],[12.773855,41.59789],[12.774693,41.598052],[12.776064,41.598855],[12.777472,41.600581],[12.778331,41.601741],[12.778522,41.602149],[12.780919,41.608167],[12.781658,41.611479],[12.785783,41.618493],[12.791596,41.621651],[12.796129,41.622534],[12.80191,41.621512],[12.802726,41.621361],[12.803275,41.62126],[12.807961,41.620384],[12.810084,41.622579],[12.810397,41.628916],[12.809252,41.635442],[12.813302,41.638509],[12.814137,41.638328],[12.815355,41.638126],[12.815735,41.638181],[12.815929,41.63821],[12.823712,41.640607],[12.824742,41.641059],[12.825195,41.641508],[12.825529,41.642631],[12.825466,41.643448],[12.825067,41.643912],[12.824914,41.644014],[12.822539,41.645874],[12.820017,41.648002],[12.819358,41.648677],[12.818684,41.650158],[12.818849,41.650612],[12.823778,41.655989],[12.826371,41.657952],[12.827117,41.658436],[12.829135,41.658994],[12.830162,41.658798],[12.832617,41.655763],[12.834748,41.652733],[12.835032,41.652274],[12.838135,41.653908],[12.839648,41.656354],[12.840407,41.658244],[12.840002,41.659379],[12.839825,41.661003],[12.839812,41.661114],[12.839753,41.664326],[12.839751,41.664782],[12.840891,41.665472],[12.842129,41.665795],[12.84559,41.665761],[12.846783,41.665649],[12.848473,41.66574],[12.850576,41.66608],[12.850921,41.666185],[12.851259,41.666421],[12.851383,41.668182],[12.849545,41.67683],[12.851775,41.686359],[12.852908,41.688045],[12.853089,41.6884],[12.853901,41.689997],[12.854663,41.691651],[12.854508,41.693065],[12.854088,41.69629],[12.853912,41.697601],[12.85151,41.700834],[12.851125,41.701198],[12.847934,41.699607],[12.84698,41.698973],[12.846547,41.698669],[12.845983,41.698273],[12.845162,41.698066],[12.84474,41.698189],[12.84408,41.698381],[12.842741,41.6993],[12.836589,41.703904],[12.836825,41.704491],[12.836989,41.704895],[12.837655,41.705437],[12.838219,41.705895],[12.838451,41.706084],[12.840222,41.707349],[12.847395,41.71216],[12.853324,41.713127],[12.861322,41.712957],[12.864239,41.708024],[12.864478,41.705517],[12.867481,41.703376],[12.86829,41.702903],[12.877837,41.703486],[12.879384,41.705054],[12.878756,41.706629],[12.879089,41.708175],[12.880306,41.708819],[12.881964,41.709176],[12.882764,41.709348],[12.892687,41.711335],[12.894146,41.711573],[12.895979,41.711403],[12.900189,41.709806],[12.904245,41.707781],[12.905544,41.707417],[12.906854,41.707257],[12.907027,41.707236],[12.908048,41.707174],[12.908291,41.707162],[12.91351,41.708084],[12.920276,41.70972],[12.924,41.711263],[12.925481,41.711532],[12.927111,41.711715],[12.937794,41.712907],[12.939899,41.710618],[12.949803,41.695849]]]]}},{"type":"Feature","id":"FR","properties":{"code":"FR","name":"Frosinone","kind":"Provincia","label":[41.628922,13.576437]},"geometry":{"type":"Polygon","coordinates":[[[13.345495,41.922176],[13.350047,41.921035],[13.351058,41.921196],[13.351211,41.921221],[13.352392,41.921788],[13.354775,41.922952],[13.354928,41.923961],[13.355011,41.924625],[13.35502,41.924699],[13.355731,41.92541],[13.356556,41.925739],[13.358226,41.925663],[13.359897,41.925532],[13.364374,41.924754],[13.365247,41.924134],[13.36583,41.923419],[13.365885,41.92301],[13.365958,41.92246],[13.37584,41.913647],[13.377905,41.912128],[13.378351,41.911797],[13.382828,41.906045],[13.383467,41.90509],[13.383994,41.904187],[13.384063,41.903596],[13.384119,41.903112],[13.383632,41.901897],[13.377815,41.891233],[13.373684,41.885601],[13.370052,41.882233],[13.364843,41.877601],[13.361105,41.872665],[13.358982,41.869315],[13.362058,41.867419],[13.365688,41.864958],[13.366593,41.864252],[13.367277,41.863326],[13.36733,41.862957],[13.367469,41.861924],[13.367124,41.860434],[13.365929,41.857688],[13.368724,41.848531],[13.367357,41.834703],[13.371438,41.827458],[13.376281,41.820982],[13.378708,41.818249],[13.379517,41.817458],[13.37974,41.817375],[13.380519,41.817086],[13.382122,41.816989],[13.383506,41.816999],[13.387292,41.817259],[13.388388,41.817762],[13.390989,41.819266],[13.391512,41.819787],[13.391716,41.820889],[13.396301,41.834032],[13.397505,41.834543],[13.397767,41.834654],[13.404508,41.837128],[13.405754,41.837431],[13.40663,41.837532],[13.407463,41.837464],[13.408246,41.837238],[13.408773,41.837085],[13.416902,41.834666],[13.417764,41.834335],[13.419747,41.833534],[13.420848,41.83292],[13.422436,41.83199],[13.427072,41.829996],[13.433083,41.827899],[13.442982,41.825616],[13.451554,41.822818],[13.456385,41.819248],[13.461508,41.813679],[13.471163,41.806253],[13.485702,41.803096],[13.504407,41.801543],[13.505082,41.801598],[13.505682,41.801255],[13.506413,41.800631],[13.506875,41.799965],[13.508695,41.797286],[13.508949,41.796638],[13.511049,41.789731],[13.51824,41.782142],[13.520415,41.775955],[13.52805,41.770409],[13.545324,41.762361],[13.551138,41.761629],[13.555424,41.762642],[13.561421,41.761477],[13.562746,41.760961],[13.564204,41.759579],[13.565339,41.758279],[13.566141,41.757535],[13.566429,41.757268],[13.56747,41.756543],[13.567971,41.756193],[13.570663,41.754744],[13.570929,41.754641],[13.571815,41.754298],[13.573834,41.754348],[13.575116,41.754617],[13.57623,41.755019],[13.577143,41.75613],[13.577321,41.756538],[13.577408,41.756736],[13.578011,41.758119],[13.579407,41.759698],[13.580899,41.761291],[13.582133,41.762565],[13.583001,41.763453],[13.586099,41.766435],[13.589307,41.76732],[13.590515,41.767614],[13.591458,41.767808],[13.59193,41.767904],[13.592799,41.768021],[13.59296,41.768043],[13.594174,41.768156],[13.600626,41.769046],[13.601822,41.769421],[13.605237,41.771206],[13.605985,41.771613],[13.606678,41.772036],[13.60919,41.773771],[13.620733,41.77905],[13.623527,41.779482],[13.623933,41.77958],[13.624474,41.77971],[13.626838,41.780474],[13.627664,41.780756],[13.628818,41.781281],[13.630307,41.782031],[13.631272,41.782646],[13.632086,41.783274],[13.632949,41.783942],[13.635386,41.785886],[13.635908,41.786303],[13.642096,41.791356],[13.642762,41.792184],[13.642891,41.792871],[13.640956,41.797947],[13.637296,41.802547],[13.637574,41.803157],[13.637874,41.803725],[13.638459,41.804318],[13.644898,41.808987],[13.646866,41.810254],[13.648928,41.810936],[13.652464,41.811175],[13.660926,41.811259],[13.663502,41.810686],[13.674167,41.807213],[13.681101,41.804252],[13.683594,41.80192],[13.686866,41.797059],[13.690557,41.793228],[13.692708,41.791523],[13.693842,41.791057],[13.701089,41.788555],[13.70555,41.787467],[13.70578,41.787472],[13.706598,41.787491],[13.707356,41.78761],[13.708157,41.787941],[13.70847,41.788257],[13.708901,41.788919],[13.708923,41.788953],[13.709194,41.789473],[13.709227,41.789535],[13.709474,41.78994],[13.70974,41.790378],[13.710139,41.790987],[13.71077,41.791794],[13.710792,41.791821],[13.71137,41.792521],[13.712887,41.794277],[13.713994,41.79529],[13.716492,41.797398],[13.717056,41.797676],[13.718147,41.79797],[13.719336,41.797961],[13.727568,41.797865],[13.729523,41.79294],[13.733654,41.78545],[13.740092,41.782157],[13.741745,41.781181],[13.742329,41.780732],[13.743616,41.779557],[13.746702,41.774768],[13.748982,41.770118],[13.749373,41.761242],[13.749418,41.760888],[13.749456,41.760589],[13.750212,41.760104],[13.751036,41.759782],[13.756444,41.757739],[13.762041,41.751677],[13.767172,41.748875],[13.779392,41.746899],[13.786192,41.744117],[13.788008,41.743442],[13.789579,41.743007],[13.790018,41.742978],[13.790142,41.74297],[13.790344,41.743054],[13.790678,41.743193],[13.790742,41.74322],[13.808079,41.75192],[13.808714,41.752775],[13.8093,41.753309],[13.810136,41.753869],[13.810889,41.75413],[13.811613,41.754258],[13.812103,41.754205],[13.812537,41.754137],[13.813277,41.753904],[13.814142,41.753444],[13.815031,41.752785],[13.81564,41.752143],[13.816243,41.75141],[13.818394,41.74843],[13.820146,41.745675],[13.820841,41.744038],[13.821091,41.743609],[13.823068,41.741302],[13.823481,41.740884],[13.824272,41.740522],[13.827143,41.739361],[13.827616,41.739179],[13.829026,41.738948],[13.837186,41.738006],[13.844807,41.738165],[13.851623,41.735595],[13.851714,41.734651],[13.852188,41.734006],[13.85452,41.731994],[13.85518,41.731622],[13.856446,41.731234],[13.857246,41.731058],[13.859017,41.730829],[13.879219,41.728706],[13.88492,41.730696],[13.889254,41.732748],[13.898371,41.729592],[13.89961,41.726653],[13.901161,41.723746],[13.902613,41.721132],[13.904455,41.718191],[13.908099,41.718758],[13.908974,41.718928],[13.910461,41.71913],[13.912384,41.719137],[13.916691,41.718917],[13.917635,41.71871],[13.918381,41.718547],[13.918535,41.718434],[13.919307,41.717864],[13.919701,41.717244],[13.927419,41.7028],[13.929206,41.699437],[13.93082,41.696347],[13.932868,41.693049],[13.937358,41.689695],[13.937952,41.689368],[13.938994,41.688846],[13.940482,41.688165],[13.941015,41.687973],[13.942194,41.686331],[13.944432,41.68402],[13.949114,41.681315],[13.954771,41.679878],[13.959685,41.677689],[13.967915,41.673164],[13.983448,41.658729],[13.987856,41.651632],[13.992573,41.641829],[13.996285,41.626317],[13.996347,41.625324],[13.996377,41.625012],[13.99644,41.624748],[13.996666,41.62414],[14.000068,41.619963],[14.008744,41.609879],[14.009988,41.603972],[14.010174,41.592562],[14.003784,41.586063],[13.998157,41.579766],[13.999736,41.573827],[14.001632,41.569455],[14.003015,41.567729],[14.003406,41.567257],[14.003652,41.566994],[14.003784,41.566853],[14.004113,41.566551],[14.004159,41.56653],[14.00443,41.566411],[14.004498,41.566381],[14.010776,41.565612],[14.014821,41.5643],[14.018897,41.562758],[14.023775,41.560704],[14.025095,41.558129],[14.025857,41.556025],[14.025961,41.55567],[14.025995,41.555442],[14.026012,41.555325],[14.025877,41.554903],[14.022893,41.547089],[14.022721,41.546643],[14.02246,41.545991],[14.022323,41.545674],[14.022218,41.54543],[14.020702,41.542364],[14.010343,41.540224],[14.0069,41.540311],[14.00663,41.540205],[14.006568,41.540181],[14.005257,41.538753],[14.005346,41.538484],[14.007013,41.536169],[14.009394,41.534116],[14.014076,41.531219],[14.016979,41.529598],[14.017933,41.529075],[14.021821,41.527261],[14.023218,41.526813],[14.022654,41.521963],[14.010539,41.514795],[13.998593,41.513929],[13.997983,41.51387],[13.997385,41.513766],[13.996847,41.513659],[13.99576,41.513382],[13.995033,41.513085],[13.994726,41.512923],[13.994439,41.51271],[13.994015,41.512301],[13.99371,41.511923],[13.993251,41.511331],[13.989213,41.505974],[13.978652,41.500954],[13.975189,41.496706],[13.975287,41.492106],[13.980828,41.489398],[13.99153,41.481276],[13.988341,41.478457],[13.983852,41.473367],[13.980793,41.468665],[13.977906,41.462487],[13.975032,41.463423],[13.965651,41.464072],[13.964237,41.464116],[13.963088,41.464143],[13.962275,41.464115],[13.961297,41.463955],[13.96123,41.463944],[13.960783,41.463598],[13.960726,41.463452],[13.960498,41.462863],[13.949752,41.453501],[13.931252,41.440575],[13.924652,41.437138],[13.919457,41.435725],[13.913586,41.433214],[13.91095,41.431988],[13.909221,41.428754],[13.903938,41.425598],[13.891464,41.425024],[13.887331,41.426749],[13.876575,41.426218],[13.861799,41.418087],[13.861232,41.417634],[13.861222,41.417355],[13.861205,41.416568],[13.863259,41.410494],[13.863776,41.408964],[13.869254,41.404968],[13.871307,41.403814],[13.871576,41.403719],[13.871958,41.403583],[13.872174,41.403507],[13.877416,41.401835],[13.879635,41.403096],[13.885421,41.399811],[13.877935,41.397586],[13.877759,41.39752],[13.877163,41.397299],[13.877071,41.397236],[13.876644,41.396942],[13.876394,41.396769],[13.876319,41.396708],[13.87558,41.396101],[13.875533,41.39581],[13.875472,41.395426],[13.875726,41.394932],[13.875794,41.3948],[13.875999,41.394511],[13.876334,41.394039],[13.880201,41.389357],[13.884137,41.38325],[13.880927,41.381694],[13.87772,41.380084],[13.876883,41.379479],[13.876263,41.378641],[13.874511,41.376213],[13.874453,41.376132],[13.873858,41.375304],[13.872733,41.372574],[13.872715,41.372515],[13.872506,41.371805],[13.870753,41.364681],[13.871577,41.357784],[13.872574,41.352869],[13.875329,41.345776],[13.875612,41.345671],[13.876807,41.344959],[13.877141,41.344636],[13.877245,41.344535],[13.877365,41.344187],[13.877446,41.34395],[13.877598,41.343289],[13.877652,41.34305],[13.877944,41.341305],[13.878005,41.340649],[13.877858,41.340106],[13.87763,41.339517],[13.877374,41.339065],[13.876579,41.338787],[13.873697,41.33833],[13.868261,41.33703],[13.86321,41.334705],[13.86018,41.333744],[13.856897,41.332793],[13.843754,41.330692],[13.831475,41.336333],[13.830762,41.336817],[13.830028,41.337109],[13.828154,41.337665],[13.825477,41.338296],[13.823909,41.338484],[13.819975,41.337815],[13.818692,41.337379],[13.8182,41.336936],[13.818275,41.330783],[13.819262,41.321495],[13.818102,41.319986],[13.809635,41.319652],[13.802061,41.3196],[13.796535,41.317976],[13.793709,41.312449],[13.791478,41.310075],[13.782366,41.308888],[13.776963,41.307027],[13.772292,41.303378],[13.766005,41.302302],[13.76323,41.303759],[13.755762,41.311524],[13.750373,41.315303],[13.74321,41.321572],[13.737744,41.327034],[13.733049,41.329515],[13.720822,41.333291],[13.717084,41.334948],[13.714701,41.337023],[13.712398,41.341142],[13.712207,41.347237],[13.712265,41.352443],[13.711928,41.355193],[13.711604,41.355958],[13.710572,41.357955],[13.709897,41.358225],[13.702664,41.359467],[13.702137,41.35948],[13.701697,41.359295],[13.693274,41.350798],[13.690521,41.346886],[13.688635,41.343654],[13.683175,41.340037],[13.683051,41.339956],[13.682372,41.339511],[13.681442,41.339401],[13.680063,41.339619],[13.672868,41.341411],[13.668172,41.343124],[13.664834,41.341544],[13.657736,41.337758],[13.65566,41.334907],[13.652524,41.329879],[13.651827,41.328341],[13.651529,41.326328],[13.653023,41.324236],[13.654461,41.321139],[13.654485,41.320389],[13.65329,41.319377],[13.652809,41.318987],[13.651347,41.317974],[13.649011,41.318317],[13.6471,41.318889],[13.640905,41.319158],[13.634204,41.318532],[13.631273,41.318146],[13.627914,41.317647],[13.627123,41.317166],[13.626397,41.31652],[13.623799,41.316777],[13.618502,41.319264],[13.617655,41.31973],[13.616133,41.321134],[13.608463,41.330017],[13.603372,41.337852],[13.591843,41.352625],[13.589644,41.354348],[13.584317,41.358477],[13.583432,41.359089],[13.582833,41.359445],[13.582609,41.359576],[13.574293,41.363846],[13.573758,41.364111],[13.572972,41.36448],[13.572743,41.364574],[13.571921,41.364908],[13.571155,41.365213],[13.568503,41.366022],[13.566101,41.36647],[13.561335,41.369068],[13.565258,41.374484],[13.565421,41.374606],[13.566375,41.375318],[13.567744,41.376173],[13.568475,41.376603],[13.572872,41.378963],[13.573821,41.379307],[13.574784,41.379548],[13.575666,41.379747],[13.57632,41.379852],[13.576948,41.379895],[13.577142,41.379909],[13.577539,41.379943],[13.579015,41.380257],[13.577839,41.383159],[13.576834,41.385373],[13.576515,41.386072],[13.57616,41.386852],[13.576079,41.387028],[13.575113,41.388053],[13.570873,41.392404],[13.565916,41.396746],[13.558245,41.405516],[13.554342,41.412185],[13.548194,41.419583],[13.547625,41.419929],[13.543105,41.422391],[13.542542,41.422645],[13.5418,41.422978],[13.540521,41.423488],[13.539338,41.42394],[13.533336,41.424222],[13.525617,41.42318],[13.523534,41.423168],[13.511562,41.423963],[13.51188,41.43155],[13.510848,41.432826],[13.507436,41.434304],[13.505517,41.434992],[13.505276,41.435078],[13.502304,41.435757],[13.497929,41.436527],[13.496729,41.436678],[13.495557,41.436625],[13.494639,41.436458],[13.493654,41.436114],[13.484612,41.438635],[13.472219,41.443209],[13.470348,41.44375],[13.469188,41.444101],[13.467021,41.444802],[13.458236,41.448309],[13.455649,41.449373],[13.454841,41.45012],[13.4542,41.452239],[13.45331,41.456169],[13.452192,41.460386],[13.451667,41.460755],[13.44534,41.464994],[13.444971,41.464882],[13.43886,41.462061],[13.430885,41.458115],[13.428904,41.456872],[13.428296,41.456216],[13.428058,41.451737],[13.428768,41.449619],[13.434073,41.441055],[13.438424,41.428295],[13.438796,41.42679],[13.4385,41.42519],[13.435732,41.417351],[13.432439,41.410977],[13.428359,41.401535],[13.428517,41.400963],[13.428252,41.400001],[13.427389,41.397701],[13.425291,41.397341],[13.411951,41.396932],[13.408168,41.398491],[13.399698,41.401967],[13.386525,41.404479],[13.375537,41.403728],[13.370524,41.400061],[13.370476,41.399945],[13.37019,41.39945],[13.366036,41.39721],[13.365354,41.396932],[13.363824,41.397132],[13.360226,41.397801],[13.359749,41.397912],[13.359195,41.398055],[13.358474,41.398245],[13.357437,41.398545],[13.356433,41.398979],[13.355652,41.399518],[13.354726,41.400291],[13.354104,41.40117],[13.353321,41.401889],[13.352551,41.402557],[13.351561,41.403369],[13.350238,41.404144],[13.349186,41.404571],[13.340844,41.406107],[13.33655,41.406566],[13.327753,41.406727],[13.323685,41.406749],[13.323035,41.406692],[13.322109,41.406611],[13.320992,41.406288],[13.320427,41.405485],[13.31787,41.403466],[13.313299,41.402129],[13.311846,41.401846],[13.310228,41.402078],[13.307452,41.402511],[13.306087,41.403071],[13.304266,41.404512],[13.303408,41.405796],[13.302814,41.406966],[13.296267,41.415797],[13.292983,41.419203],[13.28694,41.422394],[13.281286,41.424865],[13.270803,41.428925],[13.265858,41.430401],[13.261297,41.431496],[13.256518,41.434767],[13.261651,41.446774],[13.262108,41.447581],[13.2646,41.450685],[13.266658,41.452508],[13.279671,41.461105],[13.281166,41.46208],[13.282779,41.462682],[13.28647,41.463505],[13.286576,41.463529],[13.287011,41.463617],[13.287076,41.46363],[13.287882,41.46379],[13.288411,41.463894],[13.293867,41.466012],[13.29741,41.469279],[13.297449,41.471728],[13.296422,41.476647],[13.2962,41.477348],[13.294814,41.480876],[13.294372,41.481743],[13.293769,41.482383],[13.279685,41.50225],[13.278566,41.508485],[13.273183,41.520582],[13.273131,41.520671],[13.272441,41.521856],[13.271856,41.522729],[13.27138,41.523347],[13.27095,41.523906],[13.264032,41.530241],[13.263016,41.531026],[13.259872,41.532989],[13.257687,41.534231],[13.254958,41.535634],[13.254801,41.53571],[13.25401,41.536086],[13.25384,41.536166],[13.253521,41.536314],[13.252723,41.53668],[13.25155,41.537061],[13.246609,41.538514],[13.242804,41.539105],[13.233068,41.539676],[13.225813,41.538904],[13.225539,41.538814],[13.22442,41.538581],[13.22394,41.538481],[13.223336,41.538542],[13.222667,41.538609],[13.221737,41.538834],[13.219295,41.539976],[13.212369,41.543427],[13.207895,41.547404],[13.202133,41.554855],[13.200451,41.562048],[13.200051,41.567306],[13.201643,41.573138],[13.201273,41.575543],[13.197708,41.586496],[13.197403,41.586967],[13.19732,41.587091],[13.196332,41.587645],[13.194947,41.587848],[13.189338,41.588112],[13.186759,41.588053],[13.185556,41.587764],[13.185418,41.587111],[13.185435,41.585652],[13.185286,41.584946],[13.184437,41.584477],[13.183457,41.584306],[13.177834,41.583785],[13.175066,41.583569],[13.174887,41.584055],[13.174355,41.584201],[13.172424,41.584618],[13.172041,41.584631],[13.170915,41.58456],[13.169501,41.584463],[13.167108,41.58427],[13.163014,41.584793],[13.155841,41.586912],[13.151244,41.594115],[13.149949,41.596202],[13.150907,41.602961],[13.15485,41.60733],[13.15769,41.611296],[13.160352,41.616031],[13.158532,41.617992],[13.156893,41.618641],[13.156393,41.618885],[13.155091,41.620791],[13.154956,41.621309],[13.154795,41.624804],[13.154796,41.625255],[13.154833,41.625595],[13.154843,41.625676],[13.154896,41.625958],[13.155144,41.626521],[13.1555,41.627075],[13.155811,41.627532],[13.156312,41.628063],[13.156697,41.628454],[13.157727,41.629389],[13.15838,41.635939],[13.155932,41.642655],[13.150874,41.657038],[13.150767,41.657875],[13.149943,41.65894],[13.149549,41.659296],[13.149279,41.659464],[13.148576,41.659732],[13.146986,41.660271],[13.146237,41.660447],[13.145681,41.660557],[13.139025,41.661874],[13.13255,41.662355],[13.125555,41.663336],[13.123374,41.66404],[13.115998,41.667758],[13.108882,41.674892],[13.099936,41.679705],[13.097561,41.686089],[13.092305,41.687461],[13.091302,41.687703],[13.09084,41.68948],[13.091131,41.692644],[13.091621,41.695166],[13.092083,41.697013],[13.093316,41.699625],[13.093819,41.700544],[13.095804,41.70371],[13.094737,41.705639],[13.091449,41.710829],[13.085463,41.718983],[13.083639,41.719956],[13.080397,41.721022],[13.075315,41.722552],[13.065351,41.72888],[13.060752,41.726684],[13.058282,41.727312],[13.055142,41.729723],[13.054603,41.735226],[13.048104,41.742574],[13.03989,41.743426],[13.03501,41.744088],[13.028868,41.746758],[13.024606,41.749695],[13.020529,41.753219],[13.014418,41.760605],[13.009832,41.76692],[12.999653,41.768905],[12.992849,41.768381],[12.992388,41.768612],[12.992207,41.769277],[12.991986,41.770167],[12.991872,41.771157],[12.992001,41.772021],[12.996338,41.782266],[13.000137,41.787392],[13.001909,41.79118],[13.002983,41.795352],[13.003363,41.7994],[13.005966,41.805497],[13.006574,41.806086],[13.008553,41.80748],[13.011068,41.809062],[13.010563,41.817206],[13.00879,41.819272],[13.008314,41.820266],[13.008249,41.821182],[13.009219,41.824461],[13.01018,41.825647],[13.012513,41.826546],[13.014481,41.826784],[13.014944,41.82684],[13.016515,41.827029],[13.02239,41.825591],[13.024634,41.824385],[13.025654,41.823706],[13.033492,41.827713],[13.033612,41.829982],[13.033995,41.83092],[13.034036,41.830966],[13.034208,41.831156],[13.034473,41.831344],[13.035226,41.831752],[13.035975,41.83191],[13.039798,41.832316],[13.047174,41.831934],[13.053622,41.828546],[13.054055,41.827761],[13.055668,41.826975],[13.056206,41.827109],[13.063488,41.831231],[13.066146,41.83532],[13.067793,41.839818],[13.069617,41.848843],[13.069616,41.848872],[13.069569,41.849664],[13.070141,41.851449],[13.070967,41.853639],[13.071643,41.854205],[13.073396,41.854953],[13.074355,41.855148],[13.075317,41.8552],[13.0799,41.85542],[13.091417,41.858242],[13.093303,41.859264],[13.096379,41.860703],[13.097899,41.86104],[13.099861,41.860722],[13.101463,41.860453],[13.101658,41.860334],[13.102184,41.860004],[13.104086,41.858406],[13.10512,41.857252],[13.106338,41.855984],[13.107869,41.854705],[13.10882,41.854011],[13.109175,41.853753],[13.11112,41.852724],[13.120701,41.848072],[13.12688,41.84599],[13.136487,41.843681],[13.137936,41.843552],[13.139647,41.843526],[13.150219,41.843612],[13.154482,41.843683],[13.155011,41.844087],[13.156044,41.845454],[13.157563,41.847551],[13.158347,41.848734],[13.159318,41.849297],[13.162012,41.849866],[13.164001,41.850258],[13.16466,41.850234],[13.166393,41.85017],[13.171435,41.849753],[13.172286,41.849586],[13.173204,41.849405],[13.177503,41.848195],[13.179301,41.847621],[13.180154,41.847342],[13.183146,41.846292],[13.183859,41.846107],[13.184153,41.84603],[13.189873,41.849864],[13.190377,41.850215],[13.190648,41.850403],[13.190843,41.85054],[13.191288,41.851006],[13.191386,41.851376],[13.191503,41.853859],[13.191504,41.853915],[13.191149,41.855931],[13.19061,41.856917],[13.1905,41.857117],[13.189681,41.859586],[13.191935,41.864732],[13.194293,41.868832],[13.20165,41.87152],[13.206628,41.872346],[13.207753,41.872634],[13.209002,41.87325],[13.213194,41.875414],[13.226423,41.883787],[13.235094,41.888874],[13.23528,41.889024],[13.236036,41.889645],[13.24375,41.896662],[13.244381,41.897418],[13.245044,41.898267],[13.245155,41.898468],[13.245296,41.898727],[13.245664,41.899401],[13.245415,41.900166],[13.243048,41.901604],[13.241972,41.902203],[13.240547,41.904025],[13.243379,41.915499],[13.253478,41.916147],[13.263797,41.915799],[13.268489,41.919312],[13.272068,41.925759],[13.276989,41.93056],[13.279286,41.932604],[13.283863,41.936142],[13.287646,41.938509],[13.292273,41.941766],[13.296273,41.948612],[13.29722,41.951669],[13.29854,41.954277],[13.303871,41.954783],[13.306271,41.95473],[13.32135,41.945662],[13.323929,41.943543],[13.330071,41.937895],[13.333464,41.934401],[13.333962,41.933889],[13.334979,41.931911],[13.335376,41.931],[13.33606,41.928822],[13.338691,41.925535],[13.345495,41.922176]]]}}]}
